Kinvent Physio 2.25.0,Version BLE : 4,Appareils: ,D102119 (FW 3.026) (250 Hz),D102124 (FW 3.026) (250 Hz)
Poids de corps (kg),72.30
Paramètres
,Moyenne,,,,,,,Essai (1),,,,,,,Essai (2),,,,,,
,Total,,Gauche,,Droite,,Asymétrie,Total,,Gauche,,Droite,,Asymétrie,Total,,Gauche,,Droite,,Asymétrie
,Abs,Relative,Abs,Relative,Abs,Relative,,Abs,Relative,Abs,Relative,Abs,Relative,,Abs,Relative,Abs,Relative,Abs,Relative,
Hauteur de Saut TV (cm),39.564,NA,NA,NA,NA,NA,NA,40.121,NA,NA,NA,NA,NA,NA,39.007,NA,NA,NA,NA,NA,NA
Hauteur de saut (Vitesse) (cm),36.980,NA,NA,NA,NA,NA,NA,37.958,NA,NA,NA,NA,NA,NA,36.002,NA,NA,NA,NA,NA,NA
Poids de corps (kg),72.299,NA,NA,NA,NA,NA,NA,72.299,NA,NA,NA,NA,NA,NA,72.299,NA,NA,NA,NA,NA,NA
Temps de Contraction (ms),398.000,NA,NA,NA,NA,NA,NA,416.000,NA,NA,NA,NA,NA,NA,380.000,NA,NA,NA,NA,NA,NA
Temps de Mouvement (ms),758.000,NA,NA,NA,NA,NA,NA,764.000,NA,NA,NA,NA,NA,NA,752.000,NA,NA,NA,NA,NA,NA
Pic de Force Max (kg),187.163,2.589,89.916,1.244,97.247,1.345,7.538,183.295,2.535,86.722,1.199,96.573,1.336,10.200,191.031,2.642,93.110,1.288,97.920,1.354,4.912
Pic de Puissance Max (W),4013.367,55.511,1997.966,27.635,2015.401,27.876,0.865,4054.095,56.074,2010.690,27.811,2043.405,28.263,1.601,3972.640,54.948,1985.242,27.459,1987.398,27.489,0.109
Pic de Vitesse Max (m/s),2.832,NA,NA,NA,NA,NA,NA,2.863,NA,NA,NA,NA,NA,NA,2.801,NA,NA,NA,NA,NA,NA
Pic de RFD Max (kg/s),1009.376,13.961,524.189,7.250,485.187,6.711,7.440,823.252,11.387,417.807,5.779,405.445,5.608,2.959,1195.500,16.536,630.571,8.722,564.929,7.814,10.410
Impulsion Totale (kg•s),74.919,1.036,34.947,0.483,39.972,0.553,12.569,75.612,1.046,35.014,0.484,40.598,0.562,13.756,74.226,1.027,34.881,0.482,39.345,0.544,11.345
Vitesse à Puissance Maximale(m/s),2.524,NA,NA,NA,NA,NA,NA,2.553,NA,NA,NA,NA,NA,NA,2.496,NA,NA,NA,NA,NA,NA
F@0V (kg),179.835,2.487,83.802,NA,96.033,NA,12.737,174.628,2.415,81.341,NA,93.287,NA,12.805,185.042,2.559,86.262,NA,98.780,NA,12.672
Force à Puissance Maximale (kg),162.067,2.242,80.551,1.114,81.515,1.127,1.183,161.879,2.239,80.239,1.110,81.640,1.129,1.717,162.255,2.244,80.864,1.118,81.390,1.126,0.647
Pic de RPD Max (W/s),27847.069,385.166,13693.669,189.404,14153.400,195.763,3.248,26198.631,362.366,12563.632,173.774,13634.999,188.592,7.857,29495.507,407.967,14823.706,205.034,14671.801,202.933,1.025
RSI (TV/TC),1.430,NA,NA,NA,NA,NA,NA,1.375,NA,NA,NA,NA,NA,NA,1.484,NA,NA,NA,NA,NA,NA
RSI (FT/TTT),0.749,NA,NA,NA,NA,NA,NA,0.749,NA,NA,NA,NA,NA,NA,0.750,NA,NA,NA,NA,NA,NA
mRSI (JH/CT) (m/s),0.995,NA,NA,NA,NA,NA,NA,0.964,NA,NA,NA,NA,NA,NA,1.026,NA,NA,NA,NA,NA,NA
mRSI (JH/TTT) (m/s),0.522,NA,NA,NA,NA,NA,NA,0.525,NA,NA,NA,NA,NA,NA,0.519,NA,NA,NA,NA,NA,NA
Rigidité de la jambe (kg/m),525.599,7.270,245.096,3.390,280.502,3.880,12.622,514.051,7.110,240.293,3.324,273.758,3.786,12.224,537.146,7.430,249.900,3.456,287.247,3.973,13.002
Temps jusqu'au pic de force Max (ms),550.000,NA,564.000,NA,538.000,NA,4.610,552.000,NA,560.000,NA,540.000,NA,3.571,548.000,NA,568.000,NA,536.000,NA,5.634
Temps jusqu'au pic de Puissance Max (ms),690.000,NA,694.000,NA,690.000,NA,0.576,696.000,NA,700.000,NA,696.000,NA,0.571,684.000,NA,688.000,NA,684.000,NA,0.581
Force Moyenne (kg),99.055,1.370,46.230,0.639,52.825,0.731,12.485,99.188,1.372,45.947,0.636,53.241,0.736,13.701,98.922,1.368,46.513,0.643,52.409,0.725,11.250
Force Max Nette (kg),114.864,1.589,NA,NA,NA,NA,NA,110.996,1.535,NA,NA,NA,NA,NA,118.732,1.642,NA,NA,NA,NA,NA
Impulsion totale Nette (kg•s),20.406,0.282,NA,NA,NA,NA,NA,20.665,0.286,NA,NA,NA,NA,NA,20.146,0.279,NA,NA,NA,NA,NA
RFD moyenne (kg/s),215.429,2.980,97.736,1.352,117.693,1.628,16.957,208.440,2.883,93.112,1.288,115.327,1.595,19.262,222.419,3.076,102.359,1.416,120.059,1.661,14.743
Puissance Moyenne (W),450.824,6.236,250.510,3.465,200.314,2.771,20.038,468.922,6.486,256.457,3.547,212.465,2.939,17.154,432.725,5.985,244.563,3.383,188.162,2.603,23.062

Paramètres par phase
,,Moyenne,,,,,,,Essai (1),,,,,,,Essai (2),,,,,,
,,Total,,Gauche,,Droite,,Asymétrie,Total,,Gauche,,Droite,,Asymétrie,Total,,Gauche,,Droite,,Asymétrie
,,Abs,Relative,Abs,Relative,Abs,Relative,,Abs,Relative,Abs,Relative,Abs,Relative,,Abs,Relative,Abs,Relative,Abs,Relative,
Phase de Décharge,Durée (ms),360.000,NA,NA,NA,NA,NA,NA,348.000,NA,NA,NA,NA,NA,NA,372.000,NA,NA,NA,NA,NA,NA
Phase de Décharge,Force Minimale(kg),20.978,0.290,10.335,0.143,10.643,0.147,2.894,20.942,0.290,9.603,0.133,11.339,0.157,15.311,21.014,0.291,11.067,0.153,9.947,0.138,10.122
Phase de Décharge,Pic de Décharge (kg),70.290,0.972,35.072,0.485,35.218,0.487,0.416,70.106,0.970,34.669,0.480,35.437,0.490,2.168,70.474,0.975,35.475,0.491,34.999,0.484,1.340
Phase de Décharge,RFD Max Négative (kg/s),-409.594,-5.665,-231.593,-3.203,-641.187,-8.869,-176.859,-376.692,-5.210,-207.956,-2.876,-584.648,-8.087,-181.140,-442.496,-6.120,-255.231,-3.530,-697.726,-9.651,-173.371
Phase de Décharge,Impulsion Totale (kg•s),15.924,0.220,7.420,0.103,8.504,0.118,12.741,15.303,0.212,7.051,0.098,8.252,0.114,14.558,16.546,0.229,7.790,0.108,8.756,0.121,11.028
Phase de Décharge,Impulsion Nette (kg•s),-9.814,-0.136,NA,NA,NA,NA,NA,-9.568,-0.132,NA,NA,NA,NA,NA,-10.060,-0.139,NA,NA,NA,NA,NA
Phase de Freinage,Durée (ms),156.000,NA,NA,NA,NA,NA,NA,168.000,NA,NA,NA,NA,NA,NA,144.000,NA,NA,NA,NA,NA,NA
Phase de Freinage,Force de Freinage Max (kg),178.019,2.462,83.012,1.148,95.007,1.314,12.625,172.672,2.388,80.716,1.116,91.957,1.272,12.224,183.365,2.536,85.308,1.180,98.057,1.356,13.002
Phase de Freinage,Force de Freinage Moy (kg),132.057,1.827,55.966,0.774,76.091,1.052,26.448,126.461,1.749,53.840,0.745,72.621,1.004,25.862,137.653,1.904,58.093,0.804,79.561,1.100,26.983
Phase de Freinage,Puissance de Freinage Max (W),-1372.781,-18.988,-568.399,-7.862,-804.382,-11.126,-41.517,-1281.394,-17.724,-522.550,-7.228,-758.844,-10.496,-45.219,-1464.168,-20.252,-614.247,-8.496,-849.921,-11.756,-38.368
Phase de Freinage,RFD moyenne (kg/s),720.862,9.971,380.179,5.258,340.683,4.712,10.389,610.372,8.442,329.378,4.556,280.994,3.887,14.689,831.352,11.499,430.980,5.961,400.373,5.538,7.102
Phase de Freinage,RFD 0-50ms (kg/s),942.693,13.039,439.051,6.073,503.642,6.966,12.825,776.890,10.746,353.870,4.895,423.020,5.851,16.347,1108.496,15.332,524.233,7.251,584.263,8.081,10.275
Phase de Freinage,RFD 0-100ms (kg/s),769.806,10.648,376.979,5.214,392.827,5.433,4.034,624.922,8.644,320.324,4.431,304.598,4.213,4.910,914.689,12.652,433.633,5.998,481.056,6.654,9.858
Phase de Freinage,RFD 0-150ms (kg/s),685.183,9.477,366.254,5.066,318.929,4.411,12.921,615.843,8.518,333.964,4.619,281.879,3.899,15.596,754.522,10.436,398.543,5.512,355.979,4.924,10.680
Phase de Freinage,RFD 0-200ms (kg/s),275.052,3.804,145.932,2.018,129.120,1.786,11.520,550.104,7.609,291.864,4.037,258.240,3.572,11.520,NA,NA,NA,NA,NA,NA,NA
Phase de Freinage,RFD 50-100ms (kg/s),569.851,7.882,311.152,4.304,258.699,3.578,16.858,447.232,6.186,276.865,3.829,170.366,2.356,38.466,692.470,9.578,345.439,4.778,347.031,4.800,0.459
Phase de Freinage,RFD 100-150ms (kg/s),308.165,4.262,183.073,2.532,125.092,1.730,31.671,616.330,8.525,366.146,5.064,250.184,3.460,31.671,NA,NA,NA,NA,NA,NA,NA
Phase de Freinage,RFD 150-200ms (kg/s),NA,NA,NA,NA,NA,NA,NA,NA,NA,NA,NA,NA,NA,NA,NA,NA,NA,NA,NA,NA,NA
Phase de Freinage,Impulsion de freinage (kg•s) ,20.032,0.277,8.485,0.117,11.547,0.160,26.523,20.754,0.287,8.829,0.122,11.925,0.165,25.959,19.309,0.267,8.140,0.113,11.170,0.154,27.125
Phase de Freinage,Impulsion 50-100ms (kg•s),6.525,0.090,2.725,0.038,3.800,0.053,28.300,6.033,0.083,2.501,0.035,3.532,0.049,29.181,7.017,0.097,2.948,0.041,4.068,0.056,27.535
Phase de Freinage,Impulsion 100-150ms (kg•s),7.106,0.098,3.200,0.044,3.906,0.054,18.084,6.480,0.090,2.889,0.040,3.591,0.050,19.557,7.731,0.107,3.510,0.049,4.221,0.058,16.831
Phase de Freinage,Impulsion 150-200ms (kg•s),4.216,0.058,1.962,0.027,2.254,0.031,12.958,8.433,0.117,3.924,0.054,4.509,0.062,12.958,NA,NA,NA,NA,NA,NA,NA
Phase de Freinage,Force de Freinage Moy Nette (kg) ,59.758,0.827,NA,NA,NA,NA,NA,54.163,0.749,NA,NA,NA,NA,NA,65.354,0.904,NA,NA,NA,NA,NA
Phase de Freinage,Impulsion de freinage nette (kg•s) ,9.042,0.125,NA,NA,NA,NA,NA,8.897,0.123,NA,NA,NA,NA,NA,9.188,0.127,NA,NA,NA,NA,NA
Phase de Freinage,Déplacement Min (cm),-33.864,NA,NA,NA,NA,NA,NA,-33.591,NA,NA,NA,NA,NA,NA,-34.137,NA,NA,NA,NA,NA,NA
Phase de Freinage,Vitesse Négative Max (m/s),-1.332,NA,NA,NA,NA,NA,NA,-1.299,NA,NA,NA,NA,NA,NA,-1.365,NA,NA,NA,NA,NA,NA
Phase de Freinage,RFD Décélération (kg/s),691.354,9.562,365.203,5.051,326.152,4.511,10.693,604.460,8.361,322.013,4.454,282.446,3.907,12.287,778.248,10.764,408.392,5.649,369.857,5.116,9.436
Phase de Freinage,RFD Excentrique (kg/s),555.513,7.684,256.715,3.551,298.799,4.133,14.084,498.980,6.902,232.849,3.221,266.131,3.681,12.506,612.046,8.466,280.580,3.881,331.466,4.585,15.352
Phase de Freinage,F@0V (kg),179.835,2.487,83.802,NA,96.033,NA,12.737,174.628,2.415,81.341,NA,93.287,NA,12.805,185.042,2.559,86.262,NA,98.780,NA,12.672
Propulsion,Durée (ms),242.000,NA,NA,NA,NA,NA,NA,248.000,NA,NA,NA,NA,NA,NA,236.000,NA,NA,NA,NA,NA,NA
Propulsion,Force Propulsive Max (kg),187.163,2.589,89.916,1.244,97.247,1.345,7.538,183.295,2.535,86.722,1.199,96.573,1.336,10.200,191.031,2.642,93.110,1.288,97.920,1.354,4.912
Propulsion,Force Propulsive Moy (kg),158.491,2.192,77.685,1.075,80.805,1.118,3.861,157.065,2.172,76.150,1.053,80.916,1.119,5.890,159.916,2.212,79.221,1.096,80.695,1.116,1.827
Propulsion,Puissance Propulsive Max (W),4013.367,55.511,1997.966,27.635,2015.401,27.876,0.865,4054.095,56.074,2010.690,27.811,2043.405,28.263,1.601,3972.640,54.948,1985.242,27.459,1987.398,27.489,0.109
Propulsion,Puissance Propulsive Moy (W),2380.194,32.922,1189.706,16.455,1190.488,16.466,0.066,2383.390,32.966,1177.745,16.290,1205.645,16.676,2.314,2376.997,32.877,1201.667,16.621,1175.330,16.257,2.192
Propulsion,RPD Moyen(W/s),23900.828,330.584,11844.994,163.834,12055.834,166.750,1.749,23835.839,329.685,11742.284,162.413,12093.555,167.272,2.905,23965.818,331.483,11947.704,165.255,12018.114,166.228,0.586
Propulsion,RPD 0-50ms (W/s),28137.780,389.187,13626.121,188.470,14511.659,200.718,6.102,26539.865,367.086,12597.628,174.244,13942.237,192.842,9.644,29735.696,411.289,14654.614,202.695,15081.082,208.594,2.828
Propulsion,RPD 0-100ms (W/s),26387.459,364.978,NA,NA,NA,NA,NA,25093.777,347.084,NA,NA,NA,NA,NA,27681.140,382.871,NA,NA,NA,NA,NA
Propulsion,RPD 0-150ms (W/s),24448.336,338.157,NA,NA,NA,NA,NA,24180.789,334.456,NA,NA,NA,NA,NA,24715.883,341.857,NA,NA,NA,NA,NA
Propulsion,RPD 0-200ms (W/s),16205.305,224.144,NA,NA,NA,NA,NA,18664.435,258.157,NA,NA,NA,NA,NA,13746.176,190.130,NA,NA,NA,NA,NA
Propulsion,Impulsion Propulsive (kg•s),37.960,0.525,18.600,0.257,19.360,0.268,3.927,38.575,0.534,18.702,0.259,19.872,0.275,5.889,37.346,0.517,18.498,0.256,18.848,0.261,1.859
Propulsion,Impulsion Propulsive Phase 1 (kg•s),21.225,0.294,10.147,0.140,11.078,0.153,8.399,21.479,0.297,10.146,0.140,11.333,0.157,10.479,20.971,0.290,10.149,0.140,10.822,0.150,6.220
Propulsion,Impulsion Propulsive Phase 2 (kg•s),16.031,0.222,8.111,0.112,7.920,0.110,2.359,16.399,0.227,8.220,0.114,8.179,0.113,0.501,15.662,0.217,8.002,0.111,7.660,0.106,4.268
Propulsion,Force Propulsive Max Nette (kg) ,114.864,1.589,NA,NA,NA,NA,NA,110.996,1.535,NA,NA,NA,NA,NA,118.732,1.642,NA,NA,NA,NA,NA
Propulsion,Force Propulsive Moy Nette (kg) ,86.192,1.192,NA,NA,NA,NA,NA,84.767,1.172,NA,NA,NA,NA,NA,87.617,1.212,NA,NA,NA,NA,NA
Propulsion,Impulsion Propulsive Nette (kg•s),20.753,0.287,NA,NA,NA,NA,NA,20.934,0.290,NA,NA,NA,NA,NA,20.573,0.285,NA,NA,NA,NA,NA
Propulsion,Vitesse Propulsive Max (m/s),2.832,NA,NA,NA,NA,NA,NA,2.863,NA,NA,NA,NA,NA,NA,2.801,NA,NA,NA,NA,NA,NA
Vol,Durée (ms),568.000,NA,NA,NA,NA,NA,NA,572.000,NA,NA,NA,NA,NA,NA,564.000,NA,NA,NA,NA,NA,NA
Vol,Hauteur de Saut + Temps de vol (cm),39.564,NA,NA,NA,NA,NA,NA,40.121,NA,NA,NA,NA,NA,NA,39.007,NA,NA,NA,NA,NA,NA
Vol,Hauteur du saut en fonction de la vitesse de décollage (cm),36.980,NA,NA,NA,NA,NA,NA,37.958,NA,NA,NA,NA,NA,NA,36.002,NA,NA,NA,NA,NA,NA
Vol,Vitesse au décollage (m/s),2.693,NA,NA,NA,NA,NA,NA,2.729,NA,NA,NA,NA,NA,NA,2.658,NA,NA,NA,NA,NA,NA
Atterrissage,Temps de Stabilisation (ms),334.000,NA,NA,NA,NA,NA,NA,NA,NA,NA,NA,NA,NA,NA,668.000,NA,NA,NA,NA,NA,NA
Atterrissage,Force Max à l'Atterrissage (kg),670.696,9.277,314.575,4.351,356.121,4.926,11.666,667.964,9.239,286.080,3.957,381.884,5.282,25.087,673.427,9.315,343.069,4.745,330.358,4.569,3.705
Atterrissage,Ratio Pic de force d'atterrissage/poids du corps (kg/kg),0.946,NA,0.444,NA,0.502,NA,11.666,0.942,NA,0.403,NA,0.538,NA,25.087,0.949,NA,0.484,NA,0.466,NA,3.705
Atterrissage,Force d'Atterrissage Moy (kg),84.930,1.175,47.443,0.656,37.487,0.519,20.986,85.997,1.189,40.734,0.563,45.263,0.626,10.005,83.863,1.160,54.152,0.749,29.711,0.411,45.134

Données brutes
Essai (1),,,,,Essai (2),,,,
temps (seconde),Phases,Force (kg),Force G (kg),Force D (kg),temps (seconde),Phases,Force (kg),Force G (kg),Force D (kg)
0,Phase de Décharge,69.6,34.7,34.9,0,Phase de Décharge,69.8,35.5,34.4
0.004,Phase de Décharge,69.2,34.6,34.7,0.004,Phase de Décharge,69.6,35.3,34.2
0.008,Phase de Décharge,69.2,34.5,34.7,0.008,Phase de Décharge,69.5,35.3,34.2
0.012,Phase de Décharge,69.0,34.5,34.6,0.012,Phase de Décharge,69.4,35.3,34.1
0.016,Phase de Décharge,68.6,34.3,34.3,0.016,Phase de Décharge,69.2,35.2,33.9
0.02,Phase de Décharge,68.1,34.1,33.9,0.02,Phase de Décharge,68.8,35.0,33.8
0.024,Phase de Décharge,67.5,33.9,33.6,0.024,Phase de Décharge,68.4,34.8,33.6
0.028,Phase de Décharge,67.1,33.7,33.4,0.028,Phase de Décharge,68.0,34.5,33.5
0.032,Phase de Décharge,66.7,33.4,33.3,0.032,Phase de Décharge,67.4,34.1,33.3
0.036,Phase de Décharge,66.3,33.2,33.0,0.036,Phase de Décharge,66.7,33.7,33.0
0.04,Phase de Décharge,65.8,33.0,32.8,0.04,Phase de Décharge,66.2,33.4,32.8
0.044,Phase de Décharge,65.4,32.8,32.6,0.044,Phase de Décharge,66.0,33.2,32.8
0.048,Phase de Décharge,65.0,32.6,32.5,0.048,Phase de Décharge,65.7,32.9,32.8
0.052,Phase de Décharge,64.6,32.4,32.2,0.052,Phase de Décharge,65.4,32.7,32.7
0.056,Phase de Décharge,64.2,32.2,32.0,0.056,Phase de Décharge,64.9,32.5,32.4
0.06,Phase de Décharge,63.8,32.0,31.8,0.06,Phase de Décharge,64.4,32.3,32.1
0.064,Phase de Décharge,63.2,31.7,31.5,0.064,Phase de Décharge,63.9,32.0,31.8
0.068,Phase de Décharge,62.5,31.3,31.2,0.068,Phase de Décharge,63.3,31.7,31.6
0.072,Phase de Décharge,61.6,30.7,30.8,0.072,Phase de Décharge,62.8,31.4,31.5
0.076,Phase de Décharge,60.6,30.2,30.4,0.076,Phase de Décharge,62.4,31.1,31.4
0.08,Phase de Décharge,59.4,29.5,29.9,0.08,Phase de Décharge,62.0,30.8,31.2
0.084,Phase de Décharge,58.1,28.7,29.4,0.084,Phase de Décharge,61.3,30.4,30.9
0.088,Phase de Décharge,56.6,27.9,28.7,0.088,Phase de Décharge,60.6,30.0,30.6
0.092,Phase de Décharge,54.9,27.1,27.9,0.092,Phase de Décharge,59.8,29.5,30.3
0.096,Phase de Décharge,53.1,26.1,27.1,0.096,Phase de Décharge,58.9,28.8,30.0
0.1,Phase de Décharge,51.4,25.1,26.3,0.1,Phase de Décharge,57.8,28.1,29.7
0.104,Phase de Décharge,49.7,24.4,25.4,0.104,Phase de Décharge,56.6,27.3,29.3
0.108,Phase de Décharge,48.2,23.6,24.6,0.108,Phase de Décharge,55.3,26.4,28.9
0.112,Phase de Décharge,46.7,22.6,24.1,0.112,Phase de Décharge,54.0,25.4,28.6
0.116,Phase de Décharge,45.1,21.7,23.4,0.116,Phase de Décharge,52.4,24.2,28.2
0.12,Phase de Décharge,43.6,20.9,22.7,0.12,Phase de Décharge,50.8,23.1,27.7
0.124,Phase de Décharge,42.3,20.2,22.1,0.124,Phase de Décharge,49.1,21.8,27.2
0.128,Phase de Décharge,41.1,19.4,21.7,0.128,Phase de Décharge,47.4,20.7,26.7
0.132,Phase de Décharge,39.9,18.7,21.2,0.132,Phase de Décharge,45.7,19.7,26.0
0.136,Phase de Décharge,38.7,17.9,20.9,0.136,Phase de Décharge,44.0,18.8,25.1
0.14,Phase de Décharge,37.5,17.1,20.4,0.14,Phase de Décharge,41.9,17.7,24.2
0.144,Phase de Décharge,36.1,16.4,19.7,0.144,Phase de Décharge,39.7,16.7,23.0
0.148,Phase de Décharge,34.9,15.8,19.1,0.148,Phase de Décharge,37.8,15.8,22.0
0.152,Phase de Décharge,33.5,15.0,18.5,0.152,Phase de Décharge,36.1,15.0,21.2
0.156,Phase de Décharge,32.1,14.3,17.7,0.156,Phase de Décharge,34.6,14.3,20.3
0.16,Phase de Décharge,30.8,13.8,17.0,0.16,Phase de Décharge,33.2,13.6,19.6
0.164,Phase de Décharge,29.7,13.2,16.5,0.164,Phase de Décharge,32.1,13.1,19.0
0.168,Phase de Décharge,28.7,12.7,16.0,0.168,Phase de Décharge,31.4,12.7,18.7
0.172,Phase de Décharge,27.5,12.1,15.4,0.172,Phase de Décharge,31.0,12.4,18.6
0.176,Phase de Décharge,26.1,11.3,14.8,0.176,Phase de Décharge,30.7,12.2,18.6
0.18,Phase de Décharge,24.9,10.7,14.3,0.18,Phase de Décharge,30.5,12.0,18.5
0.184,Phase de Décharge,24.1,10.3,13.8,0.184,Phase de Décharge,30.3,11.9,18.4
0.188,Phase de Décharge,23.5,10.2,13.4,0.188,Phase de Décharge,29.9,11.7,18.2
0.192,Phase de Décharge,22.9,10.0,12.9,0.192,Phase de Décharge,29.6,11.6,17.9
0.196,Phase de Décharge,22.3,9.8,12.5,0.196,Phase de Décharge,29.1,11.6,17.5
0.2,Phase de Décharge,21.7,9.7,12.0,0.2,Phase de Décharge,28.6,11.7,16.9
0.204,Phase de Décharge,21.2,9.6,11.6,0.204,Phase de Décharge,28.0,11.7,16.3
0.208,Phase de Décharge,20.9,9.6,11.3,0.208,Phase de Décharge,27.3,11.7,15.7
0.212,Phase de Décharge,21.0,9.7,11.3,0.212,Phase de Décharge,26.6,11.8,14.8
0.216,Phase de Décharge,21.2,9.9,11.4,0.216,Phase de Décharge,25.7,11.9,13.9
0.22,Phase de Décharge,21.6,9.9,11.7,0.22,Phase de Décharge,24.9,11.8,13.1
0.224,Phase de Décharge,22.1,10.1,12.0,0.224,Phase de Décharge,24.0,11.6,12.3
0.228,Phase de Décharge,23.0,10.4,12.5,0.228,Phase de Décharge,23.2,11.6,11.7
0.232,Phase de Décharge,24.1,10.9,13.2,0.232,Phase de Décharge,22.7,11.6,11.1
0.236,Phase de Décharge,25.6,11.5,14.1,0.236,Phase de Décharge,22.1,11.5,10.5
0.24,Phase de Décharge,27.1,12.2,14.9,0.24,Phase de Décharge,21.5,11.3,10.1
0.244,Phase de Décharge,28.4,13.0,15.4,0.244,Phase de Décharge,21.1,11.1,10.0
0.248,Phase de Décharge,29.7,13.8,15.9,0.248,Phase de Décharge,21.0,11.1,9.9
0.252,Phase de Décharge,31.0,14.5,16.5,0.252,Phase de Décharge,21.3,11.2,10.0
0.256,Phase de Décharge,32.3,15.1,17.2,0.256,Phase de Décharge,21.8,11.6,10.2
0.26,Phase de Décharge,33.3,15.5,17.9,0.26,Phase de Décharge,22.6,12.1,10.4
0.264,Phase de Décharge,34.3,15.6,18.7,0.264,Phase de Décharge,23.4,12.6,10.7
0.268,Phase de Décharge,35.1,15.6,19.5,0.268,Phase de Décharge,24.2,13.1,11.2
0.272,Phase de Décharge,35.8,15.3,20.5,0.272,Phase de Décharge,25.3,13.6,11.7
0.276,Phase de Décharge,36.7,15.1,21.6,0.276,Phase de Décharge,26.5,13.9,12.6
0.28,Phase de Décharge,37.8,15.1,22.7,0.28,Phase de Décharge,27.5,14.1,13.4
0.284,Phase de Décharge,38.9,15.3,23.6,0.284,Phase de Décharge,28.6,14.3,14.3
0.288,Phase de Décharge,40.3,15.9,24.4,0.288,Phase de Décharge,29.8,14.5,15.3
0.292,Phase de Décharge,41.7,16.6,25.1,0.292,Phase de Décharge,31.3,14.6,16.7
0.296,Phase de Décharge,43.2,17.5,25.7,0.296,Phase de Décharge,32.7,14.7,18.0
0.3,Phase de Décharge,44.7,18.3,26.3,0.3,Phase de Décharge,34.1,15.1,19.0
0.304,Phase de Décharge,46.1,18.9,27.2,0.304,Phase de Décharge,35.5,15.6,19.9
0.308,Phase de Décharge,47.4,19.3,28.1,0.308,Phase de Décharge,37.1,16.3,20.8
0.312,Phase de Décharge,48.9,19.7,29.2,0.312,Phase de Décharge,39.0,17.3,21.7
0.316,Phase de Décharge,50.8,20.0,30.7,0.316,Phase de Décharge,41.1,18.4,22.6
0.32,Phase de Décharge,52.8,20.4,32.4,0.32,Phase de Décharge,43.2,19.7,23.5
0.324,Phase de Décharge,55.2,21.1,34.0,0.324,Phase de Décharge,45.4,21.1,24.3
0.328,Phase de Décharge,58.0,22.0,36.0,0.328,Phase de Décharge,47.6,22.3,25.3
0.332,Phase de Décharge,61.0,23.1,37.9,0.332,Phase de Décharge,49.8,23.2,26.6
0.336,Phase de Décharge,63.9,24.5,39.5,0.336,Phase de Décharge,52.1,24.1,28.0
0.34,Phase de Décharge,67.0,25.7,41.3,0.34,Phase de Décharge,54.6,25.1,29.5
0.344,Phase de Décharge,70.1,26.5,43.6,0.344,Phase de Décharge,57.3,25.9,31.3
0.348,Phase de Freinage,73.1,27.2,45.8,0.348,Phase de Décharge,59.9,26.7,33.1
0.352,Phase de Freinage,76.0,28.0,47.9,0.352,Phase de Décharge,62.3,27.4,34.9
0.356,Phase de Freinage,78.8,28.8,50.0,0.356,Phase de Décharge,64.8,27.8,37.0
0.36,Phase de Freinage,81.5,29.6,51.9,0.36,Phase de Décharge,66.9,27.8,39.1
0.364,Phase de Freinage,84.1,30.5,53.6,0.364,Phase de Décharge,68.6,27.7,41.0
0.368,Phase de Freinage,86.8,31.5,55.3,0.368,Phase de Décharge,70.5,27.5,43.0
0.372,Phase de Freinage,89.8,32.9,56.9,0.372,Phase de Freinage,73.0,27.5,45.5
0.376,Phase de Freinage,93.1,34.8,58.3,0.376,Phase de Freinage,75.8,27.7,48.1
0.38,Phase de Freinage,96.4,36.8,59.6,0.38,Phase de Freinage,79.0,28.4,50.6
0.384,Phase de Freinage,99.6,38.5,61.1,0.384,Phase de Freinage,82.8,29.2,53.6
0.388,Phase de Freinage,102.8,40.3,62.6,0.388,Phase de Freinage,86.7,30.3,56.4
0.392,Phase de Freinage,106.3,42.2,64.1,0.392,Phase de Freinage,90.8,32.0,58.8
0.396,Phase de Freinage,110.0,44.0,66.0,0.396,Phase de Freinage,95.3,34.1,61.2
0.4,Phase de Freinage,113.5,45.6,67.8,0.4,Phase de Freinage,99.9,36.5,63.4
0.404,Phase de Freinage,117.1,47.4,69.6,0.404,Phase de Freinage,104.9,39.7,65.2
0.408,Phase de Freinage,120.7,49.1,71.5,0.408,Phase de Freinage,110.1,42.9,67.2
0.412,Phase de Freinage,123.6,50.5,73.1,0.412,Phase de Freinage,115.5,45.9,69.5
0.416,Phase de Freinage,126.0,51.9,74.1,0.416,Phase de Freinage,121.0,49.4,71.6
0.42,Phase de Freinage,127.8,53.0,74.7,0.42,Phase de Freinage,126.2,52.5,73.7
0.424,Phase de Freinage,129.2,53.7,75.4,0.424,Phase de Freinage,130.6,54.7,75.9
0.428,Phase de Freinage,130.5,54.4,76.1,0.428,Phase de Freinage,134.5,56.5,78.0
0.432,Phase de Freinage,131.7,55.2,76.5,0.432,Phase de Freinage,138.1,58.3,79.8
0.436,Phase de Freinage,132.7,56.1,76.5,0.436,Phase de Freinage,141.7,59.8,81.8
0.44,Phase de Freinage,133.5,57.1,76.4,0.44,Phase de Freinage,144.8,61.0,83.9
0.444,Phase de Freinage,134.5,58.3,76.2,0.444,Phase de Freinage,147.4,61.9,85.5
0.448,Phase de Freinage,135.6,59.3,76.3,0.448,Phase de Freinage,149.8,62.7,87.1
0.452,Phase de Freinage,136.7,60.0,76.7,0.452,Phase de Freinage,152.3,63.6,88.7
0.456,Phase de Freinage,138.1,60.8,77.3,0.456,Phase de Freinage,154.7,64.6,90.1
0.46,Phase de Freinage,139.8,61.7,78.1,0.46,Phase de Freinage,157.0,65.9,91.1
0.464,Phase de Freinage,141.9,62.7,79.2,0.464,Phase de Freinage,159.3,67.3,92.1
0.468,Phase de Freinage,144.4,63.9,80.5,0.468,Phase de Freinage,161.9,68.9,93.0
0.472,Phase de Freinage,147.5,65.5,82.0,0.472,Phase de Freinage,164.4,70.8,93.6
0.476,Phase de Freinage,151.0,67.2,83.7,0.476,Phase de Freinage,166.6,72.7,93.9
0.48,Phase de Freinage,154.3,69.0,85.3,0.48,Phase de Freinage,168.6,74.5,94.1
0.484,Phase de Freinage,157.4,71.1,86.3,0.484,Phase de Freinage,170.9,76.5,94.4
0.488,Phase de Freinage,160.0,73.1,86.9,0.488,Phase de Freinage,173.3,78.4,95.0
0.492,Phase de Freinage,162.3,74.9,87.4,0.492,Phase de Freinage,175.7,79.9,95.7
0.496,Phase de Freinage,164.5,76.6,87.9,0.496,Phase de Freinage,177.8,81.4,96.4
0.5,Phase de Freinage,166.7,78.0,88.7,0.5,Phase de Freinage,179.4,82.6,96.8
0.504,Phase de Freinage,168.8,79.1,89.7,0.504,Phase de Freinage,180.7,83.5,97.2
0.508,Phase de Freinage,170.7,79.9,90.8,0.508,Phase de Freinage,181.9,84.3,97.5
0.512,Phase de Freinage,172.7,80.7,92.0,0.512,Phase de Freinage,183.4,85.3,98.1
0.516,Propulsion,174.6,81.3,93.3,0.516,Propulsion,185.0,86.3,98.8
0.52,Propulsion,176.5,81.9,94.6,0.52,Propulsion,186.5,87.2,99.3
0.524,Propulsion,178.3,82.6,95.7,0.524,Propulsion,187.7,88.0,99.6
0.528,Propulsion,180.0,83.2,96.8,0.528,Propulsion,188.6,88.8,99.8
0.532,Propulsion,181.3,83.9,97.5,0.532,Propulsion,189.4,89.4,99.9
0.536,Propulsion,182.2,84.5,97.7,0.536,Propulsion,190.0,90.1,99.9
0.54,Propulsion,182.7,85.0,97.7,0.54,Propulsion,190.5,90.6,99.9
0.544,Propulsion,183.0,85.3,97.6,0.544,Propulsion,190.8,91.2,99.7
0.548,Propulsion,183.1,85.6,97.5,0.548,Propulsion,191.0,91.6,99.4
0.552,Propulsion,183.3,86.1,97.2,0.552,Propulsion,191.0,92.1,98.9
0.556,Propulsion,183.3,86.6,96.7,0.556,Propulsion,190.7,92.5,98.2
0.56,Propulsion,183.0,86.7,96.2,0.56,Propulsion,190.4,92.8,97.6
0.564,Propulsion,182.5,86.6,96.0,0.564,Propulsion,190.2,93.1,97.2
0.568,Propulsion,181.9,86.3,95.6,0.568,Propulsion,190.0,93.1,96.9
0.572,Propulsion,181.2,86.0,95.2,0.572,Propulsion,189.5,93.0,96.5
0.576,Propulsion,180.5,85.6,94.9,0.576,Propulsion,189.0,93.0,96.0
0.58,Propulsion,180.0,85.4,94.7,0.58,Propulsion,188.7,92.9,95.9
0.584,Propulsion,179.6,85.1,94.5,0.584,Propulsion,188.6,92.7,95.9
0.588,Propulsion,179.0,84.8,94.2,0.588,Propulsion,188.0,92.4,95.6
0.592,Propulsion,178.3,84.4,93.9,0.592,Propulsion,187.0,91.9,95.1
0.596,Propulsion,177.6,84.2,93.4,0.596,Propulsion,186.0,91.3,94.6
0.6,Propulsion,177.0,84.1,92.9,0.6,Propulsion,185.1,90.8,94.4
0.604,Propulsion,176.3,83.8,92.5,0.604,Propulsion,184.3,90.1,94.2
0.608,Propulsion,175.7,83.6,92.2,0.608,Propulsion,183.5,89.6,93.9
0.612,Propulsion,175.4,83.5,91.9,0.612,Propulsion,182.6,89.0,93.5
0.616,Propulsion,175.3,83.6,91.7,0.616,Propulsion,181.6,88.3,93.2
0.62,Propulsion,175.0,83.8,91.3,0.62,Propulsion,180.6,87.7,92.8
0.624,Propulsion,174.6,83.8,90.9,0.624,Propulsion,179.6,87.4,92.2
0.628,Propulsion,174.3,83.8,90.5,0.628,Propulsion,178.7,87.0,91.7
0.632,Propulsion,174.2,83.9,90.3,0.632,Propulsion,178.0,86.6,91.4
0.636,Propulsion,174.2,84.1,90.2,0.636,Propulsion,177.3,86.3,90.9
0.64,Propulsion,174.2,84.2,90.0,0.64,Propulsion,176.4,86.0,90.4
0.644,Propulsion,174.1,84.4,89.8,0.644,Propulsion,175.4,85.5,89.9
0.648,Propulsion,173.9,84.5,89.4,0.648,Propulsion,174.5,85.1,89.4
0.652,Propulsion,173.8,84.7,89.1,0.652,Propulsion,173.7,84.9,88.8
0.656,Propulsion,173.7,84.8,88.9,0.656,Propulsion,172.8,84.6,88.2
0.66,Propulsion,173.4,84.8,88.6,0.66,Propulsion,171.9,84.3,87.6
0.664,Propulsion,172.9,84.7,88.2,0.664,Propulsion,170.8,84.0,86.8
0.668,Propulsion,172.3,84.5,87.7,0.668,Propulsion,169.7,83.6,86.1
0.672,Propulsion,171.4,84.2,87.2,0.672,Propulsion,168.4,83.2,85.2
0.676,Propulsion,170.4,83.9,86.5,0.676,Propulsion,166.7,82.7,84.0
0.68,Propulsion,169.4,83.5,85.8,0.68,Propulsion,164.7,82.0,82.8
0.684,Propulsion,168.1,83.0,85.1,0.684,Propulsion,162.3,80.9,81.4
0.688,Propulsion,166.4,82.4,84.1,0.688,Propulsion,159.1,79.6,79.5
0.692,Propulsion,164.3,81.5,82.8,0.692,Propulsion,155.0,78.2,76.9
0.696,Propulsion,161.9,80.2,81.6,0.696,Propulsion,150.2,76.1,74.1
0.7,Propulsion,159.0,78.9,80.1,0.7,Propulsion,144.8,73.9,71.0
0.704,Propulsion,155.4,77.4,77.9,0.704,Propulsion,138.5,71.7,66.8
0.708,Propulsion,151.1,75.6,75.4,0.708,Propulsion,131.6,69.2,62.5
0.712,Propulsion,145.7,73.2,72.5,0.712,Propulsion,123.6,65.6,58.0
0.716,Propulsion,139.3,70.7,68.6,0.716,Propulsion,114.5,61.8,52.7
0.72,Propulsion,132.2,67.7,64.5,0.72,Propulsion,104.9,57.6,47.3
0.724,Propulsion,124.2,64.1,60.2,0.724,Propulsion,94.8,52.4,42.4
0.728,Propulsion,115.3,60.2,55.1,0.728,Propulsion,83.8,47.1,36.7
0.732,Propulsion,105.9,55.9,50.0,0.732,Propulsion,70.9,41.6,29.3
0.736,Propulsion,96.0,50.5,45.5,0.736,Propulsion,56.5,34.7,21.8
0.74,Propulsion,85.2,44.8,40.4,0.74,Propulsion,41.6,27.5,14.1
0.744,Propulsion,73.5,39.7,33.8,0.744,Propulsion,26.3,20.6,5.6
0.748,Propulsion,60.9,33.8,27.0,0.748,Propulsion,11.8,12.8,-1.0
0.752,Propulsion,46.1,26.1,20.0,0.752,Vol,0.9,4.1,-3.2
0.756,Propulsion,29.8,18.0,11.8,0.756,Vol,-3.8,-2.2,-1.6
0.76,Propulsion,14.2,10.2,4.0,0.76,Vol,-2.6,-3.6,1.1
0.764,Vol,1.6,2.5,-0.9,0.764,Vol,0.4,-1.9,2.3
0.768,Vol,-4.7,-2.5,-2.2,0.768,Vol,1.7,0.2,1.5
0.772,Vol,-4.0,-3.3,-0.8,0.772,Vol,1.3,1.3,0.0
0.776,Vol,-0.2,-1.5,1.3,0.776,Vol,1.0,1.6,-0.6
0.78,Vol,2.4,0.4,2.0,0.78,Vol,1.1,1.2,-0.1
0.784,Vol,2.3,1.4,0.9,0.784,Vol,0.8,0.2,0.5
0.788,Vol,1.3,1.7,-0.4,0.788,Vol,-0.1,-0.6,0.5
0.792,Vol,0.8,1.1,-0.3,0.792,Vol,-0.6,-0.7,0.1
0.796,Vol,0.6,0.0,0.6,0.796,Vol,0.0,0.0,0.0
0.8,Vol,0.5,-0.6,1.1,0.8,Vol,1.1,0.8,0.3
0.804,Vol,0.4,-0.4,0.8,0.804,Vol,1.7,1.1,0.6
0.808,Vol,0.5,0.3,0.3,0.808,Vol,1.2,0.7,0.6
0.812,Vol,1.0,0.8,0.2,0.812,Vol,0.3,0.0,0.3
0.816,Vol,1.3,0.9,0.5,0.816,Vol,-0.2,-0.2,0.1
0.82,Vol,1.1,0.4,0.6,0.82,Vol,0.2,0.0,0.2
0.824,Vol,0.3,-0.1,0.5,0.824,Vol,0.9,0.5,0.3
0.828,Vol,-0.0,-0.3,0.3,0.828,Vol,1.1,0.8,0.4
0.832,Vol,0.3,-0.0,0.3,0.832,Vol,0.8,0.5,0.2
0.836,Vol,1.0,0.5,0.5,0.836,Vol,0.3,0.1,0.2
0.84,Vol,1.4,0.8,0.6,0.84,Vol,0.2,-0.0,0.2
0.844,Vol,1.0,0.5,0.5,0.844,Vol,0.4,0.1,0.3
0.848,Vol,0.4,0.1,0.2,0.848,Vol,0.6,0.4,0.2
0.852,Vol,0.1,-0.0,0.2,0.852,Vol,0.6,0.5,0.1
0.856,Vol,0.5,0.1,0.3,0.856,Vol,0.4,0.4,0.0
0.86,Vol,0.8,0.4,0.4,0.86,Vol,0.3,0.2,0.1
0.864,Vol,0.9,0.6,0.3,0.864,Vol,0.2,0.0,0.1
0.868,Vol,0.7,0.6,0.1,0.868,Vol,0.1,0.0,0.1
0.872,Vol,0.4,0.3,0.1,0.872,Vol,0.1,0.1,-0.0
0.876,Vol,0.4,0.2,0.2,0.876,Vol,0.3,0.3,0.0
0.88,Vol,0.6,0.2,0.3,0.88,Vol,0.4,0.3,0.1
0.884,Vol,0.8,0.4,0.4,0.884,Vol,0.5,0.3,0.2
0.888,Vol,0.8,0.4,0.4,0.888,Vol,0.5,0.2,0.3
0.892,Vol,0.6,0.3,0.3,0.892,Vol,0.5,0.2,0.3
0.896,Vol,0.4,0.2,0.2,0.896,Vol,0.5,0.2,0.3
0.9,Vol,0.5,0.1,0.4,0.9,Vol,0.4,0.3,0.2
0.904,Vol,0.6,0.2,0.5,0.904,Vol,0.4,0.3,0.2
0.908,Vol,0.7,0.3,0.4,0.908,Vol,0.3,0.2,0.1
0.912,Vol,0.7,0.4,0.3,0.912,Vol,0.3,0.2,0.1
0.916,Vol,0.7,0.4,0.2,0.916,Vol,0.3,0.1,0.2
0.92,Vol,0.5,0.3,0.2,0.92,Vol,0.4,0.2,0.2
0.924,Vol,0.3,0.1,0.2,0.924,Vol,0.4,0.2,0.2
0.928,Vol,0.2,0.0,0.2,0.928,Vol,0.3,0.1,0.2
0.932,Vol,0.3,0.1,0.2,0.932,Vol,0.1,0.0,0.1
0.936,Vol,0.4,0.2,0.2,0.936,Vol,0.1,0.0,0.0
0.94,Vol,0.5,0.3,0.2,0.94,Vol,0.1,0.1,0.0
0.944,Vol,0.6,0.3,0.3,0.944,Vol,0.2,0.1,0.1
0.948,Vol,0.6,0.2,0.4,0.948,Vol,0.1,0.1,0.1
0.952,Vol,0.5,0.1,0.4,0.952,Vol,0.1,0.0,0.0
0.956,Vol,0.5,0.1,0.3,0.956,Vol,0.2,0.1,0.1
0.96,Vol,0.5,0.2,0.3,0.96,Vol,0.3,0.1,0.2
0.964,Vol,0.6,0.3,0.3,0.964,Vol,0.3,0.2,0.2
0.968,Vol,0.6,0.3,0.3,0.968,Vol,0.3,0.2,0.1
0.972,Vol,0.5,0.2,0.3,0.972,Vol,0.4,0.3,0.1
0.976,Vol,0.4,0.2,0.2,0.976,Vol,0.4,0.4,0.0
0.98,Vol,0.4,0.2,0.2,0.98,Vol,0.4,0.4,0.0
0.984,Vol,0.4,0.2,0.2,0.984,Vol,0.4,0.4,0.1
0.988,Vol,0.4,0.2,0.3,0.988,Vol,0.4,0.2,0.1
0.992,Vol,0.4,0.2,0.2,0.992,Vol,0.3,0.1,0.2
0.996,Vol,0.3,0.2,0.2,0.996,Vol,0.1,0.0,0.1
1,Vol,0.4,0.2,0.2,1,Vol,0.1,0.0,0.1
1.004,Vol,0.4,0.2,0.3,1.004,Vol,0.2,0.1,0.1
1.008,Vol,0.5,0.2,0.3,1.008,Vol,0.3,0.1,0.2
1.012,Vol,0.4,0.1,0.3,1.012,Vol,0.5,0.2,0.3
1.016,Vol,0.3,0.1,0.3,1.016,Vol,0.6,0.3,0.4
1.02,Vol,0.3,0.0,0.3,1.02,Vol,0.6,0.2,0.3
1.024,Vol,0.4,0.1,0.3,1.024,Vol,0.4,0.2,0.2
1.028,Vol,0.4,0.2,0.2,1.028,Vol,0.3,0.2,0.1
1.032,Vol,0.3,0.2,0.1,1.032,Vol,0.3,0.3,0.1
1.036,Vol,0.3,0.2,0.1,1.036,Vol,0.4,0.3,0.0
1.04,Vol,0.3,0.2,0.1,1.04,Vol,0.3,0.3,0.1
1.044,Vol,0.3,0.2,0.1,1.044,Vol,0.3,0.1,0.2
1.048,Vol,0.3,0.1,0.2,1.048,Vol,0.3,0.1,0.2
1.052,Vol,0.3,0.1,0.2,1.052,Vol,0.4,0.2,0.2
1.056,Vol,0.2,0.1,0.1,1.056,Vol,0.3,0.2,0.1
1.06,Vol,0.3,0.1,0.2,1.06,Vol,0.3,0.2,0.1
1.064,Vol,0.4,0.1,0.3,1.064,Vol,0.2,0.3,-0.0
1.068,Vol,0.5,0.1,0.3,1.068,Vol,0.2,0.2,-0.0
1.072,Vol,0.5,0.1,0.3,1.072,Vol,0.2,0.1,0.1
1.076,Vol,0.4,0.1,0.3,1.076,Vol,0.2,0.1,0.2
1.08,Vol,0.4,0.1,0.2,1.08,Vol,0.2,0.0,0.2
1.084,Vol,0.3,0.2,0.1,1.084,Vol,0.0,-0.1,0.1
1.088,Vol,0.4,0.2,0.1,1.088,Vol,-0.1,-0.1,0.0
1.092,Vol,0.4,0.2,0.2,1.092,Vol,-0.1,-0.0,-0.0
1.096,Vol,0.4,0.1,0.3,1.096,Vol,0.0,0.1,-0.1
1.1,Vol,0.4,0.1,0.3,1.1,Vol,0.2,0.1,0.0
1.104,Vol,0.5,0.2,0.3,1.104,Vol,0.2,0.1,0.1
1.108,Vol,0.5,0.2,0.2,1.108,Vol,0.3,0.1,0.1
1.112,Vol,0.4,0.2,0.2,1.112,Vol,0.3,0.1,0.1
1.116,Vol,0.4,0.2,0.2,1.116,Vol,0.2,0.1,0.1
1.12,Vol,0.4,0.2,0.2,1.12,Vol,0.1,0.1,0.0
1.124,Vol,0.5,0.2,0.3,1.124,Vol,0.1,0.1,0.0
1.128,Vol,0.5,0.2,0.3,1.128,Vol,0.2,0.1,0.1
1.132,Vol,0.5,0.2,0.3,1.132,Vol,0.3,0.2,0.1
1.136,Vol,0.5,0.2,0.3,1.136,Vol,0.3,0.2,0.1
1.14,Vol,0.5,0.2,0.3,1.14,Vol,0.3,0.2,0.1
1.144,Vol,0.5,0.2,0.3,1.144,Vol,0.3,0.3,0.0
1.148,Vol,0.4,0.1,0.3,1.148,Vol,0.2,0.2,-0.1
1.152,Vol,0.4,0.1,0.3,1.152,Vol,0.0,0.1,-0.1
1.156,Vol,0.5,0.2,0.2,1.156,Vol,0.1,0.1,-0.1
1.16,Vol,0.5,0.3,0.2,1.16,Vol,0.2,0.2,-0.0
1.164,Vol,0.6,0.3,0.3,1.164,Vol,0.3,0.3,0.0
1.168,Vol,0.5,0.2,0.3,1.168,Vol,0.4,0.3,0.0
1.172,Vol,0.4,0.1,0.3,1.172,Vol,0.4,0.3,0.1
1.176,Vol,0.4,0.1,0.2,1.176,Vol,0.3,0.2,0.1
1.18,Vol,0.4,0.2,0.2,1.18,Vol,0.1,0.0,0.1
1.184,Vol,0.5,0.3,0.2,1.184,Vol,0.1,-0.1,0.1
1.188,Vol,0.5,0.3,0.2,1.188,Vol,0.1,-0.0,0.2
1.192,Vol,0.4,0.2,0.2,1.192,Vol,0.1,0.0,0.1
1.196,Vol,0.3,0.2,0.2,1.196,Vol,0.2,0.1,0.1
1.2,Vol,0.3,0.2,0.1,1.2,Vol,0.3,0.1,0.2
1.204,Vol,0.3,0.2,0.1,1.204,Vol,0.5,0.2,0.3
1.208,Vol,0.4,0.2,0.2,1.208,Vol,0.4,0.2,0.2
1.212,Vol,0.6,0.2,0.3,1.212,Vol,0.3,0.2,0.1
1.216,Vol,0.6,0.2,0.4,1.216,Vol,0.2,0.2,0.0
1.22,Vol,0.7,0.2,0.4,1.22,Vol,0.1,0.2,-0.1
1.224,Vol,0.6,0.2,0.4,1.224,Vol,0.1,0.1,-0.0
1.228,Vol,0.5,0.1,0.4,1.228,Vol,0.2,0.1,0.1
1.232,Vol,0.3,0.0,0.3,1.232,Vol,0.4,0.2,0.2
1.236,Vol,0.3,0.1,0.2,1.236,Vol,0.5,0.3,0.2
1.24,Vol,0.3,0.2,0.1,1.24,Vol,0.4,0.3,0.1
1.244,Vol,0.3,0.2,0.1,1.244,Vol,0.2,0.3,-0.0
1.248,Vol,0.4,0.1,0.2,1.248,Vol,0.2,0.2,-0.0
1.252,Vol,0.4,0.1,0.3,1.252,Vol,0.1,0.1,0.1
1.256,Vol,0.4,0.1,0.3,1.256,Vol,0.2,0.1,0.1
1.26,Vol,0.4,0.1,0.2,1.26,Vol,0.2,0.2,0.0
1.264,Vol,0.4,0.1,0.3,1.264,Vol,0.1,0.2,-0.0
1.268,Vol,0.5,0.1,0.4,1.268,Vol,0.0,0.1,-0.1
1.272,Vol,0.5,0.1,0.4,1.272,Vol,0.1,0.1,-0.0
1.276,Vol,0.4,0.1,0.3,1.276,Vol,0.2,0.2,0.1
1.28,Vol,0.2,0.0,0.2,1.28,Vol,0.3,0.2,0.1
1.284,Vol,0.2,0.1,0.2,1.284,Vol,0.3,0.2,0.1
1.288,Vol,0.3,0.1,0.2,1.288,Vol,0.2,0.2,0.0
1.292,Vol,0.3,0.1,0.2,1.292,Vol,0.2,0.2,-0.0
1.296,Vol,0.4,0.1,0.2,1.296,Vol,0.2,0.2,0.0
1.3,Vol,0.5,0.2,0.3,1.3,Vol,0.3,0.2,0.1
1.304,Vol,0.5,0.2,0.3,1.304,Vol,0.3,0.2,0.1
1.308,Vol,0.4,0.2,0.3,1.308,Vol,0.2,0.1,0.1
1.312,Vol,0.3,0.1,0.3,1.312,Vol,0.1,0.0,0.1
1.316,Vol,0.3,0.1,0.2,1.316,Atterrissage,0.0,-0.1,0.1
1.32,Vol,0.2,0.1,0.1,1.32,Atterrissage,2.4,2.3,0.1
1.324,Vol,0.2,0.1,0.1,1.324,Atterrissage,14.2,14.1,0.1
1.328,Vol,0.3,0.2,0.2,1.328,Atterrissage,38.5,38.6,-0.0
1.332,Vol,0.6,0.3,0.3,1.332,Atterrissage,60.0,57.6,2.4
1.336,Atterrissage,0.7,0.3,0.5,1.336,Atterrissage,71.0,56.8,14.2
1.34,Atterrissage,3.7,1.0,2.7,1.34,Atterrissage,96.2,61.1,35.2
1.344,Atterrissage,25.9,11.9,14.0,1.344,Atterrissage,145.4,93.1,52.3
1.348,Atterrissage,75.0,36.6,38.4,1.348,Atterrissage,214.6,147.7,66.9
1.352,Atterrissage,113.8,53.3,60.5,1.352,Atterrissage,329.8,218.1,111.6
1.356,Atterrissage,112.1,47.4,64.7,1.356,Atterrissage,491.5,292.6,198.9
1.36,Atterrissage,125.3,53.4,71.9,1.36,Atterrissage,627.6,341.8,285.8
1.364,Atterrissage,232.1,109.1,123.1,1.364,Atterrissage,673.4,343.1,330.4
1.368,Atterrissage,408.3,190.0,218.4,1.368,Atterrissage,636.9,308.2,328.7
1.372,Atterrissage,562.4,253.7,308.7,1.372,Atterrissage,553.9,259.0,294.9
1.376,Atterrissage,651.0,286.1,364.9,1.376,Atterrissage,452.3,207.5,244.8
1.38,Atterrissage,668.0,285.0,382.9,1.38,Atterrissage,355.5,166.3,189.2
1.384,Atterrissage,605.6,248.9,356.8,1.384,Atterrissage,278.1,140.6,137.6
1.388,Atterrissage,491.3,188.8,302.5,1.388,Atterrissage,226.2,124.3,101.9
1.392,Atterrissage,382.2,136.0,246.2,1.392,Atterrissage,196.1,113.5,82.6
1.396,Atterrissage,305.2,105.2,199.9,1.396,Atterrissage,180.0,108.3,71.8
1.4,Atterrissage,251.7,84.3,167.4,1.4,Atterrissage,172.8,105.9,66.9
1.404,Atterrissage,208.0,64.6,143.4,1.404,Atterrissage,167.9,102.5,65.4
1.408,Atterrissage,175.6,51.5,124.1,1.408,Atterrissage,161.9,99.2,62.6
1.412,Atterrissage,163.7,48.6,115.1,1.412,Atterrissage,155.4,97.1,58.4
1.416,Atterrissage,167.6,51.3,116.3,1.416,Atterrissage,150.6,95.8,54.8
1.42,Atterrissage,172.4,53.2,119.2,1.42,Atterrissage,149.2,95.6,53.6
1.424,Atterrissage,170.7,51.5,119.2,1.424,Atterrissage,150.4,96.5,53.9
1.428,Atterrissage,168.5,48.8,119.8,1.428,Atterrissage,152.9,98.9,54.0
1.432,Atterrissage,172.6,48.3,124.4,1.432,Atterrissage,155.7,103.1,52.6
1.436,Atterrissage,181.0,49.9,131.1,1.436,Atterrissage,157.8,107.6,50.2
1.44,Atterrissage,188.2,52.1,136.1,1.44,Atterrissage,160.1,111.5,48.6
1.444,Atterrissage,195.6,54.3,141.3,1.444,Atterrissage,163.5,114.8,48.7
1.448,Atterrissage,207.5,57.2,150.3,1.448,Atterrissage,166.0,116.8,49.2
1.452,Atterrissage,224.4,63.4,161.0,1.452,Atterrissage,166.5,117.5,48.9
1.456,Atterrissage,243.9,74.7,169.2,1.456,Atterrissage,166.6,118.6,47.9
1.46,Atterrissage,260.4,86.9,173.5,1.46,Atterrissage,169.0,122.4,46.6
1.464,Atterrissage,269.8,96.1,173.6,1.464,Atterrissage,174.6,129.4,45.2
1.468,Atterrissage,272.2,102.1,170.1,1.468,Atterrissage,181.1,137.5,43.6
1.472,Atterrissage,265.7,104.1,161.7,1.472,Atterrissage,184.9,143.3,41.6
1.476,Atterrissage,249.6,101.4,148.2,1.476,Atterrissage,183.5,144.3,39.2
1.48,Atterrissage,227.1,93.0,134.1,1.48,Atterrissage,176.5,139.2,37.3
1.484,Atterrissage,200.8,79.2,121.5,1.484,Atterrissage,164.4,129.0,35.4
1.488,Atterrissage,175.0,65.6,109.3,1.488,Atterrissage,150.4,117.9,32.5
1.492,Atterrissage,153.9,54.5,99.3,1.492,Atterrissage,136.5,107.1,29.4
1.496,Atterrissage,136.2,44.6,91.6,1.496,Atterrissage,122.4,95.7,26.7
1.5,Atterrissage,121.0,36.9,84.1,1.5,Atterrissage,109.7,85.4,24.2
1.504,Atterrissage,109.5,32.1,77.3,1.504,Atterrissage,99.1,77.9,21.2
1.508,Atterrissage,100.7,28.8,71.8,1.508,Atterrissage,89.8,71.7,18.1
1.512,Atterrissage,92.5,26.0,66.5,1.512,Atterrissage,81.4,65.9,15.5
1.516,Atterrissage,83.9,23.3,60.6,1.516,Atterrissage,74.3,61.1,13.3
1.52,Atterrissage,75.3,20.2,55.1,1.52,Atterrissage,68.4,56.9,11.6
1.524,Atterrissage,67.4,17.2,50.1,1.524,Atterrissage,62.6,52.4,10.2
1.528,Atterrissage,60.2,15.1,45.1,1.528,Atterrissage,57.3,48.5,8.8
1.532,Atterrissage,54.1,13.7,40.4,1.532,Atterrissage,52.8,45.1,7.8
1.536,Atterrissage,48.3,12.1,36.2,1.536,Atterrissage,48.5,41.3,7.2
1.54,Atterrissage,42.3,10.6,31.7,1.54,Atterrissage,44.4,37.7,6.7
1.544,Atterrissage,37.3,9.4,27.8,1.544,Atterrissage,40.2,34.2,6.0
1.548,Atterrissage,33.7,8.7,25.0,1.548,Atterrissage,35.9,30.5,5.4
1.552,Atterrissage,30.8,8.4,22.4,1.552,Atterrissage,32.0,27.2,4.8
1.556,Atterrissage,27.9,8.3,19.6,1.556,Atterrissage,28.9,24.7,4.2
1.56,Atterrissage,25.1,8.1,17.0,1.56,Atterrissage,26.3,22.5,3.8
1.564,Atterrissage,22.7,7.8,14.9,1.564,Atterrissage,23.6,20.2,3.4
1.568,Atterrissage,20.5,7.4,13.1,1.568,Atterrissage,21.3,18.1,3.1
1.572,Atterrissage,18.7,7.1,11.6,1.572,Atterrissage,19.5,16.7,2.8
1.576,Atterrissage,17.3,6.9,10.4,1.576,Atterrissage,18.0,15.5,2.5
1.58,Atterrissage,16.2,6.9,9.3,1.58,Atterrissage,16.9,14.5,2.4
1.584,Atterrissage,15.2,6.8,8.4,1.584,Atterrissage,16.1,13.7,2.3
1.588,Atterrissage,14.3,6.5,7.8,1.588,Atterrissage,15.3,13.0,2.3
1.592,Atterrissage,13.5,6.2,7.3,1.592,Atterrissage,14.5,12.3,2.2
1.596,Atterrissage,12.8,6.1,6.7,1.596,Atterrissage,14.0,11.8,2.1
1.6,Atterrissage,12.3,6.2,6.1,1.6,Atterrissage,13.6,11.5,2.1
1.604,Atterrissage,12.0,6.3,5.7,1.604,Atterrissage,13.3,11.2,2.1
1.608,Atterrissage,11.8,6.3,5.4,1.608,Atterrissage,13.1,11.0,2.1
1.612,Atterrissage,11.7,6.4,5.4,1.612,Atterrissage,13.0,10.9,2.1
1.616,Atterrissage,11.9,6.5,5.4,1.616,Atterrissage,13.0,10.8,2.2
1.62,Atterrissage,12.1,6.7,5.4,1.62,Atterrissage,13.1,10.8,2.3
1.624,Atterrissage,12.5,7.1,5.5,1.624,Atterrissage,13.5,11.1,2.4
1.628,Atterrissage,13.1,7.6,5.5,1.628,Atterrissage,14.1,11.7,2.4
1.632,Atterrissage,13.8,8.1,5.7,1.632,Atterrissage,15.1,12.7,2.5
1.636,Atterrissage,14.3,8.5,5.8,1.636,Atterrissage,16.5,13.8,2.7
1.64,Atterrissage,14.7,8.7,6.0,1.64,Atterrissage,18.3,15.4,2.9
1.644,Atterrissage,15.0,8.9,6.1,1.644,Atterrissage,20.6,17.4,3.2
1.648,Atterrissage,15.2,9.0,6.2,1.648,Atterrissage,22.8,19.3,3.5
1.652,Atterrissage,15.3,9.0,6.3,1.652,Atterrissage,24.8,20.9,3.8
1.656,Atterrissage,15.3,8.9,6.4,1.656,Atterrissage,26.9,22.8,4.1
1.66,Atterrissage,15.3,8.8,6.5,1.66,Atterrissage,29.0,24.7,4.3
1.664,Atterrissage,15.2,8.8,6.5,1.664,Atterrissage,31.0,26.5,4.5
1.668,Atterrissage,15.1,8.7,6.5,1.668,Atterrissage,33.2,28.4,4.8
1.672,Atterrissage,15.0,8.5,6.5,1.672,Atterrissage,35.5,30.4,5.1
1.676,Atterrissage,15.1,8.6,6.5,1.676,Atterrissage,37.6,32.2,5.4
1.68,Atterrissage,15.4,8.9,6.5,1.68,Atterrissage,40.3,34.6,5.7
1.684,Atterrissage,16.3,9.5,6.7,1.684,Atterrissage,44.3,38.2,6.0
1.688,Atterrissage,17.5,10.2,7.3,1.688,Atterrissage,48.9,42.5,6.4
1.692,Atterrissage,19.1,11.1,8.0,1.692,Atterrissage,54.0,47.3,6.7
1.696,Atterrissage,21.1,12.2,8.9,1.696,Atterrissage,59.8,52.8,7.0
1.7,Atterrissage,23.5,13.3,10.2,1.7,Atterrissage,64.9,57.7,7.2
1.704,Atterrissage,25.9,14.3,11.6,1.704,Atterrissage,69.3,62.0,7.4
1.708,Atterrissage,28.1,15.3,12.8,1.708,Atterrissage,73.8,66.3,7.5
1.712,Atterrissage,30.3,16.2,14.1,1.712,Atterrissage,77.7,70.1,7.6
1.716,Atterrissage,32.6,17.1,15.5,1.716,Atterrissage,80.3,72.6,7.7
1.72,Atterrissage,35.2,18.1,17.1,1.72,Atterrissage,82.4,74.6,7.8
1.724,Atterrissage,38.1,19.3,18.8,1.724,Atterrissage,84.7,76.9,7.8
1.728,Atterrissage,41.5,20.5,21.0,1.728,Atterrissage,86.9,78.9,8.0
1.732,Atterrissage,45.1,21.9,23.1,1.732,Atterrissage,88.5,80.3,8.2
1.736,Atterrissage,49.0,23.8,25.2,1.736,Atterrissage,89.8,81.4,8.4
1.74,Atterrissage,53.4,25.9,27.5,1.74,Atterrissage,91.0,82.2,8.9
1.744,Atterrissage,58.0,27.9,30.0,1.744,Atterrissage,92.3,82.6,9.7
1.748,Atterrissage,62.8,30.3,32.4,1.748,Atterrissage,93.6,82.9,10.7
1.752,Atterrissage,67.9,32.8,35.1,1.752,Atterrissage,94.9,82.9,12.0
1.756,Atterrissage,73.1,34.9,38.2,1.756,Atterrissage,96.3,82.9,13.4
1.76,Atterrissage,78.2,37.1,41.2,1.76,Atterrissage,97.3,82.7,14.6
1.764,Atterrissage,83.8,39.9,44.0,1.764,Atterrissage,98.2,82.4,15.7
1.768,Atterrissage,89.8,42.7,47.1,1.768,Atterrissage,99.0,82.1,16.9
1.772,Atterrissage,95.6,45.5,50.1,1.772,Atterrissage,99.4,81.7,17.8
1.776,Atterrissage,101.8,48.8,52.9,1.776,Atterrissage,99.4,81.2,18.2
1.78,Atterrissage,108.3,52.1,56.2,1.78,Atterrissage,98.9,80.7,18.3
1.784,Atterrissage,115.4,55.6,59.8,1.784,Atterrissage,98.1,80.1,18.0
1.788,Atterrissage,124.1,60.5,63.5,1.788,Atterrissage,96.7,79.2,17.5
1.792,Atterrissage,134.0,66.0,68.0,1.792,Atterrissage,95.0,78.3,16.6
1.796,Atterrissage,143.8,70.7,73.0,1.796,Atterrissage,92.9,77.5,15.4
1.8,Atterrissage,152.0,74.7,77.3,1.8,Atterrissage,90.7,76.6,14.2
1.804,Atterrissage,157.8,77.9,79.9,1.804,Atterrissage,88.5,75.4,13.0
1.808,Atterrissage,160.8,79.7,81.1,1.808,Atterrissage,86.1,74.3,11.8
1.812,Atterrissage,160.6,79.7,80.8,1.812,Atterrissage,84.0,73.4,10.6
1.816,Atterrissage,157.1,78.1,79.0,1.816,Atterrissage,82.3,72.5,9.8
1.82,Atterrissage,151.2,75.7,75.5,1.82,Atterrissage,80.8,71.7,9.1
1.824,Atterrissage,144.0,72.6,71.4,1.824,Atterrissage,79.3,71.0,8.2
1.828,Atterrissage,136.0,68.5,67.5,1.828,Atterrissage,77.8,70.4,7.4
1.832,Atterrissage,127.2,64.0,63.2,1.832,Atterrissage,76.6,69.8,6.7
1.836,Atterrissage,118.2,60.1,58.1,1.836,Atterrissage,75.6,69.5,6.1
1.84,Atterrissage,109.4,56.0,53.4,1.84,Atterrissage,74.7,69.0,5.7
1.844,Atterrissage,100.8,51.3,49.5,1.844,Atterrissage,73.9,68.4,5.5
1.848,Atterrissage,92.9,47.0,45.8,1.848,Atterrissage,73.1,67.7,5.4
1.852,Atterrissage,86.5,43.8,42.7,1.852,Atterrissage,72.4,67.1,5.4
1.856,Atterrissage,81.1,41.1,39.9,1.856,Atterrissage,71.8,66.5,5.3
1.86,Atterrissage,76.2,39.0,37.2,1.86,Atterrissage,71.1,65.8,5.3
1.864,Atterrissage,72.4,37.3,35.1,1.864,Atterrissage,70.5,65.2,5.3
1.868,Atterrissage,69.7,35.8,33.9,1.868,Atterrissage,69.8,64.5,5.4
1.872,Atterrissage,67.6,34.6,32.9,1.872,Atterrissage,69.2,63.8,5.4
1.876,Atterrissage,65.5,33.8,31.7,1.876,Atterrissage,68.8,63.2,5.5
1.88,Atterrissage,63.4,33.0,30.4,1.88,Atterrissage,68.4,62.7,5.6
1.884,Atterrissage,61.6,32.1,29.4,1.884,Atterrissage,67.8,62.2,5.6
1.888,Atterrissage,60.0,31.5,28.5,1.888,Atterrissage,67.4,61.7,5.6
1.892,Atterrissage,58.7,30.9,27.7,1.892,Atterrissage,67.1,61.4,5.7
1.896,Atterrissage,57.4,30.4,27.0,1.896,Atterrissage,66.7,61.0,5.8
1.9,Atterrissage,56.3,30.0,26.3,1.9,Atterrissage,66.2,60.5,5.7
1.904,Atterrissage,55.4,29.7,25.8,1.904,Atterrissage,65.8,60.2,5.6
1.908,Atterrissage,54.8,29.4,25.4,1.908,Atterrissage,65.4,59.9,5.5
1.912,Atterrissage,54.2,29.2,25.0,1.912,Atterrissage,65.2,59.6,5.6
1.916,Atterrissage,53.7,29.1,24.6,1.916,Atterrissage,65.1,59.4,5.7
1.92,Atterrissage,53.4,29.2,24.2,1.92,Atterrissage,65.1,59.3,5.8
1.924,Atterrissage,53.2,29.2,24.1,1.924,Atterrissage,65.1,59.3,5.9
1.928,Atterrissage,53.2,29.1,24.0,1.928,Atterrissage,65.2,59.2,5.9
1.932,Atterrissage,53.2,29.2,24.0,1.932,Atterrissage,65.2,59.3,5.9
1.936,Atterrissage,53.4,29.3,24.1,1.936,Atterrissage,65.3,59.4,5.9
1.94,Atterrissage,53.8,29.5,24.3,1.94,Atterrissage,65.4,59.5,5.9
1.944,Atterrissage,54.3,29.8,24.5,1.944,Atterrissage,65.6,59.6,6.0
1.948,Atterrissage,54.7,30.1,24.6,1.948,Atterrissage,66.0,59.9,6.1
1.952,Atterrissage,55.0,30.4,24.6,1.952,Atterrissage,66.4,60.2,6.2
1.956,Atterrissage,55.4,30.6,24.8,1.956,Atterrissage,66.6,60.4,6.2
1.96,Atterrissage,55.8,30.9,25.0,1.96,Atterrissage,66.8,60.6,6.2
1.964,Atterrissage,56.5,31.3,25.2,1.964,Atterrissage,67.0,60.7,6.2
1.968,Atterrissage,57.2,31.6,25.6,1.968,Atterrissage,67.2,60.9,6.3
1.972,Atterrissage,58.0,32.0,26.0,1.972,Atterrissage,67.5,61.1,6.4
1.976,Atterrissage,59.0,32.6,26.4,1.976,Atterrissage,67.9,61.3,6.6
1.98,Atterrissage,60.2,33.3,26.9,1.98,Atterrissage,68.4,61.6,6.8
1.984,Atterrissage,61.6,34.1,27.5,1.984,,68.9,62.0,6.9
1.988,Atterrissage,62.8,34.8,28.0,1.988,,69.4,62.3,7.1
1.992,Atterrissage,64.0,35.5,28.5,1.992,,69.8,62.5,7.2
1.996,Atterrissage,65.4,36.1,29.3,1.996,,70.2,62.7,7.5
2,Atterrissage,67.0,36.7,30.2,2,,70.6,62.8,7.8
2.004,Atterrissage,68.6,37.6,31.0,2.004,,70.8,62.8,8.1
2.008,Atterrissage,70.3,38.5,31.8,2.008,,71.1,62.7,8.4
2.012,Atterrissage,71.9,39.4,32.5,2.012,,71.4,62.7,8.7
2.016,Atterrissage,73.6,40.4,33.3,2.016,,71.6,62.7,8.9
2.02,Atterrissage,75.5,41.2,34.2,2.02,,71.9,62.8,9.1
2.024,Atterrissage,77.1,42.0,35.1,2.024,,72.3,62.9,9.4
2.028,Atterrissage,78.6,42.7,35.9,2.028,,72.6,63.0,9.6
2.032,Atterrissage,80.1,43.4,36.7,2.032,,72.9,63.2,9.7
2.036,Atterrissage,81.6,44.0,37.7,2.036,,73.1,63.2,9.9
2.04,Atterrissage,83.0,44.5,38.6,2.04,,73.4,63.2,10.1
2.044,Atterrissage,84.3,45.1,39.3,2.044,,73.6,63.2,10.4
2.048,Atterrissage,85.5,45.6,39.9,2.048,,73.7,63.2,10.5
2.052,Atterrissage,86.5,46.0,40.5,2.052,,73.7,63.1,10.6
2.056,Atterrissage,87.3,46.3,41.0,2.056,,73.8,63.1,10.7
2.06,Atterrissage,88.1,46.5,41.5,2.06,,73.9,63.1,10.7
2.064,Atterrissage,88.7,46.6,42.1,2.064,,74.0,63.2,10.8
2.068,Atterrissage,89.0,46.6,42.4,2.068,,74.1,63.3,10.8
2.072,Atterrissage,88.9,46.5,42.4,2.072,,74.2,63.4,10.8
2.076,Atterrissage,88.7,46.4,42.3,2.076,,74.2,63.3,10.9
2.08,Atterrissage,88.5,46.2,42.2,2.08,,74.3,63.2,11.1
2.084,Atterrissage,88.2,46.1,42.1,2.084,,74.4,63.1,11.3
2.088,Atterrissage,87.7,45.8,41.9,2.088,,74.5,63.1,11.5
2.092,Atterrissage,87.0,45.3,41.7,2.092,,74.5,63.0,11.5
2.096,Atterrissage,86.1,44.7,41.4,2.096,,74.3,62.8,11.5
2.1,Atterrissage,85.3,44.2,41.1,2.1,,74.1,62.6,11.5
2.104,Atterrissage,84.7,43.8,40.8,2.104,,73.9,62.3,11.6
2.108,Atterrissage,83.9,43.3,40.6,2.108,,73.7,62.0,11.7
2.112,Atterrissage,83.0,42.8,40.2,2.112,,73.4,61.6,11.8
2.116,Atterrissage,82.0,42.3,39.7,2.116,,73.3,61.3,12.0
2.12,Atterrissage,81.0,41.8,39.2,2.12,,73.2,61.1,12.1
2.124,Atterrissage,79.7,41.1,38.6,2.124,,73.0,60.8,12.2
2.128,Atterrissage,78.4,40.4,38.0,2.128,,72.6,60.5,12.2
2.132,Atterrissage,77.2,39.8,37.4,2.132,,72.3,60.1,12.2
2.136,Atterrissage,76.0,39.2,36.9,2.136,,72.0,59.7,12.3
2.14,Atterrissage,74.8,38.6,36.2,2.14,,71.9,59.4,12.5
2.144,Atterrissage,73.6,38.1,35.5,2.144,,71.9,59.2,12.7
2.148,Atterrissage,72.6,37.6,35.0,2.148,,71.7,58.9,12.8
2.152,Atterrissage,71.7,37.1,34.6,2.152,,71.5,58.6,12.9
2.156,Atterrissage,70.7,36.6,34.0,2.156,,71.5,58.4,13.1
2.16,Atterrissage,69.6,36.2,33.4,2.16,,71.6,58.3,13.3
2.164,Atterrissage,68.7,35.7,32.9,2.164,,71.7,58.2,13.5
2.168,Atterrissage,67.7,35.4,32.4,2.168,,71.8,58.0,13.7
2.172,Atterrissage,67.0,35.0,32.0,2.172,,71.9,57.9,14.0
2.176,Atterrissage,66.3,34.7,31.6,2.176,,72.0,57.8,14.2
2.18,Atterrissage,65.6,34.3,31.3,2.18,,72.2,57.7,14.5
2.184,Atterrissage,65.0,34.0,31.0,2.184,,72.3,57.5,14.8
2.188,Atterrissage,64.4,33.7,30.7,2.188,,72.1,57.2,14.9
2.192,Atterrissage,63.9,33.5,30.4,2.192,,72.0,57.0,15.0
2.196,Atterrissage,63.4,33.3,30.0,2.196,,72.1,56.8,15.3
2.2,Atterrissage,62.8,33.0,29.8,2.2,,72.3,56.6,15.6
2.204,Atterrissage,62.3,32.7,29.6,2.204,,72.3,56.3,16.0
2.208,Atterrissage,61.8,32.5,29.2,2.208,,72.4,56.1,16.4
2.212,Atterrissage,61.3,32.4,28.9,2.212,,72.5,55.8,16.7
2.216,Atterrissage,61.1,32.3,28.7,2.216,,72.5,55.6,16.9
2.22,Atterrissage,60.9,32.3,28.6,2.22,,72.4,55.3,17.1
2.224,Atterrissage,60.6,32.1,28.5,2.224,,72.4,55.1,17.3
2.228,Atterrissage,60.5,32.1,28.4,2.228,,72.3,54.8,17.5
2.232,Atterrissage,60.6,32.1,28.5,2.232,,72.2,54.4,17.8
2.236,Atterrissage,60.9,32.3,28.6,2.236,,72.4,54.2,18.2
2.24,Atterrissage,61.2,32.6,28.6,2.24,,72.5,53.9,18.5
2.244,Atterrissage,61.4,32.7,28.7,2.244,,72.3,53.6,18.7
2.248,Atterrissage,61.5,32.8,28.7,2.248,,72.2,53.3,19.0
2.252,Atterrissage,61.7,33.0,28.7,2.252,,72.3,53.0,19.3
2.256,Atterrissage,62.0,33.2,28.7,2.256,,72.4,52.7,19.7
2.26,Atterrissage,62.4,33.5,28.9,2.26,,72.4,52.4,20.0
2.264,Atterrissage,62.9,33.7,29.2,2.264,,72.5,52.1,20.4
2.268,Atterrissage,63.5,34.0,29.6,2.268,,72.5,51.8,20.7
2.272,Atterrissage,64.2,34.3,29.9,2.272,,72.6,51.6,21.0
2.276,Atterrissage,64.9,34.7,30.2,2.276,,72.6,51.3,21.3
2.28,Atterrissage,65.7,35.1,30.6,2.28,,72.6,51.0,21.6
2.284,Atterrissage,66.6,35.6,31.0,2.284,,72.5,50.5,22.0
2.288,Atterrissage,67.4,36.1,31.3,2.288,,72.5,50.2,22.3
2.292,Atterrissage,68.1,36.5,31.6,2.292,,72.4,49.8,22.6
2.296,Atterrissage,68.8,36.9,31.9,2.296,,72.3,49.5,22.9
2.3,Atterrissage,69.6,37.4,32.2,2.3,,72.2,49.2,23.0
2.304,Atterrissage,70.5,37.9,32.6,2.304,,72.1,49.0,23.2
2.308,Atterrissage,71.4,38.5,32.9,2.308,,71.9,48.6,23.3
2.312,Atterrissage,72.1,38.9,33.2,2.312,,71.7,48.2,23.5
2.316,Atterrissage,72.7,39.2,33.6,2.316,,71.6,47.9,23.7
2.32,Atterrissage,73.4,39.5,33.9,2.32,,71.5,47.6,24.0
2.324,Atterrissage,74.0,39.8,34.2,2.324,,71.6,47.3,24.3
2.328,Atterrissage,74.5,40.0,34.5,2.328,,71.6,47.0,24.6
2.332,Atterrissage,75.0,40.2,34.8,2.332,,71.5,46.7,24.7
2.336,Atterrissage,75.5,40.5,35.0,2.336,,71.4,46.5,24.9
2.34,Atterrissage,76.0,40.8,35.1,2.34,,71.3,46.2,25.1
2.344,Atterrissage,76.2,41.0,35.3,2.344,,71.4,46.0,25.4
2.348,Atterrissage,76.5,41.0,35.4,2.348,,71.5,45.9,25.6
2.352,Atterrissage,76.6,41.1,35.5,2.352,,71.6,45.7,25.9
2.356,Atterrissage,76.5,41.0,35.5,2.356,,71.7,45.6,26.1
2.36,Atterrissage,76.4,40.9,35.4,2.36,,71.7,45.4,26.4
2.364,Atterrissage,76.3,40.9,35.4,2.364,,71.7,45.1,26.6
2.368,Atterrissage,76.4,41.0,35.4,2.368,,71.8,44.8,27.0
2.372,Atterrissage,76.4,40.9,35.5,2.372,,71.9,44.5,27.4
2.376,Atterrissage,76.2,40.8,35.4,2.376,,72.1,44.2,27.9
2.38,Atterrissage,75.9,40.7,35.3,2.38,,72.3,44.0,28.3
2.384,Atterrissage,75.6,40.6,35.1,2.384,,72.5,43.8,28.7
2.388,Atterrissage,75.4,40.4,35.0,2.388,,72.6,43.6,29.0
2.392,Atterrissage,75.3,40.3,35.0,2.392,,72.7,43.3,29.4
2.396,Atterrissage,75.0,40.2,34.8,2.396,,72.9,43.0,29.8
2.4,Atterrissage,74.6,40.0,34.6,2.4,,72.9,42.7,30.2
2.404,Atterrissage,74.0,39.7,34.3,2.404,,73.0,42.4,30.6
2.408,Atterrissage,73.5,39.5,34.0,2.408,,73.1,42.1,30.9
2.412,Atterrissage,73.1,39.3,33.8,2.412,,73.1,41.8,31.3
2.416,Atterrissage,72.7,39.2,33.5,2.416,,72.8,41.3,31.5
2.42,Atterrissage,72.1,39.0,33.1,2.42,,72.5,40.9,31.7
2.424,Atterrissage,71.5,38.8,32.6,2.424,,72.3,40.5,31.8
2.428,Atterrissage,70.9,38.6,32.3,2.428,,72.2,40.2,32.0
2.432,Atterrissage,70.4,38.5,31.9,2.432,,72.0,39.8,32.2
2.436,Atterrissage,69.9,38.4,31.5,2.436,,71.9,39.3,32.6
2.44,Atterrissage,69.5,38.4,31.1,2.44,,71.8,39.0,32.9
2.444,Atterrissage,69.1,38.2,30.9,2.444,,71.7,38.6,33.1
2.448,Atterrissage,68.8,38.1,30.7,2.448,,71.7,38.3,33.4
2.452,Atterrissage,68.4,38.0,30.4,2.452,,71.6,37.9,33.6
2.456,Atterrissage,68.1,38.0,30.2,2.456,,71.3,37.5,33.8
2.46,Atterrissage,68.1,38.0,30.1,2.46,,71.1,37.1,34.0
2.464,Atterrissage,68.1,38.0,30.0,2.464,,71.0,36.8,34.2
2.468,Atterrissage,68.0,38.1,29.9,2.468,,70.9,36.5,34.4
2.472,Atterrissage,68.0,38.1,29.9,2.472,,70.9,36.2,34.7
2.476,Atterrissage,68.0,38.1,29.8,2.476,,71.1,36.0,35.1
2.48,Atterrissage,68.0,38.1,29.9,2.48,,71.3,35.8,35.5
2.484,Atterrissage,68.1,38.2,29.9,2.484,,71.1,35.4,35.8
2.488,Atterrissage,68.2,38.2,30.0,2.488,,71.0,34.9,36.1
2.492,Atterrissage,68.5,38.4,30.1,2.492,,71.0,34.6,36.5
2.496,Atterrissage,68.8,38.6,30.2,2.496,,71.0,34.2,36.9
2.5,Atterrissage,68.9,38.7,30.2,2.5,,70.9,33.7,37.2
2.504,Atterrissage,69.0,38.7,30.2,2.504,,71.0,33.4,37.6
2.508,Atterrissage,69.2,38.9,30.3,2.508,,71.2,33.2,38.0
2.512,Atterrissage,69.5,39.1,30.4,2.512,,71.4,33.0,38.4
2.516,Atterrissage,69.7,39.2,30.6,2.516,,71.4,32.7,38.7
2.52,Atterrissage,69.9,39.3,30.6,2.52,,71.4,32.4,39.0
2.524,Atterrissage,70.1,39.4,30.7,2.524,,71.4,32.1,39.3
2.528,Atterrissage,70.2,39.5,30.8,2.528,,71.5,31.9,39.7
2.532,Atterrissage,70.4,39.5,30.9,2.532,,71.7,31.7,40.0
2.536,Atterrissage,70.6,39.6,31.0,2.536,,71.8,31.4,40.4
2.54,Atterrissage,70.7,39.7,31.1,2.54,,72.0,31.2,40.8
2.544,Atterrissage,70.9,39.9,31.1,2.544,,72.2,30.9,41.2
2.548,Atterrissage,71.3,40.1,31.2,2.548,,72.2,30.7,41.6
2.552,Atterrissage,71.6,40.2,31.4,2.552,,72.3,30.5,41.8
2.556,Atterrissage,71.8,40.3,31.4,2.556,,72.4,30.4,42.0
2.56,Atterrissage,71.9,40.4,31.5,2.56,,72.5,30.1,42.4
2.564,Atterrissage,72.3,40.6,31.7,2.564,,72.5,29.7,42.8
2.568,Atterrissage,72.7,40.8,31.9,2.568,,72.5,29.4,43.0
2.572,Atterrissage,73.0,41.0,32.1,2.572,,72.5,29.3,43.2
2.576,Atterrissage,73.3,41.1,32.2,2.576,,72.5,29.2,43.3
2.58,Atterrissage,73.5,41.2,32.4,2.58,,72.5,29.0,43.5
2.584,Atterrissage,73.8,41.3,32.6,2.584,,72.5,28.8,43.6
2.588,Atterrissage,74.1,41.3,32.7,2.588,,72.5,28.6,43.9
2.592,Atterrissage,74.1,41.3,32.8,2.592,,72.4,28.4,44.0
2.596,Atterrissage,74.2,41.3,32.9,2.596,,72.3,28.2,44.1
2.6,Atterrissage,74.4,41.4,33.0,2.6,,72.2,28.0,44.2
2.604,Atterrissage,74.5,41.4,33.1,2.604,,72.3,27.8,44.5
2.608,Atterrissage,74.6,41.3,33.3,2.608,,72.3,27.5,44.8
2.612,Atterrissage,74.7,41.3,33.4,2.612,,72.3,27.3,45.0
2.616,Atterrissage,74.8,41.2,33.5,2.616,,72.3,27.1,45.2
2.62,Atterrissage,74.6,41.1,33.5,2.62,,72.2,26.8,45.4
2.624,Atterrissage,74.4,41.0,33.5,2.624,,72.2,26.6,45.6
2.628,Atterrissage,74.3,40.8,33.5,2.628,,72.2,26.4,45.9
2.632,Atterrissage,74.2,40.6,33.6,2.632,,72.4,26.2,46.1
2.636,Atterrissage,74.2,40.5,33.7,2.636,,72.5,26.1,46.5
2.64,Atterrissage,74.2,40.4,33.7,2.64,,72.4,25.7,46.7
2.644,Atterrissage,74.1,40.4,33.7,2.644,,72.2,25.1,47.0
2.648,Atterrissage,74.0,40.4,33.6,2.648,,71.9,24.5,47.4
2.652,Atterrissage,74.1,40.4,33.7,2.652,,71.8,23.9,47.8
2.656,Atterrissage,74.1,40.2,33.8,2.656,,71.6,23.3,48.3
2.66,Atterrissage,73.9,40.1,33.9,2.66,,71.4,22.7,48.7
2.664,Atterrissage,73.7,39.9,33.8,2.664,,71.3,22.1,49.2
2.668,Atterrissage,73.5,39.8,33.8,2.668,,71.2,21.6,49.6
2.672,Atterrissage,73.4,39.6,33.8,2.672,,71.2,21.1,50.1
2.676,Atterrissage,73.4,39.4,33.9,2.676,,71.3,20.7,50.6
2.68,Atterrissage,73.3,39.3,33.9,2.68,,71.4,20.3,51.1
2.684,Atterrissage,73.2,39.3,33.8,2.684,,71.4,19.8,51.6
2.688,Atterrissage,73.0,39.3,33.7,2.688,,71.5,19.4,52.1
2.692,Atterrissage,72.8,39.1,33.7,2.692,,71.6,19.0,52.6
2.696,Atterrissage,72.7,38.9,33.8,2.696,,71.7,18.6,53.1
2.7,Atterrissage,72.6,38.9,33.7,2.7,,72.0,18.2,53.7
2.704,Atterrissage,72.5,38.8,33.7,2.704,,72.1,17.8,54.4
2.708,Atterrissage,72.3,38.5,33.8,2.708,,72.1,17.2,54.9
2.712,Atterrissage,72.1,38.3,33.8,2.712,,72.1,16.6,55.5
2.716,Atterrissage,71.9,38.1,33.8,2.716,,72.4,16.2,56.2
2.72,Atterrissage,71.6,37.9,33.7,2.72,,72.6,15.7,56.9
2.724,Atterrissage,71.4,37.7,33.7,2.724,,72.5,15.1,57.4
2.728,Atterrissage,71.3,37.7,33.7,2.728,,72.4,14.5,57.9
2.732,Atterrissage,71.4,37.7,33.7,2.732,,72.1,13.8,58.3
2.736,Atterrissage,71.4,37.6,33.8,2.736,,71.6,12.8,58.8
2.74,Atterrissage,71.3,37.4,33.8,2.74,,70.9,11.8,59.1
2.744,Atterrissage,71.2,37.3,33.9,2.744,,70.3,11.0,59.3
2.748,Atterrissage,71.3,37.3,34.0,2.748,,69.5,10.1,59.5
2.752,Atterrissage,71.4,37.3,34.1,2.752,,68.8,9.2,59.5
2.756,Atterrissage,71.5,37.2,34.3,2.756,,67.9,8.3,59.6
2.76,Atterrissage,71.4,37.1,34.3,2.76,,66.9,7.3,59.6
2.764,Atterrissage,71.4,37.0,34.5,2.764,,65.9,6.4,59.5
2.768,Atterrissage,71.6,36.9,34.7,2.768,,64.8,5.6,59.1
2.772,Atterrissage,71.8,36.8,35.0,2.772,,63.6,4.8,58.8
2.776,Atterrissage,72.0,36.8,35.1,2.776,,62.3,3.8,58.5
2.78,Atterrissage,72.2,36.8,35.4,2.78,,60.8,2.7,58.0
2.784,Atterrissage,72.5,36.8,35.7,2.784,,59.1,1.7,57.4
2.788,Atterrissage,72.6,36.8,35.8,2.788,,57.5,0.7,56.8
2.792,Atterrissage,72.6,36.7,35.9,2.792,,55.9,0.0,55.9
2.796,Atterrissage,72.6,36.6,36.0,2.796,,54.4,-0.2,54.6
2.8,Atterrissage,72.7,36.5,36.2,2.8,,53.1,0.1,53.1
2.804,Atterrissage,72.8,36.5,36.3,2.804,,51.7,0.4,51.3
2.808,Atterrissage,72.9,36.4,36.5,2.808,,49.6,0.5,49.1
2.812,Atterrissage,73.0,36.4,36.6,2.812,,47.3,0.4,46.9
2.816,Atterrissage,72.9,36.3,36.6,2.816,,45.1,0.3,44.8
2.82,Atterrissage,73.0,36.2,36.8,2.82,,42.5,0.3,42.3
2.824,Atterrissage,73.1,36.1,37.0,2.824,,40.1,0.3,39.9
2.828,Atterrissage,73.1,36.0,37.1,2.828,,38.4,0.3,38.1
2.832,Atterrissage,73.0,35.8,37.2,2.832,,37.0,0.3,36.7
2.836,Atterrissage,73.0,35.7,37.3,2.836,,35.9,0.2,35.7
2.84,Atterrissage,72.9,35.5,37.4,2.84,,35.4,0.1,35.3
2.844,Atterrissage,72.8,35.3,37.4,,,,,
2.848,,72.7,35.1,37.6,,,,,

Données brutes du canal

Répétition:,1
,K-Delta Left,,,,,K-Delta Right,,,
temps (seconde),CHANNEL_1,CHANNEL_2,CHANNEL_3,CHANNEL_4,,CHANNEL_1,CHANNEL_2,CHANNEL_3,CHANNEL_4
0,9.227899551391602,5.966300010681152,7.989850044250488,11.484999656677246,,8.472499847412109,6.415299892425537,8.438799858093262,11.568050384521484,
0.004,9.227499961853027,5.968500137329102,7.936349868774414,11.429499626159668,,8.340200424194336,6.383699893951416,8.476499557495117,11.482649803161621,
0.008,9.223933219909668,5.960397720336914,7.933132171630859,11.423388481140137,,8.329424858093262,6.378342151641846,8.483938217163086,11.467285156250000,
0.012,9.194917678833008,5.946339607238770,7.928402900695801,11.401202201843262,,8.309446334838867,6.351842403411865,8.471298217773438,11.425310134887695,
0.016,9.124986648559570,5.940303325653076,7.916035652160645,11.349058151245117,,8.251798629760742,6.303403854370117,8.404256820678711,11.340689659118652,
0.02,9.035606384277344,5.923017501831055,7.899383544921875,11.280678749084473,,8.166509628295898,6.266401767730713,8.298797607421875,11.217830657958984,
0.024,8.957385063171387,5.889776229858398,7.867827892303467,11.194810867309570,,8.074375152587891,6.236778736114502,8.204513549804688,11.088245391845703,
0.028,8.907139778137207,5.847453594207764,7.801428794860840,11.105329513549805,,8.012858390808105,6.208715438842773,8.153352737426758,11.017361640930176,
0.032,8.887409210205078,5.782639026641846,7.699072360992432,11.053036689758301,,7.974881172180176,6.162950038909912,8.132260322570801,10.991469383239746,
0.036,8.884467124938965,5.704521656036377,7.609763145446777,11.037629127502441,,7.913517475128174,6.068683624267578,8.113116264343262,10.938766479492188,
0.04,8.849425315856934,5.645207881927490,7.566719532012939,10.985079765319824,,7.846308708190918,5.990064144134521,8.091320037841797,10.864852905273438,
0.044,8.758130073547363,5.636398792266846,7.539160251617432,10.862164497375488,,7.795726776123047,5.992194652557373,8.046855926513672,10.805171012878418,
0.048,8.657675743103027,5.645777702331543,7.519122123718262,10.743684768676758,,7.750645637512207,6.007305622100830,7.962754726409912,10.741774559020996,
0.052,8.586518287658691,5.621018409729004,7.517160415649414,10.657012939453125,,7.724228382110596,5.954333305358887,7.863606929779053,10.664842605590820,
0.056,8.537691116333008,5.563048839569092,7.508087635040283,10.580539703369141,,7.735090255737305,5.876497745513916,7.785962581634521,10.594633102416992,
0.06,8.487607955932617,5.503064155578613,7.466393947601318,10.524889945983887,,7.749371051788330,5.826855659484863,7.733598232269287,10.488276481628418,
0.064,8.435836791992188,5.465307235717773,7.368849277496338,10.444831848144531,,7.729697704315186,5.782707214355469,7.673802375793457,10.319193840026855,
0.068,8.375011444091797,5.421625137329102,7.216618061065674,10.276696205139160,,7.680030822753906,5.726422309875488,7.591781139373779,10.184136390686035,
0.072,8.276190757751465,5.348604202270508,7.060213088989258,10.057743072509766,,7.585966587066650,5.656618118286133,7.468958377838135,10.117781639099121,
0.076,8.137664794921875,5.278558731079102,6.920786857604980,9.848982810974121,,7.456744670867920,5.576869964599609,7.323461055755615,10.020082473754883,
0.08,7.981987953186035,5.181161403656006,6.749408721923828,9.621532440185547,,7.353470802307129,5.499336242675781,7.213962554931641,9.836380004882813,
0.084,7.833025932312012,5.021616935729980,6.540364265441895,9.320240020751953,,7.282462596893311,5.416971206665039,7.090646743774414,9.620391845703125,
0.088,7.674974918365479,4.883842468261719,6.360257625579834,8.984332084655762,,7.177288532257080,5.323173046112061,6.878088951110840,9.360630989074707,
0.092,7.470685005187988,4.771593570709229,6.172435760498047,8.653986930847168,,7.006515026092529,5.228863716125488,6.611115455627441,9.028357505798340,
0.096,7.230957984924316,4.610889434814453,5.910130023956299,8.312872886657715,,6.821664333343506,5.139188766479492,6.372451305389404,8.728260993957520,
0.1,7.015944004058838,4.434731006622314,5.662375450134277,7.990429401397705,,6.655492782592773,5.020656585693359,6.149630069732666,8.448365211486816,
0.104,6.853943347930908,4.316637992858887,5.493313789367676,7.689837455749512,,6.510704040527344,4.872908115386963,5.889355182647705,8.107722282409668,
0.108,6.700333595275879,4.218554496765137,5.304097652435303,7.346101284027100,,6.411715030670166,4.776754379272461,5.653976917266846,7.791700363159180,
0.112,6.522363185882568,4.081494331359863,5.029897212982178,6.952489852905273,,6.344279766082764,4.728967666625977,5.457034111022949,7.542736053466797,
0.116,6.345829963684082,3.966359376907349,4.764421463012695,6.604916572570801,,6.270617485046387,4.649194717407227,5.209075450897217,7.289633274078369,
0.12,6.185928344726563,3.886855602264404,4.559112548828125,6.306230545043945,,6.174106597900391,4.543813705444336,4.934487342834473,7.049144744873047,
0.124,6.021086692810059,3.801689624786377,4.362648010253906,5.981729984283447,,6.055415630340576,4.467999935150146,4.743026256561279,6.857172489166260,
0.128,5.843369007110596,3.723541498184204,4.168370723724365,5.674969196319580,,5.936461448669434,4.446682453155518,4.638226509094238,6.640660762786865,
0.132,5.662502765655518,3.630086660385132,3.969023227691650,5.408172130584717,,5.843855857849121,4.464691638946533,4.548479557037354,6.391074180603027,
0.136,5.496951103210449,3.485122442245483,3.741180419921875,5.139908313751221,,5.786564826965332,4.455409526824951,4.444828033447266,6.190387725830078,
0.14,5.342644691467285,3.325764894485474,3.511107921600342,4.894474983215332,,5.727379322052002,4.373871803283691,4.276957988739014,6.015316009521484,
0.144,5.171193122863770,3.209369421005249,3.320282459259033,4.700751304626465,,5.630884170532227,4.265373229980469,4.033968448638916,5.797729492187500,
0.148,4.997698783874512,3.104318618774414,3.167199850082397,4.485217571258545,,5.543658256530762,4.165018558502197,3.831827878952026,5.560098648071289,
0.152,4.847328662872314,2.955785036087036,3.011197090148926,4.197882652282715,,5.452543735504150,4.034485816955566,3.697577238082886,5.313444614410400,
0.156,4.732890605926514,2.800404548645020,2.843494176864624,3.944935798645020,,5.284042835235596,3.879601955413818,3.551004648208618,5.032686710357666,
0.16,4.634591579437256,2.691819429397583,2.673623323440552,3.759186983108521,,5.096437931060791,3.779288768768311,3.382576465606689,4.770756244659424,
0.164,4.510798931121826,2.645859003067017,2.506770610809326,3.557627439498901,,4.955987453460693,3.716359138488770,3.224096775054932,4.601850509643555,
0.168,4.390805244445801,2.606507539749146,2.370564460754395,3.352691650390625,,4.815525054931641,3.603010177612305,3.103414535522461,4.460419654846191,
0.172,4.274703979492188,2.490413188934326,2.224183797836304,3.121341228485107,,4.640734195709229,3.442937850952148,3.030974149703979,4.244974613189697,
0.176,4.135806083679199,2.322331190109253,2.019408941268921,2.833428382873535,,4.473600387573242,3.288342475891113,2.989821910858154,4.020352840423584,
0.18,4.026109695434570,2.209027051925659,1.831176757812500,2.598178148269653,,4.325191020965576,3.156916618347168,2.943778753280640,3.856889247894287,
0.184,3.964957952499390,2.189158678054810,1.726552963256836,2.466815710067749,,4.159902095794678,3.057342767715454,2.863162755966187,3.719481706619263,
0.188,3.938058614730835,2.206475019454956,1.651933073997498,2.373993396759033,,3.982820987701416,3.010402917861938,2.767980813980103,3.589073181152344,
0.192,3.944776773452759,2.221933364868164,1.557636618614197,2.274122953414917,,3.822896480560303,2.962836742401123,2.684241533279419,3.459996700286865,
0.196,3.948712110519409,2.210745334625244,1.490506887435913,2.191097736358643,,3.694801330566406,2.846273422241211,2.609880447387695,3.312766075134277,
0.2,3.935115098953247,2.167202949523926,1.459125518798828,2.141298055648804,,3.593790292739868,2.709767341613770,2.532282352447510,3.143167018890381,
0.204,3.941939830780029,2.130943536758423,1.429711341857910,2.100249767303467,,3.516443014144897,2.626550912857056,2.450573682785034,2.975973606109619,
0.208,4.006027698516846,2.140772819519043,1.412097573280334,2.064749002456665,,3.469852924346924,2.611919164657593,2.374019145965576,2.862407207489014,
0.212,4.120077610015869,2.195716142654419,1.389705181121826,2.043075799942017,,3.467253923416138,2.633768081665039,2.315623521804810,2.833455085754395,
0.216,4.229447841644287,2.251532554626465,1.331493139266968,2.039705514907837,,3.513004064559937,2.665954589843750,2.323098421096802,2.868243455886841,
0.22,4.314381122589111,2.284901618957520,1.272353291511536,2.062669754028320,,3.601229429244995,2.730553865432739,2.401831388473511,2.923959970474243,
0.224,4.414203643798828,2.323011159896851,1.270062208175659,2.094933748245239,,3.725497722625732,2.841753005981445,2.488637924194336,2.987070798873901,
0.228,4.560403347015381,2.402759790420532,1.327817320823669,2.134789228439331,,3.884487867355347,2.984160423278809,2.563331127166748,3.095647096633911,
0.232,4.753075122833252,2.510497331619263,1.405569076538086,2.233958005905151,,4.126207351684570,3.158187627792358,2.641390085220337,3.290835142135620,
0.236,4.977514266967773,2.604725360870361,1.477232456207275,2.413521528244019,,4.447494983673096,3.372039556503296,2.732569456100464,3.545274257659912,
0.24,5.227598190307617,2.728396177291870,1.567148208618164,2.633689165115356,,4.739631652832031,3.574655771255493,2.823635101318359,3.771550893783569,
0.244,5.511943817138672,2.928938388824463,1.696721434593201,2.853441953659058,,4.942253589630127,3.708570480346680,2.870299816131592,3.920895338058472,
0.248,5.814564228057861,3.125669002532959,1.820241808891296,3.049267292022705,,5.117290019989014,3.806216955184937,2.889469385147095,4.060752868652344,
0.252,6.085453510284424,3.277540683746338,1.918045282363892,3.233502388000488,,5.349038124084473,3.921583175659180,2.947245597839355,4.263292789459229,
0.256,6.277059078216553,3.419796943664551,2.012209415435791,3.404299259185791,,5.632212162017822,4.054692745208740,3.032600641250610,4.460417270660400,
0.26,6.366896629333496,3.514349699020386,2.092604160308838,3.494741439819336,,5.953094482421875,4.188428878784180,3.108808994293213,4.629246234893799,
0.264,6.382638454437256,3.523009777069092,2.173549890518188,3.509680509567261,,6.304344654083252,4.331159591674805,3.206707715988159,4.833228588104248,
0.268,6.367875576019287,3.467888832092285,2.219933748245239,3.505925893783569,,6.613154888153076,4.511019706726074,3.360174179077148,5.051084518432617,
0.272,6.325997829437256,3.373763799667358,2.171050548553467,3.475142717361450,,6.880361557006836,4.744925022125244,3.549164533615112,5.325434207916260,
0.276,6.260164737701416,3.270560979843140,2.110933780670166,3.449052572250366,,7.179182529449463,5.001140594482422,3.736973285675049,5.704999446868896,
0.28,6.214170455932617,3.210193872451782,2.127365589141846,3.507502794265747,,7.491212368011475,5.219483375549316,3.916396617889404,6.068998336791992,
0.284,6.214846134185791,3.228665351867676,2.222318172454834,3.664921998977661,,7.785288333892822,5.371259689331055,4.079070091247559,6.369633674621582,
0.288,6.269970893859863,3.313830852508545,2.402856349945068,3.870323657989502,,8.086347579956055,5.467730522155762,4.185559749603271,6.659753322601318,
0.292,6.421389102935791,3.462377548217773,2.621938228607178,4.113352298736572,,8.378774642944336,5.568413734436035,4.238225460052490,6.900354385375977,
0.296,6.664714813232422,3.664107084274292,2.800631523132324,4.404037952423096,,8.609114646911621,5.718590259552002,4.289610385894775,7.069045543670654,
0.3,6.909286022186279,3.840728521347046,2.939120531082153,4.652135848999023,,8.796545982360840,5.882131099700928,4.385709285736084,7.276763916015625,
0.304,7.094810962677002,3.947407484054565,3.051037311553955,4.798239231109619,,9.011766433715820,6.009968757629395,4.540764331817627,7.605752944946289,
0.308,7.238482952117920,4.005272388458252,3.148571729660034,4.914875030517578,,9.276024818420410,6.104350566864014,4.712986469268799,7.989912986755371,
0.312,7.364117622375488,4.042890071868896,3.255166530609131,5.044336318969727,,9.652998924255371,6.271980762481689,4.892674922943115,8.394421577453613,
0.316,7.470222949981689,4.085122108459473,3.334698915481567,5.156778812408447,,10.190740585327148,6.579266548156738,5.108302116394043,8.861520767211914,
0.32,7.619153022766113,4.156667709350586,3.369094371795654,5.295086383819580,,10.783677101135254,6.907488822937012,5.334351539611816,9.330843925476074,
0.324,7.895362854003906,4.277702331542969,3.424278736114502,5.520014762878418,,11.440532684326172,7.224069595336914,5.548003673553467,9.835832595825195,
0.328,8.234237670898438,4.456541061401367,3.536935567855835,5.786571025848389,,12.217806816101074,7.599164485931396,5.743387699127197,10.463892936706543,
0.332,8.573297500610352,4.699265003204346,3.743237257003784,6.105508804321289,,12.960227012634277,7.987123012542725,5.905602455139160,11.035703659057617,
0.336,8.935702323913574,4.969989299774170,4.058883666992188,6.506340026855469,,13.589461326599121,8.350864410400391,6.044797420501709,11.476120948791504,
0.34,9.261703491210938,5.202423572540283,4.347079753875732,6.874974250793457,,14.292373657226563,8.767787933349609,6.235965728759766,11.983762741088867,
0.344,9.499372482299805,5.356799602508545,4.507525444030762,7.166210651397705,,15.167837142944336,9.269930839538574,6.518568515777588,12.620116233825684,
0.348,9.725519180297852,5.460239887237549,4.608929157257080,7.448232650756836,,16.019004821777344,9.771727561950684,6.804670810699463,13.240250587463379,
0.352,10.004848480224609,5.578449249267578,4.720508575439453,7.727194309234619,,16.786539077758789,10.241477012634277,7.056677341461182,13.840020179748535,
0.356,10.266621589660645,5.717164516448975,4.837099552154541,7.972835063934326,,17.534202575683594,10.695800781250000,7.325856208801270,14.486555099487305,
0.36,10.501904487609863,5.858887672424316,4.978343486785889,8.215662002563477,,18.162202835083008,11.100396156311035,7.593853473663330,15.060611724853516,
0.364,10.809927940368652,6.020881175994873,5.143549442291260,8.503619194030762,,18.746797561645508,11.470518112182617,7.824717521667480,15.532239913940430,
0.368,11.194029808044434,6.229569911956787,5.284091472625732,8.816812515258789,,19.422225952148438,11.851532936096191,8.020130157470703,16.012907028198242,
0.372,11.697665214538574,6.517171859741211,5.483355522155762,9.209216117858887,,20.055559158325195,12.208848953247070,8.163615226745605,16.501771926879883,
0.376,12.371729850769043,6.888395309448242,5.812561988830566,9.743521690368652,,20.561071395874023,12.498819351196289,8.285549163818359,16.943300247192383,
0.38,13.057802200317383,7.293917179107666,6.141376018524170,10.307181358337402,,21.051860809326172,12.778797149658203,8.437066078186035,17.352127075195313,
0.384,13.632792472839355,7.693549633026123,6.404228687286377,10.799420356750488,,21.604246139526367,13.121555328369141,8.608582496643066,17.761211395263672,
0.388,14.229522705078125,8.122852325439453,6.690515041351318,11.235940933227539,,22.156089782714844,13.482038497924805,8.782238006591797,18.136798858642578,
0.392,14.938245773315430,8.610725402832031,7.015182018280029,11.651638031005859,,22.746892929077148,13.869942665100098,8.990653991699219,18.504623413085938,
0.396,15.596251487731934,9.065819740295410,7.293919563293457,12.040645599365234,,23.452548980712891,14.339220046997070,9.238453865051270,18.953443527221680,
0.4,16.198442459106445,9.464790344238281,7.542444229125977,12.438459396362305,,24.119987487792969,14.802050590515137,9.472520828247070,19.438158035278320,
0.404,16.853973388671875,9.887274742126465,7.818944931030273,12.883759498596191,,24.729917526245117,15.247450828552246,9.727634429931641,19.930227279663086,
0.408,17.429414749145508,10.296619415283203,8.072105407714844,13.308361053466797,,25.376213073730469,15.722137451171875,10.020151138305664,20.428421020507813,
0.412,17.873569488525391,10.656097412109375,8.319693565368652,13.683054924011230,,25.905908584594727,16.125518798828125,10.256757736206055,20.819540023803711,
0.416,18.272014617919922,10.996528625488281,8.603023529052734,14.028259277343750,,26.223657608032227,16.391773223876953,10.393793106079102,21.060596466064453,
0.42,18.603464126586914,11.268918991088867,8.828175544738770,14.311390876770020,,26.470226287841797,16.556392669677734,10.483062744140625,21.237602233886719,
0.424,18.838178634643555,11.418813705444336,8.947264671325684,14.528461456298828,,26.753658294677734,16.668521881103516,10.596851348876953,21.430393218994141,
0.428,19.027347564697266,11.531107902526855,9.048497200012207,14.768163681030273,,26.998466491699219,16.759542465209961,10.716519355773926,21.629974365234375,
0.432,19.216382980346680,11.697758674621582,9.219313621520996,15.088017463684082,,27.072820663452148,16.803956985473633,10.797787666320801,21.799024581909180,
0.436,19.391923904418945,11.870352745056152,9.434346199035645,15.437840461730957,,26.954544067382813,16.787614822387695,10.874167442321777,21.910755157470703,
0.44,19.582681655883789,12.025095939636230,9.674419403076172,15.827613830566406,,26.736663818359375,16.745445251464844,10.971284866333008,21.940971374511719,
0.444,19.821907043457031,12.183525085449219,9.954981803894043,16.290508270263672,,26.517486572265625,16.691093444824219,11.086483955383301,21.946924209594727,
0.448,20.073673248291016,12.284461975097656,10.200235366821289,16.716997146606445,,26.370233535766602,16.654899597167969,11.241034507751465,22.029283523559570,
0.452,20.300016403198242,12.315778732299805,10.381367683410645,17.043972015380859,,26.335618972778320,16.699562072753906,11.463738441467285,22.192836761474609,
0.456,20.487434387207031,12.366134643554688,10.575412750244141,17.365282058715820,,26.386964797973633,16.822565078735352,11.713062286376953,22.356931686401367,
0.46,20.651933670043945,12.493100166320801,10.823795318603516,17.735380172729492,,26.559009552001953,17.006532669067383,11.940674781799316,22.560626983642578,
0.464,20.803724288940430,12.680277824401855,11.117290496826172,18.099809646606445,,26.899690628051758,17.243728637695313,12.162176132202148,22.913125991821289,
0.468,21.011491775512695,12.937564849853516,11.470032691955566,18.507501602172852,,27.300983428955078,17.481962203979492,12.374449729919434,23.351480484008789,
0.472,21.348041534423828,13.260265350341797,11.877172470092773,19.055484771728516,,27.736831665039063,17.728635787963867,12.637923240661621,23.861330032348633,
0.476,21.721563339233398,13.556989669799805,12.283699989318848,19.665409088134766,,28.240097045898438,18.008840560913086,13.004718780517578,24.494710922241211,
0.48,22.110137939453125,13.857830047607422,12.737727165222168,20.307762145996094,,28.639516830444336,18.233600616455078,13.353271484375000,25.082778930664063,
0.484,22.567144393920898,14.233824729919434,13.283500671386719,21.026073455810547,,28.803632736206055,18.317302703857422,13.626584053039551,25.540693283081055,
0.488,23.001119613647461,14.588467597961426,13.796248435974121,21.734933853149414,,28.806745529174805,18.269102096557617,13.883874893188477,25.963413238525391,
0.492,23.371324539184570,14.831191062927246,14.247642517089844,22.434278488159180,,28.781927108764648,18.172477722167969,14.116405487060547,26.343639373779297,
0.496,23.682300567626953,14.999240875244141,14.713822364807129,23.170845031738281,,28.784580230712891,18.110475540161133,14.340607643127441,26.694816589355469,
0.5,23.876222610473633,15.161339759826660,15.141078948974609,23.826879501342773,,28.815984725952148,18.072603225708008,14.651527404785156,27.141092300415039,
0.504,23.959623336791992,15.285364151000977,15.497863769531250,24.337894439697266,,28.900983810424805,18.032209396362305,15.066882133483887,27.701257705688477,
0.508,23.936277389526367,15.299727439880371,15.868258476257324,24.839159011840820,,29.027454376220703,18.026832580566406,15.490489959716797,28.249954223632813,
0.512,23.800127029418945,15.222183227539063,16.270317077636719,25.423101425170898,,29.167051315307617,18.091199874877930,15.886432647705078,28.812028884887695,
0.516,23.640621185302734,15.120750427246094,16.624326705932617,25.955432891845703,,29.336666107177734,18.199901580810547,16.291290283203125,29.458803176879883,
0.52,23.489135742187500,15.041276931762695,16.956785202026367,26.413228988647461,,29.524522781372070,18.294105529785156,16.693721771240234,30.055000305175781,
0.524,23.305507659912109,14.981385231018066,17.344778060913086,26.919033050537109,,29.665611267089844,18.353733062744141,17.101867675781250,30.607099533081055,
0.528,23.144418716430664,14.915696144104004,17.729106903076172,27.421642303466797,,29.704641342163086,18.376680374145508,17.502237319946289,31.202619552612305,
0.532,23.030799865722656,14.815336227416992,18.093128204345703,27.913476943969727,,29.631868362426758,18.329631805419922,17.809356689453125,31.683502197265625,
0.536,22.899509429931641,14.697871208190918,18.450361251831055,28.458086013793945,,29.465362548828125,18.194238662719727,18.051738739013672,31.974313735961914,
0.54,22.760173797607422,14.608865737915039,18.707927703857422,28.950382232666016,,29.132114410400391,17.994319915771484,18.373174667358398,32.209407806396484,
0.544,22.641231536865234,14.510695457458496,18.866226196289063,29.304033279418945,,28.616765975952148,17.776866912841797,18.788307189941406,32.450710296630859,
0.548,22.520153045654297,14.371778488159180,19.065990447998047,29.657739639282227,,28.113887786865234,17.579219818115234,19.143833160400391,32.646751403808594,
0.552,22.400800704956055,14.244561195373535,19.371852874755859,30.108352661132813,,27.636407852172852,17.353467941284180,19.399276733398438,32.780269622802734,
0.556,22.270254135131836,14.140778541564941,19.682073593139648,30.501747131347656,,27.070060729980469,17.062887191772461,19.650169372558594,32.885803222656250,
0.56,22.052656173706055,13.995027542114258,19.906061172485352,30.768573760986328,,26.538484573364258,16.790739059448242,19.901529312133789,33.017795562744141,
0.564,21.729246139526367,13.788281440734863,20.052864074707031,30.996446609497070,,26.097471237182617,16.548610687255859,20.111953735351563,33.197463989257813,
0.568,21.384429931640625,13.586448669433594,20.133729934692383,31.201814651489258,,25.666273117065430,16.285346984863281,20.290508270263672,33.356918334960938,
0.572,21.045450210571289,13.373769760131836,20.191165924072266,31.371509552001953,,25.275726318359375,16.032287597656250,20.466461181640625,33.443874359130859,
0.576,20.711887359619141,13.102849960327148,20.301841735839844,31.516998291015625,,24.956663131713867,15.817169189453125,20.643718719482422,33.482666015625000,
0.58,20.433393478393555,12.844754219055176,20.456464767456055,31.646942138671875,,24.639593124389648,15.605217933654785,20.832902908325195,33.576366424560547,
0.584,20.185455322265625,12.642093658447266,20.536514282226563,31.773649215698242,,24.274864196777344,15.382893562316895,21.054004669189453,33.764575958251953,
0.588,19.908830642700195,12.432994842529297,20.525106430053711,31.915929794311523,,23.913669586181641,15.199008941650391,21.238912582397461,33.896232604980469,
0.592,19.635204315185547,12.200107574462891,20.535020828247070,32.060409545898438,,23.525562286376953,15.046700477600098,21.372653961181641,33.918418884277344,
0.596,19.429731369018555,12.010897636413574,20.584537506103516,32.186603546142578,,23.060279846191406,14.863833427429199,21.532039642333984,33.932201385498047,
0.6,19.248483657836914,11.869384765625000,20.630748748779297,32.315486907958984,,22.624504089355469,14.648215293884277,21.687942504882813,33.954391479492188,
0.604,19.033224105834961,11.712122917175293,20.646406173706055,32.443584442138672,,22.252563476562500,14.422890663146973,21.826465606689453,33.979499816894531,
0.608,18.864313125610352,11.527850151062012,20.627826690673828,32.546268463134766,,21.900613784790039,14.209998130798340,22.005607604980469,34.034618377685547,
0.612,18.817750930786133,11.355900764465332,20.633197784423828,32.670337677001953,,21.602678298950195,14.051503181457520,22.174440383911133,34.095268249511719,
0.616,18.829431533813477,11.228363037109375,20.705539703369141,32.849330902099609,,21.355371475219727,13.941170692443848,22.250209808349609,34.115005493164063,
0.62,18.780443191528320,11.154727935791016,20.797515869140625,33.025028228759766,,21.081115722656250,13.798605918884277,22.302696228027344,34.098987579345703,
0.624,18.654819488525391,11.116835594177246,20.853342056274414,33.156105041503906,,20.757452011108398,13.614337921142578,22.425106048583984,34.071586608886719,
0.628,18.538940429687500,11.075257301330566,20.913846969604492,33.281551361083984,,20.449157714843750,13.483728408813477,22.573547363281250,34.032062530517578,
0.632,18.452671051025391,11.016353607177734,21.021297454833984,33.434188842773438,,20.197427749633789,13.387190818786621,22.690473556518555,34.039184570312500,
0.636,18.356288909912109,10.959199905395508,21.142354965209961,33.597679138183594,,19.996322631835938,13.233974456787109,22.782049179077148,34.146976470947266,
0.64,18.256641387939453,10.922025680541992,21.280387878417969,33.740055084228516,,19.843248367309570,13.051779747009277,22.844724655151367,34.278057098388672,
0.644,18.162712097167969,10.904808044433594,21.461719512939453,33.844577789306641,,19.693853378295898,12.896178245544434,22.843559265136719,34.336368560791016,
0.648,18.076681137084961,10.888046264648438,21.640836715698242,33.932071685791016,,19.509538650512695,12.765344619750977,22.819322586059570,34.307266235351563,
0.652,17.980936050415039,10.867890357971191,21.778848648071289,34.045982360839844,,19.324310302734375,12.650280952453613,22.873296737670898,34.260200500488281,
0.656,17.832817077636719,10.861877441406250,21.893198013305664,34.190872192382813,,19.153926849365234,12.572181701660156,22.982707977294922,34.220645904541016,
0.66,17.653762817382813,10.866779327392578,21.982627868652344,34.296882629394531,,18.957546234130859,12.508266448974609,23.051057815551758,34.120040893554688,
0.664,17.511133193969727,10.859706878662109,22.031007766723633,34.319282531738281,,18.715515136718750,12.419002532958984,23.074100494384766,33.959682464599609,
0.668,17.372713088989258,10.807600975036621,22.052150726318359,34.311233520507813,,18.474779129028320,12.326392173767090,23.084163665771484,33.827140808105469,
0.672,17.177053451538086,10.690515518188477,22.060438156127930,34.319561004638672,,18.225297927856445,12.213995933532715,23.067123413085938,33.692699432373047,
0.676,17.010948181152344,10.550028800964355,22.043558120727539,34.304470062255859,,17.938730239868164,12.074182510375977,23.011068344116211,33.476127624511719,
0.68,16.873771667480469,10.425988197326660,22.000663757324219,34.229537963867188,,17.678573608398438,11.952008247375488,22.931287765502930,33.259658813476563,
0.684,16.653209686279297,10.309744834899902,21.948514938354492,34.097930908203125,,17.417945861816406,11.813658714294434,22.832744598388672,33.031841278076172,
0.688,16.398086547851563,10.192512512207031,21.872415542602539,33.894992828369141,,17.086032867431641,11.614804267883301,22.713558197021484,32.644893646240234,
0.692,16.131324768066406,10.038585662841797,21.731498718261719,33.565345764160156,,16.729633331298828,11.410036087036133,22.554533004760742,32.150943756103516,
0.696,15.791317939758301,9.834753990173340,21.504737854003906,33.107749938964844,,16.386697769165039,11.236777305603027,22.308649063110352,31.708162307739258,
0.7,15.421099662780762,9.624675750732422,21.214855194091797,32.602790832519531,,15.987908363342285,10.993180274963379,21.925359725952148,31.204061508178711,
0.704,15.052512168884277,9.427375793457031,20.901348114013672,32.064182281494141,,15.460117340087891,10.624933242797852,21.412734985351563,30.408620834350586,
0.708,14.610995292663574,9.207067489624023,20.525533676147461,31.306247711181641,,14.885951995849609,10.241545677185059,20.846914291381836,29.427644729614258,
0.712,14.075539588928223,8.922998428344727,20.015636444091797,30.231163024902344,,14.265245437622070,9.816936492919922,20.114625930786133,28.278654098510742,
0.716,13.525780677795410,8.613955497741699,19.414138793945313,29.096437454223633,,13.455772399902344,9.263299942016602,19.103624343872070,26.801416397094727,
0.72,12.902466773986816,8.298588752746582,18.700422286987305,27.835771560668945,,12.549430847167969,8.688431739807129,18.026884078979492,25.224718093872070,
0.724,12.110873222351074,7.934974670410156,17.806900024414063,26.214422225952148,,11.621735572814941,8.100733757019043,16.889852523803711,23.539346694946289,
0.728,11.275786399841309,7.528232574462891,16.848903656005859,24.533588409423828,,10.618144989013672,7.419672489166260,15.538855552673340,21.501207351684570,
0.732,10.392293930053711,7.009170532226563,15.721046447753906,22.747489929199219,,9.635634422302246,6.764600276947021,14.185626029968262,19.436870574951172,
0.736,9.358511924743652,6.316734790802002,14.245949745178223,20.535295486450195,,8.720121383666992,6.217645645141602,12.985119819641113,17.607448577880859,
0.74,8.330068588256836,5.596030235290527,12.707743644714355,18.208593368530273,,7.659027099609375,5.605247497558594,11.606124877929688,15.524186134338379,
0.744,7.418840885162354,4.957872867584229,11.316926956176758,16.051486968994141,,6.358114242553711,4.798593997955322,9.790672302246094,12.855180740356445,
0.748,6.341632366180420,4.235061168670654,9.688443183898926,13.560900688171387,,5.110095024108887,3.924630641937256,7.866881370544434,10.130477905273438,
0.752,4.895998477935791,3.291586399078369,7.529727935791016,10.335457801818848,,3.873859405517578,2.967748880386353,5.858554363250732,7.320138931274414,
0.756,3.418323516845703,2.336372137069702,5.241921424865723,7.001049995422363,,2.386991977691650,1.821396350860596,3.527416467666626,4.028987884521484,
0.76,1.982423543930054,1.423955917358398,2.941313982009888,3.834621191024780,,0.965964019298553,0.657136023044586,1.405770778656006,1.007402062416077,
0.764,0.469536572694778,0.508164286613464,0.646082818508148,0.896475911140442,,0.030734734609723,-0.283177822828293,0.172995164990425,-0.795513510704041,
0.768,-0.653011500835419,-0.119572609663010,-0.882206439971924,-0.804674565792084,,-0.281879395246506,-0.703679919242859,-0.030197221785784,-1.208218216896057,
0.772,-0.939425349235535,-0.332932204008102,-1.228571414947510,-0.764818012714386,,-0.004904702305794,-0.434308588504791,0.402161568403244,-0.739774823188782,
0.776,-0.566860377788544,-0.236175268888474,-0.773328959941864,0.063790947198868,,0.551087319850922,0.122698701918125,0.786920428276062,-0.112568177282810,
0.78,-0.055903423577547,0.158018946647644,-0.074082173407078,0.359993159770966,,0.795015633106232,0.300568997859955,0.789967596530914,0.118131130933762,
0.784,0.285161286592484,0.665025472640991,0.479514509439468,0.009727934375405,,0.474928140640259,-0.035268723964691,0.586797356605530,-0.175245910882950,
0.788,0.357841640710831,0.830308973789215,0.651675581932068,-0.161111012101173,,0.094912506639957,-0.401186585426331,0.450191557407379,-0.522215843200684,
0.792,0.162211686372757,0.512506783008575,0.383358299732208,0.022655909880996,,0.122186444699764,-0.398247092962265,0.470866292715073,-0.509407162666321,
0.796,-0.076865389943123,0.104278773069382,-0.059623189270496,0.081387378275394,,0.394972354173660,-0.111760772764683,0.576798856258392,-0.266886085271835,
0.8,-0.181178048253059,-0.076716080307961,-0.327392101287842,-0.003377244574949,,0.515940070152283,0.080969065427780,0.638150215148926,-0.142773583531380,
0.804,-0.162507846951485,-0.039856169372797,-0.254918187856674,0.063578382134438,,0.418113619089127,-0.002890534466133,0.575334072113037,-0.225526303052902,
0.808,-0.065994292497635,0.125195264816284,0.045476078987122,0.168717473745346,,0.330234050750732,-0.188218593597412,0.454133272171021,-0.324586182832718,
0.812,0.059947192668915,0.293578684329987,0.298129022121429,0.157471001148224,,0.373479843139648,-0.253240168094635,0.420999318361282,-0.328703701496124,
0.816,0.115133889019489,0.301009923219681,0.325491130352020,0.119297176599503,,0.464566558599472,-0.166977584362030,0.489238560199738,-0.303280442953110,
0.82,0.048014398664236,0.128968581557274,0.149953126907349,0.098229572176933,,0.479932188987732,-0.077035747468472,0.520602464675903,-0.298093169927597,
0.824,-0.054792899638414,-0.062848962843418,-0.075186759233475,0.062849268317223,,0.420004159212112,-0.098501622676849,0.453338712453842,-0.297989666461945,
0.828,-0.091480992734432,-0.108508184552193,-0.166554540395737,0.026442725211382,,0.353169113397598,-0.162676453590393,0.397407263517380,-0.289621502161026,
0.832,-0.043551981449127,0.016891576349735,-0.043468542397022,0.024707227945328,,0.337440758943558,-0.175704166293144,0.428868621587753,-0.274377375841141,
0.836,0.045752640813589,0.200531706213951,0.177042424678802,0.056073501706123,,0.401119083166122,-0.152865111827850,0.498282015323639,-0.255270600318909,
0.84,0.096989244222641,0.296209067106247,0.265296190977097,0.095809340476990,,0.471938729286194,-0.140032961964607,0.544275164604187,-0.254031091928482,
0.844,0.061067126691341,0.238853842020035,0.132458820939064,0.107284910976887,,0.442703068256378,-0.177213624119759,0.541302502155304,-0.315442591905594,
0.848,-0.024946039542556,0.124792352318764,-0.049951061606407,0.079874716699123,,0.340435892343521,-0.229670211672783,0.511205017566681,-0.397840797901154,
0.852,-0.074120193719864,0.071726396679878,-0.092371016740799,0.052212148904800,,0.302728623151779,-0.203910738229752,0.495671689510345,-0.419041007757187,
0.856,-0.028273025527596,0.095830164849758,0.013447843492031,0.030876737087965,,0.357575714588165,-0.133123159408569,0.500641107559204,-0.377893716096878,
0.86,0.067527964711189,0.170138597488403,0.150453984737396,0.017373824492097,,0.393481224775314,-0.131988450884819,0.498143732547760,-0.323600739240646,
0.864,0.119534194469452,0.250664353370667,0.211590111255646,0.028406344354153,,0.349839955568314,-0.196763023734093,0.461491018533707,-0.317964255809784,
0.868,0.105763681232929,0.245938852429390,0.165122687816620,0.048620257526636,,0.294678539037704,-0.237176761031151,0.418874621391296,-0.369773298501968,
0.872,0.078378729522228,0.140334978699684,0.064529858529568,0.054786793887615,,0.309390336275101,-0.223516717553139,0.417654395103455,-0.425136804580688,
0.876,0.075821146368980,0.058404911309481,-0.008310019969940,0.045457974076271,,0.382627159357071,-0.184574946761131,0.446972489356995,-0.442789047956467,
0.88,0.085507199168205,0.081549771130085,-0.011741243302822,0.052166178822517,,0.450418531894684,-0.151388525962830,0.472680896520615,-0.427831828594208,
0.884,0.090125985443592,0.163843899965286,0.034122928977013,0.083262972533703,,0.455431997776031,-0.130796030163765,0.480927914381027,-0.407092243432999,
0.888,0.093200705945492,0.212093323469162,0.056664019823074,0.082509733736515,,0.401899069547653,-0.118675783276558,0.471156775951385,-0.403797000646591,
0.892,0.067994713783264,0.192570388317108,0.038222637027502,0.035240788012743,,0.374550998210907,-0.139160931110382,0.443968147039413,-0.419265031814575,
0.896,0.002646602923051,0.149104833602905,0.013746667653322,0.009625414386392,,0.424034029245377,-0.179827675223351,0.419313341379166,-0.414811104536057,
0.9,-0.050693556666374,0.129563748836517,-0.002420868026093,0.042383953928947,,0.484430283308029,-0.185993835330009,0.438014179468155,-0.367271780967712,
0.904,-0.055004097521305,0.144310265779495,-0.008694203570485,0.084115236997604,,0.472832828760147,-0.162339776754379,0.470648795366287,-0.306881308555603,
0.908,-0.021111220121384,0.179913952946663,0.016484782099724,0.107433550059795,,0.416041374206543,-0.158110499382019,0.456706792116165,-0.286063700914383,
0.912,0.012479618191719,0.195926606655121,0.080208972096443,0.133556351065636,,0.389216244220734,-0.178948000073433,0.433119595050812,-0.327280193567276,
0.916,0.017903635278344,0.166293695569038,0.127102106809616,0.128393948078156,,0.395848691463470,-0.199055731296539,0.451508939266205,-0.401243954896927,
0.92,-0.009043907746673,0.122658237814903,0.096168391406536,0.065810397267342,,0.392899483442307,-0.220963045954704,0.494513541460037,-0.452001422643661,
0.924,-0.068784028291702,0.101134657859802,0.015549847856164,0.010866659693420,,0.379821211099625,-0.235518395900726,0.522825121879578,-0.466751158237457,
0.928,-0.116728432476521,0.117822572588921,-0.004530944861472,0.016633242368698,,0.376763641834259,-0.229790806770325,0.517031729221344,-0.473198473453522,
0.932,-0.111448869109154,0.147653356194496,0.041468460112810,0.042477320879698,,0.366652160882950,-0.211051419377327,0.478857308626175,-0.449068218469620,
0.936,-0.085093088448048,0.151979461312294,0.087905935943127,0.041069664061069,,0.343449056148529,-0.183780163526535,0.440754860639572,-0.398225426673889,
0.94,-0.048365667462349,0.157920032739639,0.129217341542244,0.023050472140312,,0.340622961521149,-0.172929644584656,0.449041247367859,-0.378202795982361,
0.944,-0.001768774935044,0.189766317605972,0.121316783130169,-0.007021958474070,,0.376701205968857,-0.189171895384789,0.496422290802002,-0.390463650226593,
0.948,0.015048447996378,0.223876684904099,0.042768999934196,-0.054141517728567,,0.416596323251724,-0.216241344809532,0.537289023399353,-0.385708570480347,
0.952,0.010297843255103,0.240122526884079,-0.040455639362335,-0.079032510519028,,0.428639173507690,-0.232560366392136,0.536757886409760,-0.358358770608902,
0.956,0.023764781653881,0.228536665439606,-0.067807085812092,-0.046623047441244,,0.431580752134323,-0.229073047637939,0.489590495824814,-0.354419648647308,
0.96,0.052104759961367,0.204741418361664,-0.036277357488871,0.009483041241765,,0.437265247106552,-0.225021287798882,0.440185576677322,-0.376769989728928,
0.964,0.062690578401089,0.183075159788132,0.007623419631273,0.035285446792841,,0.439027845859528,-0.224395692348480,0.455638140439987,-0.393608957529068,
0.968,0.030161283910275,0.152011901140213,0.039447028189898,0.042099609971046,,0.438651114702225,-0.220632761716843,0.516863942146301,-0.407026350498199,
0.972,-0.021642604842782,0.120592497289181,0.060663174837828,0.065207011997700,,0.427129566669464,-0.240797117352486,0.537421345710754,-0.423505932092667,
0.976,-0.058055911213160,0.110486298799515,0.065647326409817,0.095555320382118,,0.409796446561813,-0.293288916349411,0.516069412231445,-0.426272958517075,
0.98,-0.066693179309368,0.116147927939892,0.035878233611584,0.115478545427322,,0.401089042425156,-0.307502269744873,0.493547767400742,-0.407701104879379,
0.984,-0.039452403783798,0.137228101491928,-0.029471542686224,0.108099967241287,,0.397433191537857,-0.261223524808884,0.472221136093140,-0.378527879714966,
0.988,-0.013849793933332,0.180484250187874,-0.073878444731236,0.061587195843458,,0.389943242073059,-0.232945367693901,0.450862258672714,-0.349378645420074,
0.992,-0.035683702677488,0.215103760361671,-0.055335134267807,0.027227399870753,,0.373811721801758,-0.252743810415268,0.444409489631653,-0.349397510290146,
0.996,-0.084688842296600,0.216966122388840,-0.007030492182821,0.048696126788855,,0.378698110580444,-0.286673337221146,0.453446120023727,-0.375059813261032,
1,-0.124909490346909,0.197520598769188,0.025521501898766,0.078068733215332,,0.405715107917786,-0.303939670324326,0.450288534164429,-0.353249758481979,
1.004,-0.150882989168167,0.182681336998940,0.035994920879602,0.093402460217476,,0.397361397743225,-0.277067631483078,0.443937987089157,-0.299204707145691,
1.008,-0.149452656507492,0.192045852541924,0.032224696129560,0.092416062951088,,0.370334774255753,-0.225296959280968,0.448820531368256,-0.290344625711441,
1.012,-0.105016410350800,0.185653313994408,-0.002557247877121,0.063764467835426,,0.383693635463715,-0.213510602712631,0.448860883712769,-0.317900598049164,
1.016,-0.059505201876163,0.130526363849640,-0.060937978327274,0.045525930821896,,0.396331757307053,-0.225356861948967,0.464651614427567,-0.354208618402481,
1.02,-0.046601690351963,0.078358463943005,-0.055474665015936,0.051089659333229,,0.370856404304504,-0.214638486504555,0.495152831077576,-0.376194298267365,
1.024,-0.025084977969527,0.061285927891731,0.008764380589128,0.063622206449509,,0.337308913469315,-0.214171051979065,0.509061932563782,-0.372936397790909,
1.028,0.006928693037480,0.076719895005226,0.019710790365934,0.070194959640503,,0.301140934228897,-0.240716680884361,0.505782306194305,-0.375175923109055,
1.032,0.007225578650832,0.118185080587864,-0.004119997378439,0.062504336237907,,0.276447802782059,-0.252330988645554,0.486522346735001,-0.395510911941528,
1.036,-0.020727403461933,0.152683064341545,0.004990759771317,0.052875932306051,,0.292931675910950,-0.231903716921806,0.472638279199600,-0.432994991540909,
1.04,-0.065689124166965,0.161495357751846,0.024280669167638,0.064184166491032,,0.336328506469727,-0.213586106896400,0.457133919000626,-0.468065500259399,
1.044,-0.119538821280003,0.158628851175308,0.026752399280667,0.092615276575089,,0.369597941637039,-0.205212101340294,0.430557698011398,-0.473498731851578,
1.048,-0.147392183542252,0.170489206910133,0.016916939988732,0.090085424482822,,0.375212877988815,-0.189532369375229,0.437073916196823,-0.466292142868042,
1.052,-0.122643023729324,0.181576371192932,0.008137586526573,0.047787219285965,,0.367680281400681,-0.179357469081879,0.458008766174316,-0.483271896839142,
1.056,-0.063061483204365,0.166559323668480,0.002590353135020,0.008237664587796,,0.372685700654984,-0.184141248464584,0.450534731149673,-0.507429361343384,
1.06,-0.007017805706710,0.159684479236603,-0.011018136516213,-0.014675376005471,,0.380116909742355,-0.181160405278206,0.430041253566742,-0.468376934528351,
1.064,0.016846073791385,0.162229731678963,-0.022784668952227,-0.016015691682696,,0.363574713468552,-0.143911913037300,0.412303656339645,-0.377212613821030,
1.068,-0.010117652826011,0.157041937112808,-0.013954333029687,0.007513831835240,,0.341070204973221,-0.107178837060928,0.414067059755325,-0.337230145931244,
1.072,-0.061413533985615,0.181812524795532,0.001711787539534,0.024662403389812,,0.364635527133942,-0.127428516745567,0.450363397598267,-0.373705953359604,
1.076,-0.079460524022579,0.216489359736443,-0.009740293025970,0.019049702212214,,0.398072361946106,-0.174357727169991,0.477888822555542,-0.407965064048767,
1.08,-0.067337118089199,0.221685409545898,-0.030273832380772,0.020800698548555,,0.354028522968292,-0.194349884986877,0.459720581769943,-0.401516169309616,
1.084,-0.047625228762627,0.213910683989525,-0.007120618596673,0.033503640443087,,0.294703751802444,-0.197395697236061,0.433482408523560,-0.399735510349274,
1.088,-0.022886089980602,0.201795801520348,0.025311440229416,0.038823112845421,,0.318286865949631,-0.205133363604546,0.440745800733566,-0.422460973262787,
1.092,-0.034734796732664,0.204751729965210,0.001886884332635,0.035015791654587,,0.384021610021591,-0.211192384362221,0.455200970172882,-0.421891570091248,
1.096,-0.091703385114670,0.228693529963493,-0.042199004441500,0.021858707070351,,0.402110964059830,-0.195327162742615,0.449184268712997,-0.381005495786667,
1.1,-0.122112303972244,0.236604899168015,-0.034724310040474,0.017143711447716,,0.380292385816574,-0.178360208868980,0.463573962450027,-0.359402477741241,
1.104,-0.086817860603333,0.218012392520905,0.010799030773342,0.033019222319126,,0.371576845645905,-0.192367449402809,0.498401075601578,-0.401928722858429,
1.108,-0.036718301475048,0.200064912438393,0.019233530387282,0.056466162204742,,0.363523274660110,-0.209413453936577,0.501552820205688,-0.443624705076218,
1.112,-0.033362206071615,0.205213889479637,-0.012892086058855,0.071082293987274,,0.360208511352539,-0.210349425673485,0.470524162054062,-0.435661584138870,
1.116,-0.073614418506622,0.218743726611137,-0.018865868449211,0.078522227704525,,0.386935025453568,-0.206863999366760,0.436837613582611,-0.415542989969254,
1.12,-0.106654435396194,0.225468054413795,0.006853284779936,0.078240081667900,,0.416341304779053,-0.217302247881889,0.420566380023956,-0.374404013156891,
1.124,-0.102670431137085,0.223767071962357,0.025722572579980,0.072766177356243,,0.408458352088928,-0.237658545374870,0.437503427267075,-0.326532542705536,
1.128,-0.083907559514046,0.207965135574341,0.020207965746522,0.076006494462490,,0.377220422029495,-0.237847134470940,0.496387988328934,-0.334855586290359,
1.132,-0.062449678778648,0.206809177994728,-0.004071488045156,0.070244476199150,,0.364039033651352,-0.226181775331497,0.561763346195221,-0.380278527736664,
1.136,-0.049767900258303,0.226026564836502,-0.005698021966964,0.045834999531507,,0.357113033533096,-0.211651951074600,0.591909885406494,-0.413804918527603,
1.14,-0.064044415950775,0.211668118834496,0.022646848112345,0.036475609987974,,0.349988341331482,-0.200034186244011,0.552413403987885,-0.399771779775620,
1.144,-0.063650377094746,0.166463658213615,0.017042696475983,0.048139914870262,,0.372942835092545,-0.211382150650024,0.465477406978607,-0.335230827331543,
1.148,-0.027480231598020,0.142713949084282,-0.037731729447842,0.045692492276430,,0.398861169815063,-0.227754056453705,0.446640074253082,-0.300502270460129,
1.152,-0.004587730392814,0.155491173267365,-0.064629428088665,0.039324335753918,,0.389179229736328,-0.235651463270187,0.478658288717270,-0.325702369213104,
1.156,-0.007027640007436,0.206113740801811,-0.029440723359585,0.044130161404610,,0.367427974939346,-0.236744672060013,0.457227706909180,-0.349019020795822,
1.16,-0.026103060692549,0.257017046213150,0.018855132162571,0.048615526407957,,0.386611968278885,-0.218586727976799,0.416512638330460,-0.341845005750656,
1.164,-0.064148828387260,0.254011958837509,0.041350930929184,0.040379356592894,,0.444037556648254,-0.202289775013924,0.401028335094452,-0.331771403551102,
1.168,-0.089821562170982,0.221291139721870,0.044894073158503,0.009894091635942,,0.463977098464966,-0.206613942980766,0.414633005857468,-0.352847337722778,
1.172,-0.100333549082279,0.177970111370087,0.040254123508930,0.015024998225272,,0.434029608964920,-0.206904470920563,0.462353467941284,-0.403348118066788,
1.176,-0.091066740453243,0.115833342075348,0.030614381656051,0.087521947920322,,0.409658372402191,-0.199841141700745,0.502805411815643,-0.462943196296692,
1.18,-0.043257795274258,0.091821089386940,0.019076606258750,0.148507088422775,,0.399085611104965,-0.191067904233932,0.505364418029785,-0.482843041419983,
1.184,0.005801291204989,0.124219581484795,0.005068997852504,0.133733749389648,,0.361612766981125,-0.167104139924049,0.490697115659714,-0.444003075361252,
1.188,0.020500469952822,0.162451699376106,-0.001855778507888,0.080528803169727,,0.293869972229004,-0.140627920627594,0.481154710054398,-0.415421426296234,
1.192,-0.009027985855937,0.186893492937088,-0.001660833600909,0.045506116002798,,0.266187429428101,-0.151590541005135,0.492121577262878,-0.419409334659576,
1.196,-0.058611046522856,0.205506101250648,0.000055025455367,0.025276290252805,,0.295018106698990,-0.205659046769142,0.505101144313812,-0.429607033729553,
1.2,-0.085984185338020,0.219123899936676,0.008180086500943,0.009713510982692,,0.310895532369614,-0.248832747340202,0.483688235282898,-0.441635131835938,
1.204,-0.091857939958572,0.229926511645317,0.017511457204819,0.010930054821074,,0.307772368192673,-0.246556267142296,0.462966978549957,-0.437839746475220,
1.208,-0.089607834815979,0.241804659366608,0.024067860096693,0.025708343833685,,0.344614058732986,-0.216307595372200,0.467717200517654,-0.406239002943039,
1.212,-0.077843971550465,0.214621558785439,0.049093555659056,0.031733505427837,,0.404038012027740,-0.169910863041878,0.462036758661270,-0.363700568675995,
1.216,-0.057003866881132,0.164652019739151,0.084624730050564,0.025799296796322,,0.417377442121506,-0.131778463721275,0.462508320808411,-0.338961809873581,
1.22,-0.036943249404430,0.174972161650658,0.086521342396736,0.023431146517396,,0.393225282430649,-0.127255126833916,0.508868455886841,-0.361917555332184,
1.224,-0.047179065644741,0.216997325420380,0.045224361121655,0.024118540808558,,0.380881756544113,-0.128683894872665,0.562598645687103,-0.416395932435989,
1.228,-0.097009204328060,0.209943771362305,-0.020018631592393,0.026793682947755,,0.382570624351501,-0.125942453742027,0.571269512176514,-0.435288965702057,
1.232,-0.131633639335632,0.158339872956276,-0.065838031470776,0.056237597018480,,0.365120798349380,-0.138344824314117,0.525066614151001,-0.422152191400528,
1.236,-0.111067116260529,0.133124321699142,-0.042738616466522,0.106561407446861,,0.326701790094376,-0.157594814896584,0.446427583694458,-0.421197533607483,
1.24,-0.073592707514763,0.156793355941772,0.000914309755899,0.129946619272232,,0.296456903219223,-0.188232511281967,0.406121581792831,-0.408696383237839,
1.244,-0.065167404711246,0.164804801344872,-0.005251587368548,0.109249114990234,,0.291685730218887,-0.206443458795547,0.421667069196701,-0.371618241071701,
1.248,-0.064657360315323,0.138749033212662,-0.013675033114851,0.073582902550697,,0.319476366043091,-0.171404048800468,0.437095820903778,-0.339699417352676,
1.252,-0.044766239821911,0.121953293681145,0.001582607976161,0.048048842698336,,0.362688601016998,-0.148953482508659,0.433004170656204,-0.329570949077606,
1.256,-0.051535859704018,0.126006379723549,0.009187149815261,0.051093306392431,,0.392467200756073,-0.187172651290894,0.416592001914978,-0.344420224428177,
1.26,-0.099694743752480,0.142516911029816,0.013532909564674,0.085043080151081,,0.399104595184326,-0.216376721858978,0.410938680171967,-0.379568189382553,
1.264,-0.123372584581375,0.154923394322395,0.022949907928705,0.093151070177555,,0.410049170255661,-0.193891257047653,0.444835335016251,-0.408047914505005,
1.268,-0.085844576358795,0.153376221656799,0.028228832408786,0.054071735590696,,0.444714754819870,-0.172153159976006,0.503009140491486,-0.406666070222855,
1.272,-0.030904594808817,0.153637081384659,-0.002764792181551,0.008769534528255,,0.456089586019516,-0.186006560921669,0.522227048873901,-0.380141139030457,
1.276,-0.037087678909302,0.165612518787384,-0.063281096518040,-0.009167493321002,,0.416289716959000,-0.200789526104927,0.475263833999634,-0.352721720933914,
1.28,-0.073039881885052,0.163254991173744,-0.091443121433258,0.022949887439609,,0.373989522457123,-0.204691380262375,0.422938764095306,-0.367645502090454,
1.284,-0.059806436300278,0.117591343820095,-0.059425100684166,0.070916041731834,,0.372245609760284,-0.215370178222656,0.403363496065140,-0.403560817241669,
1.288,-0.034197885543108,0.072807304561138,-0.004354288335890,0.069482550024986,,0.387486487627029,-0.219753608107567,0.408332318067551,-0.407202780246735,
1.292,-0.020328119397163,0.075908184051514,-0.000606852059718,0.050584517419338,,0.394236475229263,-0.204276099801064,0.427680194377899,-0.404602527618408,
1.296,0.007627472747117,0.109567724168301,-0.057555403560400,0.081727847456932,,0.404550194740295,-0.189601495862007,0.438565522432327,-0.412969708442688,
1.3,0.023850765079260,0.152578338980675,-0.092492662370205,0.125617340207100,,0.420540452003479,-0.194701313972473,0.442053794860840,-0.416002810001373,
1.304,0.002063551917672,0.189020559191704,-0.084894217550755,0.124299488961697,,0.430495053529739,-0.216366901993752,0.454096674919128,-0.410488814115524,
1.308,-0.050321560353041,0.203804001212120,-0.075962483882904,0.085322722792625,,0.411126047372818,-0.231059506535530,0.474942237138748,-0.386809170246124,
1.312,-0.116682313382626,0.213600903749466,-0.052063424140215,0.035444077104330,,0.367088943719864,-0.226951599121094,0.486133784055710,-0.371535480022430,
1.316,-0.158347710967064,0.236256182193756,-0.001163099310361,-0.000873707118444,,0.346985548734665,-0.230941712856293,0.458364993333817,-0.396063297986984,
1.32,-0.150378808379173,0.232313707470894,0.022926112636924,-0.002789973746985,,0.341313809156418,-0.248230129480362,0.417936235666275,-0.419119328260422,
1.324,-0.114051386713982,0.187419205904007,-0.007006170228124,0.043114159256220,,0.330939590930939,-0.262324929237366,0.405732303857803,-0.400549024343491,
1.328,-0.077456839382648,0.164178013801575,-0.031171113252640,0.124518275260925,,0.353092133998871,-0.269600063562393,0.416538029909134,-0.349912971258163,
1.332,-0.051561787724495,0.183066025376320,-0.029672401025891,0.167522147297859,,0.395461946725845,-0.239022061228752,0.458469539880753,-0.304665148258209,
1.336,-0.042020447552204,0.197083622217178,-0.028315922245383,0.125105902552605,,0.413890302181244,-0.169688731431961,0.515610337257385,-0.298356592655182,
1.34,0.065942108631134,0.140626639127731,0.192313522100449,0.605966567993164,,0.499877780675888,-0.018628755584359,1.476108193397522,0.752309441566467,
1.344,2.301345348358154,0.612286508083344,2.803267002105713,6.179485321044922,,1.424683690071106,1.140652537345886,5.852433204650879,5.561556816101074,
1.348,7.579269409179688,3.249431371688843,9.015812873840332,16.777681350708008,,4.700028419494629,5.211457729339600,14.154740333557129,14.294871330261230,
1.352,10.798370361328125,7.499687671661377,14.223772048950195,20.749292373657227,,8.403733253479004,10.309888839721680,21.073215484619141,20.707393646240234,
1.356,9.072674751281738,9.000699996948242,13.748884201049805,15.554156303405762,,8.477489471435547,11.948618888854980,23.162027359008789,21.140975952148438,
1.36,16.397745132446289,9.260066986083984,10.302404403686523,17.440612792968750,,9.631879806518555,14.053426742553711,25.626405715942383,22.602661132812500,
1.364,45.207069396972656,17.409908294677734,11.190509796142578,35.261459350585938,,25.427433013916016,27.758958816528320,34.887504577636719,34.989414215087891,
1.368,81.587966918945313,32.786540985107422,17.864868164062500,57.749908447265625,,56.711357116699219,53.135498046875000,50.492870330810547,58.020938873291016,
1.372,110.805198669433594,45.211688995361328,23.258798599243164,74.454475402832031,,86.734153747558594,77.083953857421875,65.206909179687500,79.656539916992188,
1.376,129.028656005859375,50.596591949462891,23.636837005615234,82.818275451660156,,106.326324462890625,92.407722473144531,73.671012878417969,92.497123718261719,
1.38,130.573059082031250,49.791687011718750,22.184013366699219,82.491470336914063,,113.941558837890625,97.053092956542969,75.155868530273438,96.773551940917969,
1.384,112.682403564453125,42.135730743408203,20.092973709106445,73.947967529296875,,106.618919372558594,88.574195861816406,69.600074768066406,91.995712280273438,
1.388,82.159790039062500,29.398710250854492,17.211526870727539,60.010826110839844,,89.020118713378906,72.000389099121094,60.190814971923828,81.335876464843750,
1.392,54.208236694335938,18.216831207275391,15.611675262451172,47.951248168945313,,68.574035644531250,54.669158935546875,52.352928161621094,70.583930969238281,
1.396,36.483013153076172,11.927353858947754,15.911890029907227,40.908939361572266,,49.345733642578125,39.924530029296875,48.311100006103516,62.358322143554688,
1.4,24.008392333984375,7.929963588714600,16.621070861816406,35.713142395019531,,34.605739593505859,29.437158584594727,46.785583496093750,56.554584503173828,
1.404,13.282516479492188,4.474793910980225,16.559827804565430,30.301660537719727,,24.365818023681641,22.368703842163086,45.227657318115234,51.394168853759766,
1.408,6.934996128082275,2.730656862258911,15.897961616516113,25.927459716796875,,17.583442687988281,17.462062835693359,42.618396759033203,46.453178405761719,
1.412,5.768519401550293,2.790064096450806,15.577169418334961,24.451026916503906,,15.155198097229004,15.458760261535645,40.622661590576172,43.887748718261719,
1.416,6.863816738128662,3.253273487091064,15.787858009338379,25.394714355468750,,16.006643295288086,15.953520774841309,40.325065612792969,44.057613372802734,
1.42,7.862197875976563,3.523310661315918,15.787252426147461,26.010639190673828,,17.002840042114258,16.679645538330078,40.652576446533203,44.874263763427734,
1.424,7.895837783813477,3.291360616683960,15.022689819335938,25.304948806762695,,16.763334274291992,16.428165435791016,40.760211944580078,45.261222839355469,
1.428,7.498090267181396,2.652719974517822,13.920699119567871,24.699352264404297,,16.532695770263672,16.110980987548828,41.156669616699219,45.960468292236328,
1.432,7.647842884063721,2.392248392105103,13.402519226074219,24.827341079711914,,17.654869079589844,16.891405105590820,42.254867553710938,47.576148986816406,
1.436,8.411686897277832,2.710829734802246,13.543393135070801,25.278484344482422,,19.626775741577148,18.463207244873047,43.511852264404297,49.458690643310547,
1.44,9.333997726440430,3.091258049011230,13.834561347961426,25.825347900390625,,21.209444046020508,19.758880615234375,44.351001739501953,50.751358032226563,
1.444,10.426941871643066,3.280815601348877,14.044964790344238,26.569402694702148,,22.947778701782227,21.116537094116211,45.172794342041016,52.017726898193359,
1.448,11.952681541442871,3.474610567092896,14.101243972778320,27.643083572387695,,26.108657836914063,23.465009689331055,46.504108428955078,54.258956909179688,
1.452,15.100475311279297,4.139325618743896,14.211143493652344,29.929508209228516,,30.028219223022461,26.308326721191406,47.840507507324219,56.812683105468750,
1.456,20.589176177978516,5.624192714691162,14.694699287414551,33.818283081054688,,33.389507293701172,28.736009597778320,48.535877227783203,58.509689331054688,
1.46,26.374610900878906,7.573029994964600,15.410984992980957,37.556659698486328,,35.683235168457031,30.437713623046875,48.400875091552734,58.935260772705078,
1.464,30.874425888061523,9.750773429870605,16.023414611816406,39.468196868896484,,36.667228698730469,31.348009109497070,47.543319702148438,58.089374542236328,
1.468,33.942371368408203,12.232673645019531,16.563098907470703,39.339351654052734,,36.134693145751953,31.300380706787109,46.337482452392578,56.314243316650391,
1.472,34.815330505371094,14.283907890319824,17.133073806762695,37.820037841796875,,33.693874359130859,29.822635650634766,44.655666351318359,53.489929199218750,
1.476,33.335208892822266,15.065806388854980,17.434366226196289,35.596824645996094,,29.527015686035156,26.914026260375977,42.235187530517578,49.515727996826172,
1.48,29.502798080444336,14.196945190429688,16.939596176147461,32.348346710205078,,25.227743148803711,23.749441146850586,39.669803619384766,45.482231140136719,
1.484,23.645771026611328,11.892329216003418,15.646736145019531,28.042806625366211,,21.557607650756836,21.014383316040039,37.207302093505859,41.761772155761719,
1.488,17.912963867187500,9.323188781738281,14.245748519897461,24.123374938964844,,18.239898681640625,18.551240921020508,34.588340759277344,37.969612121582031,
1.492,13.471506118774414,7.073168277740479,12.867267608642578,21.133050918579102,,15.797425270080566,16.610095977783203,32.169178009033203,34.743320465087891,
1.496,9.979832649230957,4.980639457702637,11.172505378723145,18.436058044433594,,14.302680015563965,15.187005996704102,29.970273971557617,32.137229919433594,
1.5,7.692156314849854,3.457546234130859,9.539962768554688,16.172609329223633,,13.078856468200684,13.926710128784180,27.653398513793945,29.487634658813477,
1.504,6.544459342956543,2.787641525268555,8.363471984863281,14.436509132385254,,11.958407402038574,12.832509040832520,25.515478134155273,27.021718978881836,
1.508,5.889710903167725,2.613605976104736,7.468468189239502,12.870107650756836,,11.051740646362305,11.960639953613281,23.801343917846680,25.025518417358398,
1.512,5.362935066223145,2.507617235183716,6.668589115142822,11.459805488586426,,10.212318420410156,11.108965873718262,22.135177612304688,23.089836120605469,
1.516,4.836310386657715,2.255638599395752,5.908330917358398,10.249868392944336,,9.283762931823730,10.155916213989258,20.230527877807617,20.940734863281250,
1.52,4.221138477325439,1.882101535797119,5.114484310150146,9.022661209106445,,8.395236968994141,9.310322761535645,18.440496444702148,18.919851303100586,
1.524,3.575892925262451,1.569064497947693,4.355316162109375,7.719172954559326,,7.589863777160645,8.586255073547363,16.859613418579102,17.108379364013672,
1.528,3.110290765762329,1.466760277748108,3.849773406982422,6.649901390075684,,6.796920776367188,7.788765430450439,15.203533172607422,15.298912048339844,
1.532,2.784104347229004,1.497108221054077,3.546158313751221,5.824193000793457,,6.128835678100586,7.001739978790283,13.629135131835938,13.679723739624023,
1.536,2.416654109954834,1.484490156173706,3.227332353591919,4.998534679412842,,5.557609558105469,6.249366283416748,12.179351806640625,12.199256896972656,
1.54,2.066189289093018,1.379015684127808,2.869233608245850,4.283885955810547,,4.964685440063477,5.440114021301270,10.693423271179199,10.642725944519043,
1.544,1.814772129058838,1.262011766433716,2.559292793273926,3.778637647628784,,4.442940235137939,4.713357448577881,9.401770591735840,9.287754058837891,
1.548,1.650182008743286,1.247984290122986,2.380032777786255,3.387200593948364,,4.042186260223389,4.184121131896973,8.468334197998047,8.302254676818848,
1.552,1.580467939376831,1.329284310340881,2.345251798629761,3.114939689636230,,3.650962352752686,3.749106168746948,7.605886459350586,7.412834167480469,
1.556,1.577301621437073,1.379593372344971,2.368972063064575,2.968608617782593,,3.222815275192261,3.304138898849487,6.622715473175049,6.438117027282715,
1.56,1.554515957832336,1.347939133644104,2.351026773452759,2.872163057327271,,2.855520009994507,2.861543893814087,5.728901386260986,5.553679943084717,
1.564,1.488915085792542,1.283907413482666,2.255484342575073,2.765569210052490,,2.590661525726318,2.433912992477417,5.012018680572510,4.867427349090576,
1.568,1.432698965072632,1.232512235641479,2.120672941207886,2.625762939453125,,2.386447906494141,2.033644914627075,4.379728317260742,4.272950172424316,
1.572,1.381732225418091,1.200741052627563,2.025090456008911,2.483899593353271,,2.228445529937744,1.726461410522461,3.883632659912109,3.776280403137207,
1.576,1.327391862869263,1.180246114730835,2.014486074447632,2.389537811279297,,2.078581094741821,1.485554337501526,3.499047756195068,3.373589754104614,
1.58,1.308767199516296,1.186073541641235,2.054659605026245,2.343791484832764,,1.908444166183472,1.253991603851318,3.139466524124146,3.000134229660034,
1.584,1.291722536087036,1.208692312240601,2.038149833679199,2.289087772369385,,1.745137214660645,1.089205861091614,2.846710920333862,2.712800025939941,
1.588,1.209537386894226,1.201243638992310,1.919665813446045,2.187948703765869,,1.613345623016357,0.998961269855499,2.647212505340576,2.542536020278931,
1.592,1.107501029968262,1.165891528129578,1.814199209213257,2.098953247070313,,1.508970856666565,0.931040763854980,2.485496997833252,2.353026866912842,
1.596,1.073392987251282,1.154451489448547,1.797500848770142,2.074419260025024,,1.415052771568298,0.867045402526855,2.327203989028931,2.066229820251465,
1.6,1.126780390739441,1.177360773086548,1.819046497344971,2.074387311935425,,1.336713194847107,0.797268390655518,2.188439369201660,1.797490477561951,
1.604,1.236573696136475,1.192753076553345,1.820284843444824,2.062187910079956,,1.273912310600281,0.752120494842529,2.063991069793701,1.620853900909424,
1.608,1.315439224243164,1.179041385650635,1.796262502670288,2.058947801589966,,1.213860750198364,0.748571753501892,1.956165075302124,1.517657041549683,
1.612,1.309318184852600,1.163966298103333,1.792716026306152,2.095713138580322,,1.192857742309570,0.764160692691803,1.910513639450073,1.490616083145142,
1.616,1.283668398857117,1.187035679817200,1.829284429550171,2.178427696228027,,1.213157892227173,0.771432161331177,1.940501213073730,1.491131186485291,
1.62,1.292006850242615,1.223440289497375,1.899951219558716,2.284409761428833,,1.208571195602417,0.757648408412933,2.007741689682007,1.473043918609619,
1.624,1.332229495048523,1.239409089088440,2.038995742797852,2.445047140121460,,1.172053098678589,0.742845714092255,2.075163125991821,1.472579717636108,
1.628,1.412667274475098,1.243360638618469,2.246571302413940,2.690974712371826,,1.151005983352661,0.736551284790039,2.136561155319214,1.506933093070984,
1.632,1.512648820877075,1.250874161720276,2.417115449905396,2.942992210388184,,1.173058509826660,0.744341433048248,2.180533170700073,1.554074048995972,
1.636,1.585018634796143,1.297826409339905,2.485991239547729,3.119912147521973,,1.218509793281555,0.773714959621429,2.216966390609741,1.599956631660461,
1.64,1.620956301689148,1.378258228302002,2.530385971069336,3.199024677276611,,1.227475166320801,0.808868527412415,2.286129474639893,1.653910160064697,
1.644,1.646625518798828,1.448493957519531,2.613970994949341,3.194063186645508,,1.206519961357117,0.833663225173950,2.370509862899780,1.707201600074768,
1.648,1.679006338119507,1.504488587379456,2.664230346679688,3.139880895614624,,1.214492440223694,0.858004391193390,2.426620483398438,1.730595111846924,
1.652,1.689189076423645,1.549899339675903,2.644545078277588,3.070541858673096,,1.230630874633789,0.895849227905273,2.455987691879272,1.749649047851563,
1.656,1.664396524429321,1.577064514160156,2.624920606613159,3.005972623825073,,1.233824610710144,0.954193890094757,2.450577259063721,1.773632884025574,
1.66,1.649786829948425,1.594793319702148,2.622843503952026,2.944069862365723,,1.259616971015930,1.021120429039001,2.409705162048340,1.763260602951050,
1.664,1.651730656623840,1.610922336578369,2.614489078521729,2.877909183502197,,1.296615242958069,1.045831203460693,2.381500005722046,1.733418464660645,
1.668,1.637628078460693,1.614380478858948,2.601487398147583,2.800363779067993,,1.312215924263000,1.038727283477783,2.383142471313477,1.721523761749268,
1.672,1.607987523078918,1.610039591789246,2.592418432235718,2.735544443130493,,1.315392732620239,1.057681441307068,2.393525838851929,1.712312221527100,
1.676,1.604641079902649,1.621747374534607,2.619307041168213,2.747178316116333,,1.323554158210754,1.089776277542114,2.390578985214233,1.684254646301270,
1.68,1.657957673072815,1.665088534355164,2.742293119430542,2.868494987487793,,1.320987939834595,1.123383045196533,2.393319606781006,1.671868681907654,
1.684,1.751471638679504,1.750564575195313,2.944848299026489,3.092241048812866,,1.316927671432495,1.207636833190918,2.459672212600708,1.743968486785889,
1.688,1.840809106826782,1.861598253250122,3.155853271484375,3.376333713531494,,1.372469067573547,1.338826417922974,2.619772434234619,1.925463318824768,
1.692,1.932825207710266,1.982440710067749,3.443186521530151,3.724326610565186,,1.479555249214172,1.439410090446472,2.875476121902466,2.172848701477051,
1.696,2.088865756988525,2.115263223648071,3.848198890686035,4.142033100128174,,1.608335852622986,1.535513162612915,3.240422010421753,2.534321308135986,
1.7,2.301716327667236,2.245021581649780,4.233290195465088,4.510289192199707,,1.771509766578674,1.696715712547302,3.708002567291260,3.071657180786133,
1.704,2.493220329284668,2.397225856781006,4.575299739837646,4.813106536865234,,1.937703847885132,1.876329779624939,4.185849189758301,3.638473987579346,
1.708,2.613837480545044,2.581877946853638,4.928256511688232,5.149532794952393,,2.085811376571655,2.054439067840576,4.598744392395020,4.100377559661865,
1.712,2.727282285690308,2.735498428344727,5.233425140380859,5.514827251434326,,2.246347427368164,2.257964372634888,5.028967857360840,4.548007965087891,
1.716,2.891263484954834,2.858663320541382,5.481393814086914,5.856992721557617,,2.434659481048584,2.462055683135986,5.570705413818359,5.081304073333740,
1.72,3.091535091400146,3.013245105743408,5.744489669799805,6.234357833862305,,2.653614282608032,2.661194801330566,6.134317874908447,5.618709564208984,
1.724,3.348145961761475,3.182189702987671,6.045243740081787,6.718539714813232,,2.954181432723999,2.940861225128174,6.677704334259033,6.228616714477539,
1.728,3.639892101287842,3.322804212570190,6.349297523498535,7.216857910156250,,3.342443227767944,3.330822229385376,7.271987915039063,7.042888641357422,
1.732,3.974205255508423,3.505244255065918,6.706028461456299,7.752786159515381,,3.710253715515137,3.714632511138916,7.858540058135986,7.852569580078125,
1.736,4.391874790191650,3.802917718887329,7.191748619079590,8.451959609985352,,4.053000450134277,4.072774887084961,8.450640678405762,8.601634979248047,
1.74,4.827701568603516,4.139613628387451,7.706825256347656,9.197844505310059,,4.456053733825684,4.469018936157227,9.148787498474121,9.460062980651855,
1.744,5.295588493347168,4.449674606323242,8.214881896972656,9.972053527832031,,4.900564193725586,4.884084701538086,9.887371063232422,10.348111152648926,
1.748,5.854088783264160,4.780670642852783,8.789078712463379,10.907599449157715,,5.338794231414795,5.314930915832520,10.597371101379395,11.170712471008301,
1.752,6.417791843414307,5.127802371978760,9.364805221557617,11.854610443115234,,5.794177532196045,5.813467502593994,11.397328376770020,12.098681449890137,
1.756,6.886433124542236,5.414548397064209,9.908575057983398,12.648682594299316,,6.290665149688721,6.372274398803711,12.334675788879395,13.224114418029785,
1.76,7.349662780761719,5.704183578491211,10.515818595886230,13.501530647277832,,6.784279823303223,6.886343955993652,13.192687988281250,14.294633865356445,
1.764,7.954450607299805,6.112454891204834,11.206704139709473,14.580836296081543,,7.340553283691406,7.404414176940918,13.990459442138672,15.233573913574219,
1.768,8.644143104553223,6.567844390869141,11.831249237060547,15.640614509582520,,8.010010719299316,8.045122146606445,14.893044471740723,16.184877395629883,
1.772,9.445778846740723,7.090761661529541,12.390922546386719,16.604564666748047,,8.617325782775879,8.686289787292480,15.737355232238770,17.074060440063477,
1.776,10.443357467651367,7.762343406677246,13.004948616027832,17.634553909301758,,9.256225585937500,9.319968223571777,16.447031021118164,17.896907806396484,
1.78,11.452837944030762,8.410921096801758,13.563018798828125,18.656970977783203,,10.229166984558105,10.062870979309082,17.112329483032227,18.791728973388672,
1.784,12.756456375122070,9.017262458801270,13.991862297058105,19.855783462524414,,11.500706672668457,10.840042114257813,17.666149139404297,19.795660018920898,
1.788,14.878626823425293,9.734985351562500,14.351602554321289,21.567852020263672,,12.927770614624023,11.638458251953125,18.063945770263672,20.912904739379883,
1.792,17.376661300659180,10.462785720825195,14.659159660339355,23.511081695556641,,14.653995513916016,12.639740943908691,18.429687500000000,22.226730346679688,
1.796,19.528799057006836,11.062305450439453,14.923561096191406,25.230115890502930,,16.674522399902344,13.843531608581543,18.818319320678711,23.674087524414063,
1.8,21.315998077392578,11.579091072082520,15.129481315612793,26.654352188110352,,18.435138702392578,14.886998176574707,19.115623474121094,24.857408523559570,
1.804,22.875188827514648,12.012553215026855,15.216435432434082,27.775142669677734,,19.618146896362305,15.536109924316406,19.238872528076172,25.542655944824219,
1.808,23.979324340820313,12.233816146850586,15.130018234252930,28.392133712768555,,20.315561294555664,15.834526062011719,19.166688919067383,25.773107528686523,
1.812,24.401771545410156,12.156922340393066,14.811944961547852,28.364734649658203,,20.486177444458008,15.849045753479004,18.911691665649414,25.601314544677734,
1.816,24.174839019775391,11.818379402160645,14.298166275024414,27.805282592773438,,20.014207839965820,15.509858131408691,18.451921463012695,25.015106201171875,
1.82,23.509336471557617,11.355377197265625,13.796711921691895,27.018169403076172,,18.971910476684570,14.762739181518555,17.763685226440430,24.029190063476563,
1.824,22.392063140869141,10.781181335449219,13.342085838317871,26.093875885009766,,17.687658309936523,13.832034111022949,17.016029357910156,22.901142120361328,
1.828,20.735080718994141,10.019394874572754,12.824088096618652,24.902692794799805,,16.406965255737305,12.913849830627441,16.344785690307617,21.844039916992188,
1.832,18.944509506225586,9.193543434143066,12.322653770446777,23.572406768798828,,14.970102310180664,11.903758049011230,15.645705223083496,20.669031143188477,
1.836,17.361257553100586,8.477734565734863,11.934747695922852,22.288446426391602,,13.273644447326660,10.764573097229004,14.856233596801758,19.215486526489258,
1.84,15.714011192321777,7.814301013946533,11.550486564636230,20.894664764404297,,11.728531837463379,9.774127006530762,14.109431266784668,17.829055786132813,
1.844,13.827990531921387,7.104311943054199,11.056719779968262,19.276268005371094,,10.477536201477051,8.969649314880371,13.444549560546875,16.658243179321289,
1.848,12.143958091735840,6.493764877319336,10.575390815734863,17.799640655517578,,9.318352699279785,8.188160896301270,12.814277648925781,15.518579483032227,
1.852,10.861554145812988,6.079631328582764,10.219042778015137,16.635686874389648,,8.362615585327148,7.506064414978027,12.263993263244629,14.525294303894043,
1.856,9.786296844482422,5.775722503662109,9.958579063415527,15.600370407104492,,7.590352535247803,6.916913032531738,11.729670524597168,13.695846557617188,
1.86,8.942520141601563,5.534212589263916,9.759400367736816,14.744000434875488,,6.863619327545166,6.347597599029541,11.131776809692383,12.900994300842285,
1.864,8.343079566955566,5.320870399475098,9.546763420104980,14.072875976562500,,6.333793640136719,5.915960788726807,10.617433547973633,12.261615753173828,
1.868,7.897630214691162,5.131512165069580,9.268599510192871,13.483679771423340,,6.055664539337158,5.711242198944092,10.290049552917480,11.853562355041504,
1.872,7.596242904663086,5.003019809722900,9.022739410400391,13.025840759277344,,5.857412815093994,5.586269378662109,10.007041931152344,11.484413146972656,
1.876,7.388299465179443,4.900339126586914,8.885146141052246,12.671946525573730,,5.631200790405273,5.381452083587646,9.655515670776367,10.987929344177246,
1.88,7.143167018890381,4.777768611907959,8.768157005310059,12.323971748352051,,5.414736270904541,5.170608520507813,9.342002868652344,10.475790977478027,
1.884,6.854036808013916,4.659219264984131,8.618661880493164,11.998734474182129,,5.217011451721191,5.029234409332275,9.126564979553223,10.061113357543945,
1.888,6.613067626953125,4.602650642395020,8.512657165527344,11.729786872863770,,4.992161750793457,4.907806396484375,8.934800148010254,9.712562561035156,
1.892,6.427412033081055,4.616451263427734,8.448822021484375,11.454296112060547,,4.784405708312988,4.777312755584717,8.762177467346191,9.417224884033203,
1.896,6.295650005340576,4.616333961486816,8.358513832092285,11.145169258117676,,4.624110221862793,4.655448913574219,8.580853462219238,9.139122962951660,
1.9,6.209889411926270,4.550047874450684,8.281720161437988,10.921324729919434,,4.492919445037842,4.573024272918701,8.350150108337402,8.873673439025879,
1.904,6.131130695343018,4.458698749542236,8.250392913818359,10.823708534240723,,4.397443294525146,4.510216712951660,8.181512832641602,8.673327445983887,
1.908,6.053003787994385,4.377987861633301,8.222610473632813,10.761032104492188,,4.314916133880615,4.436003208160400,8.128521919250488,8.523198127746582,
1.912,5.955076694488525,4.321455955505371,8.203287124633789,10.730942726135254,,4.218686103820801,4.368227005004883,8.078792572021484,8.355288505554199,
1.916,5.847511291503906,4.304500102996826,8.211544990539551,10.778295516967773,,4.124849319458008,4.314337730407715,7.971625328063965,8.171232223510742,
1.92,5.789820194244385,4.312008857727051,8.222642898559570,10.833037376403809,,4.061748504638672,4.269658088684082,7.855316162109375,8.055094718933105,
1.924,5.788245201110840,4.322222709655762,8.213097572326660,10.831771850585938,,4.018893241882324,4.245870590209961,7.803818225860596,8.020255088806152,
1.928,5.804976940155029,4.327067375183105,8.195900917053223,10.821874618530273,,3.951238155364990,4.227269649505615,7.855659484863281,8.000215530395508,
1.932,5.814280033111572,4.301167488098145,8.201167106628418,10.878692626953125,,3.881515741348267,4.209201335906982,7.959252834320068,7.952213287353516,
1.936,5.813314914703369,4.248072147369385,8.230086326599121,11.028726577758789,,3.867991924285889,4.225552558898926,8.054687500000000,7.921765327453613,
1.94,5.822884559631348,4.201596736907959,8.274156570434570,11.223640441894531,,3.902625322341919,4.251469135284424,8.133563995361328,7.983537197113037,
1.944,5.884936332702637,4.145530223846436,8.313109397888184,11.447806358337402,,3.953196048736572,4.235257625579834,8.178203582763672,8.101106643676758,
1.948,6.003206729888916,4.072493076324463,8.319412231445313,11.705970764160156,,3.979877948760986,4.179338932037354,8.207078933715820,8.192303657531738,
1.952,6.094337463378906,4.029640674591064,8.320178031921387,11.930062294006348,,3.978419303894043,4.137989044189453,8.253606796264648,8.262277603149414,
1.956,6.116191387176514,4.015095233917236,8.360786437988281,12.092447280883789,,3.993873834609985,4.140999794006348,8.301854133605957,8.352588653564453,
1.96,6.142035484313965,3.988537788391113,8.445353507995605,12.279817581176758,,4.014300823211670,4.157305717468262,8.334990501403809,8.454189300537109,
1.964,6.217411994934082,3.949075937271118,8.549186706542969,12.542619705200195,,4.050671100616455,4.168399810791016,8.366024017333984,8.610401153564453,
1.968,6.299294948577881,3.899621009826660,8.620939254760742,12.805902481079102,,4.142178058624268,4.149666786193848,8.425434112548828,8.872900962829590,
1.972,6.398369789123535,3.853255033493042,8.684464454650879,13.061495780944824,,4.235173225402832,4.083649635314941,8.516377449035645,9.149452209472656,
1.976,6.555770397186279,3.856839179992676,8.815372467041016,13.377699851989746,,4.303349018096924,4.043331623077393,8.633218765258789,9.387352943420410,
1.98,6.728042602539063,3.908711433410645,8.973273277282715,13.731533050537109,,4.382138729095459,4.091586589813232,8.787099838256836,9.646611213684082,
1.984,6.888133525848389,3.946922302246094,9.124406814575195,14.122354507446289,,4.457993030548096,4.168268203735352,8.955063819885254,9.922600746154785,
1.988,7.050222396850586,3.939785003662109,9.291501998901367,14.554100036621094,,4.511798381805420,4.182173728942871,9.102464675903320,10.170583724975586,
1.992,7.208817481994629,3.910202980041504,9.436997413635254,14.943242073059082,,4.609769821166992,4.158677101135254,9.265102386474609,10.455235481262207,
1.996,7.352726936340332,3.903646945953369,9.532185554504395,15.276972770690918,,4.808718681335449,4.198922157287598,9.489748001098633,10.826452255249023,
2,7.497079849243164,3.934099674224854,9.669006347656250,15.646821022033691,,5.012073993682861,4.291341781616211,9.738960266113281,11.176104545593262,
2.004,7.659034729003906,3.974324703216553,9.920489311218262,16.080354690551758,,5.135203838348389,4.377835750579834,10.001436233520508,11.473740577697754,
2.008,7.812844276428223,4.032388210296631,10.199293136596680,16.473888397216797,,5.227852821350098,4.478815555572510,10.286651611328125,11.774579048156738,
2.012,7.961777687072754,4.127829551696777,10.461388587951660,16.848060607910156,,5.314278602600098,4.604642868041992,10.528809547424316,12.058567047119141,
2.016,8.111419677734375,4.225453376770020,10.745715141296387,17.284706115722656,,5.400535106658936,4.736970424652100,10.761060714721680,12.380188941955566,
2.02,8.221156120300293,4.291582107543945,11.020752906799316,17.693996429443359,,5.526872158050537,4.864195823669434,11.065425872802734,12.769340515136719,
2.024,8.291212081909180,4.333911418914795,11.265218734741211,18.059789657592773,,5.683389186859131,4.961956977844238,11.388610839843750,13.112876892089844,
2.028,8.361620903015137,4.394689083099365,11.492192268371582,18.435840606689453,,5.808992385864258,5.019976139068604,11.674701690673828,13.398481369018555,
2.032,8.446604728698730,4.494786262512207,11.674633979797363,18.773605346679688,,5.887068748474121,5.111728668212891,11.959746360778809,13.732228279113770,
2.036,8.542068481445313,4.572736740112305,11.811101913452148,19.030338287353516,,5.966065883636475,5.281700134277344,12.278462409973145,14.130113601684570,
2.04,8.662605285644531,4.599678993225098,11.967269897460938,19.252454757690430,,6.067427158355713,5.443553447723389,12.572896003723145,14.474987983703613,
2.044,8.788806915283203,4.617705345153809,12.161748886108398,19.496706008911133,,6.174904346466064,5.541512966156006,12.830174446105957,14.727996826171875,
2.048,8.872868537902832,4.636798858642578,12.328134536743164,19.736799240112305,,6.275395870208740,5.593653678894043,13.100592613220215,14.964447975158691,
2.052,8.903504371643066,4.659079551696777,12.463625907897949,19.945713043212891,,6.351865291595459,5.614740371704102,13.318208694458008,15.206819534301758,
2.056,8.889813423156738,4.695452213287354,12.597728729248047,20.126913070678711,,6.402813911437988,5.651335239410400,13.460780143737793,15.457805633544922,
2.06,8.871711730957031,4.737910270690918,12.694451332092285,20.240192413330078,,6.455358505249023,5.753421783447266,13.621898651123047,15.705200195312500,
2.064,8.858592033386230,4.761889457702637,12.741810798645020,20.272747039794922,,6.516398429870605,5.866729736328125,13.815449714660645,15.897681236267090,
2.068,8.812223434448242,4.744905948638916,12.767120361328125,20.272930145263672,,6.555826663970947,5.892645835876465,13.979107856750488,15.990006446838379,
2.072,8.753228187561035,4.690848827362061,12.789471626281738,20.253297805786133,,6.554073810577393,5.845964908599854,14.049999237060547,15.993888854980469,
2.076,8.716392517089844,4.632683277130127,12.803813934326172,20.206510543823242,,6.528142929077148,5.803996562957764,14.036676406860352,15.975222587585449,
2.08,8.684888839721680,4.613439559936523,12.780179977416992,20.163101196289063,,6.489996910095215,5.766017913818359,14.003205299377441,15.981880187988281,
2.084,8.625051498413086,4.614928722381592,12.708290100097656,20.121704101562500,,6.429546356201172,5.715166568756104,13.955965995788574,15.998309135437012,
2.088,8.527020454406738,4.582601070404053,12.621813774108887,20.040222167968750,,6.361045837402344,5.658449172973633,13.892549514770508,15.989270210266113,
2.092,8.399177551269531,4.496728897094727,12.524687767028809,19.897827148437500,,6.299588203430176,5.581971168518066,13.827062606811523,15.962388992309570,
2.096,8.266076087951660,4.359690666198730,12.392019271850586,19.707647323608398,,6.231512546539307,5.496989727020264,13.757369041442871,15.914973258972168,
2.1,8.179955482482910,4.225349426269531,12.252114295959473,19.548032760620117,,6.166847229003906,5.427904129028320,13.687921524047852,15.833554267883301,
2.104,8.132125854492188,4.146315574645996,12.123275756835938,19.407035827636719,,6.130643844604492,5.365212440490723,13.584390640258789,15.763570785522461,
2.108,8.057752609252930,4.087006092071533,11.988836288452148,19.197845458984375,,6.111714839935303,5.292969703674316,13.446405410766602,15.734635353088379,
2.112,7.925383090972900,3.998783111572266,11.854218482971191,19.002288818359375,,6.074033737182617,5.185906410217285,13.314150810241699,15.674872398376465,
2.116,7.747257709503174,3.906524658203125,11.743416786193848,18.886518478393555,,6.008104801177979,5.053943157196045,13.165285110473633,15.514654159545898,
2.12,7.581228256225586,3.849187612533569,11.623434066772461,18.724557876586914,,5.917143344879150,4.967243194580078,13.004249572753906,15.302128791809082,
2.124,7.446137428283691,3.799746751785278,11.434278488159180,18.443628311157227,,5.771903991699219,4.903563976287842,12.852016448974609,15.091130256652832,
2.128,7.319751739501953,3.727237701416016,11.225102424621582,18.153787612915039,,5.600946903228760,4.808844089508057,12.684357643127441,14.869735717773438,
2.132,7.199465751647949,3.625712156295776,11.057695388793945,17.918037414550781,,5.485042572021484,4.728399753570557,12.496987342834473,14.670136451721191,
2.136,7.067909240722656,3.492188930511475,10.936840057373047,17.688901901245117,,5.408780097961426,4.665006160736084,12.300776481628418,14.478517532348633,
2.14,6.934580326080322,3.374467134475708,10.856628417968750,17.460130691528320,,5.298969268798828,4.553933143615723,12.092088699340820,14.242860794067383,
2.144,6.820448398590088,3.303884744644165,10.761024475097656,17.234655380249023,,5.170406341552734,4.411074638366699,11.908036231994629,14.015396118164063,
2.148,6.715968132019043,3.252537488937378,10.624248504638672,17.006599426269531,,5.089949131011963,4.302080154418945,11.786889076232910,13.829846382141113,
2.152,6.596436500549316,3.206097841262817,10.502309799194336,16.804731369018555,,5.028983116149902,4.227409362792969,11.672211647033691,13.644099235534668,
2.156,6.450361728668213,3.156726121902466,10.394660949707031,16.632684707641602,,4.914784431457520,4.159229755401611,11.502028465270996,13.445174217224121,
2.16,6.318171977996826,3.108092546463013,10.260487556457520,16.475059509277344,,4.764856815338135,4.105946540832520,11.307388305664063,13.266767501831055,
2.164,6.226540565490723,3.064267635345459,10.125392913818359,16.322761535644531,,4.657761096954346,4.051680564880371,11.118123054504395,13.084617614746094,
2.168,6.159911155700684,3.016515731811523,10.039028167724609,16.139759063720703,,4.625101089477539,3.962178707122803,10.932559013366699,12.867234230041504,
2.172,6.090443611145020,2.982193231582642,9.988044738769531,15.936342239379883,,4.607525825500488,3.884257555007935,10.783090591430664,12.685102462768555,
2.176,5.997447490692139,2.964727163314819,9.915277481079102,15.774597167968750,,4.551540374755859,3.848257303237915,10.706726074218750,12.526809692382813,
2.18,5.892559051513672,2.948857784271240,9.815558433532715,15.641399383544922,,4.473052024841309,3.808228015899658,10.680143356323242,12.349516868591309,
2.184,5.797665596008301,2.944755077362061,9.726510047912598,15.483801841735840,,4.403112411499023,3.753437519073486,10.631701469421387,12.224058151245117,
2.188,5.728241920471191,2.965772151947021,9.685029029846191,15.318630218505859,,4.351064205169678,3.701209783554077,10.542817115783691,12.132102012634277,
2.192,5.684237003326416,2.977995157241821,9.683840751647949,15.191696166992188,,4.297561645507813,3.651077508926392,10.450709342956543,11.988861083984375,
2.196,5.642596244812012,2.930885076522827,9.654571533203125,15.100710868835449,,4.228784084320068,3.616473436355591,10.369000434875488,11.810353279113770,
2.2,5.571322441101074,2.845499753952026,9.580567359924316,15.026829719543457,,4.167057514190674,3.609475374221802,10.298234939575195,11.692386627197266,
2.204,5.477807521820068,2.783816814422607,9.523709297180176,14.945020675659180,,4.104680538177490,3.597367525100708,10.226294517517090,11.634196281433105,
2.208,5.405935764312744,2.783048629760742,9.486630439758301,14.831941604614258,,4.005407333374023,3.554462194442749,10.143310546875000,11.540186882019043,
2.212,5.356654644012451,2.818917751312256,9.463315010070801,14.729063034057617,,3.888147830963135,3.511200189590454,10.099742889404297,11.430651664733887,
2.216,5.310339450836182,2.824240684509277,9.479992866516113,14.697215080261230,,3.822088956832886,3.496227264404297,10.081262588500977,11.340721130371094,
2.22,5.276105403900146,2.791112899780273,9.481444358825684,14.713059425354004,,3.840665102005005,3.498566389083862,10.013822555541992,11.241225242614746,
2.224,5.233012199401855,2.776944398880005,9.448168754577637,14.691618919372559,,3.881523370742798,3.507562160491943,9.925060272216797,11.172491073608398,
2.228,5.188613891601563,2.812780618667603,9.436163902282715,14.615775108337402,,3.887133121490479,3.514333963394165,9.870336532592773,11.177137374877930,
2.232,5.212954044342041,2.867394208908081,9.452377319335938,14.566722869873047,,3.879423141479492,3.510170698165894,9.874101638793945,11.215963363647461,
2.236,5.293303966522217,2.898112058639526,9.496726036071777,14.623807907104492,,3.882532835006714,3.514070272445679,9.919744491577148,11.243079185485840,
2.24,5.349414825439453,2.897679567337036,9.580616950988770,14.741616249084473,,3.894387722015381,3.535266160964966,9.969083786010742,11.247934341430664,
2.244,5.349818706512451,2.883157968521118,9.668773651123047,14.818019866943359,,3.888576984405518,3.550144195556641,10.014375686645508,11.251221656799316,
2.248,5.343848705291748,2.880802631378174,9.725194931030273,14.866846084594727,,3.848868370056152,3.533154964447021,10.050483703613281,11.271263122558594,
2.252,5.386130809783936,2.899844646453857,9.760245323181152,14.940554618835449,,3.823468208312988,3.478558778762817,10.089271545410156,11.298141479492188,
2.256,5.457078456878662,2.913047313690186,9.816216468811035,15.035153388977051,,3.845092296600342,3.431565046310425,10.136826515197754,11.332520484924316,
2.26,5.499155998229980,2.908618927001953,9.902787208557129,15.140656471252441,,3.908673763275146,3.440950870513916,10.184891700744629,11.396801948547363,
2.264,5.496235370635986,2.916095495223999,9.990703582763672,15.286000251770020,,3.993347883224487,3.484388351440430,10.242230415344238,11.507847785949707,
2.268,5.495193958282471,2.935591220855713,10.074891090393066,15.487952232360840,,4.046092987060547,3.519634246826172,10.323823928833008,11.664673805236816,
2.272,5.551260471343994,2.928399085998535,10.143283843994141,15.691915512084961,,4.051848411560059,3.567127943038940,10.449790000915527,11.815526008605957,
2.276,5.650057792663574,2.928871393203735,10.218414306640625,15.866732597351074,,4.050637245178223,3.657861709594727,10.609667778015137,11.927446365356445,
2.28,5.728198528289795,2.996671438217163,10.341276168823242,16.058784484863281,,4.073787212371826,3.734639167785645,10.747056007385254,12.062946319580078,
2.284,5.774390697479248,3.082405328750610,10.488814353942871,16.299352645874023,,4.137251853942871,3.749156951904297,10.856134414672852,12.231909751892090,
2.288,5.817857265472412,3.126697301864624,10.627246856689453,16.538644790649414,,4.234733581542969,3.738208770751953,10.972879409790039,12.378158569335938,
2.292,5.878068923950195,3.144242763519287,10.739541053771973,16.743215560913086,,4.310008525848389,3.729030370712280,11.067850112915039,12.508516311645508,
2.296,5.955246448516846,3.164602994918823,10.845821380615234,16.943031311035156,,4.325160503387451,3.738825082778931,11.153086662292480,12.667745590209961,
2.3,6.040704727172852,3.211916923522949,10.981124877929688,17.138195037841797,,4.315172195434570,3.797722339630127,11.268193244934082,12.858480453491211,
2.304,6.142492771148682,3.278884649276733,11.129521369934082,17.358533859252930,,4.339807033538818,3.885423421859741,11.366641044616699,13.022917747497559,
2.308,6.256566047668457,3.327262163162231,11.237892150878906,17.642917633056641,,4.415852069854736,3.945213556289673,11.451661109924316,13.124728202819824,
2.312,6.354368686676025,3.334048986434937,11.292912483215332,17.896926879882813,,4.494259357452393,3.968309402465820,11.562117576599121,13.212997436523438,
2.316,6.436741352081299,3.322392940521240,11.355158805847168,18.057256698608398,,4.543800830841064,3.977237939834595,11.681215286254883,13.350116729736328,
2.32,6.525020122528076,3.337053775787354,11.448520660400391,18.184074401855469,,4.572084426879883,3.982754230499268,11.804287910461426,13.521595001220703,
2.324,6.593997955322266,3.372103691101074,11.531968116760254,18.298505783081055,,4.587449550628662,4.021411895751953,11.925689697265625,13.664782524108887,
2.328,6.588338851928711,3.389234542846680,11.596404075622559,18.411861419677734,,4.621001243591309,4.105658054351807,12.030229568481445,13.758663177490234,
2.332,6.545575141906738,3.408476591110229,11.680668830871582,18.557617187500000,,4.675512790679932,4.172780990600586,12.116193771362305,13.831373214721680,
2.336,6.571395397186279,3.460376977920532,11.785091400146484,18.712972640991211,,4.734134674072266,4.182818412780762,12.172648429870605,13.901067733764648,
2.34,6.657965183258057,3.494148015975952,11.839280128479004,18.826639175415039,,4.786223888397217,4.182862758636475,12.203610420227051,13.972415924072266,
2.344,6.731966018676758,3.503532648086548,11.845231056213379,18.875108718872070,,4.803631782531738,4.209303855895996,12.231729507446289,14.048503875732422,
2.348,6.778965950012207,3.526446819305420,11.860305786132813,18.878215789794922,,4.787725925445557,4.215813636779785,12.274362564086914,14.135792732238770,
2.352,6.793570518493652,3.528115987777710,11.880591392517090,18.870689392089844,,4.778236865997314,4.182227611541748,12.332061767578125,14.200204849243164,
2.356,6.774331569671631,3.479739904403687,11.904457092285156,18.855300903320313,,4.785590648651123,4.155824661254883,12.377118110656738,14.181251525878906,
2.36,6.742537498474121,3.426108360290527,11.941473007202148,18.826587677001953,,4.776925563812256,4.185367584228516,12.375939369201660,14.105521202087402,
2.364,6.706202030181885,3.421500682830811,11.970561027526855,18.821220397949219,,4.761039257049561,4.247291564941406,12.338143348693848,14.061782836914063,
2.368,6.680859565734863,3.450819969177246,11.979048728942871,18.847055435180664,,4.766339302062988,4.274108886718750,12.319204330444336,14.077749252319336,
2.372,6.663830757141113,3.475192785263062,11.968276023864746,18.834911346435547,,4.779626846313477,4.265990257263184,12.322923660278320,14.111653327941895,
2.376,6.629906654357910,3.477087974548340,11.941967964172363,18.764745712280273,,4.796320915222168,4.212103366851807,12.304359436035156,14.115600585937500,
2.38,6.605298519134521,3.461827516555786,11.913619041442871,18.696020126342773,,4.812241554260254,4.110392570495605,12.259524345397949,14.071367263793945,
2.384,6.617365360260010,3.443989038467407,11.875483512878418,18.629503250122070,,4.799099922180176,4.057983398437500,12.209593772888184,14.012070655822754,
2.388,6.649572372436523,3.425269126892090,11.818778991699219,18.534786224365234,,4.766993045806885,4.094092369079590,12.178744316101074,13.965857505798340,
2.392,6.675541877746582,3.420336008071899,11.776209831237793,18.449047088623047,,4.749648571014404,4.134881019592285,12.143846511840820,13.932369232177734,
2.396,6.647943019866943,3.435513734817505,11.729781150817871,18.402387619018555,,4.741621971130371,4.118385314941406,12.050417900085449,13.909680366516113,
2.4,6.541168212890625,3.443291664123535,11.618524551391602,18.377323150634766,,4.718888759613037,4.077633380889893,11.918325424194336,13.876420021057129,
2.404,6.420990943908691,3.424709558486938,11.500127792358398,18.329555511474609,,4.678028106689453,4.044283390045166,11.809538841247559,13.792390823364258,
2.408,6.377095699310303,3.396670103073120,11.466047286987305,18.217859268188477,,4.640285015106201,4.002192020416260,11.732644081115723,13.659082412719727,
2.412,6.407061100006104,3.390606641769409,11.467212677001953,18.061302185058594,,4.609832286834717,3.963779926300049,11.660860061645508,13.538674354553223,
2.416,6.435699462890625,3.396554708480835,11.427937507629395,17.915258407592773,,4.580938339233398,3.924988031387329,11.579321861267090,13.397559165954590,
2.42,6.431042194366455,3.366204738616943,11.357005119323730,17.834896087646484,,4.553967475891113,3.871863842010498,11.475650787353516,13.165768623352051,
2.424,6.411098003387451,3.327990531921387,11.279531478881836,17.793199539184570,,4.507605075836182,3.842121601104736,11.342731475830078,12.949306488037109,
2.428,6.378021240234375,3.327779054641724,11.223508834838867,17.717947006225586,,4.449716091156006,3.821293592453003,11.184019088745117,12.839987754821777,
2.432,6.337484836578369,3.335458517074585,11.205886840820313,17.636234283447266,,4.392707347869873,3.775423049926758,11.006785392761230,12.745094299316406,
2.436,6.315422058105469,3.346282958984375,11.191915512084961,17.585456848144531,,4.322338104248047,3.728498935699463,10.834142684936523,12.586368560791016,
2.44,6.309240341186523,3.345048427581787,11.147227287292480,17.558595657348633,,4.274789333343506,3.702077388763428,10.705259323120117,12.428035736083984,
2.444,6.295305728912354,3.301638841629028,11.093006134033203,17.538270950317383,,4.283312797546387,3.694165468215942,10.615020751953125,12.299109458923340,
2.448,6.279011726379395,3.258259057998657,11.059230804443359,17.492010116577148,,4.295863151550293,3.685114622116089,10.520672798156738,12.161202430725098,
2.452,6.280794143676758,3.237625837326050,11.050152778625488,17.423686981201172,,4.248898506164551,3.646996498107910,10.427084922790527,12.055065155029297,
2.456,6.300391674041748,3.224938631057739,11.052126884460449,17.378309249877930,,4.178494930267334,3.582899093627930,10.377621650695801,12.015186309814453,
2.46,6.315486431121826,3.235677242279053,11.051979064941406,17.386850357055664,,4.138599872589111,3.542242765426636,10.376041412353516,12.003534317016602,
2.464,6.318092346191406,3.267601966857910,11.045222282409668,17.412771224975586,,4.113674163818359,3.557628154754639,10.372223854064941,11.967329025268555,
2.468,6.327540874481201,3.294024944305420,11.038000106811523,17.414060592651367,,4.110123157501221,3.598163366317749,10.337692260742188,11.893149375915527,
2.472,6.345750808715820,3.304610490798950,11.041596412658691,17.405576705932617,,4.125857353210449,3.631889343261719,10.294701576232910,11.820881843566895,
2.476,6.353129863739014,3.319352149963379,11.054827690124512,17.391298294067383,,4.124128818511963,3.662195444107056,10.271944999694824,11.776257514953613,
2.48,6.337349891662598,3.361141681671143,11.078211784362793,17.371601104736328,,4.104528903961182,3.697235107421875,10.288863182067871,11.761960029602051,
2.484,6.307975769042969,3.390409469604492,11.101999282836914,17.376159667968750,,4.085929393768311,3.715207338333130,10.323842048645020,11.792798042297363,
2.488,6.311810016632080,3.375077724456787,11.128041267395020,17.424964904785156,,4.099105834960938,3.710832595825195,10.329823493957520,11.864119529724121,
2.492,6.358050346374512,3.378540277481079,11.175111770629883,17.494449615478516,,4.159532070159912,3.718231201171875,10.309141159057617,11.919125556945801,
2.496,6.389060497283936,3.436907768249512,11.230445861816406,17.530122756958008,,4.219429016113281,3.727622032165527,10.306283950805664,11.920000076293945,
2.5,6.394959926605225,3.483736038208008,11.258996963500977,17.529901504516602,,4.231252670288086,3.723616123199463,10.342640876770020,11.906110763549805,
2.504,6.415402412414551,3.493622779846191,11.283647537231445,17.550155639648438,,4.217481613159180,3.720117568969727,10.377192497253418,11.927989959716797,
2.508,6.459571361541748,3.509581089019775,11.349361419677734,17.602777481079102,,4.231513500213623,3.724401473999023,10.372277259826660,11.979937553405762,
2.512,6.503691673278809,3.527852773666382,11.404265403747559,17.665208816528320,,4.274028301239014,3.752239227294922,10.371398925781250,12.021835327148438,
2.516,6.540691852569580,3.538376331329346,11.405466079711914,17.707660675048828,,4.308480262756348,3.807393074035645,10.419866561889648,12.016831398010254,
2.52,6.576076507568359,3.554218769073486,11.418309211730957,17.716386795043945,,4.342646121978760,3.837747573852539,10.492239952087402,11.976181983947754,
2.524,6.582961559295654,3.568393945693970,11.491443634033203,17.734579086303711,,4.364747524261475,3.814813375473022,10.560328483581543,11.962640762329102,
2.528,6.553753852844238,3.580454349517822,11.572754859924316,17.771881103515625,,4.353913784027100,3.799954175949097,10.620337486267090,11.987077713012695,
2.532,6.547071933746338,3.602766752243042,11.577025413513184,17.789728164672852,,4.357562065124512,3.837434768676758,10.662976264953613,12.032610893249512,
2.536,6.585601806640625,3.644831418991089,11.537661552429199,17.794950485229492,,4.390612125396729,3.878350257873535,10.660466194152832,12.099267959594727,
2.54,6.612249374389648,3.678915977478027,11.554018974304199,17.837978363037109,,4.417337894439697,3.879796743392944,10.614939689636230,12.154695510864258,
2.544,6.634728431701660,3.674399614334106,11.605142593383789,17.940530776977539,,4.429599761962891,3.875093698501587,10.598748207092285,12.187851905822754,
2.548,6.695760726928711,3.663584470748901,11.643469810485840,18.060937881469727,,4.451864242553711,3.895000696182251,10.644829750061035,12.219843864440918,
2.552,6.753038883209229,3.679570913314819,11.669878959655762,18.137521743774414,,4.494555473327637,3.926422834396362,10.698357582092285,12.244706153869629,
2.556,6.765147209167480,3.708604097366333,11.686281204223633,18.178461074829102,,4.534119129180908,3.946909427642822,10.719975471496582,12.245939254760742,
2.56,6.753990173339844,3.728272676467896,11.701882362365723,18.250709533691406,,4.571873664855957,3.963013887405396,10.725875854492188,12.246769905090332,
2.564,6.773286342620850,3.740607261657715,11.734195709228516,18.355340957641602,,4.624358654022217,3.984348058700562,10.766256332397461,12.299811363220215,
2.568,6.841829299926758,3.767825603485107,11.781605720520020,18.422332763671875,,4.669188499450684,3.991147279739380,10.848800659179688,12.399734497070313,
2.572,6.914355278015137,3.794269084930420,11.827090263366699,18.444751739501953,,4.679312705993652,3.999377727508545,10.901474952697754,12.480548858642578,
2.576,6.956095218658447,3.776629924774170,11.867081642150879,18.479185104370117,,4.683735370635986,4.035696029663086,10.913928985595703,12.540114402770996,
2.58,6.976068496704102,3.748599767684937,11.885926246643066,18.541006088256836,,4.722837448120117,4.079613685607910,10.957682609558105,12.613312721252441,
2.584,7.010903358459473,3.770524263381958,11.871758460998535,18.602043151855469,,4.757096767425537,4.122326374053955,11.037695884704590,12.676390647888184,
2.588,7.072560787200928,3.818577766418457,11.829541206359863,18.617073059082031,,4.762240409851074,4.168193817138672,11.083931922912598,12.711647987365723,
2.592,7.114212036132813,3.832325458526611,11.796091079711914,18.580234527587891,,4.762475013732910,4.202595710754395,11.102899551391602,12.742270469665527,
2.596,7.127972126007080,3.810046911239624,11.803800582885742,18.568895339965820,,4.759609699249268,4.211606025695801,11.143565177917480,12.789828300476074,
2.6,7.138499259948730,3.783117294311523,11.823852539062500,18.621337890625000,,4.772396087646484,4.218499183654785,11.167745590209961,12.852490425109863,
2.604,7.132977008819580,3.751705169677734,11.829764366149902,18.667116165161133,,4.818205833435059,4.248051643371582,11.167000770568848,12.900275230407715,
2.608,7.110477447509766,3.736845970153809,11.819526672363281,18.663089752197266,,4.895385265350342,4.267271041870117,11.194490432739258,12.925657272338867,
2.612,7.092708587646484,3.777479648590088,11.802459716796875,18.613134384155273,,4.975713253021240,4.254596710205078,11.252840995788574,12.951687812805176,
2.616,7.087170600891113,3.839712142944336,11.781181335449219,18.532489776611328,,5.007673740386963,4.250310897827148,11.290216445922852,12.964767456054688,
2.62,7.090328216552734,3.844160795211792,11.749584197998047,18.460542678833008,,4.995940685272217,4.256129741668701,11.287178993225098,12.955665588378906,
2.624,7.081075191497803,3.804651975631714,11.701145172119141,18.388225555419922,,4.989789485931396,4.255793571472168,11.277159690856934,12.949160575866699,
2.628,7.048220634460449,3.794135093688965,11.627743721008301,18.286556243896484,,5.004046916961670,4.295419692993164,11.271310806274414,12.937829017639160,
2.632,7.037812709808350,3.809619188308716,11.551484107971191,18.190355300903320,,5.043427944183350,4.362563133239746,11.265986442565918,12.914570808410645,
2.636,7.047693252563477,3.805394411087036,11.515965461730957,18.140371322631836,,5.107084274291992,4.408255100250244,11.267812728881836,12.900593757629395,
2.64,7.016956329345703,3.770559549331665,11.537989616394043,18.119783401489258,,5.122433662414551,4.444762229919434,11.272223472595215,12.881770133972168,
2.644,6.961003303527832,3.763794422149658,11.573382377624512,18.096174240112305,,5.081241607666016,4.448719978332520,11.270798683166504,12.855738639831543,
2.648,6.935636997222900,3.820770025253296,11.592253684997559,18.057941436767578,,5.080372810363770,4.406873226165771,11.259688377380371,12.876208305358887,
2.652,6.943327426910400,3.861657381057739,11.580586433410645,17.999610900878906,,5.117377281188965,4.390451431274414,11.243700981140137,12.966196060180664,
2.656,6.945366859436035,3.828481674194336,11.531311988830566,17.932048797607422,,5.147439002990723,4.416399478912354,11.229496002197266,13.050819396972656,
2.66,6.923809051513672,3.771540164947510,11.497633934020996,17.875812530517578,,5.170943737030029,4.433187484741211,11.212428092956543,13.049159049987793,
2.664,6.894869327545166,3.762459516525269,11.465643882751465,17.811000823974609,,5.171413898468018,4.419711112976074,11.204837799072266,13.003197669982910,
2.668,6.865697860717773,3.805253744125366,11.377766609191895,17.733154296875000,,5.157437801361084,4.393244266510010,11.220133781433105,12.985431671142578,
2.672,6.836601257324219,3.827064037322998,11.282434463500977,17.653476715087891,,5.169167041778564,4.396874904632568,11.257366180419922,13.000022888183594,
2.676,6.818741321563721,3.794752836227417,11.234639167785645,17.568437576293945,,5.193335533142090,4.434658527374268,11.302444458007813,13.015210151672363,
2.68,6.829601764678955,3.764616250991821,11.223044395446777,17.512435913085938,,5.183558940887451,4.461977005004883,11.301824569702148,12.996488571166992,
2.684,6.866774559020996,3.776076555252075,11.226284980773926,17.477333068847656,,5.147870063781738,4.468201637268066,11.247400283813477,12.959035873413086,
2.688,6.871905326843262,3.788857221603394,11.204145431518555,17.408102035522461,,5.120968818664551,4.473735332489014,11.199375152587891,12.943036079406738,
2.692,6.821206092834473,3.786086082458496,11.158997535705566,17.314193725585938,,5.123944759368896,4.493538379669189,11.185371398925781,12.934203147888184,
2.696,6.769195556640625,3.808907985687256,11.129986763000488,17.234752655029297,,5.156703472137451,4.507378101348877,11.175607681274414,12.911050796508789,
2.7,6.753146648406982,3.840331315994263,11.101211547851563,17.175161361694336,,5.191229343414307,4.490517616271973,11.140346527099609,12.908757209777832,
2.704,6.761911392211914,3.831959486007690,11.052364349365234,17.110486984252930,,5.213718414306641,4.482182979583740,11.125384330749512,12.923211097717285,
2.708,6.768826007843018,3.785683631896973,10.974403381347656,17.011884689331055,,5.241518497467041,4.516196727752686,11.163131713867188,12.883392333984375,
2.712,6.759514331817627,3.731221199035645,10.882810592651367,16.909555435180664,,5.265035152435303,4.556465148925781,11.198108673095703,12.813521385192871,
2.716,6.719754219055176,3.700348854064941,10.815116882324219,16.839462280273438,,5.265840053558350,4.557572364807129,11.184767723083496,12.801248550415039,
2.72,6.670929431915283,3.676615476608276,10.769016265869141,16.773693084716797,,5.271627426147461,4.532418727874756,11.115496635437012,12.825386047363281,
2.724,6.646722793579102,3.631411790847778,10.742774009704590,16.708824157714844,,5.283583641052246,4.529862403869629,11.054985046386719,12.811850547790527,
2.728,6.626066207885742,3.628084182739258,10.734546661376953,16.673631668090820,,5.273297309875488,4.561345100402832,11.069514274597168,12.770615577697754,
2.732,6.607279777526855,3.692044019699097,10.715714454650879,16.642009735107422,,5.259549617767334,4.609428405761719,11.105603218078613,12.753166198730469,
2.736,6.607282638549805,3.729084730148315,10.677338600158691,16.565185546875000,,5.255486488342285,4.647795200347900,11.131716728210449,12.755754470825195,
2.74,6.609675884246826,3.708718061447144,10.625468254089355,16.479396820068359,,5.256006717681885,4.661393165588379,11.161303520202637,12.757475852966309,
2.744,6.620031833648682,3.695510387420654,10.576375961303711,16.429708480834961,,5.274455547332764,4.677218437194824,11.164790153503418,12.767545700073242,
2.748,6.643774986267090,3.701955318450928,10.554034233093262,16.392284393310547,,5.318780899047852,4.710440635681152,11.145590782165527,12.805729866027832,
2.752,6.646987438201904,3.694815397262573,10.553945541381836,16.366390228271484,,5.370547771453857,4.744804382324219,11.149029731750488,12.865976333618164,
2.756,6.617434501647949,3.667088508605957,10.545609474182129,16.365312576293945,,5.404241561889648,4.771170616149902,11.177289962768555,12.906328201293945,
2.76,6.570855140686035,3.639669895172119,10.504920005798340,16.369115829467773,,5.436511993408203,4.766968727111816,11.213082313537598,12.919108390808105,
2.764,6.525931358337402,3.632510662078857,10.447795867919922,16.356660842895508,,5.471848964691162,4.745726108551025,11.275089263916016,12.975641250610352,
2.768,6.501827239990234,3.638055801391602,10.403063774108887,16.324916839599609,,5.490859985351563,4.772678852081299,11.349700927734375,13.107831954956055,
2.772,6.514627933502197,3.643217563629150,10.389340400695801,16.281822204589844,,5.509167194366455,4.829184055328369,11.403783798217773,13.211840629577637,
2.776,6.552787303924561,3.630422830581665,10.409215927124023,16.231838226318359,,5.543715000152588,4.871339797973633,11.466843605041504,13.249705314636230,
2.78,6.573649406433105,3.611788272857666,10.450831413269043,16.176221847534180,,5.588221549987793,4.913823127746582,11.562458992004395,13.321393013000488,
2.784,6.570030212402344,3.623825311660767,10.486948966979980,16.129699707031250,,5.625634193420410,4.962477684020996,11.651671409606934,13.418141365051270,
2.788,6.567770004272461,3.647244215011597,10.469588279724121,16.109275817871094,,5.649245262145996,4.994925498962402,11.693968772888184,13.459364891052246,
2.792,6.574165821075439,3.632721424102783,10.406353950500488,16.107091903686523,,5.683044910430908,5.009580612182617,11.698887825012207,13.468718528747559,
2.796,6.575619697570801,3.588292360305786,10.338851928710938,16.101062774658203,,5.750014305114746,5.019036769866943,11.732247352600098,13.503198623657227,
2.8,6.565488338470459,3.564279317855835,10.286673545837402,16.089920043945313,,5.812399864196777,4.995039939880371,11.820430755615234,13.540262222290039,
2.804,6.557099819183350,3.574734687805176,10.257371902465820,16.077884674072266,,5.845500469207764,4.984174251556396,11.903683662414551,13.566922187805176,
2.808,6.552695274353027,3.593361139297485,10.238276481628418,16.044754028320313,,5.868869304656982,5.055578708648682,11.934922218322754,13.624457359313965,
2.812,6.543474674224854,3.591451406478882,10.216843605041504,16.004722595214844,,5.857890605926514,5.140217781066895,11.923332214355469,13.685723304748535,
2.816,6.523398876190186,3.576345205307007,10.194075584411621,15.996697425842285,,5.840480327606201,5.164838314056396,11.916681289672852,13.727895736694336,
2.82,6.493504047393799,3.558514595031738,10.184596061706543,15.992263793945313,,5.890841960906982,5.166108608245850,11.957626342773438,13.772908210754395,
2.824,6.460729122161865,3.547510862350464,10.166763305664063,15.947190284729004,,5.973814487457275,5.197664260864258,12.028038978576660,13.799616813659668,
2.828,6.437954425811768,3.552850723266602,10.104039192199707,15.871178627014160,,6.016433715820313,5.239358425140381,12.067164421081543,13.813796997070313,
2.832,6.436789989471436,3.535362005233765,10.026502609252930,15.816507339477539,,6.010097503662109,5.267337322235107,12.063848495483398,13.877365112304688,
2.836,6.441012382507324,3.486810922622681,9.989175796508789,15.770801544189453,,5.985373497009277,5.284179687500000,12.063880920410156,13.971534729003906,
2.84,6.415770530700684,3.457688808441162,9.983976364135742,15.669550895690918,,5.976601123809814,5.280409336090088,12.094254493713379,14.018706321716309,
2.844,6.355274200439453,3.461572885513306,9.934084892272949,15.570268630981445,,5.981534481048584,5.281618118286133,12.152986526489258,14.016818046569824,
2.848,6.318256855010986,3.453372240066528,9.842722892761230,15.530083656311035,,5.987172126770020,5.328044414520264,12.219795227050781,14.020626068115234,

Répétition:,2
,K-Delta Left,,,,,K-Delta Right,,,
temps (seconde),CHANNEL_1,CHANNEL_2,CHANNEL_3,CHANNEL_4,,CHANNEL_1,CHANNEL_2,CHANNEL_3,CHANNEL_4
0,8.613499641418457,4.513700008392334,8.611949920654297,13.735600471496582,,7.144400119781494,6.314899921417236,8.913700103759766,11.997750282287598,
0.004,8.535900115966797,4.506499767303467,8.561550140380859,13.743399620056152,,7.007900238037109,6.278200149536133,8.996700286865234,11.931150436401367,
0.008,8.525162696838379,4.508600711822510,8.570466995239258,13.736756324768066,,6.999022960662842,6.270764827728271,8.996748924255371,11.905980110168457,
0.012,8.501399993896484,4.518774986267090,8.606609344482422,13.699542999267578,,6.999008178710938,6.262754440307617,8.968755722045898,11.847010612487793,
0.016,8.437442779541016,4.531324386596680,8.621623992919922,13.626866340637207,,6.980226039886475,6.249382019042969,8.938703536987305,11.780540466308594,
0.02,8.327470779418945,4.535420417785645,8.587993621826172,13.552684783935547,,6.938673496246338,6.217119216918945,8.933098793029785,11.722784996032715,
0.024,8.197597503662109,4.537562370300293,8.535473823547363,13.492724418640137,,6.879096984863281,6.186901569366455,8.929208755493164,11.652094841003418,
0.028,8.066329002380371,4.526991367340088,8.473064422607422,13.397749900817871,,6.796917915344238,6.179302215576172,8.942770004272461,11.567116737365723,
0.032,7.942840099334717,4.471329212188721,8.408176422119141,13.245998382568359,,6.712902545928955,6.176824092864990,8.944754600524902,11.471248626708984,
0.036,7.848056793212891,4.375307083129883,8.348154067993164,13.122061729431152,,6.658694744110107,6.149550914764404,8.861962318420410,11.372969627380371,
0.04,7.782057285308838,4.287360191345215,8.286272048950195,13.054740905761719,,6.634651184082031,6.101417064666748,8.791133880615234,11.304961204528809,
0.044,7.718985080718994,4.238517284393311,8.227046966552734,12.982501029968262,,6.602678298950195,6.093346595764160,8.814432144165039,11.289455413818359,
0.048,7.636755466461182,4.202831745147705,8.171127319335938,12.918559074401855,,6.538530826568604,6.123171806335449,8.845525741577148,11.293903350830078,
0.052,7.548723697662354,4.165338516235352,8.117259025573730,12.889953613281250,,6.466819763183594,6.110326290130615,8.824604034423828,11.262652397155762,
0.056,7.475729465484619,4.127716064453125,8.086809158325195,12.848833084106445,,6.407865047454834,6.046937942504883,8.780956268310547,11.169982910156250,
0.06,7.409310817718506,4.067667484283447,8.077275276184082,12.756761550903320,,6.336942195892334,6.000401973724365,8.740527153015137,11.040518760681152,
0.064,7.342828273773193,4.002769470214844,8.050178527832031,12.627466201782227,,6.241864681243896,5.974280357360840,8.684274673461914,10.930730819702148,
0.068,7.259715557098389,3.969563961029053,7.977683544158936,12.489828109741211,,6.184876441955566,5.927030086517334,8.604658126831055,10.876068115234375,
0.072,7.166318893432617,3.947792530059814,7.875185012817383,12.370264053344727,,6.188385486602783,5.873257637023926,8.550518989562988,10.847418785095215,
0.076,7.105329513549805,3.916677236557007,7.796061515808105,12.265266418457031,,6.182928085327148,5.855635166168213,8.538594245910645,10.778942108154297,
0.08,7.073250770568848,3.872383356094360,7.736847877502441,12.128147125244141,,6.136025905609131,5.869327545166016,8.508110046386719,10.660910606384277,
0.084,7.022912025451660,3.816814184188843,7.665794849395752,11.929030418395996,,6.074655055999756,5.855940341949463,8.431776046752930,10.534805297851563,
0.088,6.918445110321045,3.771141290664673,7.578970909118652,11.704677581787109,,6.006213188171387,5.805156230926514,8.343840599060059,10.442848205566406,
0.092,6.779244899749756,3.724283695220947,7.458011627197266,11.502588272094727,,5.917388439178467,5.758932590484619,8.278735160827637,10.366156578063965,
0.096,6.619657516479492,3.652283430099487,7.290402889251709,11.278244018554688,,5.828558921813965,5.728622436523438,8.242764472961426,10.237569808959961,
0.1,6.429099082946777,3.583499193191528,7.093913078308105,10.958580017089844,,5.755128383636475,5.700926303863525,8.205085754394531,10.038081169128418,
0.104,6.239792823791504,3.539213418960571,6.901251316070557,10.580553054809570,,5.679573535919189,5.673326969146729,8.134882926940918,9.819807052612305,
0.108,6.067515373229980,3.473383665084839,6.684381484985352,10.175594329833984,,5.599143028259277,5.653594970703125,8.015659332275391,9.679176330566406,
0.112,5.873459815979004,3.371041774749756,6.398180007934570,9.709244728088379,,5.514325141906738,5.616735935211182,7.872087478637695,9.599174499511719,
0.116,5.656816482543945,3.264744281768799,6.101752758026123,9.218017578125000,,5.435614585876465,5.545466423034668,7.749414920806885,9.449568748474121,
0.12,5.427094936370850,3.145476102828979,5.801393985748291,8.715878486633301,,5.377342700958252,5.475280284881592,7.635280609130859,9.219542503356934,
0.124,5.161184310913086,3.014197587966919,5.457935810089111,8.191992759704590,,5.300622940063477,5.423098087310791,7.518594741821289,8.992724418640137,
0.128,4.893395423889160,2.896973609924316,5.150795459747314,7.732040405273438,,5.175167083740234,5.367601394653320,7.389108657836914,8.762028694152832,
0.132,4.683620929718018,2.789167642593384,4.905129909515381,7.367266654968262,,5.014930248260498,5.288582324981689,7.204604148864746,8.470263481140137,
0.136,4.535374641418457,2.652670145034790,4.639599800109863,6.990582942962646,,4.840207099914551,5.167366981506348,6.974239826202393,8.151812553405762,
0.14,4.390848636627197,2.472961187362671,4.332726955413818,6.543295860290527,,4.656795978546143,5.000266551971436,6.697370052337646,7.798902511596680,
0.144,4.235962867736816,2.303986072540283,4.037584304809570,6.115931510925293,,4.470108509063721,4.829411029815674,6.354161739349365,7.370448112487793,
0.148,4.113867759704590,2.184437036514282,3.755623340606689,5.751905918121338,,4.322794914245605,4.697683334350586,6.023053169250488,6.966867446899414,
0.152,4.011282920837402,2.099261283874512,3.467130422592163,5.404091835021973,,4.201387405395508,4.612610340118408,5.707391738891602,6.633491039276123,
0.156,3.908409118652344,2.026250839233398,3.234892368316650,5.082564830780029,,4.061353206634521,4.550960063934326,5.361306190490723,6.327212810516357,
0.16,3.812220096588135,1.959863781929016,3.072885751724243,4.795389652252197,,3.936259746551514,4.476660251617432,5.094614028930664,6.059357643127441,
0.164,3.713640451431274,1.907005906105042,2.920192480087280,4.545378684997559,,3.856994867324829,4.393168926239014,4.969438552856445,5.822386264801025,
0.168,3.631799697875977,1.882468223571777,2.773809909820557,4.369774341583252,,3.859983682632446,4.331471443176270,4.900525569915771,5.609313011169434,
0.172,3.594636201858521,1.886236310005188,2.650732755661011,4.254146099090576,,3.965105533599854,4.321970939636230,4.820179462432861,5.463652133941650,
0.176,3.600721836090088,1.905417799949646,2.538564920425415,4.143138885498047,,4.091229438781738,4.367515087127686,4.711071014404297,5.390330791473389,
0.18,3.642386674880981,1.937753558158875,2.432277441024780,4.007174968719482,,4.190002441406250,4.429964065551758,4.542725086212158,5.345316886901855,
0.184,3.687645673751831,1.964091300964355,2.348693609237671,3.874169111251831,,4.281695365905762,4.464831352233887,4.337372779846191,5.294012069702148,
0.188,3.725543022155762,1.974679112434387,2.290432691574097,3.750822544097900,,4.357938766479492,4.446312427520752,4.174393177032471,5.223524570465088,
0.192,3.790738105773926,2.000891685485840,2.235594272613525,3.614671468734741,,4.363851547241211,4.394391059875488,4.072277069091797,5.087326526641846,
0.196,3.898089408874512,2.055651664733887,2.186123609542847,3.508814096450806,,4.276996135711670,4.335566997528076,3.978274106979370,4.860170364379883,
0.2,4.012229442596436,2.112397432327271,2.142965316772461,3.441697835922241,,4.164445400238037,4.252896785736084,3.836877584457397,4.636705875396729,
0.204,4.091004848480225,2.149984121322632,2.093265295028687,3.368978500366211,,4.064263820648193,4.123764514923096,3.670105695724487,4.473002433776855,
0.208,4.153601169586182,2.166948318481445,2.051690340042114,3.312932491302490,,3.891546487808228,3.954604625701904,3.503769874572754,4.313446521759033,
0.212,4.234898090362549,2.199256420135498,2.036086797714233,3.303004026412964,,3.604497194290161,3.756645441055298,3.315653562545776,4.107016086578369,
0.216,4.300627231597900,2.259120225906372,2.018048763275146,3.279629945755005,,3.346746683120728,3.540722608566284,3.142812490463257,3.859596729278564,
0.22,4.310833454132080,2.298359870910645,1.967209935188293,3.200378656387329,,3.166778087615967,3.312354326248169,2.989257574081421,3.625601768493652,
0.224,4.269902706146240,2.302772045135498,1.925815343856812,3.130343198776245,,2.983802556991577,3.083155870437622,2.819390535354614,3.439434289932251,
0.228,4.227560520172119,2.302425146102905,1.928553819656372,3.112259864807129,,2.815985202789307,2.905990123748779,2.690579891204834,3.261511325836182,
0.232,4.226820945739746,2.307906627655029,1.944011449813843,3.108654737472534,,2.629359006881714,2.774756193161011,2.632639884948730,3.062530517578125,
0.236,4.216752052307129,2.292713880538940,1.936491012573242,3.076338052749634,,2.386055707931519,2.640573978424072,2.611796855926514,2.893599510192871,
0.24,4.176807880401611,2.253484487533569,1.871455192565918,3.013197422027588,,2.205429315567017,2.526852369308472,2.617037534713745,2.800311803817749,
0.244,4.135522842407227,2.222378253936768,1.778514742851257,2.968245744705200,,2.140991926193237,2.451203346252441,2.636461257934570,2.757147073745728,
0.248,4.107976913452148,2.219758749008179,1.753647327423096,2.985554218292236,,2.140809297561646,2.431308269500732,2.637965440750122,2.736669540405273,
0.252,4.143174648284912,2.256693124771118,1.787902116775513,3.053413391113281,,2.180574655532837,2.483457803726196,2.625679254531860,2.758339405059814,
0.256,4.268887996673584,2.347223520278931,1.848643422126770,3.151464462280273,,2.237422704696655,2.535843849182129,2.633662462234497,2.822700023651123,
0.26,4.433911323547363,2.460367441177368,1.965170502662659,3.277299404144287,,2.325432300567627,2.569422483444214,2.629793643951416,2.917307376861572,
0.264,4.573147296905518,2.522854089736938,2.100677251815796,3.431236028671265,,2.470297813415527,2.640399932861328,2.587620496749878,3.046525239944458,
0.268,4.728899002075195,2.537153005599976,2.216515064239502,3.613411903381348,,2.649534463882446,2.748380661010742,2.565318346023560,3.188718080520630,
0.272,4.935299873352051,2.561256885528564,2.302526712417603,3.785618066787720,,2.887706279754639,2.892781257629395,2.609058618545532,3.359721899032593,
0.276,5.099616527557373,2.608146429061890,2.329432964324951,3.887220621109009,,3.201290369033813,3.078265905380249,2.704465389251709,3.586470842361450,
0.28,5.187242507934570,2.688256978988647,2.324418306350708,3.916271924972534,,3.509555816650391,3.270008563995361,2.815889120101929,3.827363967895508,
0.284,5.257914543151855,2.788821935653687,2.334874868392944,3.941674232482910,,3.793598651885986,3.453369617462158,2.943563938140869,4.062923908233643,
0.288,5.323309898376465,2.827337026596069,2.363914251327515,4.003385543823242,,4.134622097015381,3.679017066955566,3.134338140487671,4.376006126403809,
0.292,5.348048210144043,2.793837547302246,2.401470184326172,4.069743156433105,,4.561026573181152,3.965881586074829,3.375814437866211,4.799231529235840,
0.296,5.341281890869141,2.790739536285400,2.472635984420776,4.141216278076172,,4.978339672088623,4.240973949432373,3.571222305297852,5.178926944732666,
0.3,5.359202384948730,2.864861488342285,2.603650808334351,4.265986442565918,,5.337447643280029,4.470514774322510,3.676447629928589,5.489782810211182,
0.304,5.440008163452148,2.960367441177368,2.745786190032959,4.442225933074951,,5.669686317443848,4.670548439025879,3.749852657318115,5.844395637512207,
0.308,5.643537998199463,3.055877447128296,2.902265071868896,4.687163352966309,,5.968277931213379,4.834484577178955,3.860840082168579,6.170049190521240,
0.312,5.976826190948486,3.189287185668945,3.128608226776123,5.021147251129150,,6.277990341186523,4.996712684631348,4.008540630340576,6.421504497528076,
0.316,6.325870990753174,3.367803573608398,3.360281944274902,5.380174636840820,,6.627032756805420,5.200803279876709,4.148722171783447,6.671781063079834,
0.32,6.690228939056396,3.610770702362061,3.576341867446899,5.773867130279541,,6.944147109985352,5.392098426818848,4.292802333831787,6.911866664886475,
0.324,7.120921134948730,3.913189888000488,3.824875831604004,6.211080551147461,,7.197802543640137,5.521407604217529,4.469244480133057,7.142035007476807,
0.328,7.532167434692383,4.167868614196777,4.030163288116455,6.574800968170166,,7.473691463470459,5.687658309936523,4.683194160461426,7.437567710876465,
0.332,7.879870891571045,4.325782299041748,4.146684646606445,6.854036331176758,,7.840902328491211,5.969913005828857,4.943617820739746,7.838471889495850,
0.336,8.229336738586426,4.451484680175781,4.240149021148682,7.164726257324219,,8.226897239685059,6.271303176879883,5.199615478515625,8.294004440307617,
0.34,8.611495018005371,4.591063499450684,4.353531360626221,7.496486663818359,,8.641659736633301,6.585121154785156,5.467899322509766,8.804535865783691,
0.344,8.958367347717285,4.742953300476074,4.483948230743408,7.750211715698242,,9.172060012817383,6.988330841064453,5.791622638702393,9.388257026672363,
0.348,9.234507560729980,4.900455951690674,4.636548519134521,7.948277473449707,,9.732832908630371,7.374485015869141,6.089181900024414,9.935947418212891,
0.352,9.447110176086426,5.034986019134521,4.793158531188965,8.133807182312012,,10.346291542053223,7.695197582244873,6.368266582489014,10.477015495300293,
0.356,9.555655479431152,5.085660457611084,4.892592430114746,8.261596679687500,,11.117151260375977,8.063222885131836,6.683143138885498,11.112771034240723,
0.36,9.531847000122070,5.048680782318115,4.936100482940674,8.312480926513672,,11.889226913452148,8.506315231323242,6.963553905487061,11.735161781311035,
0.364,9.393015861511230,4.990826606750488,4.983995437622070,8.298828125000000,,12.537884712219238,8.977750778198242,7.173934936523438,12.262392044067383,
0.368,9.224317550659180,4.954419136047363,5.054765224456787,8.255052566528320,,13.218463897705078,9.511587142944336,7.426704406738281,12.828771591186523,
0.372,9.109851837158203,4.951801776885986,5.122139930725098,8.270263671875000,,14.052277565002441,10.154119491577148,7.796383857727051,13.517485618591309,
0.376,9.078020095825195,5.009161949157715,5.227221965789795,8.415089607238770,,14.900382995605469,10.806639671325684,8.200463294982910,14.174063682556152,
0.38,9.115181922912598,5.133457183837891,5.447012901306152,8.680049896240234,,15.780530929565430,11.456141471862793,8.615960121154785,14.793841361999512,
0.384,9.197959899902344,5.267541408538818,5.732132911682129,9.012414932250977,,16.820585250854492,12.171081542968750,9.072676658630371,15.506549835205078,
0.388,9.408730506896973,5.411730766296387,6.044204235076904,9.478835105895996,,17.817094802856445,12.842393875122070,9.480826377868652,16.215188980102539,
0.392,9.832249641418457,5.646554470062256,6.421967983245850,10.140145301818848,,18.668678283691406,13.442206382751465,9.809344291687012,16.886783599853516,
0.396,10.404708862304688,5.967682838439941,6.829837322235107,10.852156639099121,,19.485160827636719,14.027840614318848,10.133720397949219,17.569475173950195,
0.4,11.169638633728027,6.370179653167725,7.296301364898682,11.695192337036133,,20.202499389648438,14.512390136718750,10.485925674438477,18.163257598876953,
0.404,12.184794425964355,6.862627506256104,7.854137420654297,12.826043128967285,,20.763460159301758,14.870147705078125,10.880272865295410,18.675483703613281,
0.408,13.197797775268555,7.337520599365234,8.381282806396484,13.971879005432129,,21.288639068603516,15.257023811340332,11.365945816040039,19.270820617675781,
0.412,14.205424308776855,7.809022903442383,8.893318176269531,15.040684700012207,,21.844726562500000,15.751029968261719,11.925003051757813,19.983005523681641,
0.416,15.363246917724609,8.374062538146973,9.478704452514648,16.172294616699219,,22.344284057617188,16.241874694824219,12.420566558837891,20.641904830932617,
0.42,16.367568969726563,8.912645339965820,10.032783508300781,17.184314727783203,,22.824848175048828,16.706481933593750,12.887640953063965,21.242456436157227,
0.424,16.994606018066406,9.295433998107910,10.476531028747559,17.947584152221680,,23.366230010986328,17.192037582397461,13.424078941345215,21.919601440429688,
0.428,17.403882980346680,9.591310501098633,10.902618408203125,18.615533828735352,,23.837753295898438,17.635089874267578,13.917847633361816,22.563817977905273,
0.432,17.744775772094727,9.885041236877441,11.384924888610840,19.279800415039063,,24.257516860961914,18.034946441650391,14.363396644592285,23.136823654174805,
0.436,17.982843399047852,10.121380805969238,11.853134155273438,19.856790542602539,,24.785514831542969,18.444419860839844,14.835462570190430,23.773508071899414,
0.44,18.039228439331055,10.260410308837891,12.296233177185059,20.366235733032227,,25.351844787597656,18.796051025390625,15.262424468994141,24.442638397216797,
0.444,17.945413589477539,10.345595359802246,12.734564781188965,20.908374786376953,,25.851331710815430,19.018108367919922,15.586571693420410,25.048816680908203,
0.448,17.818044662475586,10.406272888183594,13.087348937988281,21.427915573120117,,26.335876464843750,19.176992416381836,15.887540817260742,25.651069641113281,
0.452,17.785970687866211,10.426518440246582,13.406265258789063,21.940273284912109,,26.817993164062500,19.350751876831055,16.228769302368164,26.306776046752930,
0.456,17.909309387207031,10.389813423156738,13.767910003662109,22.568611145019531,,27.169902801513672,19.471122741699219,16.523956298828125,26.899953842163086,
0.46,18.173295974731445,10.354575157165527,14.097433090209961,23.287317276000977,,27.368095397949219,19.493392944335938,16.797468185424805,27.409025192260742,
0.464,18.535121917724609,10.378908157348633,14.372188568115234,23.994935989379883,,27.493440628051758,19.505109786987305,17.149595260620117,27.912429809570313,
0.468,18.971920013427734,10.459123611450195,14.675610542297363,24.782426834106445,,27.529623031616211,19.532379150390625,17.518957138061523,28.402318954467773,
0.472,19.444782257080078,10.566307067871094,15.057435035705566,25.748807907104492,,27.417938232421875,19.502038955688477,17.880474090576172,28.825443267822266,
0.476,19.862096786499023,10.659047126770020,15.468125343322754,26.687700271606445,,27.155853271484375,19.395008087158203,18.274124145507813,29.122577667236328,
0.48,20.250802993774414,10.741957664489746,15.904294013977051,27.565235137939453,,26.835569381713867,19.274566650390625,18.667430877685547,29.348100662231445,
0.484,20.655979156494141,10.858469963073730,16.403106689453125,28.557004928588867,,26.557992935180664,19.188055038452148,19.029403686523438,29.623449325561523,
0.488,20.963760375976563,10.982344627380371,16.902208328247070,29.511156082153320,,26.327865600585938,19.117170333862305,19.459234237670898,30.055917739868164,
0.492,21.136369705200195,11.061634063720703,17.406120300292969,30.331136703491211,,26.102769851684570,19.018918991088867,19.986989974975586,30.629541397094727,
0.496,21.240657806396484,11.083342552185059,17.936550140380859,31.145647048950195,,25.882751464843750,18.881059646606445,20.433790206909180,31.156782150268555,
0.5,21.286632537841797,11.052571296691895,18.387306213378906,31.892942428588867,,25.643369674682617,18.670673370361328,20.808237075805664,31.645696640014648,
0.504,21.279769897460938,11.003238677978516,18.738763809204102,32.477935791015625,,25.350332260131836,18.375522613525391,21.228879928588867,32.198032379150391,
0.508,21.218521118164063,10.940481185913086,19.102413177490234,33.076171875000000,,25.066511154174805,18.113092422485352,21.625284194946289,32.719894409179688,
0.512,21.108619689941406,10.841005325317383,19.525253295898438,33.833129882812500,,24.830066680908203,17.923267364501953,22.027574539184570,33.276287078857422,
0.516,21.008285522460938,10.732915878295898,19.939390182495117,34.581890106201172,,24.586889266967773,17.704109191894531,22.524023056030273,33.964588165283203,
0.52,20.928602218627930,10.603986740112305,20.328849792480469,35.291034698486328,,24.311635971069336,17.452817916870117,23.011686325073242,34.564765930175781,
0.524,20.826793670654297,10.422104835510254,20.719196319580078,36.064445495605469,,24.048761367797852,17.239736557006836,23.391729354858398,34.948913574218750,
0.528,20.705791473388672,10.254734992980957,21.062158584594727,36.768363952636719,,23.776405334472656,17.032649993896484,23.717197418212891,35.286106109619141,
0.532,20.584835052490234,10.113930702209473,21.375696182250977,37.358505249023438,,23.424188613891602,16.765989303588867,24.050487518310547,35.677284240722656,
0.536,20.461805343627930,9.940933227539063,21.708250045776367,37.942962646484375,,23.018819808959961,16.494142532348633,24.371814727783203,36.043704986572266,
0.54,20.370706558227539,9.786056518554688,21.997919082641602,38.481193542480469,,22.568603515625000,16.234237670898438,24.713907241821289,36.342369079589844,
0.544,20.330156326293945,9.719308853149414,22.198509216308594,38.910289764404297,,22.044960021972656,15.937417984008789,25.108356475830078,36.592327117919922,
0.548,20.302383422851563,9.652458190917969,22.349893569946289,39.321609497070313,,21.504674911499023,15.640921592712402,25.448036193847656,36.810714721679688,
0.552,20.274061203002930,9.506722450256348,22.498804092407227,39.774211883544922,,20.967443466186523,15.323996543884277,25.652103424072266,36.982822418212891,
0.556,20.263549804687500,9.363088607788086,22.662630081176758,40.163249969482422,,20.424709320068359,14.950295448303223,25.780206680297852,37.066635131835938,
0.56,20.234188079833984,9.247642517089844,22.844390869140625,40.487457275390625,,19.973823547363281,14.603543281555176,25.927127838134766,37.080062866210938,
0.564,20.141345977783203,9.112475395202637,23.011116027832031,40.795284271240234,,19.669485092163086,14.323820114135742,26.103509902954102,37.086212158203125,
0.568,20.028827667236328,8.976408004760742,23.113800048828125,40.991245269775391,,19.400091171264648,14.078711509704590,26.236862182617188,37.146556854248047,
0.572,19.905277252197266,8.890738487243652,23.174886703491211,41.073406219482422,,19.061910629272461,13.853200912475586,26.294389724731445,37.252708435058594,
0.576,19.723896026611328,8.855583190917969,23.252450942993164,41.132789611816406,,18.733613967895508,13.634060859680176,26.320108413696289,37.359870910644531,
0.58,19.529897689819336,8.815552711486816,23.353784561157227,41.189014434814453,,18.526735305786133,13.419847488403320,26.369359970092773,37.544033050537109,
0.584,19.381029129028320,8.735415458679199,23.433946609497070,41.189575195312500,,18.409177780151367,13.232177734375000,26.423242568969727,37.790325164794922,
0.588,19.210586547851563,8.635694503784180,23.450189590454102,41.098937988281250,,18.288700103759766,13.053878784179688,26.404714584350586,37.892208099365234,
0.592,18.967081069946289,8.538222312927246,23.412120819091797,40.966728210449219,,18.092014312744141,12.864014625549316,26.351940155029297,37.813243865966797,
0.596,18.726188659667969,8.418923377990723,23.351036071777344,40.847473144531250,,17.837881088256836,12.703549385070801,26.372808456420898,37.709957122802734,
0.6,18.483695983886719,8.276206016540527,23.279802322387695,40.725742340087891,,17.636756896972656,12.569014549255371,26.478822708129883,37.670139312744141,
0.604,18.190019607543945,8.153914451599121,23.208312988281250,40.574832916259766,,17.491893768310547,12.420427322387695,26.600917816162109,37.673847198486328,
0.608,17.934505462646484,8.056619644165039,23.147521972656250,40.435131072998047,,17.300739288330078,12.278903007507324,26.666469573974609,37.668491363525391,
0.612,17.723928451538086,7.923826217651367,23.066888809204102,40.308971405029297,,17.037561416625977,12.180099487304688,26.675025939941406,37.649543762207031,
0.616,17.487970352172852,7.740566730499268,22.938657760620117,40.173328399658203,,16.786159515380859,12.097434043884277,26.679403305053711,37.652484893798828,
0.62,17.270851135253906,7.575593948364258,22.813030242919922,40.089504241943359,,16.569322586059570,11.969452857971191,26.671524047851563,37.609024047851563,
0.624,17.095539093017578,7.463783740997314,22.732162475585938,40.067276000976563,,16.318641662597656,11.817334175109863,26.631666183471680,37.467517852783203,
0.628,16.916929244995117,7.363944530487061,22.702425003051758,40.019119262695313,,16.079669952392578,11.696958541870117,26.609266281127930,37.331928253173828,
0.632,16.735393524169922,7.252629756927490,22.710287094116211,39.937725067138672,,15.899466514587402,11.585007667541504,26.627948760986328,37.246517181396484,
0.636,16.586460113525391,7.169104099273682,22.697614669799805,39.890228271484375,,15.723587989807129,11.427544593811035,26.649953842163086,37.139995574951172,
0.64,16.423484802246094,7.090624809265137,22.644386291503906,39.837509155273438,,15.556151390075684,11.227684020996094,26.631671905517578,36.992244720458984,
0.644,16.212142944335938,6.972540855407715,22.592683792114258,39.724014282226563,,15.392306327819824,11.052904129028320,26.572427749633789,36.873477935791016,
0.648,16.029544830322266,6.876039505004883,22.587560653686523,39.628150939941406,,15.198219299316406,10.911546707153320,26.478349685668945,36.798877716064453,
0.652,15.876580238342285,6.828443050384521,22.619346618652344,39.574985504150391,,15.006386756896973,10.757526397705078,26.342937469482422,36.687984466552734,
0.656,15.707814216613770,6.781253337860107,22.633100509643555,39.487838745117188,,14.852937698364258,10.625428199768066,26.205648422241211,36.512855529785156,
0.66,15.566879272460938,6.710566043853760,22.606191635131836,39.381816864013672,,14.672181129455566,10.523049354553223,26.112411499023438,36.277534484863281,
0.664,15.462828636169434,6.627075195312500,22.560577392578125,39.301319122314453,,14.416406631469727,10.391653060913086,26.051725387573242,35.980712890625000,
0.668,15.323311805725098,6.558180809020996,22.528406143188477,39.200550079345703,,14.181776046752930,10.246507644653320,25.961082458496094,35.679065704345703,
0.672,15.116225242614746,6.502186775207520,22.514202117919922,39.038814544677734,,13.946612358093262,10.119363784790039,25.780628204345703,35.345523834228516,
0.676,14.889656066894531,6.456025600433350,22.486154556274414,38.832046508789063,,13.621430397033691,10.004684448242188,25.514488220214844,34.891639709472656,
0.68,14.647155761718750,6.411528110504150,22.387113571166992,38.510005950927734,,13.298690795898438,9.895862579345703,25.211688995361328,34.347209930419922,
0.684,14.357598304748535,6.326948165893555,22.188987731933594,37.990688323974609,,13.027299880981445,9.754337310791016,24.852239608764648,33.756542205810547,
0.688,14.072599411010742,6.231053829193115,21.934097290039063,37.378120422363281,,12.667855262756348,9.512044906616211,24.325395584106445,32.977966308593750,
0.692,13.761644363403320,6.137446403503418,21.608650207519531,36.647319793701172,,12.157786369323730,9.185485839843750,23.627748489379883,31.882648468017578,
0.696,13.341161727905273,5.984008312225342,21.139221191406250,35.670886993408203,,11.631325721740723,8.887639045715332,22.906661987304688,30.661891937255859,
0.7,12.878107070922852,5.793894290924072,20.579151153564453,34.612056732177734,,11.052423477172852,8.567046165466309,22.054157257080078,29.276906967163086,
0.704,12.433384895324707,5.641050338745117,20.042964935302734,33.605987548828125,,10.293483734130859,8.133174896240234,20.889667510986328,27.503839492797852,
0.708,11.904844284057617,5.489490032196045,19.423473358154297,32.342304229736328,,9.502957344055176,7.707853317260742,19.628177642822266,25.629892349243164,
0.712,11.205827713012695,5.268865108489990,18.560878753662109,30.596143722534180,,8.729423522949219,7.285209655761719,18.269001007080078,23.687442779541016,
0.716,10.469088554382324,5.024473190307617,17.586797714233398,28.731372833251953,,7.858964443206787,6.737934112548828,16.647092819213867,21.425027847290039,
0.72,9.706630706787109,4.738495349884033,16.472265243530273,26.710470199584961,,6.982662677764893,6.113252639770508,15.025664329528809,19.160125732421875,
0.724,8.803974151611328,4.350069999694824,15.066510200500488,24.211805343627930,,6.197309970855713,5.511400222778320,13.542108535766602,17.111104965209961,
0.728,7.907930850982666,3.968267679214478,13.616048812866211,21.648275375366211,,5.311157226562500,4.856948375701904,11.756383895874023,14.727878570556641,
0.732,6.982750415802002,3.583139419555664,12.066876411437988,18.966928482055664,,4.197302818298340,4.037900924682617,9.403652191162109,11.664064407348633,
0.736,5.832839965820313,3.084799051284790,10.134228706359863,15.689414024353027,,3.108021020889282,3.169887781143188,6.973936557769775,8.524951934814453,
0.74,4.624260425567627,2.572804927825928,8.070795059204102,12.226150512695313,,2.032733678817749,2.191430091857910,4.536229610443115,5.339612960815430,
0.744,3.499590158462524,2.087004899978638,6.081186294555664,8.968451499938965,,0.817961454391479,0.961560547351837,1.952068924903870,1.898387789726257,
0.748,2.168245315551758,1.441831827163696,3.788008689880371,5.434020042419434,,-0.148104995489120,-0.203317493200302,0.019524911418557,-0.658218502998352,
0.752,0.569908142089844,0.624943077564240,1.190001368522644,1.708361506462097,,-0.454603761434555,-0.764652252197266,-0.586658596992493,-1.417869925498962,
0.756,-0.628444373607635,-0.035275831818581,-0.734368145465851,-0.754063963890076,,-0.158141911029816,-0.452023267745972,-0.146828711032867,-0.867938399314880,
0.76,-0.923739731311798,-0.312260270118713,-1.348189234733582,-1.055188775062561,,0.349082857370377,0.271228402853012,0.489268124103546,-0.057858292013407,
0.764,-0.573022186756134,-0.248382970690727,-0.970863699913025,-0.096528626978397,,0.633119463920593,0.608960747718811,0.703326225280762,0.321494549512863,
0.768,-0.145665913820267,0.089844733476639,-0.225106686353683,0.485359311103821,,0.491453111171722,0.333735078573227,0.522638320922852,0.157805204391479,
0.772,0.073347933590412,0.514951169490814,0.383946657180786,0.311767309904099,,0.123673893511295,-0.126031771302223,0.276384592056274,-0.250401765108109,
0.776,0.091214522719383,0.674340367317200,0.604741752147675,0.191455408930779,,-0.039277385920286,-0.299605965614319,0.187340900301933,-0.436835825443268,
0.78,-0.037360835820436,0.483712077140808,0.404579013586044,0.310477107763290,,0.094361044466496,-0.166515916585922,0.251483708620071,-0.261800527572632,
0.784,-0.168160021305084,0.174385473132133,-0.042652226984501,0.265348017215729,,0.236917585134506,-0.003272919217125,0.335922658443451,-0.023289965465665,
0.788,-0.209473535418510,-0.035081248730421,-0.417795240879059,0.066761784255505,,0.219049707055092,-0.002396690193564,0.333027273416519,-0.039932664483786,
0.792,-0.195583492517471,-0.024880368262529,-0.439738631248474,0.009856617078185,,0.142087668180466,-0.106517568230629,0.266950696706772,-0.202448099851608,
0.796,-0.111968494951725,0.183305859565735,-0.121096059679985,0.078672237694263,,0.155041739344597,-0.144570127129555,0.216652393341064,-0.215848028659821,
0.8,0.054551839828491,0.400388330221176,0.222925871610641,0.130649805068970,,0.262448877096176,-0.058014735579491,0.223340526223183,-0.092659473419189,
0.804,0.147835209965706,0.429541289806366,0.319230049848557,0.170034497976303,,0.336080819368362,0.054038211703300,0.271395951509476,-0.015091663226485,
0.808,0.033474653959274,0.277480691671371,0.154928222298622,0.188735753297806,,0.294925987720490,0.049027130007744,0.307934314012527,-0.062481019645929,
0.812,-0.150344505906105,0.109673582017422,-0.106706850230694,0.156718119978905,,0.203976973891258,-0.074772410094738,0.294171452522278,-0.158016562461853,
0.816,-0.202587634325027,0.052382782101631,-0.229425713419914,0.133408367633820,,0.163088977336884,-0.166357338428497,0.246427774429321,-0.175455898046494,
0.82,-0.144929409027100,0.126507133245468,-0.108804218471050,0.159926608204842,,0.181750446557999,-0.131689727306366,0.233449444174767,-0.126268014311790,
0.824,-0.066142119467258,0.280994921922684,0.130112245678902,0.169065222144127,,0.196769624948502,-0.050095066428185,0.281921267509460,-0.090910039842129,
0.828,-0.002598892664537,0.376667886972427,0.251336306333542,0.132824897766113,,0.191442191600800,-0.051794216036797,0.301968097686768,-0.074547164142132,
0.832,-0.005668766330928,0.307986438274384,0.124163918197155,0.119086094200611,,0.194634199142456,-0.108886390924454,0.249966964125633,-0.086288809776306,
0.836,-0.064497545361519,0.165707081556320,-0.094908639788628,0.134264096617699,,0.208382815122604,-0.114657305181026,0.219161480665207,-0.133900433778763,
0.84,-0.092796444892883,0.105463430285454,-0.180062383413315,0.133054643869400,,0.215083345770836,-0.075603775680065,0.257072448730469,-0.158981069922447,
0.844,-0.045916512608528,0.173077732324600,-0.097532197833061,0.110507898032665,,0.190222367644310,-0.051800109446049,0.291326791048050,-0.143285706639290,
0.848,0.013013058342040,0.272008627653122,0.048080638051033,0.072744220495224,,0.154131755232811,-0.064182423055172,0.269390523433685,-0.149904772639275,
0.852,0.028749823570251,0.292962968349457,0.128676474094391,0.056846033781767,,0.129364669322968,-0.080956690013409,0.237667575478554,-0.213087320327759,
0.856,0.001908540609293,0.237032398581505,0.080394104123116,0.092003598809242,,0.104424536228180,-0.071884810924530,0.248857721686363,-0.274760633707047,
0.86,-0.077935658395290,0.161481097340584,-0.031674988567829,0.152920231223106,,0.111667327582836,-0.053125459700823,0.276805758476257,-0.270354598760605,
0.864,-0.170232370495796,0.107991091907024,-0.100921377539635,0.201439574360847,,0.156375855207443,-0.064538553357124,0.273974567651749,-0.237852543592453,
0.868,-0.184546649456024,0.103280737996101,-0.085637114942074,0.180432081222534,,0.185758873820305,-0.113917365670204,0.254937618970871,-0.249883383512497,
0.872,-0.117678552865982,0.143223673105240,-0.003589025232941,0.096377402544022,,0.185133516788483,-0.144778460264206,0.238420292735100,-0.278841108083725,
0.876,-0.064715974032879,0.189772650599480,0.083574235439301,0.048750419169664,,0.176257118582726,-0.118402101099491,0.204817011952400,-0.260741978883743,
0.88,-0.061660971492529,0.225031465291977,0.101892225444317,0.057542454451323,,0.184946313500404,-0.063869342207909,0.191237092018127,-0.210496887564659,
0.884,-0.071173273026943,0.226175606250763,0.057124752551317,0.057951547205448,,0.225257024168968,-0.028692252933979,0.222402825951576,-0.178382083773613,
0.888,-0.080699726939201,0.202904105186462,0.012020743452013,0.037445154041052,,0.262980192899704,-0.021614560857415,0.257114738225937,-0.172835424542427,
0.892,-0.079724594950676,0.218277633190155,-0.014238448813558,0.036925822496414,,0.250228255987167,-0.015660734847188,0.274029552936554,-0.180955782532692,
0.896,-0.061883859336376,0.253036499023438,-0.020194077864289,0.062918074429035,,0.199142172932625,-0.005206915084273,0.268955051898956,-0.206432938575745,
0.9,-0.050865232944489,0.244454771280289,-0.000046797413233,0.074566476047039,,0.169657483696938,-0.019239744171500,0.260355830192566,-0.229516506195068,
0.904,-0.056525122374296,0.213579341769218,0.035050153732300,0.060485016554594,,0.173657506704330,-0.056241098791361,0.257236033678055,-0.224410519003868,
0.908,-0.083834052085876,0.206674009561539,0.032230123877525,0.061231218278408,,0.171446949243546,-0.068889729678631,0.247617468237877,-0.217382565140724,
0.912,-0.111451148986816,0.209740966558456,-0.039148058742285,0.093645624816418,,0.179695934057236,-0.068252392113209,0.242476269602776,-0.212602853775024,
0.916,-0.100391142070293,0.203818455338478,-0.095143474638462,0.121376827359200,,0.221601277589798,-0.105878271162510,0.256470352411270,-0.179379314184189,
0.92,-0.074186578392982,0.196694180369377,-0.058819621801376,0.124761216342449,,0.237727150321007,-0.138121873140335,0.279432088136673,-0.136748835444450,
0.924,-0.066188462078571,0.171235591173172,0.008090785704553,0.102327585220337,,0.184127449989319,-0.116636760532856,0.296029567718506,-0.131595045328140,
0.928,-0.074326545000076,0.138357967138290,0.017566919326782,0.046211693435907,,0.124303951859474,-0.078317098319530,0.295236468315125,-0.183675140142441,
0.932,-0.103774003684521,0.138620078563690,-0.016622820869088,0.017800785601139,,0.124626971781254,-0.052244365215302,0.264544874429703,-0.261494427919388,
0.936,-0.149295926094055,0.156282931566238,-0.035221949219704,0.062454689294100,,0.145806163549423,-0.048072017729282,0.218363821506500,-0.292625546455383,
0.94,-0.168317601084709,0.158050328493118,-0.023659281432629,0.105360224843025,,0.146496683359146,-0.053126681596041,0.204663515090942,-0.257342845201492,
0.944,-0.152141869068146,0.155653849244118,-0.024564951658249,0.099888436496258,,0.144326299428940,-0.055567871779203,0.222947835922241,-0.226785913109779,
0.948,-0.127965778112411,0.168422222137451,-0.042184390127659,0.056352701038122,,0.156952947378159,-0.072399124503136,0.229938223958015,-0.254886955022812,
0.952,-0.097975008189678,0.176289141178131,-0.030272649601102,-0.002527700737119,,0.182284429669380,-0.095150716602802,0.244253590703011,-0.304459959268570,
0.956,-0.062489364296198,0.161741614341736,0.000015207663637,-0.017803149297833,,0.203441292047501,-0.098834760487080,0.272063285112381,-0.303337156772614,
0.96,-0.044299967586994,0.147696241736412,0.004732972010970,0.029633000493050,,0.214640274643898,-0.081315636634827,0.261594504117966,-0.235593035817146,
0.964,-0.060738451778889,0.149634137749672,-0.019086178392172,0.093405358493328,,0.203293576836586,-0.067887850105762,0.222557812929153,-0.180591449141502,
0.968,-0.091186165809631,0.184981107711792,-0.027691613882780,0.129971176385880,,0.175487875938416,-0.066875196993351,0.206111416220665,-0.190960630774498,
0.972,-0.099580802023411,0.252480417490005,0.006503754295409,0.139906004071236,,0.167199820280075,-0.066428624093533,0.193994879722595,-0.220641344785690,
0.976,-0.088488198816776,0.290675520896912,0.047608714550734,0.162182122468948,,0.168608725070953,-0.068899929523468,0.175959497690201,-0.254397183656693,
0.98,-0.089842647314072,0.278052181005478,0.059417933225632,0.183628156781197,,0.173153564333916,-0.078165508806705,0.203224927186966,-0.294654399156570,
0.984,-0.089443318545818,0.251625329256058,0.055485218763351,0.139577642083168,,0.199451848864555,-0.089711345732212,0.255580842494965,-0.312468171119690,
0.988,-0.077970556914806,0.227240040898323,0.043313991278410,0.049637220799923,,0.214688420295715,-0.085167400538921,0.281185299158096,-0.295637309551239,
0.992,-0.092068515717983,0.204426839947701,-0.001495640375651,-0.009161194786429,,0.195094794034958,-0.084120512008667,0.295211881399155,-0.254643291234970,
0.996,-0.123324908316135,0.200971528887749,-0.061242878437042,-0.008558379486203,,0.165330335497856,-0.109961487352848,0.301729470491409,-0.222568258643150,
1,-0.146968618035316,0.223155349493027,-0.091470025479794,0.034499384462833,,0.149466127157211,-0.109476827085018,0.286060392856598,-0.218491449952126,
1.004,-0.175704598426819,0.247875884175301,-0.088488377630711,0.076484344899654,,0.161147728562355,-0.064036741852760,0.246200993657112,-0.208566263318062,
1.008,-0.191307932138443,0.271702289581299,-0.063568450510502,0.095167823135853,,0.190455645322800,-0.027984607964754,0.222718223929405,-0.179557949304581,
1.012,-0.156470984220505,0.293836563825607,-0.040808688849211,0.103835999965668,,0.226154670119286,-0.017316773533821,0.250821024179459,-0.152090936899185,
1.016,-0.103164263069630,0.281794160604477,-0.033838219940662,0.106536716222763,,0.263284832239151,-0.029336376115680,0.263787895441055,-0.118695981800556,
1.02,-0.080898575484753,0.237777575850487,-0.015970850363374,0.099504649639130,,0.283665895462036,-0.066265352070332,0.233850330114365,-0.120411954820156,
1.024,-0.088630601763725,0.196694806218147,0.021240012720227,0.079932332038879,,0.269192337989807,-0.081376895308495,0.218145042657852,-0.200184270739555,
1.028,-0.085376866161823,0.193059951066971,0.035095889121294,0.071873821318150,,0.221417307853699,-0.066051498055458,0.236646026372910,-0.289969742298126,
1.032,-0.047336801886559,0.230003327131271,0.003809410147369,0.094703175127506,,0.172441422939301,-0.082923606038094,0.281413793563843,-0.314051747322083,
1.036,-0.024105021730065,0.257228404283524,-0.023076806217432,0.120634734630585,,0.147262334823608,-0.143981903791428,0.321159213781357,-0.276565641164780,
1.04,-0.053824026137590,0.232750549912453,-0.037242531776428,0.117578826844692,,0.156202986836433,-0.172872349619865,0.317158490419388,-0.228162094950676,
1.044,-0.105639383196831,0.179914191365242,-0.058875776827335,0.091636694967747,,0.200889825820923,-0.128412216901779,0.303357899188995,-0.212937206029892,
1.048,-0.129221126437187,0.166760787367821,-0.042451102286577,0.081432096660137,,0.235526978969574,-0.083991013467312,0.306633383035660,-0.224606245756149,
1.052,-0.120264023542404,0.198923185467720,0.000610881426837,0.086682245135307,,0.218392938375473,-0.088262997567654,0.292804598808289,-0.226031154394150,
1.056,-0.108476743102074,0.217085391283035,0.014404883608222,0.090518817305565,,0.178336292505264,-0.095425069332123,0.263438522815704,-0.223486334085464,
1.06,-0.092861793935299,0.200275033712387,0.022259568795562,0.113821499049664,,0.141051441431046,-0.081375978887081,0.235102161765099,-0.239983186125755,
1.064,-0.082780562341213,0.178001821041107,0.042192451655865,0.124404691159725,,0.090240873396397,-0.060883071273565,0.213013812899590,-0.258215010166168,
1.068,-0.092627190053463,0.181114137172699,0.045033678412437,0.071135021746159,,0.059842180460691,-0.042107056826353,0.221755579113960,-0.267188251018524,
1.072,-0.108883135020733,0.198478326201439,0.026374157518148,0.004924050066620,,0.092510081827641,-0.031590763479471,0.255499303340912,-0.258785456418991,
1.076,-0.128364071249962,0.196134611964226,-0.003503121435642,0.003820606274530,,0.150497466325760,-0.031984146684408,0.279865980148315,-0.236934795975685,
1.08,-0.166627019643784,0.177073463797569,-0.029875539243221,0.029208049178123,,0.185908719897270,-0.052913978695869,0.302361011505127,-0.249110460281372,
1.084,-0.205543085932732,0.150659337639809,-0.038165573030710,0.001447459217161,,0.189370140433311,-0.090403266251087,0.311801791191101,-0.282667279243469,
1.088,-0.200463816523552,0.136660858988762,-0.042912434786558,-0.027012407779694,,0.181057035923004,-0.117640577256680,0.263945579528809,-0.287879437208176,
1.092,-0.170262768864632,0.175380110740662,-0.044916529208422,0.005128663498908,,0.187022343277931,-0.122907854616642,0.187433063983917,-0.287239998579025,
1.096,-0.170521527528763,0.251636505126953,-0.035893294960260,0.054109089076519,,0.198729455471039,-0.105038806796074,0.152133747935295,-0.296689033508301,
1.1,-0.199893549084663,0.298509418964386,-0.039158761501312,0.086025103926659,,0.195026546716690,-0.075286023318768,0.179366782307625,-0.289048314094543,
1.104,-0.191821783781052,0.281283318996429,-0.059187881648540,0.098257273435593,,0.188215062022209,-0.049895510077477,0.233579888939857,-0.277103006839752,
1.108,-0.132885187864304,0.232028871774673,-0.067208461463451,0.092406928539276,,0.192059859633446,-0.035327486693859,0.271439939737320,-0.282376945018768,
1.112,-0.088115364313126,0.196860432624817,-0.052700210362673,0.077428936958313,,0.193237021565437,-0.025119530037045,0.262954056262970,-0.289696604013443,
1.116,-0.082683913409710,0.185744211077690,-0.025348994880915,0.055300068110228,,0.188657477498055,-0.017361367121339,0.212251484394073,-0.290218859910965,
1.12,-0.088173329830170,0.175459921360016,-0.018789943307638,0.040423911064863,,0.173614457249641,-0.044345982372761,0.176472112536430,-0.276757150888443,
1.124,-0.079267419874668,0.160839974880219,-0.053291633725166,0.060875821858644,,0.151904061436653,-0.098515160381794,0.194630876183510,-0.246528372168541,
1.128,-0.069675371050835,0.163170889019966,-0.066812910139561,0.098899170756340,,0.127189099788666,-0.114388197660446,0.240210071206093,-0.197300985455513,
1.132,-0.082770220935345,0.183530315756798,-0.041423801332712,0.117895521223545,,0.088430158793926,-0.093849249184132,0.269772320985794,-0.131868526339531,
1.136,-0.113222427666187,0.215836986899376,-0.029202658683062,0.133028060197830,,0.073582969605923,-0.114882104098797,0.283614426851273,-0.108065359294415,
1.14,-0.128868892788887,0.255798012018204,-0.015215590596199,0.136643171310425,,0.097950182855129,-0.139318764209747,0.287298530340195,-0.167656540870667,
1.144,-0.112563431262970,0.280381441116333,0.011861907318234,0.091260686516762,,0.115350499749184,-0.103893533349037,0.263588786125183,-0.255332946777344,
1.148,-0.096873596310616,0.278891324996948,-0.006164098624140,0.033562317490578,,0.105416335165501,-0.081735655665398,0.204446345567703,-0.278135210275650,
1.152,-0.106193058192730,0.281341135501862,-0.078260593116283,0.019855527207255,,0.110282666981220,-0.089598931372166,0.144893273711205,-0.257473319768906,
1.156,-0.125252500176430,0.305433660745621,-0.115184098482132,0.047570988535881,,0.173449039459229,-0.103978887200356,0.141436591744423,-0.267517715692520,
1.16,-0.137149319052696,0.324917852878571,-0.080910459160805,0.085060663521290,,0.244554698467255,-0.146874189376831,0.188418447971344,-0.290121436119080,
1.164,-0.116857029497623,0.322957545518875,-0.025000853464007,0.093992926180363,,0.258630096912384,-0.173538789153099,0.246304944157600,-0.314308881759644,
1.168,-0.067219860851765,0.313446551561356,0.015490194782615,0.065189555287361,,0.222201719880104,-0.142432868480682,0.293121576309204,-0.325186669826508,
1.172,-0.046256650239229,0.287189275026321,0.018818439915776,0.042251043021679,,0.185289993882179,-0.099376879632473,0.304858177900314,-0.287671267986298,
1.176,-0.082306243479252,0.222106978297234,-0.001496239216067,0.047754287719727,,0.188283532857895,-0.086962327361107,0.263727217912674,-0.245438933372498,
1.18,-0.148875325918198,0.157078072428703,-0.020016150549054,0.049367919564247,,0.207352787256241,-0.081943847239017,0.207915604114532,-0.233924850821495,
1.184,-0.184950098395348,0.147421687841415,-0.051922548562288,0.037888381630182,,0.216413661837578,-0.055162470787764,0.189603492617607,-0.224507108330727,
1.188,-0.163224309682846,0.167305499315262,-0.090886965394020,0.045987211167812,,0.207623124122620,-0.043539814651012,0.215732291340828,-0.221572130918503,
1.192,-0.122785642743111,0.172654971480370,-0.102280110120773,0.076071046292782,,0.186767250299454,-0.079674839973450,0.254951357841492,-0.245066672563553,
1.196,-0.099961690604687,0.172422111034393,-0.084395572543144,0.098108388483524,,0.187865197658539,-0.109487839043140,0.275185376405716,-0.254408895969391,
1.2,-0.106724105775356,0.190621465444565,-0.058679774403572,0.105618149042130,,0.208742141723633,-0.076093904674053,0.293171763420105,-0.211663037538528,
1.204,-0.109056666493416,0.230523869395256,-0.055170435458422,0.093056753277779,,0.215080499649048,-0.041602306067944,0.316224932670593,-0.178680285811424,
1.208,-0.077721677720547,0.258338958024979,-0.076999939978123,0.055550154298544,,0.194590285420418,-0.063774548470974,0.312867939472198,-0.194284245371819,
1.212,-0.045107576996088,0.263496369123459,-0.095868095755577,0.029105821624398,,0.172009855508804,-0.093095734715462,0.270993173122406,-0.214771568775177,
1.216,-0.035677298903465,0.271885514259338,-0.093308337032795,0.028314102441072,,0.159469351172447,-0.109036050736904,0.219451710581779,-0.251207470893860,
1.22,-0.060682341456413,0.275337457656860,-0.078063584864140,0.023277433589101,,0.166388988494873,-0.118900418281555,0.191470116376877,-0.292143613100052,
1.224,-0.114190146327019,0.249575018882751,-0.071965068578720,0.020152686163783,,0.202625021338463,-0.114104859530926,0.178846985101700,-0.272411853075027,
1.228,-0.130562514066696,0.233401075005531,-0.071880988776684,0.042539495974779,,0.231694683432579,-0.100546732544899,0.185843646526337,-0.219443470239639,
1.232,-0.090208247303963,0.249033167958260,-0.066817693412304,0.081735789775848,,0.238329455256462,-0.089923888444901,0.229385212063789,-0.191088005900383,
1.236,-0.056428473442793,0.245241478085518,-0.064573898911476,0.134269371628761,,0.235980495810509,-0.095245674252510,0.255556106567383,-0.193290710449219,
1.24,-0.056370507925749,0.218598827719688,-0.064218319952488,0.187128245830536,,0.217524304986000,-0.116933688521385,0.223672196269035,-0.225106388330460,
1.244,-0.069114781916142,0.194295048713684,-0.068511560559273,0.202966704964638,,0.186927407979965,-0.131979361176491,0.187521800398827,-0.256802201271057,
1.248,-0.093699179589748,0.184089109301567,-0.095039978623390,0.169972598552704,,0.168588951230049,-0.120062291622162,0.195873856544495,-0.255950003862381,
1.252,-0.114934444427490,0.199446842074394,-0.113191887736320,0.109115615487099,,0.162328615784645,-0.100593775510788,0.229384973645210,-0.236816316843033,
1.256,-0.093045853078365,0.227290198206902,-0.086213499307632,0.061761043965816,,0.141516596078873,-0.102240227162838,0.271567076444626,-0.230517148971558,
1.26,-0.056991878896952,0.241554588079453,-0.046865757554770,0.054103042930365,,0.107981763780117,-0.120503969490528,0.283897459506989,-0.232048928737640,
1.264,-0.061226613819599,0.210193887352943,-0.032462533563375,0.061967823654413,,0.088030681014061,-0.125854551792145,0.230629190802574,-0.225700616836548,
1.268,-0.088008940219879,0.153762429952621,-0.047730453312397,0.079222746193409,,0.091090835630894,-0.100177943706512,0.186751335859299,-0.240329086780548,
1.272,-0.094561606645584,0.144328579306602,-0.079217262566090,0.113148100674152,,0.125698283314705,-0.059670489281416,0.202200844883919,-0.281585514545441,
1.276,-0.108124285936356,0.214218273758888,-0.081405825912952,0.141227453947067,,0.166983753442764,-0.034573353827000,0.237337291240692,-0.319541603326797,
1.28,-0.159738913178444,0.294240027666092,-0.044541433453560,0.144088536500931,,0.171136200428009,-0.034783400595188,0.269683808088303,-0.331448584794998,
1.284,-0.184302061796188,0.309801757335663,-0.010194094851613,0.105205506086349,,0.140823021531105,-0.047989062964916,0.287131428718567,-0.304683893918991,
1.288,-0.142637491226196,0.290600895881653,0.002058858750388,0.060416024178267,,0.090584643185139,-0.057267371565104,0.267940014600754,-0.274669259786606,
1.292,-0.093154586851597,0.285633683204651,-0.015661710873246,0.050135396420956,,0.066031120717525,-0.050123177468777,0.217590153217316,-0.270824074745178,
1.296,-0.082219041883945,0.308258801698685,-0.043112639337778,0.051027212291956,,0.114347241818905,-0.032388512045145,0.179485872387886,-0.257995337247849,
1.3,-0.094582952558994,0.311500549316406,-0.048692248761654,0.060284502804279,,0.182668894529343,-0.032694537192583,0.190132915973663,-0.248765528202057,
1.304,-0.113391414284706,0.258524000644684,-0.049499582499266,0.095955468714237,,0.195405557751656,-0.065389811992645,0.237282976508141,-0.274509698152542,
1.308,-0.144467368721962,0.206105157732964,-0.071461170911789,0.120372794568539,,0.174488097429276,-0.096615016460419,0.283634811639786,-0.267414361238480,
1.312,-0.183193996548653,0.214861348271370,-0.116302475333214,0.092524811625481,,0.174840524792671,-0.108286090195179,0.291650563478470,-0.231853157281876,
1.316,-0.222842425107956,0.254019737243652,-0.141474455595016,0.051745109260082,,0.192152112722397,-0.115775786340237,0.274618238210678,-0.243110224604607,
1.32,-0.257110774517059,0.104354538023472,0.400940954685211,2.049177169799805,,0.200300931930542,-0.106939852237701,0.277889162302017,-0.253146946430206,
1.324,-0.118960052728653,-0.418252795934677,3.049943685531616,11.594536781311035,,0.186642795801163,-0.104101888835430,0.263354212045670,-0.286788314580917,
1.328,0.790853857994080,-0.853430271148682,8.543915748596191,30.085773468017578,,0.182556167244911,-0.190052121877670,0.246791705489159,-0.285123318433762,
1.332,1.884701251983643,-0.597307324409485,13.535020828247070,42.779376983642578,,0.368768393993378,-0.586750507354736,0.981140911579132,1.600845217704773,
1.336,1.612957000732422,-0.094223588705063,15.298240661621094,39.968261718750000,,1.187487959861755,-1.485717654228210,4.710318565368652,9.805346488952637,
1.34,2.205287218093872,-0.166072770953178,17.576623916625977,41.441032409667969,,3.307111501693726,-0.410970240831375,11.310338020324707,20.975931167602539,
1.344,8.738939285278320,-0.536267459392548,22.912757873535156,62.023754119873047,,5.451200008392334,3.557913780212402,17.029174804687500,26.237609863281250,
1.348,24.756349563598633,-0.353561908006668,29.964168548583984,93.317115783691406,,6.510248184204102,4.893221855163574,22.374151229858398,33.163387298583984,
1.352,48.883872985839844,0.858327925205231,39.275756835937500,129.083404541015625,,16.577529907226563,7.909417629241943,32.526805877685547,54.635940551757813,
1.356,73.321571350097656,3.426087617874146,50.328071594238281,165.476898193359375,,41.594696044921875,21.951467514038086,49.266860961914063,86.116500854492188,
1.36,88.572090148925781,5.903464794158936,57.295917510986328,190.022567749023438,,66.241867065429688,37.472873687744141,66.589370727539063,115.474723815917969,
1.364,89.731216430664063,5.300831317901611,54.705520629882813,193.331253051757813,,78.758956909179688,43.137691497802734,74.991111755371094,133.470718383789063,
1.368,79.630065917968750,1.932448148727417,45.314140319824219,181.298919677734375,,79.775779724121094,41.107639312744141,72.490722656250000,135.354232788085938,
1.372,62.130455017089844,-0.897775650024414,35.253738403320313,162.557952880859375,,71.336990356445313,34.812252044677734,64.430587768554688,124.286201477050781,
1.376,40.509761810302734,-1.784844160079956,27.436759948730469,141.296005249023438,,57.403961181640625,25.798608779907227,54.561161041259766,107.064979553222656,
1.38,21.639789581298828,-1.613549351692200,23.083326339721680,123.200477600097656,,41.234706878662109,15.743823051452637,44.428039550781250,87.799468994140625,
1.384,9.129827499389648,-1.306781768798828,21.856201171875000,110.904830932617188,,25.392065048217773,6.640737533569336,35.882698059082031,69.643257141113281,
1.388,1.755257964134216,-1.153887271881104,21.752420425415039,101.941711425781250,,13.702959060668945,0.749524593353271,30.590572357177734,56.860149383544922,
1.392,-1.629172921180725,-1.163960099220276,21.555850982666016,94.705108642578125,,7.041948318481445,-1.793929100036621,27.913087844848633,49.432449340820313,
1.396,-1.779933214187622,-1.250218749046326,21.516414642333984,89.780517578125000,,3.813387870788574,-2.445522546768188,25.984420776367188,44.411090850830078,
1.4,-0.262203395366669,-1.340700268745422,21.563564300537109,85.892219543457031,,3.161142587661743,-2.179266929626465,24.371772766113281,41.590908050537109,
1.404,1.008661985397339,-1.404443740844727,21.247379302978516,81.693847656250000,,3.779754877090454,-1.538666844367981,23.048568725585938,40.067504882812500,
1.408,1.248932838439941,-1.392144322395325,20.461206436157227,78.912757873535156,,4.029408454895020,-1.097562313079834,21.739294052124023,37.973705291748047,
1.412,0.569337308406830,-1.348916292190552,19.207929611206055,78.624397277832031,,3.513327360153198,-1.294481277465820,20.400655746459961,35.754764556884766,
1.416,-0.584439516067505,-1.349125742912292,17.885917663574219,79.846221923828125,,2.859760046005249,-1.849239945411682,19.325298309326172,34.493320465087891,
1.42,-1.481876373291016,-1.362678766250610,17.019096374511719,81.440155029296875,,2.647608995437622,-2.066621303558350,18.947387695312500,34.040187835693359,
1.424,-1.725141644477844,-1.377752900123596,16.679691314697266,82.931671142578125,,2.951255559921265,-1.689382195472717,19.023248672485352,33.643085479736328,
1.428,-1.101786851882935,-1.395985007286072,16.996202468872070,84.415565490722656,,3.326497554779053,-1.203931331634521,18.873954772949219,33.032695770263672,
1.432,0.425316154956818,-1.375765919685364,18.123203277587891,85.892288208007813,,3.386938571929932,-1.122918128967285,18.191753387451172,32.183807373046875,
1.436,2.198286056518555,-1.321458816528320,19.636121749877930,87.073318481445313,,3.234994888305664,-1.316922664642334,17.186342239379883,31.089590072631836,
1.44,3.713382005691528,-1.277207016944885,21.146663665771484,87.964698791503906,,3.169863462448120,-1.359060287475586,16.541740417480469,30.244607925415039,
1.444,4.935123920440674,-1.250974655151367,22.516424179077148,88.636573791503906,,3.365525007247925,-1.083081483840942,16.503017425537109,29.901035308837891,
1.448,5.819809436798096,-1.217598915100098,23.482379913330078,88.737640380859375,,3.684979677200317,-0.725180745124817,16.561845779418945,29.687067031860352,
1.452,6.770437240600586,-1.205616712570190,24.124244689941406,87.846176147460938,,3.794530868530273,-0.581050455570221,16.451213836669922,29.284551620483398,
1.456,8.632635116577148,-1.218751072883606,24.832326889038086,86.389671325683594,,3.667090177536011,-0.596421957015991,16.198438644409180,28.652820587158203,
1.46,11.965536117553711,-1.177116513252258,25.769006729125977,85.884696960449219,,3.551607608795166,-0.500912606716156,15.774252891540527,27.762229919433594,
1.464,16.639997482299805,-1.063374757766724,26.931900024414063,86.939384460449219,,3.531378030776978,-0.231219410896301,15.246001243591309,26.617925643920898,
1.468,21.970016479492188,-0.882960855960846,28.353912353515625,88.054809570312500,,3.500694513320923,0.007196138147265,14.677253723144531,25.405303955078125,
1.472,26.628894805908203,-0.660813748836517,29.612901687622070,87.709129333496094,,3.348954439163208,0.143450856208801,14.013956069946289,24.072656631469727,
1.476,28.890886306762695,-0.521990060806274,29.781274795532227,86.137619018554688,,3.105541944503784,0.311395227909088,13.297976493835449,22.534000396728516,
1.48,27.819478988647461,-0.537895321846008,28.182878494262695,83.722915649414063,,2.919565916061401,0.529754757881165,12.727331161499023,21.121871948242188,
1.484,24.175043106079102,-0.645167768001556,25.206449508666992,80.293258666992188,,2.776554584503174,0.675225079059601,12.146532058715820,19.772619247436523,
1.488,20.053560256958008,-0.740971028804779,22.384752273559570,76.202873229980469,,2.531443834304810,0.664893507957458,11.250156402587891,18.092433929443359,
1.492,16.438938140869141,-0.765450298786163,20.604293823242188,70.844390869140625,,2.202683210372925,0.565752625465393,10.278691291809082,16.314365386962891,
1.496,13.094197273254395,-0.709071755409241,19.584455490112305,63.691623687744141,,1.940848231315613,0.508908331394196,9.470818519592285,14.812800407409668,
1.5,10.390404701232910,-0.587868630886078,18.951135635375977,56.682579040527344,,1.751190662384033,0.535916984081268,8.594567298889160,13.350704193115234,
1.504,8.556680679321289,-0.441386163234711,18.374061584472656,51.389385223388672,,1.517000198364258,0.547882914543152,7.494138240814209,11.631212234497070,
1.508,7.234701633453369,-0.337743461132050,17.519256591796875,47.280323028564453,,1.266721010208130,0.446766495704651,6.417107582092285,9.976434707641602,
1.512,6.232358932495117,-0.318323045969009,16.343063354492188,43.664180755615234,,1.083605527877808,0.315112888813019,5.489142894744873,8.595224380493164,
1.516,5.607555389404297,-0.326909780502319,15.200655937194824,40.612045288085938,,0.977146208286285,0.275935351848602,4.625591278076172,7.375226497650146,
1.52,5.274028778076172,-0.263698279857635,14.244363784790039,37.614154815673828,,0.909902215003967,0.288340479135513,3.916731595993042,6.439811229705811,
1.524,5.057953357696533,-0.107247725129128,13.381156921386719,34.100654602050781,,0.816126346588135,0.239791482686996,3.374219417572021,5.741917133331299,
1.528,4.893841743469238,0.081306025385857,12.692657470703125,30.827442169189453,,0.696636795997620,0.121203444898129,2.901880502700806,5.098821640014648,
1.532,4.674600124359131,0.267681866884232,12.051449775695801,28.066423416137695,,0.631716191768646,0.018216364085674,2.527917623519897,4.576611995697021,
1.536,4.302305221557617,0.429870218038559,11.207853317260742,25.388015747070313,,0.650896847248077,-0.004427175968885,2.294497013092041,4.210738182067871,
1.54,3.829727411270142,0.534502148628235,10.277086257934570,23.041259765625000,,0.664782702922821,0.049425341188908,2.111173152923584,3.848562717437744,
1.544,3.322895526885986,0.586644768714905,9.338612556457520,20.941415786743164,,0.612879037857056,0.121473126113415,1.885098576545715,3.422050714492798,
1.548,2.828494071960449,0.625810027122498,8.346633911132813,18.678873062133789,,0.550201356410980,0.130567893385887,1.665617585182190,3.055779457092285,
1.552,2.422992229461670,0.689313828945160,7.457994461059570,16.608251571655273,,0.515776574611664,0.054061513394117,1.463651061058044,2.776309490203857,
1.556,2.116882562637329,0.755268633365631,6.793626785278320,15.048271179199219,,0.498852312564850,-0.036074314266443,1.230176448822021,2.532179355621338,
1.56,1.837652325630188,0.794549226760864,6.186405181884766,13.702534675598145,,0.482292532920837,-0.083819344639778,1.013873696327209,2.353646039962769,
1.564,1.529939174652100,0.817131280899048,5.472658634185791,12.358023643493652,,0.448191910982132,-0.090895481407642,0.880865395069122,2.196141719818115,
1.568,1.243972420692444,0.841715037822723,4.832048416137695,11.224142074584961,,0.390752345323563,-0.075296312570572,0.812242209911346,1.991689920425415,
1.572,1.037948012351990,0.888155758380890,4.407394409179688,10.335286140441895,,0.328849405050278,-0.057954374700785,0.750513494014740,1.774381875991821,
1.576,0.903926908969879,0.948127150535583,4.092136383056641,9.522644042968750,,0.301210939884186,-0.037137396633625,0.656751036643982,1.584195733070374,
1.58,0.824280560016632,1.002670049667358,3.831940650939941,8.841062545776367,,0.324344158172607,-0.016065321862698,0.570766448974609,1.473920583724976,
1.584,0.757936298847198,1.027956008911133,3.598776102066040,8.328445434570313,,0.358099400997162,-0.017766898497939,0.550819039344788,1.457301974296570,
1.588,0.677884161472321,1.027313828468323,3.347363710403442,7.915806770324707,,0.340925991535187,-0.043333075940609,0.562956273555756,1.432348012924194,
1.592,0.622306406497955,1.032930016517639,3.121583461761475,7.557196140289307,,0.300316751003265,-0.063794873654842,0.568828105926514,1.359455466270447,
1.596,0.612650036811829,1.029839277267456,2.974044322967529,7.230133056640625,,0.305372804403305,-0.048733923584223,0.575747191905975,1.281349062919617,
1.6,0.595898449420929,1.029261350631714,2.894356250762939,6.934781551361084,,0.338741421699524,-0.028099467977881,0.575964272022247,1.231333494186401,
1.604,0.543286144733429,1.068118453025818,2.857670783996582,6.687385082244873,,0.342524200677872,-0.051703430712223,0.548032820224762,1.270002603530884,
1.608,0.496195673942566,1.127011060714722,2.836834430694580,6.515773773193359,,0.303097277879715,-0.093928851187229,0.500639140605927,1.384562253952026,
1.612,0.467633605003357,1.180107831954956,2.803021430969238,6.417331695556641,,0.278885215520859,-0.104108601808548,0.485499888658524,1.449304580688477,
1.616,0.445113658905029,1.228912830352783,2.768822669982910,6.358901500701904,,0.302420586347580,-0.083021335303783,0.526767611503601,1.444308161735535,
1.62,0.435357451438904,1.279167652130127,2.800330162048340,6.331984043121338,,0.346005320549011,-0.074603006243706,0.569076597690582,1.450029253959656,
1.624,0.481046855449677,1.336540102958679,2.923000335693359,6.389765739440918,,0.395709067583084,-0.103886820375919,0.579538106918335,1.480350732803345,
1.628,0.631846070289612,1.400389671325684,3.104176044464111,6.605935096740723,,0.422899395227432,-0.123477838933468,0.605519831180573,1.491642594337463,
1.632,0.878579854965210,1.450733304023743,3.335413694381714,6.993936538696289,,0.417222052812576,-0.112940147519112,0.668020606040955,1.517324209213257,
1.636,1.174769878387451,1.507072210311890,3.622791528701782,7.501259803771973,,0.426805108785629,-0.121761471033096,0.733934462070465,1.639090061187744,
1.64,1.553055286407471,1.650647997856140,4.019818782806396,8.144343376159668,,0.465229272842407,-0.130744218826294,0.781366765499115,1.797065496444702,
1.644,2.040534496307373,1.880784392356873,4.522653102874756,8.938060760498047,,0.501946628093719,-0.084646321833134,0.835101604461670,1.921145915985107,
1.648,2.503442764282227,2.077762365341187,4.956303596496582,9.722580909729004,,0.536577641963959,-0.001918302266859,0.917119622230530,2.047179222106934,
1.652,2.904305219650269,2.205751895904541,5.313850879669189,10.513962745666504,,0.577702641487122,0.057661090046167,1.012229800224304,2.183249711990356,
1.656,3.356919527053833,2.319474697113037,5.736298084259033,11.428815841674805,,0.601476013660431,0.058527652174234,1.111424088478088,2.300704002380371,
1.66,3.850324630737305,2.424742460250854,6.165892124176025,12.275479316711426,,0.595561206340790,0.027589892968535,1.216705322265625,2.410763502120972,
1.664,4.331932544708252,2.522919893264771,6.554280757904053,13.050256729125977,,0.590400695800781,0.022065941244364,1.334596872329712,2.548284530639648,
1.668,4.837798595428467,2.632796287536621,6.938814163208008,13.982033729553223,,0.613671302795410,0.046628877520561,1.436737537384033,2.711802482604980,
1.672,5.365856647491455,2.737599849700928,7.281314849853516,14.991140365600586,,0.630428850650787,0.066502347588539,1.537342190742493,2.880723237991333,
1.676,5.896943092346191,2.806632518768311,7.569003582000732,15.943294525146484,,0.611650288105011,0.098926804959774,1.712763071060181,3.009126424789429,
1.68,6.701955318450928,2.854869604110718,7.860582351684570,17.163486480712891,,0.595249712467194,0.188684895634651,1.902275919914246,3.063787460327148,
1.684,8.065553665161133,2.891744375228882,8.184929847717285,19.059949874877930,,0.594258844852448,0.313190340995789,2.025755643844604,3.115707874298096,
1.688,9.752420425415039,2.878281116485596,8.483640670776367,21.407304763793945,,0.591104149818420,0.411483794450760,2.134811162948608,3.240687608718872,
1.692,11.646972656250000,2.812186002731323,8.807921409606934,24.059404373168945,,0.590322256088257,0.475888252258301,2.245270490646362,3.407482147216797,
1.696,13.751170158386230,2.733871698379517,9.253072738647461,27.017894744873047,,0.610139667987823,0.540844917297363,2.332871437072754,3.521980285644531,
1.7,15.577527046203613,2.700462579727173,9.742400169372559,29.650419235229492,,0.652035772800446,0.600542664527893,2.416925907135010,3.540750026702881,
1.704,17.005084991455078,2.837704181671143,10.341901779174805,31.771312713623047,,0.680810213088989,0.630073428153992,2.510480880737305,3.529078245162964,
1.708,18.326248168945313,3.140908956527710,11.127433776855469,33.751953125000000,,0.670322060585022,0.648115634918213,2.595091819763184,3.567737579345703,
1.712,19.447385787963867,3.376690149307251,11.815313339233398,35.450290679931641,,0.664063215255737,0.682178974151611,2.645004272460938,3.637809753417969,
1.716,20.247432708740234,3.456655025482178,12.191270828247070,36.678527832031250,,0.683091640472412,0.732517540454865,2.646703958511353,3.671476125717163,
1.72,20.918464660644531,3.512725353240967,12.438127517700195,37.732158660888672,,0.697043478488922,0.788816630840302,2.620932817459106,3.664409875869751,
1.724,21.601316452026367,3.632635593414307,12.778483390808105,38.843914031982422,,0.723193526268005,0.837362229824066,2.625237703323364,3.656798124313354,
1.728,22.170690536499023,3.766485452651978,13.161520004272461,39.770881652832031,,0.781574964523315,0.859324038028717,2.669040679931641,3.687527656555176,
1.732,22.548721313476563,3.883940458297729,13.497032165527344,40.369354248046875,,0.869481265544891,0.862304389476776,2.697894573211670,3.752720832824707,
1.736,22.785717010498047,4.031833171844482,13.815924644470215,40.762870788574219,,0.973498582839966,0.880998134613037,2.708817958831787,3.844522714614868,
1.74,22.885633468627930,4.197361469268799,14.098272323608398,40.978038787841797,,1.120982646942139,0.977219641208649,2.761538267135620,4.010106086730957,
1.744,22.877016067504883,4.370966434478760,14.307328224182129,41.042289733886719,,1.376222133636475,1.166776657104492,2.857340812683105,4.298601627349854,
1.748,22.810617446899414,4.554690361022949,14.464721679687500,41.023845672607422,,1.740508675575256,1.348037838935852,2.912617444992065,4.744910240173340,
1.752,22.726829528808594,4.695447444915771,14.571814537048340,40.954532623291016,,2.273072719573975,1.456110954284668,2.868853330612183,5.390864849090576,
1.756,22.664583206176758,4.775478839874268,14.624976158142090,40.834064483642578,,2.943536758422852,1.504624366760254,2.770578861236572,6.167487144470215,
1.76,22.601285934448242,4.834697246551514,14.648355484008789,40.643829345703125,,3.519034147262573,1.509069681167603,2.715973138809204,6.877539634704590,
1.764,22.502708435058594,4.899132728576660,14.657662391662598,40.373207092285156,,3.980999708175659,1.514587521553040,2.751890182495117,7.498995780944824,
1.768,22.392997741699219,4.959712505340576,14.655274391174316,40.076354980468750,,4.409204006195068,1.548722147941589,2.841436862945557,8.097231864929199,
1.772,22.270540237426758,5.023703098297119,14.650628089904785,39.753582000732422,,4.705043792724609,1.587729692459106,2.905184507369995,8.552180290222168,
1.776,22.119756698608398,5.096970558166504,14.631772041320801,39.362781524658203,,4.862944126129150,1.613034009933472,2.910262823104858,8.777143478393555,
1.78,21.974573135375977,5.154122352600098,14.560536384582520,38.993354797363281,,4.936801433563232,1.623909235000610,2.890552759170532,8.806208610534668,
1.784,21.820579528808594,5.184088706970215,14.428528785705566,38.620788574218750,,4.886045932769775,1.622832417488098,2.847854614257813,8.672465324401855,
1.788,21.610685348510742,5.182860851287842,14.257943153381348,38.154895782470703,,4.725955963134766,1.612400531768799,2.740023612976074,8.432314872741699,
1.792,21.385530471801758,5.162638187408447,14.073183059692383,37.684764862060547,,4.472959995269775,1.529917478561401,2.568187952041626,8.078200340270996,
1.796,21.204505920410156,5.144279956817627,13.888083457946777,37.256080627441406,,4.135839462280273,1.334969758987427,2.372083187103271,7.566171169281006,
1.8,21.030124664306641,5.105008602142334,13.664282798767090,36.774787902832031,,3.812042713165283,1.150750517845154,2.212542295455933,6.996516704559326,
1.804,20.810848236083984,5.016366481781006,13.374306678771973,36.215808868408203,,3.465655565261841,1.052830338478088,2.104796409606934,6.414309024810791,
1.808,20.582258224487305,4.904775619506836,13.107701301574707,35.715152740478516,,2.999482393264771,0.977248847484589,1.994781970977783,5.799629688262939,
1.812,20.369903564453125,4.805986881256104,12.893010139465332,35.327884674072266,,2.544430971145630,0.884676754474640,1.887742400169373,5.280354976654053,
1.816,20.167377471923828,4.718146800994873,12.662651062011719,34.975944519042969,,2.229876041412354,0.796634852886200,1.829255819320679,4.909358978271484,
1.82,19.994968414306641,4.640598297119141,12.449222564697266,34.644035339355469,,1.988933086395264,0.733661592006683,1.786566615104675,4.547566413879395,
1.824,19.859727859497070,4.545418262481689,12.274016380310059,34.350414276123047,,1.736580014228821,0.685069501399994,1.708789825439453,4.097963333129883,
1.828,19.748840332031250,4.404372692108154,12.098398208618164,34.114864349365234,,1.491618633270264,0.647026777267456,1.651745200157166,3.632651805877686,
1.832,19.646471023559570,4.272834300994873,11.953474044799805,33.964946746826172,,1.271944284439087,0.617374598979950,1.634889960289001,3.223227977752686,
1.836,19.530801773071289,4.189729213714600,11.857979774475098,33.885147094726563,,1.053784489631653,0.594673454761505,1.604571819305420,2.891313791275024,
1.84,19.359937667846680,4.085740089416504,11.744451522827148,33.844997406005859,,0.862062096595764,0.579372286796570,1.595565915107727,2.676942348480225,
1.844,19.126886367797852,3.893938302993774,11.590851783752441,33.791225433349609,,0.721376776695251,0.577675163745880,1.654618620872498,2.541253805160522,
1.848,18.886291503906250,3.667000532150269,11.481440544128418,33.668388366699219,,0.641199052333832,0.595239996910095,1.735589385032654,2.435987949371338,
1.852,18.639966964721680,3.497994899749756,11.439743995666504,33.491062164306641,,0.627647161483765,0.597241044044495,1.769720435142517,2.381340026855469,
1.856,18.358064651489258,3.410923480987549,11.405287742614746,33.279838562011719,,0.630090117454529,0.578496396541595,1.768539309501648,2.367864608764648,
1.86,18.067958831787109,3.389431476593018,11.350231170654297,33.028228759765625,,0.607566475868225,0.561029732227325,1.762009739875793,2.371814489364624,
1.864,17.745866775512695,3.410516262054443,11.280755043029785,32.751129150390625,,0.574336886405945,0.557749986648560,1.751292824745178,2.408096790313721,
1.868,17.375816345214844,3.417653560638428,11.227677345275879,32.463317871093750,,0.544976770877838,0.582337200641632,1.758456230163574,2.464858055114746,
1.872,17.049827575683594,3.368398666381836,11.216580390930176,32.173114776611328,,0.532584726810455,0.610757529735565,1.794264435768127,2.499521970748901,
1.876,16.788557052612305,3.295654296875000,11.242861747741699,31.920202255249023,,0.537082135677338,0.627280831336975,1.854623317718506,2.508543014526367,
1.88,16.537076950073242,3.269841670989990,11.265150070190430,31.666387557983398,,0.546534717082977,0.632080554962158,1.927053093910217,2.509869337081909,
1.884,16.274850845336914,3.322263240814209,11.242451667785645,31.350622177124023,,0.569463372230530,0.612848877906799,1.949852228164673,2.509821176528931,
1.888,16.026596069335938,3.410754680633545,11.225566864013672,31.070631027221680,,0.622584462165833,0.586280822753906,1.912150382995605,2.514575242996216,
1.892,15.805341720581055,3.482075691223145,11.244873046875000,30.850522994995117,,0.696463167667389,0.569655656814575,1.907614588737488,2.530827999114990,
1.896,15.595805168151855,3.521794557571411,11.232006072998047,30.603553771972656,,0.732737362384796,0.545790612697601,1.953251838684082,2.546788454055786,
1.9,15.425165176391602,3.531204462051392,11.194265365600586,30.361356735229492,,0.701981127262115,0.518840432167053,1.957241773605347,2.549055337905884,
1.904,15.295050621032715,3.515846014022827,11.202824592590332,30.169942855834961,,0.649612426757813,0.513227939605713,1.898588776588440,2.537229537963867,
1.908,15.167703628540039,3.491138696670532,11.233545303344727,30.008106231689453,,0.626863718032837,0.519038200378418,1.853213429450989,2.540344476699829,
1.912,15.072377204895020,3.474433660507202,11.218738555908203,29.851133346557617,,0.650099456310272,0.508549511432648,1.851378202438354,2.580116271972656,
1.916,15.061432838439941,3.473692655563354,11.159847259521484,29.718852996826172,,0.698962152004242,0.487087577581406,1.862254381179810,2.632795810699463,
1.92,15.095184326171875,3.479968547821045,11.089537620544434,29.648286819458008,,0.737438321113586,0.497997641563416,1.868145465850830,2.684447765350342,
1.924,15.115077018737793,3.471932888031006,11.032657623291016,29.633705139160156,,0.740366637706757,0.527257502079010,1.869120717048645,2.742238044738770,
1.928,15.148924827575684,3.438653707504272,11.008150100708008,29.652360916137695,,0.706846952438354,0.514779448509216,1.884893059730530,2.801292657852173,
1.932,15.229945182800293,3.399077177047729,11.001580238342285,29.664224624633789,,0.683594763278961,0.472514688968658,1.920712828636169,2.822943449020386,
1.936,15.345147132873535,3.375838518142700,10.978085517883301,29.667982101440430,,0.716072201728821,0.434634923934937,1.930806636810303,2.802841424942017,
1.94,15.465894699096680,3.363648891448975,10.917331695556641,29.717077255249023,,0.772441744804382,0.404982537031174,1.904024720191956,2.821044683456421,
1.944,15.597078323364258,3.362931966781616,10.843861579895020,29.838813781738281,,0.820661067962646,0.388930797576904,1.872038483619690,2.910907983779907,
1.948,15.751711845397949,3.379626512527466,10.793786048889160,30.005966186523438,,0.853215098381042,0.386646628379822,1.855540513992310,3.000795602798462,
1.952,15.889781951904297,3.407091140747070,10.753627777099609,30.153356552124023,,0.856092512607574,0.390703320503235,1.858186602592468,3.052579641342163,
1.956,15.987730979919434,3.446222305297852,10.722065925598145,30.245422363281250,,0.853909134864807,0.384251564741135,1.865821361541748,3.085881471633911,
1.96,16.081888198852539,3.476599931716919,10.711389541625977,30.296859741210938,,0.849874734878540,0.351147443056107,1.888941407203674,3.120693922042847,
1.964,16.201913833618164,3.476275920867920,10.703868865966797,30.341707229614258,,0.842775642871857,0.318857282400131,1.914703249931335,3.169499874114990,
1.968,16.313589096069336,3.484225034713745,10.704284667968750,30.384574890136719,,0.862824797630310,0.328063458204269,1.903587579727173,3.210906744003296,
1.972,16.388298034667969,3.530723094940186,10.738887786865234,30.431701660156250,,0.902321398258209,0.371549010276794,1.902669906616211,3.228985071182251,
1.976,16.472776412963867,3.569280862808228,10.789736747741699,30.515876770019531,,0.948670685291290,0.412034839391708,1.955812215805054,3.253176212310791,
1.98,16.597614288330078,3.577713251113892,10.833419799804688,30.633598327636719,,1.009964942932129,0.419736564159393,2.000792026519775,3.324767351150513,
1.984,16.714401245117188,3.608118295669556,10.883772850036621,30.766426086425781,,1.067660093307495,0.422539412975311,2.003429174423218,3.430872440338135,
1.988,16.794181823730469,3.670502185821533,10.937135696411133,30.879003524780273,,1.093192934989929,0.475046008825302,1.988672614097595,3.514724254608154,
1.992,16.865034103393555,3.723254919052124,10.991122245788574,30.934614181518555,,1.112825036048889,0.534911036491394,1.999741911888123,3.600110769271851,
1.996,16.944419860839844,3.755361795425415,11.036730766296387,30.966577529907227,,1.161016225814819,0.539546251296997,2.055514335632324,3.735608100891113,
2,17.006315231323242,3.771561384201050,11.031137466430664,30.989126205444336,,1.237092971801758,0.540034472942352,2.083665609359741,3.906438827514648,
2.004,17.032377243041992,3.790325880050659,10.989825248718262,30.957370758056641,,1.344187140464783,0.576986610889435,2.069115161895752,4.075267314910889,
2.008,17.057117462158203,3.817829847335815,10.968746185302734,30.886182785034180,,1.469034314155579,0.607976019382477,2.097428321838379,4.198091030120850,
2.012,17.095258712768555,3.844141006469727,10.958633422851563,30.819332122802734,,1.557901740074158,0.613876700401306,2.201956987380981,4.294200420379639,
2.016,17.147483825683594,3.868260622024536,10.932881355285645,30.768882751464844,,1.595141291618347,0.631258308887482,2.293641567230225,4.399892330169678,
2.02,17.241918563842773,3.867345333099365,10.901977539062500,30.756563186645508,,1.641330242156982,0.679967045783997,2.301316499710083,4.516288757324219,
2.024,17.354436874389648,3.868294715881348,10.880648612976074,30.784317016601563,,1.724779725074768,0.714604079723358,2.299722433090210,4.640711307525635,
2.028,17.436141967773438,3.927104949951172,10.859679222106934,30.821052551269531,,1.815925002098083,0.713991105556488,2.318992853164673,4.736248016357422,
2.032,17.500061035156250,4.002760410308838,10.829688072204590,30.840383529663086,,1.875923991203308,0.735857784748077,2.328791856765747,4.783743381500244,
2.036,17.561725616455078,4.031161785125732,10.796183586120605,30.840677261352539,,1.893026590347290,0.818160712718964,2.358891010284424,4.825797080993652,
2.04,17.621294021606445,4.031139373779297,10.751201629638672,30.821334838867188,,1.925739884376526,0.925869047641754,2.401323318481445,4.889390945434570,
2.044,17.681064605712891,4.052247047424316,10.703779220581055,30.768686294555664,,1.997435331344604,0.997844934463501,2.428272724151611,4.950064182281494,
2.048,17.722373962402344,4.100112915039063,10.670307159423828,30.690744400024414,,2.060183525085449,1.005489826202393,2.450105428695679,5.003767013549805,
2.052,17.773153305053711,4.142876148223877,10.628905296325684,30.597497940063477,,2.102088451385498,0.993385970592499,2.452187299728394,5.058447360992432,
2.056,17.881170272827148,4.158499240875244,10.559638023376465,30.514423370361328,,2.121452093124390,1.001651763916016,2.447735548019409,5.097007751464844,
2.06,18.010026931762695,4.151465415954590,10.464685440063477,30.507818222045898,,2.109753131866455,1.017574667930603,2.481700420379639,5.124816417694092,
2.064,18.114343643188477,4.138703823089600,10.379593849182129,30.582332611083984,,2.089329957962036,1.022532939910889,2.513799667358398,5.154632091522217,
2.068,18.195566177368164,4.148420333862305,10.339969635009766,30.650041580200195,,2.091710329055786,1.008164286613464,2.518049955368042,5.167645931243896,
2.072,18.241807937622070,4.178367614746094,10.335987091064453,30.650291442871094,,2.123538017272949,0.993330001831055,2.529570341110229,5.159129619598389,
2.076,18.236604690551758,4.171147346496582,10.332039833068848,30.607311248779297,,2.166763782501221,1.003919839859009,2.542711496353149,5.172454357147217,
2.08,18.237665176391602,4.113157749176025,10.303160667419434,30.537185668945313,,2.218629598617554,1.059872865676880,2.559071540832520,5.239635944366455,
2.084,18.301788330078125,4.067042827606201,10.255937576293945,30.447418212890625,,2.283299207687378,1.126194238662720,2.592350244522095,5.321335315704346,
2.088,18.375520706176758,4.071998119354248,10.211985588073730,30.392440795898438,,2.337300539016724,1.146410822868347,2.632005691528320,5.363597393035889,
2.092,18.405557632446289,4.085607528686523,10.157227516174316,30.355955123901367,,2.368573904037476,1.148147702217102,2.652892589569092,5.366988182067871,
2.096,18.392623901367188,4.061758995056152,10.058415412902832,30.295410156250000,,2.373448848724365,1.157212138175964,2.634897708892822,5.371678829193115,
2.1,18.350763320922852,4.023073673248291,9.969800949096680,30.231021881103516,,2.350683450698853,1.166381239891052,2.611960411071777,5.404339313507080,
2.104,18.287012100219727,4.011917591094971,9.928932189941406,30.115907669067383,,2.341999053955078,1.177763938903809,2.614717483520508,5.440531253814697,
2.108,18.208309173583984,4.020153999328613,9.885019302368164,29.895389556884766,,2.372773408889771,1.174110293388367,2.639271736145020,5.477921485900879,
2.112,18.154886245727539,4.010770797729492,9.812095642089844,29.648983001708984,,2.428699016571045,1.151255011558533,2.689338445663452,5.553337574005127,
2.116,18.129350662231445,4.002305984497070,9.721446037292480,29.468257904052734,,2.483498096466064,1.132880091667175,2.744565963745117,5.653562545776367,
2.12,18.071914672851563,4.028657436370850,9.642937660217285,29.329973220825195,,2.519655227661133,1.129406213760376,2.767077207565308,5.714594841003418,
2.124,17.956489562988281,4.062839031219482,9.585774421691895,29.182126998901367,,2.540254354476929,1.142706513404846,2.745358228683472,5.739246368408203,
2.128,17.833627700805664,4.063745021820068,9.541487693786621,29.027530670166016,,2.530128479003906,1.168044805526733,2.697624444961548,5.778750419616699,
2.132,17.747152328491211,4.027422904968262,9.499585151672363,28.823432922363281,,2.516250610351563,1.193730831146240,2.646892070770264,5.813241004943848,
2.136,17.684530258178711,3.985563516616821,9.453637123107910,28.559024810791016,,2.562442064285278,1.227906227111816,2.631989240646362,5.852481842041016,
2.14,17.648843765258789,3.978491067886353,9.409507751464844,28.346637725830078,,2.653321981430054,1.244050025939941,2.675014972686768,5.925987243652344,
2.144,17.621583938598633,4.015695095062256,9.344582557678223,28.200923919677734,,2.742555141448975,1.207908034324646,2.731971740722656,5.991404056549072,
2.148,17.547613143920898,4.068495273590088,9.240574836730957,28.061290740966797,,2.808599710464478,1.175723314285278,2.766932725906372,6.036702156066895,
2.152,17.461421966552734,4.096427917480469,9.114835739135742,27.945333480834961,,2.824312210083008,1.217042326927185,2.781887292861938,6.097243309020996,
2.156,17.451601028442383,4.080530166625977,9.011656761169434,27.869049072265625,,2.808124303817749,1.311997175216675,2.795143604278564,6.164825439453125,
2.16,17.504129409790039,4.046770572662354,8.979971885681152,27.768827438354492,,2.838417291641235,1.392060995101929,2.835469484329224,6.210855960845947,
2.164,17.530263900756836,4.033478260040283,9.009924888610840,27.600217819213867,,2.920006036758423,1.441087841987610,2.885861158370972,6.265268325805664,
2.168,17.526844024658203,4.030089378356934,9.015749931335449,27.446334838867188,,2.989630222320557,1.484070539474487,2.904352903366089,6.361981391906738,
2.172,17.533885955810547,4.034123420715332,8.959897041320801,27.366048812866211,,3.048949956893921,1.516189098358154,2.905989170074463,6.495569229125977,
2.176,17.541917800903320,4.068592548370361,8.898854255676270,27.304681777954102,,3.151100397109985,1.511202573776245,2.940431118011475,6.632693767547607,
2.18,17.543146133422852,4.087993621826172,8.852328300476074,27.226160049438477,,3.279018878936768,1.483509421348572,3.018975257873535,6.754261493682861,
2.184,17.521657943725586,4.065495014190674,8.799051284790039,27.123014450073242,,3.329674482345581,1.484823942184448,3.082565069198608,6.878903865814209,
2.188,17.463489532470703,4.053260326385498,8.745322227478027,26.986162185668945,,3.298634767532349,1.516314506530762,3.098857402801514,6.980368137359619,
2.192,17.392276763916016,4.060011863708496,8.695861816406250,26.858293533325195,,3.309319496154785,1.547815561294556,3.121919155120850,7.043331146240234,
2.196,17.338195800781250,4.059528350830078,8.644378662109375,26.782554626464844,,3.406086921691895,1.583640694618225,3.185245037078857,7.117533206939697,
2.2,17.300903320312500,4.032681465148926,8.584962844848633,26.704034805297852,,3.523177623748779,1.631361961364746,3.255574703216553,7.228652477264404,
2.204,17.242620468139648,3.992014884948730,8.517587661743164,26.577274322509766,,3.614364147186279,1.702765822410583,3.304296493530273,7.371237277984619,
2.208,17.160840988159180,3.997597217559814,8.455579757690430,26.454359054565430,,3.686531066894531,1.804375886917114,3.343304872512817,7.517902851104736,
2.212,17.092773437500000,4.036666393280029,8.391410827636719,26.325916290283203,,3.747890472412109,1.892909765243530,3.392031192779541,7.628445625305176,
2.216,17.037464141845703,4.048178672790527,8.328433990478516,26.150505065917969,,3.793481588363647,1.935889720916748,3.453493595123291,7.706605911254883,
2.22,16.966783523559570,4.027501106262207,8.300002098083496,26.010795593261719,,3.835151195526123,1.955909132957458,3.502205610275269,7.789528846740723,
2.224,16.868358612060547,3.979540109634399,8.293973922729492,25.936735153198242,,3.896549224853516,1.966425418853760,3.522024631500244,7.887680530548096,
2.228,16.749059677124023,3.916821718215942,8.274376869201660,25.834852218627930,,3.985398769378662,1.965368986129761,3.540998458862305,7.992129325866699,
2.232,16.617996215820313,3.875148773193359,8.245503425598145,25.695463180541992,,4.084664821624756,1.988827466964722,3.597046852111816,8.136251449584961,
2.236,16.487203598022461,3.863969802856445,8.223632812500000,25.598077774047852,,4.168422222137451,2.039778470993042,3.684349775314331,8.331933975219727,
2.24,16.370429992675781,3.847586870193481,8.202564239501953,25.526731491088867,,4.228915214538574,2.055746078491211,3.761710882186890,8.483097076416016,
2.244,16.264665603637695,3.795899391174316,8.169461250305176,25.394554138183594,,4.296651363372803,2.041454315185547,3.812836170196533,8.556664466857910,
2.248,16.168813705444336,3.741478919982910,8.130083084106445,25.224958419799805,,4.397731781005859,2.058661699295044,3.848851919174194,8.656231880187988,
2.252,16.064249038696289,3.736218690872192,8.088097572326660,25.075582504272461,,4.501340389251709,2.096954345703125,3.886595487594604,8.821583747863770,
2.256,15.928758621215820,3.761036634445190,8.046868324279785,24.952922821044922,,4.595693588256836,2.130998849868774,3.931283712387085,9.004544258117676,
2.26,15.783689498901367,3.749843835830688,8.013319969177246,24.851852416992188,,4.698390007019043,2.180586099624634,3.986215353012085,9.171609878540039,
2.264,15.644993782043457,3.710003852844238,7.969935417175293,24.757993698120117,,4.788878917694092,2.233714342117310,4.059139251708984,9.316033363342285,
2.268,15.522320747375488,3.680880308151245,7.923464775085449,24.677062988281250,,4.869470119476318,2.256947755813599,4.142997741699219,9.434665679931641,
2.272,15.440362930297852,3.638708829879761,7.894544124603271,24.605997085571289,,4.950450897216797,2.267187833786011,4.235726356506348,9.531844139099121,
2.276,15.383787155151367,3.588295459747314,7.866421699523926,24.499416351318359,,5.020769596099854,2.292205095291138,4.321568012237549,9.654293060302734,
2.28,15.288853645324707,3.587165117263794,7.810085296630859,24.301452636718750,,5.099650382995605,2.335245847702026,4.363968372344971,9.830057144165039,
2.284,15.165212631225586,3.627800226211548,7.717638492584229,24.029546737670898,,5.191469669342041,2.408496141433716,4.375337123870850,9.997470855712891,
2.288,15.079268455505371,3.658589363098145,7.621821403503418,23.790519714355469,,5.282194137573242,2.502032279968262,4.413990497589111,10.108955383300781,
2.292,15.023674964904785,3.651973724365234,7.531531333923340,23.607921600341797,,5.376041412353516,2.571828126907349,4.484385490417480,10.192399978637695,
2.296,14.957324028015137,3.623824596405029,7.449593067169189,23.425859451293945,,5.454107284545898,2.585438013076782,4.544630527496338,10.282470703125000,
2.3,14.861392021179199,3.628318309783936,7.430140972137451,23.268524169921875,,5.489528179168701,2.572448968887329,4.584946632385254,10.390877723693848,
2.304,14.737576484680176,3.635283708572388,7.442427158355713,23.150749206542969,,5.519042968750000,2.585100889205933,4.599810600280762,10.465325355529785,
2.308,14.609485626220703,3.583832502365112,7.400660991668701,23.034366607666016,,5.589001178741455,2.633323192596436,4.599248409271240,10.462431907653809,
2.312,14.510313034057617,3.507784843444824,7.307671546936035,22.923839569091797,,5.695456504821777,2.687497615814209,4.596721649169922,10.474413871765137,
2.316,14.440797805786133,3.442009925842285,7.192200183868408,22.818763732910156,,5.806246757507324,2.719383955001831,4.588098049163818,10.579396247863770,
2.32,14.363967895507813,3.396440267562866,7.098418235778809,22.695426940917969,,5.873665809631348,2.759119033813477,4.619180679321289,10.728621482849121,
2.324,14.252891540527344,3.387578010559082,7.066111564636230,22.555702209472656,,5.904137134552002,2.827576875686646,4.708038330078125,10.861780166625977,
2.328,14.122797966003418,3.411670207977295,7.051807880401611,22.414110183715820,,5.942727088928223,2.876597881317139,4.789404392242432,10.964693069458008,
2.332,14.009974479675293,3.424475908279419,7.026064872741699,22.275455474853516,,5.980576992034912,2.877540826797485,4.825476646423340,11.056877136230469,
2.336,13.913722991943359,3.392013311386108,7.006020069122314,22.145345687866211,,6.027161121368408,2.849074840545654,4.865321159362793,11.157418251037598,
2.34,13.819677352905273,3.350923061370850,6.983066558837891,22.057655334472656,,6.116341590881348,2.816388845443726,4.942219257354736,11.261384010314941,
2.344,13.729858398437500,3.332572460174561,6.965770721435547,22.015071868896484,,6.217564582824707,2.818143129348755,5.008384227752686,11.353556632995605,
2.348,13.635484695434570,3.312766075134277,6.970397949218750,21.974880218505859,,6.296588420867920,2.874759435653687,5.039547920227051,11.430768013000488,
2.352,13.543971061706543,3.268634319305420,6.964669227600098,21.945983886718750,,6.357345104217529,2.940933227539063,5.065308094024658,11.522287368774414,
2.356,13.454644203186035,3.218957424163818,6.935798645019531,21.949924468994141,,6.408600330352783,2.960698843002319,5.123720169067383,11.639941215515137,
2.36,13.335782051086426,3.174000501632690,6.923342704772949,21.927545547485352,,6.449937820434570,2.952145099639893,5.219253540039063,11.738376617431641,
2.364,13.193518638610840,3.112884283065796,6.927673339843750,21.830801010131836,,6.503292083740234,2.963232755661011,5.310309886932373,11.849842071533203,
2.368,13.071063041687012,3.054333686828613,6.911257266998291,21.717279434204102,,6.591165065765381,2.989574909210205,5.381356716156006,12.040303230285645,
2.372,12.971365928649902,3.017467021942139,6.881388664245605,21.629785537719727,,6.699474811553955,3.025520801544189,5.459043979644775,12.254980087280273,
2.376,12.859629631042480,2.988925218582153,6.853979587554932,21.539178848266602,,6.829145908355713,3.095041275024414,5.552825927734375,12.426803588867188,
2.38,12.733909606933594,2.969106674194336,6.828532218933105,21.458114624023438,,6.976453304290771,3.167981624603271,5.626792907714844,12.568058967590332,
2.384,12.607542037963867,2.959393262863159,6.823338508605957,21.387424468994141,,7.096995830535889,3.218526601791382,5.659544944763184,12.732637405395508,
2.388,12.485635757446289,2.952239751815796,6.839448928833008,21.276998519897461,,7.164667129516602,3.268049716949463,5.696129798889160,12.917569160461426,
2.392,12.371208190917969,2.945436477661133,6.836573123931885,21.142190933227539,,7.216644287109375,3.302087306976318,5.775350093841553,13.122311592102051,
2.396,12.251549720764160,2.944131374359131,6.797905445098877,21.016063690185547,,7.285733699798584,3.303287506103516,5.887114524841309,13.365080833435059,
2.4,12.129919052124023,2.915640592575073,6.766736030578613,20.893220901489258,,7.347683906555176,3.294521093368530,6.006109237670898,13.573401451110840,
2.404,12.017719268798828,2.839471340179443,6.766005039215088,20.778276443481445,,7.404703140258789,3.309180021286011,6.103506088256836,13.738259315490723,
2.408,11.901195526123047,2.774199008941650,6.755638599395752,20.689590454101563,,7.486990928649902,3.352807760238647,6.191191673278809,13.910894393920898,
2.412,11.752614021301270,2.751799345016479,6.675837039947510,20.592277526855469,,7.558972835540771,3.387856721878052,6.294678211212158,14.062129974365234,
2.416,11.582393646240234,2.754606723785400,6.539415359497070,20.417148590087891,,7.586352825164795,3.404039382934570,6.367840290069580,14.175474166870117,
2.42,11.448965072631836,2.765201568603516,6.459807872772217,20.188941955566406,,7.592395305633545,3.423336029052734,6.390213966369629,14.268829345703125,
2.424,11.345324516296387,2.760704755783081,6.462382793426514,19.970016479492188,,7.599864482879639,3.414160251617432,6.438149929046631,14.351665496826172,
2.428,11.233991622924805,2.747835636138916,6.436599731445313,19.763807296752930,,7.628496170043945,3.363375425338745,6.538187026977539,14.448027610778809,
2.432,11.121845245361328,2.742174625396729,6.339717388153076,19.558542251586914,,7.695507526397705,3.344507932662964,6.630720615386963,14.566661834716797,
2.436,11.008513450622559,2.721422433853149,6.246606349945068,19.369440078735352,,7.802499771118164,3.400891542434692,6.684112071990967,14.684117317199707,
2.44,10.886560440063477,2.693084239959717,6.205932617187500,19.183282852172852,,7.898510932922363,3.484067440032959,6.702808380126953,14.787856101989746,
2.444,10.763282775878906,2.692634820938110,6.173384189605713,18.989166259765625,,7.940464496612549,3.548897743225098,6.725007057189941,14.898474693298340,
2.448,10.662550926208496,2.685396671295166,6.116553306579590,18.833734512329102,,7.977861881256104,3.596135616302490,6.783019542694092,15.022090911865234,
2.452,10.539624214172363,2.633095741271973,6.055622577667236,18.696575164794922,,8.020403861999512,3.631822824478149,6.852820873260498,15.132443428039551,
2.456,10.353562355041504,2.571962594985962,5.999699592590332,18.539201736450195,,8.044276237487793,3.642531871795654,6.924290180206299,15.223201751708984,
2.46,10.197712898254395,2.533794164657593,5.961000442504883,18.390718460083008,,8.066389083862305,3.625303268432617,7.010714530944824,15.307787895202637,
2.464,10.109695434570313,2.509924411773682,5.926826000213623,18.254541397094727,,8.090598106384277,3.620579004287720,7.093783378601074,15.385310173034668,
2.468,10.022091865539551,2.491840362548828,5.861191749572754,18.105785369873047,,8.139409065246582,3.662836074829102,7.151156902313232,15.446161270141602,
2.472,9.922272682189941,2.474546909332275,5.815062999725342,17.965293884277344,,8.242056846618652,3.731001853942871,7.196483612060547,15.543504714965820,
2.476,9.844951629638672,2.448330879211426,5.831207275390625,17.885002136230469,,8.376137733459473,3.773056030273438,7.252101421356201,15.706451416015625,
2.48,9.764044761657715,2.403292894363403,5.829475402832031,17.809671401977539,,8.482585906982422,3.783357858657837,7.333642005920410,15.860805511474609,
2.484,9.622452735900879,2.363627195358276,5.758091449737549,17.640466690063477,,8.534491539001465,3.784644603729248,7.438772201538086,15.997624397277832,
2.488,9.467494010925293,2.363284111022949,5.672041416168213,17.438591003417969,,8.567878723144531,3.789529323577881,7.540389060974121,16.167869567871094,
2.492,9.359062194824219,2.357033252716064,5.595840454101563,17.267515182495117,,8.622546195983887,3.844530582427979,7.621494770050049,16.362655639648438,
2.496,9.264536857604980,2.297108173370361,5.508545398712158,17.089281082153320,,8.699172973632813,3.942089319229126,7.663775920867920,16.552968978881836,
2.5,9.159317970275879,2.231477975845337,5.416852474212646,16.913002014160156,,8.795186042785645,4.018112659454346,7.652441024780273,16.731050491333008,
2.504,9.080652236938477,2.199744939804077,5.329176425933838,16.784330368041992,,8.920665740966797,4.077669143676758,7.683536529541016,16.878633499145508,
2.508,9.046733856201172,2.182061910629272,5.257094383239746,16.716749191284180,,9.052474021911621,4.137764453887939,7.831535339355469,16.998420715332031,
2.512,9.005439758300781,2.171518087387085,5.190225124359131,16.659074783325195,,9.148700714111328,4.165154933929443,7.972001075744629,17.134910583496094,
2.516,8.927286148071289,2.159899234771729,5.091285228729248,16.550943374633789,,9.227131843566895,4.159764766693115,8.011089324951172,17.301288604736328,
2.52,8.852329254150391,2.116238355636597,5.007994651794434,16.392612457275391,,9.331548690795898,4.166972637176514,8.027745246887207,17.466770172119141,
2.524,8.804246902465820,2.051694869995117,5.000934123992920,16.219957351684570,,9.451234817504883,4.199583530426025,8.089538574218750,17.588687896728516,
2.528,8.756664276123047,2.025780439376831,5.003485679626465,16.085269927978516,,9.555087089538574,4.257411956787109,8.174066543579102,17.684915542602539,
2.532,8.699107170104980,2.036414861679077,4.947358131408691,15.989946365356445,,9.643088340759277,4.326408863067627,8.232816696166992,17.803558349609375,
2.536,8.632720947265625,2.044232845306396,4.859821319580078,15.892969131469727,,9.745590209960938,4.384292602539063,8.261720657348633,17.966247558593750,
2.54,8.554104804992676,2.050539255142212,4.781658649444580,15.806195259094238,,9.868491172790527,4.436466217041016,8.301638603210449,18.191755294799805,
2.544,8.443161964416504,2.024408817291260,4.728916168212891,15.749592781066895,,9.973898887634277,4.483127593994141,8.368837356567383,18.415702819824219,
2.548,8.293416023254395,1.962425827980042,4.710628986358643,15.705488204956055,,10.045958518981934,4.515277385711670,8.456460952758789,18.545112609863281,
2.552,8.184839248657227,1.933773040771484,4.717582225799561,15.651313781738281,,10.096966743469238,4.530449390411377,8.526483535766602,18.623666763305664,
2.556,8.140286445617676,1.939782261848450,4.730278491973877,15.549202919006348,,10.149816513061523,4.551951885223389,8.575716018676758,18.763336181640625,
2.56,8.067121505737305,1.940597653388977,4.715387821197510,15.387773513793945,,10.231619834899902,4.589842796325684,8.662831306457520,18.942829132080078,
2.564,7.939961433410645,1.935372948646545,4.656118392944336,15.216269493103027,,10.331263542175293,4.622121810913086,8.759505271911621,19.080770492553711,
2.568,7.834511756896973,1.935208678245544,4.588545799255371,15.090143203735352,,10.426869392395020,4.644095897674561,8.794847488403320,19.181747436523438,
2.572,7.758129119873047,1.953824162483215,4.554263591766357,15.012378692626953,,10.517670631408691,4.657079219818115,8.780162811279297,19.256549835205078,
2.576,7.677731513977051,1.978195667266846,4.560949325561523,14.941431999206543,,10.595567703247070,4.654960632324219,8.783164978027344,19.298233032226563,
2.58,7.621895790100098,1.963435769081116,4.568254947662354,14.872876167297363,,10.648981094360352,4.637076377868652,8.834901809692383,19.344787597656250,
2.584,7.569061756134033,1.919317483901978,4.558052539825439,14.792742729187012,,10.687454223632813,4.630994796752930,8.897782325744629,19.426115036010742,
2.588,7.472482681274414,1.887058019638062,4.561234474182129,14.679173469543457,,10.725944519042969,4.662912368774414,8.965782165527344,19.497663497924805,
2.592,7.359321117401123,1.872278213500977,4.569500446319580,14.579210281372070,,10.758491516113281,4.698721885681152,9.028378486633301,19.535633087158203,
2.596,7.259568691253662,1.881984710693359,4.547518730163574,14.516706466674805,,10.782406806945801,4.703881740570068,9.045997619628906,19.569093704223633,
2.6,7.172006607055664,1.899654984474182,4.509226322174072,14.433110237121582,,10.817819595336914,4.709491729736328,9.045983314514160,19.648559570312500,
2.604,7.094956398010254,1.905112266540527,4.470643520355225,14.301389694213867,,10.863843917846680,4.734820842742920,9.087810516357422,19.799699783325195,
2.608,7.035264015197754,1.907688617706299,4.418346881866455,14.180789947509766,,10.890257835388184,4.763276576995850,9.181354522705078,19.953229904174805,
2.612,6.994932651519775,1.886191844940186,4.367554664611816,14.080395698547363,,10.891278266906738,4.799661636352539,9.267741203308105,20.047189712524414,
2.616,6.947637081146240,1.837867856025696,4.342925071716309,13.960715293884277,,10.896894454956055,4.837794303894043,9.343868255615234,20.101665496826172,
2.62,6.869547367095947,1.798485517501831,4.329035758972168,13.843750000000000,,10.934586524963379,4.861989498138428,9.443666458129883,20.158678054809570,
2.624,6.768371105194092,1.773851037025452,4.293192863464355,13.757875442504883,,10.998270034790039,4.877399444580078,9.517580986022949,20.244291305541992,
2.628,6.675323486328125,1.768262147903442,4.253682136535645,13.682035446166992,,11.058162689208984,4.885191440582275,9.557733535766602,20.368078231811523,
2.632,6.621034145355225,1.780025124549866,4.237534523010254,13.595969200134277,,11.098718643188477,4.896215915679932,9.617943763732910,20.531030654907227,
2.636,6.577226638793945,1.770417332649231,4.209585666656494,13.507497787475586,,11.123605728149414,4.917384147644043,9.704956054687500,20.704891204833984,
2.64,6.457657814025879,1.722316980361938,4.142564773559570,13.367415428161621,,11.148103713989258,4.924578189849854,9.814002037048340,20.849922180175781,
2.644,6.252826690673828,1.682171583175659,4.048473834991455,13.123709678649902,,11.205475807189941,4.928312778472900,9.929145812988281,20.984735488891602,
2.648,6.057230472564697,1.690822243690491,3.933545112609863,12.832859992980957,,11.296556472778320,4.961854934692383,10.023197174072266,21.141672134399414,
2.652,5.911819458007813,1.703346729278564,3.799050807952881,12.520527839660645,,11.389173507690430,4.999056339263916,10.124304771423340,21.315582275390625,
2.656,5.784736633300781,1.680477619171143,3.661230564117432,12.175385475158691,,11.474583625793457,5.040806770324707,10.247526168823242,21.492010116577148,
2.66,5.658900260925293,1.648335099220276,3.541198492050171,11.846439361572266,,11.561694145202637,5.137629508972168,10.359330177307129,21.654731750488281,
2.664,5.550045490264893,1.622130990028381,3.448889970779419,11.508958816528320,,11.669351577758789,5.249665260314941,10.455440521240234,21.813808441162109,
2.668,5.467078685760498,1.597353219985962,3.376118183135986,11.135628700256348,,11.793340682983398,5.295390605926514,10.558121681213379,21.989086151123047,
2.672,5.379497528076172,1.570020437240601,3.299711465835571,10.821545600891113,,11.942941665649414,5.319290637969971,10.653576850891113,22.187717437744141,
2.676,5.289074420928955,1.556128263473511,3.212991237640381,10.597563743591309,,12.111175537109375,5.394849777221680,10.724390983581543,22.409610748291016,
2.68,5.202281951904297,1.568617343902588,3.106591463088989,10.393710136413574,,12.206666946411133,5.457683563232422,10.822227478027344,22.629505157470703,
2.684,5.107827186584473,1.570290088653564,2.972752571105957,10.174308776855469,,12.250762939453125,5.497862815856934,10.975079536437988,22.841730117797852,
2.688,5.030929565429688,1.539954900741577,2.844216585159302,9.960850715637207,,12.359313964843750,5.595867633819580,11.111176490783691,23.051330566406250,
2.692,4.969838142395020,1.528770446777344,2.732883214950562,9.740880012512207,,12.538663864135742,5.714334011077881,11.155972480773926,23.236152648925781,
2.696,4.898927688598633,1.561088681221008,2.634345054626465,9.494280815124512,,12.760695457458496,5.793226718902588,11.149805068969727,23.429658889770508,
2.7,4.812865734100342,1.595195889472961,2.555055379867554,9.251058578491211,,13.013381958007813,5.848170280456543,11.215312004089355,23.662652969360352,
2.704,4.717807769775391,1.603893041610718,2.461767435073853,8.976093292236328,,13.231174468994141,5.883612155914307,11.369856834411621,23.883424758911133,
2.708,4.615306377410889,1.593743205070496,2.331958055496216,8.639182090759277,,13.388277053833008,5.895364284515381,11.517255783081055,24.095840454101563,
2.712,4.509745121002197,1.575511813163757,2.203829288482666,8.328209877014160,,13.573637962341309,5.959223270416260,11.624165534973145,24.336843490600586,
2.716,4.427133560180664,1.553766369819641,2.094066143035889,8.092592239379883,,13.813192367553711,6.125188350677490,11.705696105957031,24.599029541015625,
2.72,4.330204010009766,1.549113392829895,1.978140592575073,7.853095054626465,,14.028656005859375,6.276009559631348,11.746395111083984,24.856063842773438,
2.724,4.165863037109375,1.584334611892700,1.863724827766418,7.532940387725830,,14.218194007873535,6.323654174804688,11.789793968200684,25.062053680419922,
2.728,3.989140987396240,1.622998237609863,1.768980383872986,7.157304763793945,,14.412194252014160,6.342183113098145,11.877432823181152,25.228441238403320,
2.732,3.820250511169434,1.600111484527588,1.645414829254150,6.718320369720459,,14.579907417297363,6.409245967864990,11.954785346984863,25.403335571289063,
2.736,3.640085935592651,1.512210011482239,1.445003867149353,6.195210933685303,,14.728820800781250,6.526223182678223,11.962343215942383,25.561052322387695,
2.74,3.480889558792114,1.413630962371826,1.220809459686279,5.706491470336914,,14.890907287597656,6.658472537994385,11.899850845336914,25.641876220703125,
2.744,3.297397851943970,1.360894322395325,1.017561316490173,5.284691333770752,,15.047587394714355,6.763626575469971,11.845635414123535,25.646997451782227,
2.748,3.034406900405884,1.373482227325439,0.830561757087708,4.831978797912598,,15.181238174438477,6.821338176727295,11.840711593627930,25.618141174316406,
2.752,2.748342275619507,1.389195084571838,0.693383872509003,4.379165172576904,,15.309965133666992,6.881173610687256,11.816729545593262,25.540500640869141,
2.756,2.456766605377197,1.322390794754028,0.593560159206390,3.956918716430664,,15.454106330871582,6.983477115631104,11.742557525634766,25.404848098754883,
2.76,2.143609285354614,1.213229298591614,0.470104157924652,3.500774145126343,,15.592589378356934,7.064113140106201,11.657254219055176,25.292922973632813,
2.764,1.845604300498962,1.157440543174744,0.337103992700577,3.055503606796265,,15.690319061279297,7.084613800048828,11.522157669067383,25.182004928588867,
2.768,1.558661818504333,1.142836213111877,0.233928292989731,2.699779510498047,,15.746806144714355,7.112298965454102,11.307143211364746,24.976617813110352,
2.772,1.230220794677734,1.103255391120911,0.139581561088562,2.356563091278076,,15.775535583496094,7.200603008270264,11.103828430175781,24.730760574340820,
2.776,0.853316128253937,1.022242069244385,0.007658415008336,1.921391248703003,,15.776552200317383,7.311956405639648,10.936277389526367,24.482715606689453,
2.78,0.485323101282120,0.921974420547485,-0.153531730175018,1.461212277412415,,15.755386352539063,7.365994453430176,10.738822937011719,24.180776596069336,
2.784,0.111722484230995,0.819495737552643,-0.300935685634613,1.057145357131958,,15.733859062194824,7.324128150939941,10.516980171203613,23.845983505249023,
2.788,-0.288359105587006,0.720568954944611,-0.436615407466888,0.716347277164459,,15.688680648803711,7.237955093383789,10.334471702575684,23.510269165039063,
2.792,-0.586884796619415,0.638270378112793,-0.562270998954773,0.512440323829651,,15.530511856079102,7.188058376312256,10.119204521179199,23.064889907836914,
2.796,-0.660353422164917,0.609501600265503,-0.619235396385193,0.474950194358826,,15.225469589233398,7.162459373474121,9.770482063293457,22.422950744628906,
2.8,-0.562287867069244,0.658247590065002,-0.557680487632751,0.524891436100006,,14.860538482666016,7.091432571411133,9.410584449768066,21.696113586425781,
2.804,-0.463409155607224,0.724531888961792,-0.429189682006836,0.569159984588623,,14.423422813415527,6.916921615600586,9.111235618591309,20.881521224975586,
2.808,-0.434740483760834,0.722924590110779,-0.347063750028610,0.554070830345154,,13.824607849121094,6.626847267150879,8.781489372253418,19.913515090942383,
2.812,-0.437113702297211,0.679721593856812,-0.374153554439545,0.529621779918671,,13.164819717407227,6.329805850982666,8.412734985351563,19.011011123657227,
2.816,-0.464174896478653,0.677242100238800,-0.462773501873016,0.554856300354004,,12.448811531066895,6.076929569244385,8.042506217956543,18.184705734252930,
2.82,-0.523594915866852,0.702541649341583,-0.519057333469391,0.595777332782745,,11.566966056823730,5.795915603637695,7.689276218414307,17.222154617309570,
2.824,-0.566662847995758,0.714340507984161,-0.514270365238190,0.619177460670471,,10.679921150207520,5.490439414978027,7.412533760070801,16.293811798095703,
2.828,-0.573247730731964,0.723145425319672,-0.468066930770874,0.608070135116577,,9.964885711669922,5.222491264343262,7.258269786834717,15.618154525756836,
2.832,-0.580579996109009,0.716297447681427,-0.429388135671616,0.560093879699707,,9.307812690734863,5.000498771667480,7.275360584259033,15.125182151794434,
2.836,-0.567268431186676,0.672111034393311,-0.446457505226135,0.531898796558380,,8.607655525207520,4.805808067321777,7.495211124420166,14.792224884033203,
2.84,-0.526302158832550,0.626742720603943,-0.488162547349930,0.533935844898224,,8.025517463684082,4.648649692535400,7.858342647552490,14.740513801574707,