Kinvent Physio 2.25.0,Version BLE : 4,Appareils: ,D102119 (FW 3.026) (250 Hz),D102124 (FW 3.026) (250 Hz)
Poids de corps (kg),82.02
Paramètres
,Moyenne,,,,,,,Essai (1),,,,,,,Essai (2),,,,,,,Essai (3),,,,,,
,Total,,Gauche,,Droite,,Asymétrie,Total,,Gauche,,Droite,,Asymétrie,Total,,Gauche,,Droite,,Asymétrie,Total,,Gauche,,Droite,,Asymétrie
,Abs,Relative,Abs,Relative,Abs,Relative,,Abs,Relative,Abs,Relative,Abs,Relative,,Abs,Relative,Abs,Relative,Abs,Relative,,Abs,Relative,Abs,Relative,Abs,Relative,
Hauteur de Saut TV (cm),38.119,NA,NA,NA,NA,NA,NA,35.230,NA,NA,NA,NA,NA,NA,40.121,NA,NA,NA,NA,NA,NA,39.007,NA,NA,NA,NA,NA,NA
Hauteur de saut (Vitesse) (cm),35.740,NA,NA,NA,NA,NA,NA,34.273,NA,NA,NA,NA,NA,NA,36.081,NA,NA,NA,NA,NA,NA,36.866,NA,NA,NA,NA,NA,NA
Poids de corps (kg),82.025,NA,NA,NA,NA,NA,NA,82.025,NA,NA,NA,NA,NA,NA,82.025,NA,NA,NA,NA,NA,NA,82.025,NA,NA,NA,NA,NA,NA
Temps de Contraction (ms),441.333,NA,NA,NA,NA,NA,NA,460.000,NA,NA,NA,NA,NA,NA,400.000,NA,NA,NA,NA,NA,NA,464.000,NA,NA,NA,NA,NA,NA
Temps de Mouvement (ms),698.667,NA,NA,NA,NA,NA,NA,740.000,NA,NA,NA,NA,NA,NA,636.000,NA,NA,NA,NA,NA,NA,720.000,NA,NA,NA,NA,NA,NA
Pic de Force Max (kg),198.964,2.426,98.844,1.205,100.120,1.221,1.274,193.045,2.353,96.400,1.175,96.645,1.178,0.254,214.272,2.612,106.626,1.300,107.646,1.312,0.947,189.575,2.311,93.506,1.140,96.069,1.171,2.668
Pic de Puissance Max (W),4444.141,54.181,2148.429,26.192,2295.712,27.988,6.416,4360.325,53.159,2128.187,25.946,2232.137,27.213,4.657,4562.949,55.629,2226.760,27.147,2336.189,28.482,4.684,4409.149,53.754,2090.340,25.484,2318.809,28.270,9.853
Pic de Vitesse Max (m/s),2.799,NA,NA,NA,NA,NA,NA,2.751,NA,NA,NA,NA,NA,NA,2.823,NA,NA,NA,NA,NA,NA,2.822,NA,NA,NA,NA,NA,NA
Pic de RFD Max (kg/s),1036.489,12.636,629.720,7.677,406.768,4.959,35.405,1101.159,13.425,645.129,7.865,456.030,5.560,29.312,1147.292,13.987,813.266,9.915,334.027,4.072,58.928,861.015,10.497,430.767,5.252,430.248,5.245,0.120
Impulsion Totale (kg•s),79.764,0.972,38.631,0.471,41.134,0.501,6.085,82.710,1.008,39.396,0.480,43.314,0.528,9.043,74.750,0.911,37.235,0.454,37.515,0.457,0.748,81.833,0.998,39.261,0.479,42.572,0.519,7.778
Vitesse à Puissance Maximale(m/s),2.514,NA,NA,NA,NA,NA,NA,2.465,NA,NA,NA,NA,NA,NA,2.525,NA,NA,NA,NA,NA,NA,2.552,NA,NA,NA,NA,NA,NA
F@0V (kg),182.500,2.225,84.394,NA,98.106,NA,13.977,167.666,2.044,72.644,NA,95.022,NA,23.550,200.291,2.442,97.136,NA,103.155,NA,5.835,179.543,2.189,83.402,NA,96.141,NA,13.250
Force à Puissance Maximale (kg),180.221,2.197,87.062,1.061,93.159,1.136,6.546,180.324,2.198,88.012,1.073,92.311,1.125,4.657,184.233,2.246,89.691,1.093,94.541,1.153,5.130,176.107,2.147,83.481,1.018,92.626,1.129,9.872
Pic de RPD Max (W/s),27673.067,337.375,13865.113,169.036,13807.955,168.339,0.412,25654.171,312.762,12722.198,155.102,12931.973,157.660,1.622,33393.980,407.121,16672.723,203.265,16721.257,203.857,0.290,23971.050,292.242,12200.416,148.741,11770.634,143.501,3.523
RSI (TV/TC),1.270,NA,NA,NA,NA,NA,NA,1.165,NA,NA,NA,NA,NA,NA,1.430,NA,NA,NA,NA,NA,NA,1.216,NA,NA,NA,NA,NA,NA
RSI (FT/TTT),0.802,NA,NA,NA,NA,NA,NA,0.724,NA,NA,NA,NA,NA,NA,0.899,NA,NA,NA,NA,NA,NA,0.783,NA,NA,NA,NA,NA,NA
mRSI (JH/CT) (m/s),0.870,NA,NA,NA,NA,NA,NA,0.766,NA,NA,NA,NA,NA,NA,1.003,NA,NA,NA,NA,NA,NA,0.841,NA,NA,NA,NA,NA,NA
mRSI (JH/TTT) (m/s),0.550,NA,NA,NA,NA,NA,NA,0.476,NA,NA,NA,NA,NA,NA,0.631,NA,NA,NA,NA,NA,NA,0.542,NA,NA,NA,NA,NA,NA
Rigidité de la jambe (kg/m),530.057,6.462,245.156,2.989,284.901,3.473,13.951,477.915,5.826,207.252,2.527,270.664,3.300,23.428,614.361,7.490,296.857,3.619,317.504,3.871,6.503,497.894,6.070,231.359,2.821,266.535,3.249,13.198
Temps jusqu'au pic de force Max (ms),537.333,NA,541.333,NA,526.667,NA,2.709,632.000,NA,628.000,NA,636.000,NA,1.258,448.000,NA,460.000,NA,448.000,NA,2.609,532.000,NA,536.000,NA,496.000,NA,7.463
Temps jusqu'au pic de Puissance Max (ms),632.000,NA,629.333,NA,634.667,NA,0.840,672.000,NA,672.000,NA,676.000,NA,0.592,568.000,NA,564.000,NA,568.000,NA,0.704,656.000,NA,652.000,NA,660.000,NA,1.212
Force Moyenne (kg),114.578,1.397,55.554,0.677,59.024,0.720,5.880,112.007,1.366,53.354,0.650,58.654,0.715,9.036,117.797,1.436,58.666,0.715,59.131,0.721,0.788,113.929,1.389,54.641,0.666,59.287,0.723,7.836
Force Max Nette (kg),116.939,1.426,NA,NA,NA,NA,NA,111.020,1.353,NA,NA,NA,NA,NA,132.247,1.612,NA,NA,NA,NA,NA,107.550,1.311,NA,NA,NA,NA,NA
Impulsion totale Nette (kg•s),22.785,0.278,NA,NA,NA,NA,NA,22.340,0.272,NA,NA,NA,NA,NA,22.911,0.279,NA,NA,NA,NA,NA,23.104,0.282,NA,NA,NA,NA,NA
RFD moyenne (kg/s),238.316,2.905,121.365,1.480,116.951,1.426,3.637,185.108,2.257,95.660,1.166,89.448,1.090,6.494,316.931,3.864,159.050,1.939,157.881,1.925,0.735,212.908,2.596,109.384,1.334,103.524,1.262,5.357
Puissance Moyenne (W),543.474,6.626,259.240,3.161,284.234,3.465,8.793,484.718,5.909,246.092,3.000,238.626,2.909,3.034,610.470,7.443,283.385,3.455,327.085,3.988,13.360,535.235,6.525,248.244,3.026,286.991,3.499,13.501

Paramètres par phase
,,Moyenne,,,,,,,Essai (1),,,,,,,Essai (2),,,,,,,Essai (3),,,,,,
,,Total,,Gauche,,Droite,,Asymétrie,Total,,Gauche,,Droite,,Asymétrie,Total,,Gauche,,Droite,,Asymétrie,Total,,Gauche,,Droite,,Asymétrie
,,Abs,Relative,Abs,Relative,Abs,Relative,,Abs,Relative,Abs,Relative,Abs,Relative,,Abs,Relative,Abs,Relative,Abs,Relative,,Abs,Relative,Abs,Relative,Abs,Relative,
Phase de Décharge,Durée (ms),257.333,NA,NA,NA,NA,NA,NA,280.000,NA,NA,NA,NA,NA,NA,236.000,NA,NA,NA,NA,NA,NA,256.000,NA,NA,NA,NA,NA,NA
Phase de Décharge,Force Minimale(kg),12.572,0.153,6.052,0.074,6.520,0.079,7.168,19.967,0.243,9.729,0.119,10.238,0.125,4.979,6.912,0.084,2.911,0.035,4.001,0.049,27.234,10.838,0.132,5.517,0.067,5.320,0.065,3.576
Phase de Décharge,Pic de Décharge (kg),79.687,0.971,43.323,0.528,36.364,0.443,16.063,80.469,0.981,41.105,0.501,39.363,0.480,4.237,78.315,0.955,47.744,0.582,30.571,0.373,35.968,80.277,0.979,41.120,0.501,39.157,0.477,4.773
Phase de Décharge,RFD Max Négative (kg/s),-883.659,-10.773,-390.555,-4.761,-1274.214,-15.535,-226.257,-767.685,-9.359,-314.105,-3.829,-1081.791,-13.189,-244.404,-986.777,-12.030,-441.444,-5.382,-1428.221,-17.412,-223.534,-896.516,-10.930,-416.115,-5.073,-1312.631,-16.003,-215.449
Phase de Décharge,Impulsion Totale (kg•s),9.254,0.113,4.513,0.055,4.742,0.058,4.823,11.403,0.139,5.577,0.068,5.825,0.071,4.260,7.079,0.086,3.576,0.044,3.503,0.043,2.030,9.281,0.113,4.386,0.053,4.896,0.060,10.426
Phase de Décharge,Impulsion Nette (kg•s),-11.525,-0.141,NA,NA,NA,NA,NA,-11.236,-0.137,NA,NA,NA,NA,NA,-11.951,-0.146,NA,NA,NA,NA,NA,-11.389,-0.139,NA,NA,NA,NA,NA
Phase de Freinage,Durée (ms),185.333,NA,NA,NA,NA,NA,NA,196.000,NA,NA,NA,NA,NA,NA,164.000,NA,NA,NA,NA,NA,NA,196.000,NA,NA,NA,NA,NA,NA
Phase de Freinage,Force de Freinage Max (kg),181.448,2.212,84.766,1.033,96.682,1.179,12.325,166.768,2.033,75.173,0.916,91.595,1.117,17.929,198.431,2.419,95.881,1.169,102.550,1.250,6.503,179.144,2.184,83.244,1.015,95.900,1.169,13.198
Phase de Freinage,Force de Freinage Moy (kg),142.265,1.734,68.675,0.837,73.590,0.897,6.678,137.507,1.676,62.581,0.763,74.926,0.913,16.477,151.789,1.851,76.889,0.937,74.900,0.913,2.587,137.500,1.676,66.556,0.811,70.944,0.865,6.184
Phase de Freinage,Puissance de Freinage Max (W),-1475.123,-17.984,-771.851,-9.410,-703.271,-8.574,-9.752,-1397.087,-17.033,-680.541,-8.297,-716.546,-8.736,-5.291,-1604.133,-19.557,-908.184,-11.072,-695.949,-8.485,-30.496,-1424.148,-17.362,-726.829,-8.861,-697.319,-8.501,-4.232
Phase de Freinage,RFD moyenne (kg/s),548.562,6.688,212.577,2.592,335.986,4.096,36.730,426.413,5.199,149.405,1.821,277.007,3.377,46.064,719.629,8.773,275.304,3.356,444.325,5.417,38.040,499.644,6.091,213.020,2.597,286.624,3.494,25.680
Phase de Freinage,RFD 0-50ms (kg/s),704.333,8.587,282.309,3.442,422.024,5.145,33.106,680.107,8.291,285.163,3.477,394.944,4.815,27.797,798.679,9.737,233.236,2.843,565.443,6.894,58.752,634.214,7.732,328.529,4.005,305.685,3.727,6.953
Phase de Freinage,RFD 0-100ms (kg/s),707.900,8.630,261.815,3.192,446.085,5.438,41.308,565.364,6.893,166.832,2.034,398.532,4.859,58.138,956.012,11.655,343.427,4.187,612.585,7.468,43.938,602.325,7.343,275.187,3.355,327.138,3.988,15.881
Phase de Freinage,RFD 0-150ms (kg/s),602.552,7.346,236.592,2.884,365.960,4.462,35.350,528.355,6.441,206.909,2.523,321.446,3.919,35.632,735.746,8.970,272.621,3.324,463.125,5.646,41.134,543.556,6.627,230.245,2.807,313.311,3.820,26.512
Phase de Freinage,RFD 0-200ms (kg/s),517.636,6.311,207.817,2.534,309.818,3.777,32.923,418.781,5.106,147.807,1.802,270.974,3.304,45.453,650.705,7.933,269.863,3.290,380.842,4.643,29.140,483.421,5.894,205.782,2.509,277.639,3.385,25.882
Phase de Freinage,RFD 50-100ms (kg/s),702.842,8.569,236.184,2.879,466.658,5.689,49.388,445.309,5.429,47.097,0.574,398.212,4.855,88.173,1104.473,13.465,454.281,5.538,650.192,7.927,30.131,558.744,6.812,207.174,2.526,351.570,4.286,41.072
Phase de Freinage,RFD 100-150ms (kg/s),377.367,4.601,190.319,2.320,187.048,2.280,1.718,418.759,5.105,274.247,3.343,144.512,1.762,47.306,278.200,3.392,134.926,1.645,143.274,1.747,5.827,435.141,5.305,161.783,1.972,273.358,3.333,40.817
Phase de Freinage,RFD 150-200ms (kg/s),NA,NA,NA,NA,NA,NA,NA,NA,NA,NA,NA,NA,NA,NA,NA,NA,NA,NA,NA,NA,NA,NA,NA,NA,NA,NA,NA,NA
Phase de Freinage,Impulsion de freinage (kg•s) ,25.734,0.314,12.381,0.151,13.354,0.163,7.286,26.448,0.322,12.034,0.147,14.414,0.176,16.513,24.330,0.297,12.314,0.150,12.016,0.146,2.426,26.425,0.322,12.794,0.156,13.631,0.166,6.144
Phase de Freinage,Impulsion 50-100ms (kg•s),6.477,0.079,3.147,0.038,3.330,0.041,5.512,6.203,0.076,2.844,0.035,3.359,0.041,15.349,7.091,0.086,3.496,0.043,3.595,0.044,2.745,6.137,0.075,3.100,0.038,3.036,0.037,2.052
Phase de Freinage,Impulsion 100-150ms (kg•s),7.252,0.088,3.330,0.041,3.922,0.048,15.082,6.775,0.083,2.924,0.036,3.851,0.047,24.076,8.290,0.101,3.940,0.048,4.351,0.053,9.440,6.690,0.082,3.127,0.038,3.564,0.043,12.252
Phase de Freinage,Impulsion 150-200ms (kg•s),8.695,0.106,4.071,0.050,4.625,0.056,11.984,7.944,0.097,3.537,0.043,4.407,0.054,19.736,9.792,0.119,4.778,0.058,5.014,0.061,4.719,8.350,0.102,3.897,0.048,4.453,0.054,12.494
Phase de Freinage,Force de Freinage Moy Nette (kg) ,60.241,0.734,NA,NA,NA,NA,NA,55.483,0.676,NA,NA,NA,NA,NA,69.764,0.851,NA,NA,NA,NA,NA,55.476,0.676,NA,NA,NA,NA,NA
Phase de Freinage,Impulsion de freinage nette (kg•s) ,10.861,0.132,NA,NA,NA,NA,NA,10.699,0.130,NA,NA,NA,NA,NA,11.206,0.137,NA,NA,NA,NA,NA,10.677,0.130,NA,NA,NA,NA,NA
Phase de Freinage,Déplacement Min (cm),-34.391,NA,NA,NA,NA,NA,NA,-34.895,NA,NA,NA,NA,NA,NA,-32.299,NA,NA,NA,NA,NA,NA,-35.980,NA,NA,NA,NA,NA,NA
Phase de Freinage,Vitesse Négative Max (m/s),-1.379,NA,NA,NA,NA,NA,NA,-1.344,NA,NA,NA,NA,NA,NA,-1.430,NA,NA,NA,NA,NA,NA,-1.362,NA,NA,NA,NA,NA,NA
Phase de Freinage,RFD Décélération (kg/s),542.397,6.613,211.243,2.575,331.154,4.037,36.210,422.293,5.148,148.009,1.804,274.284,3.344,46.038,713.414,8.698,276.238,3.368,437.176,5.330,36.813,491.484,5.992,209.482,2.554,282.002,3.438,25.716
Phase de Freinage,RFD Excentrique (kg/s),538.783,6.569,249.846,3.046,288.937,3.523,13.529,401.356,4.893,170.831,2.083,230.525,2.810,25.895,700.647,8.542,341.393,4.162,359.254,4.380,4.972,514.346,6.271,237.313,2.893,277.032,3.377,14.337
Phase de Freinage,F@0V (kg),182.500,2.225,84.394,NA,98.106,NA,13.977,167.666,2.044,72.644,NA,95.022,NA,23.550,200.291,2.442,97.136,NA,103.155,NA,5.835,179.543,2.189,83.402,NA,96.141,NA,13.250
Propulsion,Durée (ms),256.000,NA,NA,NA,NA,NA,NA,264.000,NA,NA,NA,NA,NA,NA,236.000,NA,NA,NA,NA,NA,NA,268.000,NA,NA,NA,NA,NA,NA
Propulsion,Force Propulsive Max (kg),198.964,2.426,98.844,1.205,100.120,1.221,1.274,193.045,2.353,96.400,1.175,96.645,1.178,0.254,214.272,2.612,106.626,1.300,107.646,1.312,0.947,189.575,2.311,93.506,1.140,96.069,1.171,2.668
Propulsion,Force Propulsive Moy (kg),172.612,2.104,83.788,1.022,88.823,1.083,5.668,167.475,2.042,81.372,0.992,86.103,1.050,5.494,180.666,2.203,88.804,1.083,91.863,1.120,3.330,169.693,2.069,81.189,0.990,88.504,1.079,8.265
Propulsion,Puissance Propulsive Max (W),4444.141,54.181,2148.429,26.192,2295.712,27.988,6.416,4360.325,53.159,2128.187,25.946,2232.137,27.213,4.657,4562.949,55.629,2226.760,27.147,2336.189,28.482,4.684,4409.149,53.754,2090.340,25.484,2318.809,28.270,9.853
Propulsion,Puissance Propulsive Moy (W),2534.318,30.897,1231.006,15.008,1303.311,15.889,5.548,2399.351,29.252,1180.247,14.389,1219.104,14.863,3.187,2710.933,33.050,1324.744,16.151,1386.189,16.900,4.433,2492.669,30.389,1188.028,14.484,1304.641,15.905,8.938
Propulsion,RPD Moyen(W/s),24295.421,296.197,11803.031,143.896,12492.390,152.301,5.518,22510.126,274.431,11016.471,134.307,11493.655,140.124,4.152,28105.052,342.642,13771.961,167.900,14333.091,174.741,3.915,22271.085,271.517,10620.662,129.481,11650.423,142.036,8.839
Propulsion,RPD 0-50ms (W/s),25390.808,309.551,12459.468,151.899,12931.341,157.652,3.649,21052.857,256.665,10280.278,125.332,10772.579,131.333,4.570,32468.634,395.840,16164.388,197.068,16304.246,198.773,0.858,22650.934,276.148,10933.737,133.298,11717.197,142.850,6.686
Propulsion,RPD 0-100ms (W/s),25798.318,314.519,7543.615,91.968,7651.705,93.285,1.413,22421.217,273.347,11149.487,135.929,11271.730,137.419,1.085,31808.992,387.798,NA,NA,NA,NA,NA,23164.744,282.412,11481.359,139.975,11683.385,142.438,1.729
Propulsion,RPD 0-150ms (W/s),25295.430,308.388,3924.218,47.842,3924.656,47.847,0.011,23546.621,287.068,11772.653,143.526,11773.968,143.542,0.011,29016.960,353.759,NA,NA,NA,NA,NA,23322.707,284.338,NA,NA,NA,NA,NA
Propulsion,RPD 0-200ms (W/s),20254.624,246.933,3498.606,42.653,3696.339,45.064,5.349,21584.836,263.151,10495.819,127.959,11089.017,135.191,5.349,17617.731,214.786,NA,NA,NA,NA,NA,21561.304,262.864,NA,NA,NA,NA,NA
Propulsion,Impulsion Propulsive (kg•s),43.721,0.533,21.222,0.259,22.499,0.274,5.673,43.860,0.535,21.326,0.260,22.534,0.275,5.360,42.221,0.515,20.759,0.253,21.461,0.262,3.270,45.082,0.550,21.581,0.263,23.501,0.287,8.167
Propulsion,Impulsion Propulsive Phase 1 (kg•s),23.670,0.289,11.511,0.140,12.160,0.148,5.336,23.544,0.287,11.314,0.138,12.229,0.149,7.481,23.609,0.288,11.715,0.143,11.894,0.145,1.506,23.858,0.291,11.503,0.140,12.355,0.151,6.900
Propulsion,Impulsion Propulsive Phase 2 (kg•s),19.269,0.235,9.323,0.114,9.945,0.121,6.253,19.552,0.238,9.631,0.117,9.922,0.121,2.935,17.782,0.217,8.632,0.105,9.150,0.112,5.662,20.471,0.250,9.708,0.118,10.764,0.131,9.813
Propulsion,Force Propulsive Max Nette (kg) ,116.939,1.426,NA,NA,NA,NA,NA,111.020,1.353,NA,NA,NA,NA,NA,132.247,1.612,NA,NA,NA,NA,NA,107.550,1.311,NA,NA,NA,NA,NA
Propulsion,Force Propulsive Moy Nette (kg) ,90.587,1.104,NA,NA,NA,NA,NA,85.450,1.042,NA,NA,NA,NA,NA,98.642,1.203,NA,NA,NA,NA,NA,87.669,1.069,NA,NA,NA,NA,NA
Propulsion,Impulsion Propulsive Nette (kg•s),23.051,0.281,NA,NA,NA,NA,NA,22.533,0.275,NA,NA,NA,NA,NA,23.191,0.283,NA,NA,NA,NA,NA,23.427,0.286,NA,NA,NA,NA,NA
Propulsion,Vitesse Propulsive Max (m/s),2.799,NA,NA,NA,NA,NA,NA,2.751,NA,NA,NA,NA,NA,NA,2.823,NA,NA,NA,NA,NA,NA,2.822,NA,NA,NA,NA,NA,NA
Vol,Durée (ms),557.333,NA,NA,NA,NA,NA,NA,536.000,NA,NA,NA,NA,NA,NA,572.000,NA,NA,NA,NA,NA,NA,564.000,NA,NA,NA,NA,NA,NA
Vol,Hauteur de Saut + Temps de vol (cm),38.119,NA,NA,NA,NA,NA,NA,35.230,NA,NA,NA,NA,NA,NA,40.121,NA,NA,NA,NA,NA,NA,39.007,NA,NA,NA,NA,NA,NA
Vol,Hauteur du saut en fonction de la vitesse de décollage (cm),35.740,NA,NA,NA,NA,NA,NA,34.273,NA,NA,NA,NA,NA,NA,36.081,NA,NA,NA,NA,NA,NA,36.866,NA,NA,NA,NA,NA,NA
Vol,Vitesse au décollage (m/s),2.648,NA,NA,NA,NA,NA,NA,2.593,NA,NA,NA,NA,NA,NA,2.661,NA,NA,NA,NA,NA,NA,2.689,NA,NA,NA,NA,NA,NA
Atterrissage,Temps de Stabilisation (ms),425.333,NA,NA,NA,NA,NA,NA,NA,NA,NA,NA,NA,NA,NA,760.000,NA,NA,NA,NA,NA,NA,516.000,NA,NA,NA,NA,NA,NA
Atterrissage,Force Max à l'Atterrissage (kg),569.233,6.940,281.263,3.429,287.970,3.511,2.329,422.213,5.147,217.684,2.654,204.529,2.494,6.043,642.836,7.837,290.688,3.544,352.147,4.293,17.453,642.651,7.835,335.417,4.089,307.233,3.746,8.403
Atterrissage,Ratio Pic de force d'atterrissage/poids du corps (kg/kg),0.707,NA,0.350,NA,0.358,NA,2.329,0.525,NA,0.271,NA,0.254,NA,6.043,0.799,NA,0.361,NA,0.438,NA,17.453,0.799,NA,0.417,NA,0.382,NA,8.403
Atterrissage,Force d'Atterrissage Moy (kg),90.082,1.098,48.021,0.585,42.062,0.513,12.409,75.345,0.919,37.019,0.451,38.326,0.467,3.411,97.623,1.190,60.971,0.743,36.652,0.447,39.887,97.279,1.186,46.072,0.562,51.207,0.624,10.029

Données brutes
Essai (1),,,,,Essai (2),,,,,Essai (3),,,,
temps (seconde),Phases,Force (kg),Force G (kg),Force D (kg),temps (seconde),Phases,Force (kg),Force G (kg),Force D (kg),temps (seconde),Phases,Force (kg),Force G (kg),Force D (kg)
0,Phase de Décharge,78.5,37.2,41.4,0,Phase de Décharge,76.4,36.3,40.0,0,Phase de Décharge,79.4,35.1,44.3
0.004,Phase de Décharge,77.2,36.5,40.7,0.004,Phase de Décharge,72.6,34.5,38.1,0.004,Phase de Décharge,76.2,33.1,43.0
0.008,Phase de Décharge,76.8,36.3,40.5,0.008,Phase de Décharge,71.3,34.0,37.3,0.008,Phase de Décharge,75.6,32.8,42.7
0.012,Phase de Décharge,75.6,35.6,40.0,0.012,Phase de Décharge,68.3,33.1,35.3,0.012,Phase de Décharge,73.9,32.1,41.8
0.016,Phase de Décharge,73.8,34.8,39.0,0.016,Phase de Décharge,63.8,31.2,32.6,0.016,Phase de Décharge,70.8,31.0,39.9
0.02,Phase de Décharge,71.8,33.7,38.1,0.02,Phase de Décharge,58.6,28.7,29.9,0.02,Phase de Décharge,66.8,29.1,37.7
0.024,Phase de Décharge,69.7,32.5,37.1,0.024,Phase de Décharge,53.5,26.4,27.1,0.024,Phase de Décharge,62.0,26.7,35.3
0.028,Phase de Décharge,67.4,31.5,35.9,0.028,Phase de Décharge,49.0,24.3,24.7,0.028,Phase de Décharge,56.5,24.2,32.3
0.032,Phase de Décharge,64.8,30.6,34.2,0.032,Phase de Décharge,44.8,22.2,22.6,0.032,Phase de Décharge,51.1,21.8,29.3
0.036,Phase de Décharge,62.2,29.6,32.5,0.036,Phase de Décharge,40.4,20.1,20.3,0.036,Phase de Décharge,45.8,19.1,26.6
0.04,Phase de Décharge,59.2,28.3,30.9,0.04,Phase de Décharge,36.5,18.3,18.2,0.04,Phase de Décharge,40.4,16.8,23.6
0.044,Phase de Décharge,56.0,27.1,29.0,0.044,Phase de Décharge,33.2,16.6,16.6,0.044,Phase de Décharge,35.6,14.8,20.8
0.048,Phase de Décharge,52.9,25.8,27.0,0.048,Phase de Décharge,30.4,15.1,15.2,0.048,Phase de Décharge,31.5,12.9,18.6
0.052,Phase de Décharge,49.7,24.5,25.2,0.052,Phase de Décharge,28.0,13.9,14.1,0.052,Phase de Décharge,28.1,11.4,16.7
0.056,Phase de Décharge,46.4,23.2,23.2,0.056,Phase de Décharge,26.0,12.8,13.2,0.056,Phase de Décharge,25.3,10.5,14.8
0.06,Phase de Décharge,43.3,22.0,21.3,0.06,Phase de Décharge,23.9,11.6,12.4,0.06,Phase de Décharge,23.5,10.1,13.4
0.064,Phase de Décharge,40.3,20.6,19.7,0.064,Phase de Décharge,21.9,10.5,11.4,0.064,Phase de Décharge,22.4,10.0,12.5
0.068,Phase de Décharge,37.2,19.1,18.1,0.068,Phase de Décharge,20.2,9.8,10.4,0.068,Phase de Décharge,21.8,9.9,11.9
0.072,Phase de Décharge,34.3,17.9,16.4,0.072,Phase de Décharge,18.6,9.0,9.6,0.072,Phase de Décharge,21.2,9.6,11.6
0.076,Phase de Décharge,31.6,16.8,14.9,0.076,Phase de Décharge,17.1,8.3,8.8,0.076,Phase de Décharge,20.2,9.2,11.1
0.08,Phase de Décharge,29.2,15.4,13.8,0.08,Phase de Décharge,15.7,7.5,8.2,0.08,Phase de Décharge,18.9,8.7,10.2
0.084,Phase de Décharge,27.0,14.2,12.8,0.084,Phase de Décharge,14.3,6.7,7.6,0.084,Phase de Décharge,17.5,8.2,9.3
0.088,Phase de Décharge,25.1,13.1,12.0,0.088,Phase de Décharge,13.0,6.0,7.0,0.088,Phase de Décharge,16.4,7.7,8.7
0.092,Phase de Décharge,23.5,12.1,11.4,0.092,Phase de Décharge,11.7,5.4,6.4,0.092,Phase de Décharge,15.5,7.2,8.2
0.096,Phase de Décharge,22.1,11.2,10.9,0.096,Phase de Décharge,10.7,4.8,5.8,0.096,Phase de Décharge,14.7,7.0,7.8
0.1,Phase de Décharge,20.9,10.6,10.4,0.1,Phase de Décharge,9.7,4.3,5.4,0.1,Phase de Décharge,13.9,6.6,7.3
0.104,Phase de Décharge,20.2,10.0,10.1,0.104,Phase de Décharge,8.9,3.8,5.0,0.104,Phase de Décharge,13.0,6.2,6.9
0.108,Phase de Décharge,20.0,9.8,10.2,0.108,Phase de Décharge,8.3,3.5,4.8,0.108,Phase de Décharge,12.3,5.7,6.5
0.112,Phase de Décharge,20.1,9.7,10.3,0.112,Phase de Décharge,7.8,3.2,4.5,0.112,Phase de Décharge,11.8,5.6,6.2
0.116,Phase de Décharge,20.1,9.7,10.4,0.116,Phase de Décharge,7.3,3.1,4.2,0.116,Phase de Décharge,11.4,5.5,5.9
0.12,Phase de Décharge,20.1,9.7,10.4,0.12,Phase de Décharge,7.0,2.9,4.1,0.12,Phase de Décharge,11.1,5.5,5.6
0.124,Phase de Décharge,20.4,9.8,10.6,0.124,Phase de Décharge,6.9,2.9,4.0,0.124,Phase de Décharge,10.8,5.6,5.3
0.128,Phase de Décharge,20.9,9.9,11.0,0.128,Phase de Décharge,7.1,3.0,4.0,0.128,Phase de Décharge,10.9,5.7,5.2
0.132,Phase de Décharge,21.7,10.1,11.6,0.132,Phase de Décharge,7.5,3.3,4.2,0.132,Phase de Décharge,11.3,6.0,5.3
0.136,Phase de Décharge,22.6,10.5,12.2,0.136,Phase de Décharge,8.0,3.7,4.4,0.136,Phase de Décharge,11.8,6.4,5.4
0.14,Phase de Décharge,23.8,11.1,12.7,0.14,Phase de Décharge,8.8,4.1,4.7,0.14,Phase de Décharge,12.3,6.9,5.4
0.144,Phase de Décharge,25.2,12.0,13.2,0.144,Phase de Décharge,9.5,4.5,5.0,0.144,Phase de Décharge,13.1,7.6,5.5
0.148,Phase de Décharge,26.6,12.9,13.7,0.148,Phase de Décharge,10.2,4.8,5.5,0.148,Phase de Décharge,14.0,8.1,5.9
0.152,Phase de Décharge,28.0,13.7,14.2,0.152,Phase de Décharge,11.0,5.0,6.0,0.152,Phase de Décharge,14.6,8.3,6.2
0.156,Phase de Décharge,29.3,14.6,14.7,0.156,Phase de Décharge,12.1,5.4,6.6,0.156,Phase de Décharge,15.2,8.5,6.7
0.16,Phase de Décharge,30.6,15.5,15.0,0.16,Phase de Décharge,13.5,6.2,7.3,0.16,Phase de Décharge,16.2,8.8,7.4
0.164,Phase de Décharge,31.6,16.3,15.3,0.164,Phase de Décharge,15.4,7.3,8.0,0.164,Phase de Décharge,17.8,9.7,8.1
0.168,Phase de Décharge,32.4,16.9,15.4,0.168,Phase de Décharge,17.4,8.5,8.9,0.168,Phase de Décharge,19.7,11.0,8.7
0.172,Phase de Décharge,32.7,17.4,15.3,0.172,Phase de Décharge,19.5,9.4,10.1,0.172,Phase de Décharge,21.9,12.3,9.6
0.176,Phase de Décharge,32.7,17.6,15.0,0.176,Phase de Décharge,21.9,10.6,11.4,0.176,Phase de Décharge,24.3,13.3,10.9
0.18,Phase de Décharge,32.4,17.6,14.8,0.18,Phase de Décharge,24.8,12.2,12.6,0.18,Phase de Décharge,26.9,14.5,12.4
0.184,Phase de Décharge,32.1,17.4,14.6,0.184,Phase de Décharge,28.0,13.9,14.0,0.184,Phase de Décharge,30.2,16.0,14.2
0.188,Phase de Décharge,31.9,17.2,14.7,0.188,Phase de Décharge,31.3,15.7,15.5,0.188,Phase de Décharge,34.3,17.5,16.8
0.192,Phase de Décharge,32.0,17.1,14.9,0.192,Phase de Décharge,35.1,17.8,17.3,0.192,Phase de Décharge,39.0,19.0,20.0
0.196,Phase de Décharge,32.0,16.9,15.1,0.196,Phase de Décharge,39.3,19.9,19.5,0.196,Phase de Décharge,44.0,20.6,23.4
0.2,Phase de Décharge,32.1,16.7,15.4,0.2,Phase de Décharge,43.6,22.0,21.7,0.2,Phase de Décharge,49.3,22.3,27.0
0.204,Phase de Décharge,32.6,16.6,15.9,0.204,Phase de Décharge,48.0,24.6,23.4,0.204,Phase de Décharge,53.9,24.0,29.9
0.208,Phase de Décharge,33.2,16.6,16.6,0.208,Phase de Décharge,52.4,27.4,24.9,0.208,Phase de Décharge,57.6,26.0,31.6
0.212,Phase de Décharge,34.1,16.8,17.3,0.212,Phase de Décharge,56.9,30.6,26.3,0.212,Phase de Décharge,60.5,27.9,32.6
0.216,Phase de Décharge,35.3,17.1,18.2,0.216,Phase de Décharge,61.7,34.4,27.3,0.216,Phase de Décharge,62.7,29.4,33.2
0.22,Phase de Décharge,36.5,17.5,19.0,0.22,Phase de Décharge,66.2,38.0,28.2,0.22,Phase de Décharge,64.6,31.0,33.6
0.224,Phase de Décharge,37.6,17.9,19.7,0.224,Phase de Décharge,70.0,40.9,29.1,0.224,Phase de Décharge,66.5,32.8,33.7
0.228,Phase de Décharge,38.9,18.3,20.6,0.228,Phase de Décharge,73.8,43.9,29.9,0.228,Phase de Décharge,67.9,34.1,33.8
0.232,Phase de Décharge,40.6,18.8,21.8,0.232,Phase de Décharge,78.3,47.7,30.6,0.232,Phase de Décharge,69.0,35.0,34.0
0.236,Phase de Décharge,42.4,19.4,23.0,0.236,Phase de Freinage,83.3,51.8,31.5,0.236,Phase de Décharge,70.5,36.0,34.5
0.24,Phase de Décharge,44.6,20.4,24.3,0.24,Phase de Freinage,88.7,56.1,32.5,0.24,Phase de Décharge,72.4,37.0,35.4
0.244,Phase de Décharge,47.3,21.5,25.9,0.244,Phase de Freinage,94.4,60.8,33.6,0.244,Phase de Décharge,74.8,38.2,36.6
0.248,Phase de Décharge,50.3,22.8,27.5,0.248,Phase de Freinage,99.5,64.4,35.2,0.248,Phase de Décharge,77.4,39.7,37.8
0.252,Phase de Décharge,53.9,24.7,29.1,0.252,Phase de Freinage,103.6,66.2,37.4,0.252,Phase de Décharge,80.3,41.1,39.2
0.256,Phase de Décharge,57.8,26.8,31.0,0.256,Phase de Freinage,106.6,66.9,39.7,0.256,Phase de Freinage,83.2,42.3,40.9
0.26,Phase de Décharge,62.1,29.4,32.8,0.26,Phase de Freinage,108.9,66.8,42.1,0.26,Phase de Freinage,86.0,43.6,42.4
0.264,Phase de Décharge,66.8,32.7,34.2,0.264,Phase de Freinage,111.2,66.1,45.1,0.264,Phase de Freinage,88.6,45.0,43.7
0.268,Phase de Décharge,71.6,36.0,35.6,0.268,Phase de Freinage,113.1,65.1,48.0,0.268,Phase de Freinage,91.1,46.3,44.8
0.272,Phase de Décharge,76.2,38.7,37.5,0.272,Phase de Freinage,114.7,64.1,50.7,0.272,Phase de Freinage,93.5,47.5,46.0
0.276,Phase de Décharge,80.5,41.1,39.4,0.276,Phase de Freinage,116.8,63.3,53.4,0.276,Phase de Freinage,96.2,49.0,47.1
0.28,Phase de Freinage,84.9,43.6,41.3,0.28,Phase de Freinage,119.1,63.1,56.0,0.28,Phase de Freinage,99.0,50.6,48.4
0.284,Phase de Freinage,89.3,45.8,43.5,0.284,Phase de Freinage,121.6,63.3,58.3,0.284,Phase de Freinage,101.6,52.0,49.6
0.288,Phase de Freinage,93.1,47.5,45.6,0.288,Phase de Freinage,124.8,64.0,60.9,0.288,Phase de Freinage,104.1,53.5,50.6
0.292,Phase de Freinage,96.4,49.0,47.5,0.292,Phase de Freinage,129.2,65.2,64.0,0.292,Phase de Freinage,106.6,54.8,51.8
0.296,Phase de Freinage,99.6,50.1,49.5,0.296,Phase de Freinage,134.0,67.0,67.0,0.296,Phase de Freinage,109.1,56.0,53.1
0.3,Phase de Freinage,102.2,51.0,51.2,0.3,Phase de Freinage,138.7,68.9,69.8,0.3,Phase de Freinage,111.5,57.1,54.3
0.304,Phase de Freinage,104.6,52.0,52.6,0.304,Phase de Freinage,143.3,70.5,72.8,0.304,Phase de Freinage,113.9,58.4,55.5
0.308,Phase de Freinage,106.9,53.0,53.9,0.308,Phase de Freinage,147.7,72.2,75.5,0.308,Phase de Freinage,116.2,59.4,56.8
0.312,Phase de Freinage,109.2,53.9,55.3,0.312,Phase de Freinage,152.3,74.4,77.9,0.312,Phase de Freinage,118.4,60.5,57.9
0.316,Phase de Freinage,111.3,54.8,56.6,0.316,Phase de Freinage,157.0,76.4,80.6,0.316,Phase de Freinage,120.9,61.8,59.1
0.32,Phase de Freinage,113.7,55.9,57.8,0.32,Phase de Freinage,161.5,78.4,83.1,0.32,Phase de Freinage,123.4,63.0,60.4
0.324,Phase de Freinage,116.1,56.9,59.2,0.324,Phase de Freinage,165.9,80.6,85.3,0.324,Phase de Freinage,125.8,64.1,61.7
0.328,Phase de Freinage,118.2,57.7,60.5,0.328,Phase de Freinage,170.2,82.6,87.6,0.328,Phase de Freinage,128.0,65.2,62.8
0.332,Phase de Freinage,120.3,58.5,61.8,0.332,Phase de Freinage,174.6,84.4,90.2,0.332,Phase de Freinage,130.2,66.1,64.1
0.336,Phase de Freinage,122.5,59.1,63.4,0.336,Phase de Freinage,178.9,86.2,92.7,0.336,Phase de Freinage,132.4,66.7,65.7
0.34,Phase de Freinage,124.4,59.4,65.0,0.34,Phase de Freinage,182.3,87.6,94.7,0.34,Phase de Freinage,134.7,67.4,67.4
0.344,Phase de Freinage,126.1,59.6,66.5,0.344,Phase de Freinage,184.7,88.4,96.4,0.344,Phase de Freinage,137.0,68.1,68.9
0.348,Phase de Freinage,127.7,59.5,68.1,0.348,Phase de Freinage,186.6,88.9,97.7,0.348,Phase de Freinage,139.4,68.9,70.6
0.352,Phase de Freinage,129.5,59.4,70.1,0.352,Phase de Freinage,188.2,89.4,98.8,0.352,Phase de Freinage,141.6,69.4,72.2
0.356,Phase de Freinage,131.2,59.3,71.9,0.356,Phase de Freinage,189.5,89.9,99.7,0.356,Phase de Freinage,143.4,69.9,73.6
0.36,Phase de Freinage,132.7,59.2,73.5,0.36,Phase de Freinage,190.4,90.1,100.3,0.36,Phase de Freinage,145.2,70.2,75.0
0.364,Phase de Freinage,134.3,59.2,75.0,0.364,Phase de Freinage,190.8,90.3,100.5,0.364,Phase de Freinage,146.9,70.4,76.4
0.368,Phase de Freinage,135.9,59.4,76.5,0.368,Phase de Freinage,190.9,90.3,100.6,0.368,Phase de Freinage,148.2,70.6,77.7
0.372,Phase de Freinage,137.5,59.6,77.9,0.372,Phase de Freinage,191.3,90.4,100.8,0.372,Phase de Freinage,149.5,70.6,78.9
0.376,Phase de Freinage,139.4,59.9,79.5,0.376,Phase de Freinage,192.0,90.9,101.1,0.376,Phase de Freinage,150.8,70.4,80.4
0.38,Phase de Freinage,141.4,60.3,81.1,0.38,Phase de Freinage,192.8,91.5,101.3,0.38,Phase de Freinage,152.1,70.3,81.8
0.384,Phase de Freinage,143.4,60.9,82.5,0.384,Phase de Freinage,193.8,92.2,101.6,0.384,Phase de Freinage,153.7,70.5,83.1
0.388,Phase de Freinage,145.6,61.7,83.9,0.388,Phase de Freinage,195.1,93.3,101.9,0.388,Phase de Freinage,155.6,71.1,84.5
0.392,Phase de Freinage,148.2,62.7,85.5,0.392,Phase de Freinage,196.7,94.6,102.1,0.392,Phase de Freinage,157.8,72.0,85.8
0.396,Phase de Freinage,151.1,64.1,86.9,0.396,Phase de Freinage,198.4,95.9,102.6,0.396,Phase de Freinage,160.0,73.4,86.6
0.4,Phase de Freinage,153.7,65.6,88.1,0.4,Propulsion,200.3,97.1,103.2,0.4,Phase de Freinage,162.0,74.7,87.3
0.404,Phase de Freinage,156.0,66.9,89.1,0.404,Propulsion,202.4,98.6,103.8,0.404,Phase de Freinage,163.9,76.0,87.9
0.408,Phase de Freinage,158.1,68.3,89.9,0.408,Propulsion,204.4,100.1,104.4,0.408,Phase de Freinage,165.8,77.3,88.5
0.412,Phase de Freinage,160.2,69.9,90.3,0.412,Propulsion,206.4,101.3,105.1,0.412,Phase de Freinage,167.9,78.6,89.3
0.416,Phase de Freinage,161.8,71.3,90.5,0.416,Propulsion,208.2,102.5,105.7,0.416,Phase de Freinage,170.0,79.7,90.3
0.42,Phase de Freinage,163.0,72.6,90.4,0.42,Propulsion,209.7,103.4,106.3,0.42,Phase de Freinage,172.2,80.7,91.5
0.424,Phase de Freinage,164.0,73.7,90.3,0.424,Propulsion,211.0,104.1,106.8,0.424,Phase de Freinage,174.1,81.6,92.5
0.428,Phase de Freinage,164.8,74.6,90.2,0.428,Propulsion,212.0,104.7,107.3,0.428,Phase de Freinage,175.6,82.1,93.5
0.432,Phase de Freinage,165.2,75.1,90.1,0.432,Propulsion,212.8,105.3,107.5,0.432,Phase de Freinage,176.8,82.5,94.3
0.436,Phase de Freinage,165.2,75.2,90.0,0.436,Propulsion,213.4,105.8,107.6,0.436,Phase de Freinage,177.5,82.7,94.8
0.44,Phase de Freinage,165.2,75.1,90.1,0.44,Propulsion,213.8,106.1,107.7,0.44,Phase de Freinage,178.1,82.9,95.2
0.444,Phase de Freinage,165.3,74.9,90.5,0.444,Propulsion,214.1,106.3,107.8,0.444,Phase de Freinage,178.7,83.1,95.6
0.448,Phase de Freinage,165.3,74.4,91.0,0.448,Propulsion,214.3,106.5,107.8,0.448,Phase de Freinage,179.1,83.2,95.9
0.452,Phase de Freinage,165.1,73.7,91.4,0.452,Propulsion,214.2,106.6,107.6,0.452,Propulsion,179.5,83.4,96.1
0.456,Phase de Freinage,165.0,73.0,92.0,0.456,Propulsion,214.0,106.6,107.4,0.456,Propulsion,179.9,83.5,96.4
0.46,Phase de Freinage,165.2,72.5,92.6,0.46,Propulsion,213.8,106.6,107.2,0.46,Propulsion,180.3,83.6,96.6
0.464,Phase de Freinage,165.5,72.3,93.2,0.464,Propulsion,213.6,106.6,106.9,0.464,Propulsion,180.7,83.9,96.9
0.468,Phase de Freinage,166.0,72.2,93.8,0.468,Propulsion,213.2,106.5,106.7,0.468,Propulsion,181.3,84.2,97.1
0.472,Phase de Freinage,166.8,72.3,94.4,0.472,Propulsion,212.7,106.3,106.4,0.472,Propulsion,182.0,84.7,97.3
0.476,Propulsion,167.7,72.6,95.0,0.476,Propulsion,212.3,106.1,106.2,0.476,Propulsion,182.8,85.3,97.5
0.48,Propulsion,168.7,73.2,95.5,0.48,Propulsion,211.9,105.8,106.0,0.48,Propulsion,183.5,85.8,97.6
0.484,Propulsion,169.8,74.0,95.9,0.484,Propulsion,211.4,105.6,105.9,0.484,Propulsion,184.0,86.3,97.7
0.488,Propulsion,171.3,75.1,96.2,0.488,Propulsion,211.1,105.3,105.8,0.488,Propulsion,184.6,86.8,97.7
0.492,Propulsion,172.9,76.5,96.5,0.492,Propulsion,210.6,105.0,105.6,0.492,Propulsion,185.2,87.5,97.8
0.496,Propulsion,174.5,77.9,96.6,0.496,Propulsion,210.0,104.6,105.4,0.496,Propulsion,186.0,88.2,97.9
0.5,Propulsion,176.0,79.5,96.5,0.5,Propulsion,209.5,104.3,105.2,0.5,Propulsion,186.8,89.0,97.8
0.504,Propulsion,177.8,81.4,96.4,0.504,Propulsion,209.0,104.1,105.0,0.504,Propulsion,187.5,89.8,97.7
0.508,Propulsion,179.5,83.3,96.2,0.508,Propulsion,208.5,103.8,104.7,0.508,Propulsion,188.0,90.5,97.5
0.512,Propulsion,181.0,85.1,95.9,0.512,Propulsion,207.7,103.3,104.4,0.512,Propulsion,188.4,91.1,97.3
0.516,Propulsion,182.6,87.0,95.7,0.516,Propulsion,207.0,102.9,104.1,0.516,Propulsion,188.8,91.8,97.0
0.52,Propulsion,184.1,88.6,95.5,0.52,Propulsion,206.3,102.5,103.8,0.52,Propulsion,189.1,92.4,96.7
0.524,Propulsion,185.0,89.6,95.4,0.524,Propulsion,205.5,102.0,103.5,0.524,Propulsion,189.2,92.8,96.5
0.528,Propulsion,185.8,90.5,95.3,0.528,Propulsion,204.6,101.5,103.1,0.528,Propulsion,189.4,93.1,96.3
0.532,Propulsion,186.9,91.5,95.4,0.532,Propulsion,203.5,100.9,102.6,0.532,Propulsion,189.6,93.4,96.2
0.536,Propulsion,187.8,92.4,95.4,0.536,Propulsion,202.2,100.1,102.1,0.536,Propulsion,189.5,93.5,96.0
0.54,Propulsion,188.2,92.9,95.3,0.54,Propulsion,200.8,99.2,101.5,0.54,Propulsion,189.1,93.4,95.7
0.544,Propulsion,188.5,93.2,95.3,0.544,Propulsion,199.3,98.5,100.8,0.544,Propulsion,188.8,93.2,95.5
0.548,Propulsion,188.6,93.3,95.3,0.548,Propulsion,197.6,97.6,100.0,0.548,Propulsion,188.6,93.2,95.4
0.552,Propulsion,188.7,93.4,95.4,0.552,Propulsion,195.6,96.3,99.2,0.552,Propulsion,188.5,93.2,95.4
0.556,Propulsion,188.7,93.4,95.3,0.556,Propulsion,193.3,95.0,98.3,0.556,Propulsion,188.5,93.2,95.3
0.56,Propulsion,188.7,93.4,95.3,0.56,Propulsion,190.8,93.5,97.3,0.56,Propulsion,188.4,93.1,95.3
0.564,Propulsion,188.7,93.4,95.2,0.564,Propulsion,187.8,91.6,96.1,0.564,Propulsion,188.3,93.0,95.3
0.568,Propulsion,188.7,93.5,95.2,0.568,Propulsion,184.2,89.7,94.5,0.568,Propulsion,188.2,92.8,95.3
0.572,Propulsion,188.7,93.6,95.1,0.572,Propulsion,180.3,87.5,92.8,0.572,Propulsion,188.0,92.7,95.3
0.576,Propulsion,188.6,93.6,95.0,0.576,Propulsion,175.7,84.7,91.0,0.576,Propulsion,188.0,92.7,95.3
0.58,Propulsion,188.6,93.7,94.9,0.58,Propulsion,170.7,81.8,88.8,0.58,Propulsion,188.0,92.8,95.3
0.584,Propulsion,188.9,93.9,95.1,0.584,Propulsion,165.2,79.2,86.0,0.584,Propulsion,188.1,92.7,95.4
0.588,Propulsion,189.4,94.2,95.2,0.588,Propulsion,158.8,76.0,82.7,0.588,Propulsion,188.2,92.6,95.6
0.592,Propulsion,189.7,94.4,95.3,0.592,Propulsion,150.5,71.6,78.9,0.592,Propulsion,188.2,92.5,95.7
0.596,Propulsion,190.1,94.7,95.4,0.596,Propulsion,140.6,66.9,73.7,0.596,Propulsion,188.3,92.4,95.9
0.6,Propulsion,190.4,94.9,95.5,0.6,Propulsion,129.8,61.7,68.1,0.6,Propulsion,188.5,92.4,96.2
0.604,Propulsion,190.7,95.1,95.6,0.604,Propulsion,117.0,55.1,61.9,0.604,Propulsion,188.7,92.3,96.4
0.608,Propulsion,191.1,95.3,95.8,0.608,Propulsion,102.4,48.4,54.0,0.608,Propulsion,188.8,92.3,96.5
0.612,Propulsion,191.6,95.7,95.9,0.612,Propulsion,87.2,41.2,45.9,0.612,Propulsion,188.8,92.3,96.5
0.616,Propulsion,192.2,96.0,96.2,0.616,Propulsion,71.5,32.7,38.9,0.616,Propulsion,188.7,92.1,96.7
0.62,Propulsion,192.6,96.2,96.4,0.62,Propulsion,55.4,24.2,31.3,0.62,Propulsion,188.4,91.6,96.8
0.624,Propulsion,192.9,96.3,96.6,0.624,Propulsion,38.9,16.8,22.1,0.624,Propulsion,187.9,91.1,96.8
0.628,Propulsion,193.0,96.4,96.6,0.628,Propulsion,22.8,9.4,13.4,0.628,Propulsion,187.4,90.7,96.8
0.632,Propulsion,193.0,96.4,96.7,0.632,Propulsion,8.0,2.0,6.0,0.632,Propulsion,186.8,90.2,96.6
0.636,Propulsion,192.9,96.1,96.7,0.636,Vol,-2.7,-2.8,0.1,0.636,Propulsion,185.8,89.5,96.3
0.64,Propulsion,192.5,95.7,96.7,0.64,Vol,-6.4,-3.5,-3.0,0.64,Propulsion,184.5,88.6,95.9
0.644,Propulsion,192.0,95.3,96.6,0.644,Vol,-4.2,-1.7,-2.5,0.644,Propulsion,182.9,87.6,95.3
0.648,Propulsion,191.4,94.9,96.5,0.648,Vol,-0.1,0.2,-0.3,0.648,Propulsion,181.0,86.3,94.8
0.652,Propulsion,190.6,94.3,96.3,0.652,Vol,2.6,1.5,1.1,0.652,Propulsion,178.9,85.0,93.9
0.656,Propulsion,189.4,93.5,95.9,0.656,Vol,2.7,1.9,0.8,0.656,Propulsion,176.1,83.5,92.6
0.66,Propulsion,187.8,92.5,95.4,0.66,Vol,1.1,1.3,-0.2,0.66,Propulsion,172.8,81.5,91.2
0.664,Propulsion,185.8,91.1,94.7,0.664,Vol,-0.2,0.1,-0.3,0.664,Propulsion,168.9,79.3,89.6
0.668,Propulsion,183.4,89.7,93.7,0.668,Vol,-0.1,-0.7,0.5,0.668,Propulsion,164.3,77.1,87.2
0.672,Propulsion,180.3,88.0,92.3,0.672,Vol,0.6,-0.5,1.1,0.672,Propulsion,158.9,74.3,84.6
0.676,Propulsion,176.6,85.8,90.8,0.676,Vol,0.8,0.2,0.7,0.676,Propulsion,152.1,70.4,81.6
0.68,Propulsion,172.4,83.5,89.0,0.68,Vol,0.8,0.9,-0.1,0.68,Propulsion,143.7,66.2,77.5
0.684,Propulsion,167.8,81.3,86.5,0.684,Vol,0.9,1.2,-0.3,0.684,Propulsion,134.3,61.5,72.8
0.688,Propulsion,162.4,78.7,83.7,0.688,Vol,1.1,1.0,0.1,0.688,Propulsion,123.8,55.5,68.3
0.692,Propulsion,155.5,75.1,80.4,0.692,Vol,1.0,0.4,0.5,0.692,Propulsion,112.1,49.2,62.9
0.696,Propulsion,147.2,71.1,76.1,0.696,Vol,0.4,-0.1,0.5,0.696,Propulsion,98.3,42.7,55.6
0.7,Propulsion,137.9,66.7,71.2,0.7,Vol,-0.0,-0.1,0.1,0.7,Propulsion,82.9,35.0,47.9
0.704,Propulsion,126.8,61.2,65.6,0.704,Vol,0.2,0.1,0.1,0.704,Propulsion,67.5,27.5,40.0
0.708,Propulsion,114.2,55.5,58.7,0.708,Vol,0.9,0.5,0.4,0.708,Propulsion,51.7,21.0,30.7
0.712,Propulsion,101.1,49.5,51.6,0.712,Vol,1.2,0.7,0.6,0.712,Propulsion,35.4,13.8,21.6
0.716,Propulsion,87.5,42.2,45.3,0.716,Vol,0.9,0.5,0.4,0.716,Propulsion,18.3,5.3,13.1
0.72,Propulsion,73.0,34.9,38.1,0.72,Vol,0.3,0.2,0.1,0.72,Vol,3.3,-1.3,4.6
0.724,Propulsion,57.5,28.6,28.9,0.724,Vol,0.1,0.1,0.0,0.724,Vol,-5.0,-3.6,-1.5
0.728,Propulsion,41.6,21.8,19.8,0.728,Vol,0.3,0.2,0.2,0.728,Vol,-6.0,-2.5,-3.6
0.732,Propulsion,25.0,13.5,11.6,0.732,Vol,0.7,0.4,0.3,0.732,Vol,-2.8,-0.5,-2.3
0.736,Propulsion,9.2,5.5,3.7,0.736,Vol,0.9,0.6,0.3,0.736,Vol,1.4,1.0,0.4
0.74,Vol,-2.0,-0.0,-1.9,0.74,Vol,0.9,0.6,0.2,0.74,Vol,3.7,1.8,1.9
0.744,Vol,-6.0,-2.7,-3.3,0.744,Vol,0.8,0.4,0.3,0.744,Vol,2.8,1.7,1.1
0.748,Vol,-3.8,-2.6,-1.2,0.748,Vol,0.6,0.2,0.4,0.748,Vol,0.6,0.8,-0.2
0.752,Vol,0.7,-0.9,1.6,0.752,Vol,0.4,0.0,0.4,0.752,Vol,-0.5,-0.2,-0.3
0.756,Vol,3.3,0.9,2.4,0.756,Vol,0.3,0.0,0.3,0.756,Vol,-0.2,-0.6,0.4
0.76,Vol,3.2,2.0,1.2,0.76,Vol,0.5,0.2,0.2,0.76,Vol,0.6,-0.2,0.8
0.764,Vol,1.9,2.2,-0.3,0.764,Vol,0.6,0.4,0.2,0.764,Vol,0.9,0.5,0.4
0.768,Vol,0.8,1.3,-0.5,0.768,Vol,0.7,0.6,0.1,0.768,Vol,0.8,1.1,-0.3
0.772,Vol,0.2,-0.1,0.3,0.772,Vol,0.6,0.5,0.1,0.772,Vol,0.8,1.0,-0.3
0.776,Vol,-0.1,-0.9,0.7,0.776,Vol,0.3,0.2,0.1,0.776,Vol,0.9,0.5,0.4
0.78,Vol,-0.3,-0.6,0.4,0.78,Vol,0.2,0.1,0.1,0.78,Vol,0.9,-0.1,0.9
0.784,Vol,0.1,0.2,-0.1,0.784,Vol,0.3,0.2,0.1,0.784,Vol,0.6,-0.1,0.7
0.788,Vol,1.0,1.1,-0.1,0.788,Vol,0.4,0.2,0.2,0.788,Vol,0.6,0.2,0.3
0.792,Vol,1.6,1.2,0.4,0.792,Vol,0.5,0.3,0.2,0.792,Vol,1.0,0.7,0.3
0.796,Vol,1.4,0.7,0.7,0.796,Vol,0.5,0.4,0.1,0.796,Vol,1.3,0.8,0.5
0.8,Vol,0.5,-0.0,0.5,0.8,Vol,0.4,0.3,0.1,0.8,Vol,1.1,0.6,0.5
0.804,Vol,-0.2,-0.3,0.1,0.804,Vol,0.5,0.3,0.1,0.804,Vol,0.6,0.3,0.3
0.808,Vol,-0.2,-0.1,-0.1,0.808,Vol,0.5,0.3,0.2,0.808,Vol,0.1,0.0,0.1
0.812,Vol,0.5,0.4,0.1,0.812,Vol,0.4,0.2,0.2,0.812,Vol,0.0,-0.0,0.0
0.816,Vol,1.2,0.9,0.3,0.816,Vol,0.2,0.2,-0.0,0.816,Vol,0.4,0.2,0.2
0.82,Vol,1.1,0.9,0.3,0.82,Vol,0.1,0.2,-0.1,0.82,Vol,0.7,0.4,0.3
0.824,Vol,0.5,0.4,0.1,0.824,Vol,0.2,0.2,-0.0,0.824,Vol,0.8,0.5,0.3
0.828,Vol,0.1,-0.0,0.1,0.828,Vol,0.4,0.3,0.1,0.828,Vol,0.5,0.3,0.2
0.832,Vol,0.2,-0.1,0.3,0.832,Vol,0.6,0.4,0.2,0.832,Vol,0.4,0.2,0.2
0.836,Vol,0.5,0.1,0.4,0.836,Vol,0.6,0.5,0.1,0.836,Vol,0.4,0.2,0.3
0.84,Vol,0.7,0.4,0.2,0.84,Vol,0.6,0.6,0.1,0.84,Vol,0.5,0.3,0.3
0.844,Vol,0.6,0.5,0.1,0.844,Vol,0.6,0.6,0.1,0.844,Vol,0.5,0.3,0.2
0.848,Vol,0.5,0.4,0.1,0.848,Vol,0.5,0.4,0.1,0.848,Vol,0.3,0.3,-0.0
0.852,Vol,0.4,0.1,0.3,0.852,Vol,0.3,0.3,0.0,0.852,Vol,0.3,0.3,-0.1
0.856,Vol,0.3,-0.1,0.4,0.856,Vol,0.2,0.2,0.0,0.856,Vol,0.3,0.3,0.1
0.86,Vol,0.2,-0.1,0.3,0.86,Vol,0.2,0.2,-0.0,0.86,Vol,0.4,0.2,0.1
0.864,Vol,0.3,0.1,0.2,0.864,Vol,0.2,0.2,0.0,0.864,Vol,0.4,0.2,0.1
0.868,Vol,0.5,0.3,0.2,0.868,Vol,0.4,0.2,0.1,0.868,Vol,0.5,0.4,0.1
0.872,Vol,0.6,0.4,0.3,0.872,Vol,0.4,0.2,0.2,0.872,Vol,0.5,0.4,0.1
0.876,Vol,0.6,0.3,0.3,0.876,Vol,0.4,0.2,0.2,0.876,Vol,0.4,0.3,0.1
0.88,Vol,0.4,0.1,0.3,0.88,Vol,0.2,0.1,0.1,0.88,Vol,0.3,0.2,0.1
0.884,Vol,0.2,-0.0,0.3,0.884,Vol,0.1,0.0,0.1,0.884,Vol,0.3,0.2,0.0
0.888,Vol,0.2,-0.0,0.2,0.888,Vol,0.1,0.0,0.1,0.888,Vol,0.3,0.2,0.0
0.892,Vol,0.3,0.2,0.1,0.892,Vol,0.2,0.1,0.1,0.892,Vol,0.3,0.3,0.1
0.896,Vol,0.5,0.3,0.1,0.896,Vol,0.2,0.2,0.1,0.896,Vol,0.4,0.4,0.1
0.9,Vol,0.4,0.3,0.1,0.9,Vol,0.2,0.2,0.0,0.9,Vol,0.4,0.4,0.1
0.904,Vol,0.3,0.3,0.1,0.904,Vol,0.2,0.2,0.0,0.904,Vol,0.4,0.3,0.0
0.908,Vol,0.3,0.2,0.0,0.908,Vol,0.1,0.2,-0.0,0.908,Vol,0.3,0.3,0.0
0.912,Vol,0.2,0.2,0.0,0.912,Vol,0.2,0.2,0.0,0.912,Vol,0.3,0.3,0.0
0.916,Vol,0.2,0.2,0.0,0.916,Vol,0.3,0.2,0.1,0.916,Vol,0.3,0.3,0.0
0.92,Vol,0.2,0.2,0.0,0.92,Vol,0.3,0.3,0.1,0.92,Vol,0.4,0.3,0.1
0.924,Vol,0.2,0.1,0.0,0.924,Vol,0.3,0.2,0.1,0.924,Vol,0.4,0.3,0.1
0.928,Vol,0.2,0.1,0.1,0.928,Vol,0.3,0.2,0.1,0.928,Vol,0.4,0.3,0.1
0.932,Vol,0.2,0.1,0.1,0.932,Vol,0.4,0.2,0.2,0.932,Vol,0.3,0.3,0.1
0.936,Vol,0.2,0.0,0.2,0.936,Vol,0.3,0.2,0.1,0.936,Vol,0.4,0.3,0.2
0.94,Vol,0.3,0.0,0.2,0.94,Vol,0.3,0.2,0.1,0.94,Vol,0.5,0.3,0.2
0.944,Vol,0.4,0.2,0.2,0.944,Vol,0.4,0.3,0.1,0.944,Vol,0.5,0.2,0.2
0.948,Vol,0.4,0.2,0.1,0.948,Vol,0.5,0.3,0.1,0.948,Vol,0.4,0.2,0.1
0.952,Vol,0.3,0.2,0.0,0.952,Vol,0.5,0.3,0.1,0.952,Vol,0.1,0.1,-0.0
0.956,Vol,0.3,0.2,0.1,0.956,Vol,0.4,0.3,0.1,0.956,Vol,-0.0,0.1,-0.1
0.96,Vol,0.4,0.3,0.2,0.96,Vol,0.4,0.3,0.1,0.96,Vol,0.1,0.1,0.0
0.964,Vol,0.6,0.3,0.3,0.964,Vol,0.3,0.2,0.0,0.964,Vol,0.3,0.1,0.2
0.968,Vol,0.6,0.3,0.3,0.968,Vol,0.2,0.1,0.1,0.968,Vol,0.4,0.2,0.2
0.972,Vol,0.6,0.3,0.3,0.972,Vol,0.2,0.1,0.1,0.972,Vol,0.3,0.2,0.1
0.976,Vol,0.4,0.2,0.2,0.976,Vol,0.3,0.2,0.1,0.976,Vol,0.2,0.2,0.0
0.98,Vol,0.4,0.2,0.2,0.98,Vol,0.3,0.2,0.1,0.98,Vol,0.3,0.2,0.0
0.984,Vol,0.3,0.2,0.2,0.984,Vol,0.3,0.2,0.1,0.984,Vol,0.3,0.2,0.1
0.988,Vol,0.4,0.2,0.2,0.988,Vol,0.3,0.3,0.1,0.988,Vol,0.4,0.2,0.1
0.992,Vol,0.5,0.3,0.2,0.992,Vol,0.3,0.2,0.1,0.992,Vol,0.4,0.3,0.2
0.996,Vol,0.4,0.2,0.1,0.996,Vol,0.2,0.1,0.1,0.996,Vol,0.4,0.3,0.1
1,Vol,0.3,0.2,0.1,1,Vol,0.2,0.1,0.1,1,Vol,0.4,0.3,0.1
1.004,Vol,0.2,0.2,0.1,1.004,Vol,0.3,0.1,0.1,1.004,Vol,0.4,0.4,0.0
1.008,Vol,0.2,0.1,0.1,1.008,Vol,0.2,0.1,0.0,1.008,Vol,0.2,0.2,0.0
1.012,Vol,0.2,0.1,0.1,1.012,Vol,0.1,0.1,-0.0,1.012,Vol,0.1,0.1,0.0
1.016,Vol,0.2,0.1,0.1,1.016,Vol,0.3,0.2,0.0,1.016,Vol,0.1,0.1,0.0
1.02,Vol,0.2,0.1,0.1,1.02,Vol,0.4,0.3,0.2,1.02,Vol,0.1,0.1,-0.0
1.024,Vol,0.2,0.1,0.1,1.024,Vol,0.5,0.3,0.2,1.024,Vol,0.1,0.1,0.0
1.028,Vol,0.3,0.2,0.1,1.028,Vol,0.4,0.2,0.1,1.028,Vol,0.1,0.1,0.1
1.032,Vol,0.4,0.3,0.2,1.032,Vol,0.1,0.1,0.0,1.032,Vol,0.3,0.2,0.1
1.036,Vol,0.4,0.3,0.1,1.036,Vol,-0.1,0.1,-0.1,1.036,Vol,0.3,0.3,0.1
1.04,Vol,0.4,0.2,0.1,1.04,Vol,-0.1,0.1,-0.3,1.04,Vol,0.3,0.2,0.1
1.044,Vol,0.3,0.2,0.1,1.044,Vol,-0.1,0.1,-0.2,1.044,Vol,0.3,0.2,0.1
1.048,Vol,0.2,0.2,0.1,1.048,Vol,0.1,0.2,-0.1,1.048,Vol,0.2,0.1,0.1
1.052,Vol,0.2,0.2,0.0,1.052,Vol,0.2,0.2,0.0,1.052,Vol,0.2,0.1,0.1
1.056,Vol,0.1,0.1,0.0,1.056,Vol,0.3,0.3,0.1,1.056,Vol,0.1,0.1,0.0
1.06,Vol,0.1,0.0,0.0,1.06,Vol,0.4,0.3,0.1,1.06,Vol,0.2,0.2,0.0
1.064,Vol,0.1,0.1,0.0,1.064,Vol,0.5,0.4,0.2,1.064,Vol,0.3,0.3,0.1
1.068,Vol,0.1,0.1,0.0,1.068,Vol,0.6,0.4,0.2,1.068,Vol,0.4,0.3,0.1
1.072,Vol,0.1,0.1,0.0,1.072,Vol,0.5,0.3,0.2,1.072,Vol,0.3,0.3,0.1
1.076,Vol,0.2,0.1,0.1,1.076,Vol,0.5,0.3,0.2,1.076,Vol,0.2,0.1,0.1
1.08,Vol,0.3,0.1,0.2,1.08,Vol,0.3,0.2,0.1,1.08,Vol,0.2,0.1,0.1
1.084,Vol,0.3,0.1,0.2,1.084,Vol,0.3,0.2,0.1,1.084,Vol,0.4,0.2,0.1
1.088,Vol,0.2,0.1,0.1,1.088,Vol,0.3,0.3,0.1,1.088,Vol,0.4,0.2,0.2
1.092,Vol,0.1,0.0,0.0,1.092,Vol,0.3,0.3,0.0,1.092,Vol,0.3,0.2,0.1
1.096,Vol,0.1,0.0,0.1,1.096,Vol,0.3,0.3,0.1,1.096,Vol,0.3,0.2,0.1
1.1,Vol,0.1,-0.0,0.2,1.1,Vol,0.4,0.3,0.1,1.1,Vol,0.3,0.2,0.1
1.104,Vol,0.2,-0.0,0.2,1.104,Vol,0.4,0.3,0.1,1.104,Vol,0.3,0.2,0.1
1.108,Vol,0.3,0.1,0.2,1.108,Vol,0.3,0.3,-0.0,1.108,Vol,0.3,0.1,0.2
1.112,Vol,0.3,0.1,0.2,1.112,Vol,0.3,0.3,0.0,1.112,Vol,0.3,0.1,0.2
1.116,Vol,0.2,0.0,0.2,1.116,Vol,0.4,0.3,0.1,1.116,Vol,0.5,0.2,0.2
1.12,Vol,0.1,0.0,0.1,1.12,Vol,0.5,0.3,0.2,1.12,Vol,0.6,0.4,0.2
1.124,Vol,0.3,0.1,0.2,1.124,Vol,0.5,0.3,0.2,1.124,Vol,0.5,0.3,0.2
1.128,Vol,0.4,0.1,0.3,1.128,Vol,0.6,0.4,0.2,1.128,Vol,0.3,0.1,0.2
1.132,Vol,0.3,0.1,0.2,1.132,Vol,0.6,0.3,0.3,1.132,Vol,0.1,0.0,0.1
1.136,Vol,0.2,0.1,0.1,1.136,Vol,0.5,0.2,0.3,1.136,Vol,0.1,0.0,0.0
1.14,Vol,0.2,0.2,-0.0,1.14,Vol,0.4,0.1,0.2,1.14,Vol,0.1,0.1,0.0
1.144,Vol,0.2,0.2,-0.0,1.144,Vol,0.3,0.1,0.2,1.144,Vol,0.1,0.1,0.0
1.148,Vol,0.3,0.2,0.0,1.148,Vol,0.3,0.1,0.2,1.148,Vol,0.1,0.1,-0.0
1.152,Vol,0.4,0.2,0.1,1.152,Vol,0.3,0.1,0.1,1.152,Vol,0.0,0.1,-0.1
1.156,Vol,0.3,0.2,0.1,1.156,Vol,0.2,0.1,0.1,1.156,Vol,-0.1,0.0,-0.1
1.16,Vol,0.3,0.1,0.1,1.16,Vol,0.2,0.1,0.1,1.16,Vol,-0.0,-0.0,0.0
1.164,Vol,0.2,0.1,0.1,1.164,Vol,0.1,0.1,0.0,1.164,Vol,0.2,0.0,0.2
1.168,Vol,0.2,0.1,0.1,1.168,Vol,0.2,0.2,-0.0,1.168,Vol,0.4,0.1,0.2
1.172,Vol,0.2,0.1,0.1,1.172,Vol,0.2,0.3,-0.1,1.172,Vol,0.5,0.2,0.3
1.176,Vol,0.1,0.1,0.0,1.176,Vol,0.2,0.2,-0.1,1.176,Vol,0.4,0.2,0.2
1.18,Vol,0.1,0.1,-0.0,1.18,Vol,0.3,0.3,0.0,1.18,Vol,0.4,0.3,0.1
1.184,Vol,0.1,0.1,-0.0,1.184,Vol,0.4,0.3,0.1,1.184,Vol,0.4,0.3,0.1
1.188,Vol,0.1,0.0,0.0,1.188,Vol,0.5,0.4,0.1,1.188,Vol,0.2,0.3,-0.0
1.192,Vol,0.2,0.0,0.1,1.192,Vol,0.5,0.4,0.1,1.192,Vol,0.1,0.2,-0.1
1.196,Vol,0.3,0.1,0.2,1.196,Vol,0.6,0.4,0.2,1.196,Vol,0.0,0.1,-0.1
1.2,Vol,0.3,0.1,0.2,1.2,Vol,0.5,0.3,0.2,1.2,Vol,0.1,0.1,0.0
1.204,Vol,0.3,0.2,0.2,1.204,Vol,0.4,0.2,0.2,1.204,Vol,0.3,0.2,0.1
1.208,Vol,0.4,0.2,0.2,1.208,Atterrissage,0.5,0.2,0.3,1.208,Vol,0.5,0.3,0.2
1.212,Vol,0.4,0.2,0.2,1.212,Atterrissage,10.7,7.5,3.2,1.212,Vol,0.5,0.3,0.2
1.216,Vol,0.3,0.1,0.2,1.216,Atterrissage,49.9,32.6,17.3,1.216,Vol,0.3,0.2,0.1
1.22,Vol,0.1,0.1,0.1,1.22,Atterrissage,114.3,66.9,47.5,1.22,Vol,0.2,0.1,0.1
1.224,Vol,0.1,0.0,0.0,1.224,Atterrissage,157.9,84.8,73.1,1.224,Vol,0.3,0.2,0.1
1.228,Vol,0.1,0.0,0.1,1.228,Atterrissage,147.1,78.6,68.4,1.228,Vol,0.4,0.3,0.1
1.232,Vol,0.2,0.1,0.1,1.232,Atterrissage,130.6,72.8,57.8,1.232,Vol,0.3,0.3,0.0
1.236,Vol,0.4,0.2,0.2,1.236,Atterrissage,175.9,92.6,83.3,1.236,Vol,0.2,0.2,0.0
1.24,Vol,0.4,0.3,0.1,1.24,Atterrissage,284.3,144.0,140.2,1.24,Vol,0.2,0.1,0.1
1.244,Vol,0.3,0.3,0.0,1.244,Atterrissage,428.0,214.5,213.5,1.244,Vol,0.2,0.1,0.1
1.248,Vol,0.3,0.3,0.0,1.248,Atterrissage,569.5,274.0,295.5,1.248,Vol,0.2,0.0,0.2
1.252,Vol,0.4,0.3,0.1,1.252,Atterrissage,642.8,290.7,352.1,1.252,Vol,0.2,0.0,0.2
1.256,Vol,0.5,0.3,0.2,1.256,Atterrissage,606.2,255.9,350.3,1.256,Vol,0.2,0.1,0.2
1.26,Vol,0.5,0.2,0.3,1.26,Atterrissage,486.6,199.2,287.4,1.26,Vol,0.4,0.1,0.2
1.264,Vol,0.4,0.2,0.2,1.264,Atterrissage,350.8,154.1,196.7,1.264,Vol,0.5,0.2,0.3
1.268,Vol,0.2,0.1,0.0,1.268,Atterrissage,254.9,124.6,130.4,1.268,Vol,0.4,0.3,0.2
1.272,Vol,0.1,0.1,-0.1,1.272,Atterrissage,202.0,102.5,99.5,1.272,Vol,0.3,0.2,0.1
1.276,Atterrissage,1.6,1.2,0.4,1.276,Atterrissage,168.6,87.3,81.3,1.276,Vol,0.3,0.2,0.1
1.28,Atterrissage,13.2,6.7,6.6,1.28,Atterrissage,148.1,81.0,67.2,1.28,Vol,0.3,0.2,0.1
1.284,Atterrissage,47.3,21.1,26.2,1.284,Atterrissage,141.3,80.2,61.1,1.284,Atterrissage,0.9,0.2,0.7
1.288,Atterrissage,103.3,46.5,56.7,1.288,Atterrissage,142.7,79.6,63.0,1.288,Atterrissage,10.4,0.0,10.4
1.292,Atterrissage,143.2,68.6,74.6,1.292,Atterrissage,143.7,77.8,65.9,1.292,Atterrissage,43.8,1.5,42.3
1.296,Atterrissage,123.7,64.3,59.4,1.296,Atterrissage,141.9,77.4,64.5,1.296,Atterrissage,112.3,19.0,93.3
1.3,Atterrissage,75.3,43.0,32.3,1.3,Atterrissage,142.5,80.1,62.4,1.3,Atterrissage,193.4,59.7,133.8
1.304,Atterrissage,63.2,35.5,27.7,1.304,Atterrissage,149.5,84.8,64.7,1.304,Atterrissage,212.7,90.7,122.0
1.308,Atterrissage,95.9,48.7,47.1,1.308,Atterrissage,160.0,90.3,69.7,1.308,Atterrissage,146.1,82.3,63.8
1.312,Atterrissage,145.8,74.0,71.8,1.312,Atterrissage,170.1,96.5,73.5,1.312,Atterrissage,81.0,56.6,24.4
1.316,Atterrissage,203.9,107.9,96.0,1.316,Atterrissage,179.5,102.8,76.7,1.316,Atterrissage,91.3,50.9,40.5
1.32,Atterrissage,279.5,148.6,130.8,1.32,Atterrissage,191.1,109.0,82.2,1.32,Atterrissage,157.0,72.1,85.0
1.324,Atterrissage,365.3,190.5,174.8,1.324,Atterrissage,207.0,115.3,91.8,1.324,Atterrissage,242.0,124.7,117.2
1.328,Atterrissage,422.2,217.7,204.5,1.328,Atterrissage,223.8,120.0,103.8,1.328,Atterrissage,358.4,209.2,149.2
1.332,Atterrissage,419.1,215.0,204.1,1.332,Atterrissage,234.8,121.2,113.6,1.332,Atterrissage,505.9,291.9,213.9
1.336,Atterrissage,369.6,189.5,180.2,1.336,Atterrissage,238.4,119.0,119.3,1.336,Atterrissage,621.1,335.4,285.6
1.34,Atterrissage,307.6,155.9,151.7,1.34,Atterrissage,237.8,115.8,122.0,1.34,Atterrissage,642.7,323.9,318.7
1.344,Atterrissage,254.6,124.6,130.0,1.344,Atterrissage,234.9,113.2,121.7,1.344,Atterrissage,572.6,272.5,300.1
1.348,Atterrissage,219.4,104.9,114.4,1.348,Atterrissage,229.8,110.9,118.8,1.348,Atterrissage,465.2,215.0,250.2
1.352,Atterrissage,198.2,94.0,104.1,1.352,Atterrissage,221.7,108.1,113.5,1.352,Atterrissage,375.2,169.6,205.6
1.356,Atterrissage,179.2,81.0,98.2,1.356,Atterrissage,211.5,105.2,106.3,1.356,Atterrissage,310.4,134.6,175.8
1.36,Atterrissage,156.8,68.3,88.5,1.36,Atterrissage,201.8,102.7,99.1,1.36,Atterrissage,252.8,106.9,145.9
1.364,Atterrissage,134.8,64.3,70.5,1.364,Atterrissage,193.2,100.3,92.9,1.364,Atterrissage,201.2,86.5,114.8
1.368,Atterrissage,123.1,67.6,55.6,1.368,Atterrissage,185.5,98.1,87.3,1.368,Atterrissage,165.6,74.7,90.9
1.372,Atterrissage,125.1,70.4,54.7,1.372,Atterrissage,179.4,96.1,83.3,1.372,Atterrissage,151.0,72.4,78.6
1.376,Atterrissage,132.5,69.3,63.2,1.376,Atterrissage,174.5,93.6,81.0,1.376,Atterrissage,150.1,73.9,76.3
1.38,Atterrissage,137.0,68.8,68.1,1.38,Atterrissage,170.4,91.0,79.3,1.38,Atterrissage,149.3,72.1,77.1
1.384,Atterrissage,139.9,72.6,67.3,1.384,Atterrissage,166.4,88.4,77.9,1.384,Atterrissage,143.4,68.1,75.3
1.388,Atterrissage,146.9,78.0,68.9,1.388,Atterrissage,162.5,85.5,77.0,1.388,Atterrissage,137.7,66.4,71.2
1.392,Atterrissage,158.7,83.5,75.1,1.392,Atterrissage,159.6,82.9,76.7,1.392,Atterrissage,138.2,69.2,69.1
1.396,Atterrissage,171.5,90.2,81.3,1.396,Atterrissage,157.7,81.1,76.6,1.396,Atterrissage,144.4,74.5,69.9
1.4,Atterrissage,182.9,96.8,86.1,1.4,Atterrissage,156.1,79.5,76.7,1.4,Atterrissage,150.8,79.1,71.8
1.404,Atterrissage,194.2,102.0,92.2,1.404,Atterrissage,154.3,77.8,76.5,1.404,Atterrissage,156.0,82.4,73.6
1.408,Atterrissage,205.8,106.9,98.9,1.408,Atterrissage,152.0,76.2,75.7,1.408,Atterrissage,162.1,86.2,75.9
1.412,Atterrissage,214.8,111.5,103.3,1.412,Atterrissage,149.5,75.0,74.5,1.412,Atterrissage,168.7,90.2,78.5
1.416,Atterrissage,218.3,113.8,104.4,1.416,Atterrissage,146.9,73.8,73.1,1.416,Atterrissage,173.9,94.0,79.8
1.42,Atterrissage,215.8,112.4,103.4,1.42,Atterrissage,144.2,72.9,71.4,1.42,Atterrissage,178.1,98.3,79.8
1.424,Atterrissage,210.0,108.5,101.5,1.424,Atterrissage,141.3,72.3,69.0,1.424,Atterrissage,182.6,102.6,80.0
1.428,Atterrissage,203.8,104.4,99.4,1.428,Atterrissage,138.6,71.9,66.6,1.428,Atterrissage,187.8,106.5,81.3
1.432,Atterrissage,198.3,100.5,97.7,1.432,Atterrissage,136.2,71.7,64.5,1.432,Atterrissage,193.0,110.3,82.7
1.436,Atterrissage,192.6,96.5,96.1,1.436,Atterrissage,133.9,71.6,62.4,1.436,Atterrissage,196.3,113.1,83.2
1.44,Atterrissage,185.4,93.0,92.4,1.44,Atterrissage,132.3,71.6,60.6,1.44,Atterrissage,195.9,113.1,82.8
1.444,Atterrissage,176.9,90.7,86.2,1.444,Atterrissage,131.3,72.1,59.3,1.444,Atterrissage,191.8,109.9,82.0
1.448,Atterrissage,169.8,88.5,81.3,1.448,Atterrissage,130.6,72.8,57.9,1.448,Atterrissage,185.2,104.4,80.8
1.452,Atterrissage,165.5,86.0,79.5,1.452,Atterrissage,130.2,73.6,56.6,1.452,Atterrissage,178.3,99.0,79.3
1.456,Atterrissage,162.4,83.9,78.5,1.456,Atterrissage,130.2,74.5,55.7,1.456,Atterrissage,172.1,94.4,77.7
1.46,Atterrissage,158.9,82.1,76.8,1.46,Atterrissage,130.0,75.2,54.8,1.46,Atterrissage,165.8,89.5,76.3
1.464,Atterrissage,155.2,80.0,75.2,1.464,Atterrissage,129.0,75.6,53.4,1.464,Atterrissage,159.5,84.9,74.6
1.468,Atterrissage,152.3,78.0,74.3,1.468,Atterrissage,127.4,75.5,52.0,1.468,Atterrissage,153.0,80.7,72.3
1.472,Atterrissage,150.0,76.1,73.8,1.472,Atterrissage,125.4,75.0,50.4,1.472,Atterrissage,146.5,76.6,69.9
1.476,Atterrissage,147.2,74.2,73.0,1.476,Atterrissage,122.6,74.3,48.3,1.476,Atterrissage,140.5,72.9,67.6
1.48,Atterrissage,144.5,72.4,72.0,1.48,Atterrissage,119.0,72.9,46.2,1.48,Atterrissage,135.1,70.1,65.0
1.484,Atterrissage,142.8,71.2,71.6,1.484,Atterrissage,114.4,70.4,44.0,1.484,Atterrissage,130.0,67.6,62.4
1.488,Atterrissage,141.7,70.2,71.5,1.488,Atterrissage,109.2,67.7,41.4,1.488,Atterrissage,125.1,65.1,60.0
1.492,Atterrissage,140.5,69.2,71.3,1.492,Atterrissage,104.1,65.1,39.0,1.492,Atterrissage,120.7,62.9,57.8
1.496,Atterrissage,139.1,68.1,71.0,1.496,Atterrissage,99.3,62.4,36.9,1.496,Atterrissage,117.3,61.4,55.9
1.5,Atterrissage,137.9,67.1,70.8,1.5,Atterrissage,94.7,60.0,34.6,1.5,Atterrissage,114.8,60.3,54.5
1.504,Atterrissage,136.7,66.1,70.6,1.504,Atterrissage,90.1,58.2,31.9,1.504,Atterrissage,112.8,59.5,53.3
1.508,Atterrissage,135.4,65.3,70.1,1.508,Atterrissage,85.7,56.4,29.3,1.508,Atterrissage,111.2,58.9,52.2
1.512,Atterrissage,133.9,64.4,69.4,1.512,Atterrissage,81.9,54.8,27.1,1.512,Atterrissage,109.8,58.5,51.4
1.516,Atterrissage,132.2,63.5,68.7,1.516,Atterrissage,78.5,53.8,24.7,1.516,Atterrissage,108.7,57.9,50.8
1.52,Atterrissage,130.3,62.7,67.6,1.52,Atterrissage,75.5,53.0,22.5,1.52,Atterrissage,107.6,57.3,50.3
1.524,Atterrissage,128.0,62.0,66.0,1.524,Atterrissage,72.5,52.1,20.4,1.524,Atterrissage,106.7,56.8,50.0
1.528,Atterrissage,125.6,61.2,64.4,1.528,Atterrissage,69.5,51.2,18.3,1.528,Atterrissage,106.1,56.3,49.8
1.532,Atterrissage,123.5,60.4,63.0,1.532,Atterrissage,66.8,50.3,16.5,1.532,Atterrissage,105.7,55.9,49.7
1.536,Atterrissage,121.2,59.7,61.5,1.536,Atterrissage,64.2,49.1,15.1,1.536,Atterrissage,105.3,55.7,49.7
1.54,Atterrissage,118.8,58.9,59.9,1.54,Atterrissage,61.5,47.7,13.8,1.54,Atterrissage,104.9,55.3,49.6
1.544,Atterrissage,116.3,57.9,58.4,1.544,Atterrissage,58.4,46.1,12.3,1.544,Atterrissage,104.4,55.0,49.5
1.548,Atterrissage,113.7,57.1,56.6,1.548,Atterrissage,55.1,44.2,10.9,1.548,Atterrissage,103.9,54.5,49.4
1.552,Atterrissage,111.2,56.2,54.9,1.552,Atterrissage,52.3,42.4,9.8,1.552,Atterrissage,103.0,53.7,49.4
1.556,Atterrissage,108.7,55.2,53.5,1.556,Atterrissage,49.9,40.9,9.0,1.556,Atterrissage,102.0,52.8,49.2
1.56,Atterrissage,106.3,54.2,52.1,1.56,Atterrissage,47.7,39.4,8.3,1.56,Atterrissage,101.1,52.0,49.0
1.564,Atterrissage,103.9,53.4,50.5,1.564,Atterrissage,45.2,37.5,7.7,1.564,Atterrissage,100.0,51.2,48.8
1.568,Atterrissage,101.5,52.5,49.0,1.568,Atterrissage,42.8,35.9,6.9,1.568,Atterrissage,98.5,50.1,48.4
1.572,Atterrissage,99.0,51.6,47.4,1.572,Atterrissage,40.9,34.7,6.2,1.572,Atterrissage,97.0,49.0,48.0
1.576,Atterrissage,96.1,50.5,45.6,1.576,Atterrissage,39.6,33.8,5.8,1.576,Atterrissage,95.4,48.0,47.4
1.58,Atterrissage,92.9,49.2,43.7,1.58,Atterrissage,38.8,33.3,5.4,1.58,Atterrissage,93.4,46.7,46.7
1.584,Atterrissage,89.3,47.6,41.7,1.584,Atterrissage,38.3,33.3,5.1,1.584,Atterrissage,91.3,45.5,45.8
1.588,Atterrissage,85.5,46.0,39.4,1.588,Atterrissage,38.2,33.4,4.8,1.588,Atterrissage,89.0,44.3,44.7
1.592,Atterrissage,81.6,44.3,37.2,1.592,Atterrissage,38.3,33.6,4.6,1.592,Atterrissage,86.4,42.8,43.6
1.596,Atterrissage,77.6,42.2,35.4,1.596,Atterrissage,38.5,34.0,4.5,1.596,Atterrissage,83.9,41.5,42.4
1.6,Atterrissage,73.5,40.1,33.3,1.6,Atterrissage,38.6,34.3,4.4,1.6,Atterrissage,81.4,40.5,40.9
1.604,Atterrissage,68.8,38.1,30.8,1.604,Atterrissage,38.7,34.5,4.3,1.604,Atterrissage,79.0,39.4,39.6
1.608,Atterrissage,64.0,35.7,28.3,1.608,Atterrissage,38.8,34.6,4.3,1.608,Atterrissage,76.5,38.1,38.4
1.612,Atterrissage,59.5,33.5,26.0,1.612,Atterrissage,38.8,34.6,4.3,1.612,Atterrissage,73.9,36.8,37.1
1.616,Atterrissage,55.4,31.7,23.8,1.616,Atterrissage,38.8,34.4,4.3,1.616,Atterrissage,71.5,35.5,35.9
1.62,Atterrissage,51.6,29.9,21.8,1.62,Atterrissage,38.7,34.4,4.4,1.62,Atterrissage,68.9,34.0,35.0
1.624,Atterrissage,47.8,27.8,20.0,1.624,Atterrissage,38.7,34.3,4.4,1.624,Atterrissage,66.4,32.6,33.9
1.628,Atterrissage,44.1,25.9,18.2,1.628,Atterrissage,38.7,34.3,4.4,1.628,Atterrissage,63.9,31.3,32.6
1.632,Atterrissage,40.9,24.3,16.7,1.632,Atterrissage,38.7,34.3,4.4,1.632,Atterrissage,61.4,30.0,31.4
1.636,Atterrissage,38.1,22.6,15.5,1.636,Atterrissage,38.7,34.3,4.4,1.636,Atterrissage,59.1,28.8,30.3
1.64,Atterrissage,35.8,21.1,14.6,1.64,Atterrissage,38.8,34.4,4.4,1.64,Atterrissage,57.1,27.9,29.2
1.644,Atterrissage,33.5,19.9,13.6,1.644,Atterrissage,39.0,34.6,4.4,1.644,Atterrissage,55.2,27.0,28.3
1.648,Atterrissage,31.4,18.7,12.6,1.648,Atterrissage,39.2,34.8,4.3,1.648,Atterrissage,53.4,25.9,27.5
1.652,Atterrissage,29.5,17.7,11.8,1.652,Atterrissage,39.3,35.0,4.3,1.652,Atterrissage,51.6,24.9,26.7
1.656,Atterrissage,27.9,16.9,11.0,1.656,Atterrissage,39.6,35.3,4.3,1.656,Atterrissage,50.2,24.3,26.0
1.66,Atterrissage,26.5,16.3,10.2,1.66,Atterrissage,40.0,35.6,4.3,1.66,Atterrissage,49.1,23.6,25.5
1.664,Atterrissage,25.5,15.8,9.7,1.664,Atterrissage,40.7,36.2,4.4,1.664,Atterrissage,48.1,23.1,25.0
1.668,Atterrissage,24.6,15.4,9.2,1.668,Atterrissage,41.6,37.0,4.5,1.668,Atterrissage,47.3,22.7,24.6
1.672,Atterrissage,23.9,15.1,8.8,1.672,Atterrissage,42.4,37.8,4.6,1.672,Atterrissage,46.7,22.4,24.3
1.676,Atterrissage,23.2,14.6,8.5,1.676,Atterrissage,43.3,38.6,4.8,1.676,Atterrissage,46.3,22.1,24.2
1.68,Atterrissage,22.4,14.2,8.2,1.68,Atterrissage,44.4,39.4,5.0,1.68,Atterrissage,46.1,22.0,24.1
1.684,Atterrissage,21.8,14.0,7.8,1.684,Atterrissage,45.7,40.5,5.2,1.684,Atterrissage,46.2,22.1,24.1
1.688,Atterrissage,21.2,13.8,7.4,1.688,Atterrissage,47.1,41.7,5.5,1.688,Atterrissage,46.7,22.4,24.3
1.692,Atterrissage,20.6,13.6,7.0,1.692,Atterrissage,48.6,42.9,5.7,1.692,Atterrissage,47.4,22.6,24.8
1.696,Atterrissage,20.1,13.5,6.6,1.696,Atterrissage,50.4,44.3,6.0,1.696,Atterrissage,48.4,22.9,25.5
1.7,Atterrissage,19.9,13.5,6.4,1.7,Atterrissage,52.1,45.7,6.3,1.7,Atterrissage,49.5,23.6,26.0
1.704,Atterrissage,20.0,13.6,6.4,1.704,Atterrissage,53.7,47.1,6.7,1.704,Atterrissage,50.7,24.3,26.4
1.708,Atterrissage,20.0,13.6,6.4,1.708,Atterrissage,55.6,48.6,7.0,1.708,Atterrissage,51.8,25.0,26.8
1.712,Atterrissage,20.1,13.7,6.5,1.712,Atterrissage,57.6,50.2,7.4,1.712,Atterrissage,52.9,25.6,27.3
1.716,Atterrissage,20.3,13.9,6.5,1.716,Atterrissage,59.5,51.6,7.9,1.716,Atterrissage,53.8,26.0,27.8
1.72,Atterrissage,20.7,14.1,6.6,1.72,Atterrissage,61.5,53.0,8.5,1.72,Atterrissage,54.5,26.3,28.2
1.724,Atterrissage,21.3,14.4,7.0,1.724,Atterrissage,63.8,54.6,9.2,1.724,Atterrissage,55.2,26.6,28.6
1.728,Atterrissage,22.1,14.8,7.3,1.728,Atterrissage,66.2,56.2,10.0,1.728,Atterrissage,55.9,27.0,28.9
1.732,Atterrissage,23.0,15.4,7.6,1.732,Atterrissage,68.3,57.7,10.7,1.732,Atterrissage,56.6,27.5,29.1
1.736,Atterrissage,24.1,16.0,8.1,1.736,Atterrissage,70.4,59.2,11.2,1.736,Atterrissage,57.4,28.0,29.4
1.74,Atterrissage,25.2,16.7,8.6,1.74,Atterrissage,72.3,60.6,11.7,1.74,Atterrissage,58.3,28.6,29.7
1.744,Atterrissage,26.5,17.5,9.0,1.744,Atterrissage,74.4,61.9,12.5,1.744,Atterrissage,59.3,29.0,30.3
1.748,Atterrissage,27.7,18.3,9.4,1.748,Atterrissage,76.5,63.3,13.2,1.748,Atterrissage,60.6,29.4,31.2
1.752,Atterrissage,29.0,19.0,10.0,1.752,Atterrissage,78.6,64.7,13.9,1.752,Atterrissage,61.9,29.8,32.1
1.756,Atterrissage,30.2,19.7,10.5,1.756,Atterrissage,80.4,65.8,14.6,1.756,Atterrissage,63.0,30.1,32.9
1.76,Atterrissage,31.4,20.4,11.0,1.76,Atterrissage,82.2,67.0,15.2,1.76,Atterrissage,64.1,30.4,33.7
1.764,Atterrissage,32.6,21.1,11.4,1.764,Atterrissage,84.0,68.3,15.6,1.764,Atterrissage,65.3,30.8,34.5
1.768,Atterrissage,33.8,21.9,11.9,1.768,Atterrissage,85.7,69.7,15.9,1.768,Atterrissage,66.8,31.5,35.3
1.772,Atterrissage,34.9,22.5,12.3,1.772,Atterrissage,87.3,71.1,16.2,1.772,Atterrissage,68.4,32.1,36.2
1.776,Atterrissage,36.0,23.1,12.9,1.776,Atterrissage,88.9,72.6,16.4,1.776,Atterrissage,70.1,32.9,37.2
1.78,Atterrissage,37.0,23.6,13.4,1.78,Atterrissage,90.3,73.8,16.6,1.78,Atterrissage,71.8,33.9,37.9
1.784,Atterrissage,37.9,24.0,13.9,1.784,Atterrissage,91.4,74.6,16.7,1.784,Atterrissage,73.4,34.8,38.6
1.788,Atterrissage,38.7,24.3,14.3,1.788,Atterrissage,92.3,75.5,16.8,1.788,Atterrissage,74.9,35.6,39.3
1.792,Atterrissage,39.3,24.6,14.7,1.792,Atterrissage,93.0,76.2,16.8,1.792,Atterrissage,76.5,36.5,40.0
1.796,Atterrissage,39.6,24.7,15.0,1.796,Atterrissage,93.6,76.7,16.9,1.796,Atterrissage,77.9,37.3,40.6
1.8,Atterrissage,40.0,24.7,15.2,1.8,Atterrissage,94.0,77.0,17.0,1.8,,79.1,38.0,41.2
1.804,Atterrissage,40.3,24.8,15.6,1.804,Atterrissage,94.4,77.3,17.1,1.804,,80.1,38.4,41.7
1.808,Atterrissage,40.8,24.8,16.0,1.808,Atterrissage,94.7,77.4,17.3,1.808,,81.2,38.9,42.3
1.812,Atterrissage,41.4,24.9,16.5,1.812,Atterrissage,94.8,77.3,17.5,1.812,,82.3,39.3,43.0
1.816,Atterrissage,42.0,25.0,17.0,1.816,Atterrissage,94.6,77.0,17.6,1.816,,83.3,39.7,43.6
1.82,Atterrissage,42.5,25.1,17.4,1.82,Atterrissage,94.4,76.7,17.8,1.82,,84.0,39.9,44.1
1.824,Atterrissage,43.1,25.2,17.9,1.824,Atterrissage,94.1,76.2,17.9,1.824,,84.6,40.2,44.3
1.828,Atterrissage,43.7,25.3,18.4,1.828,Atterrissage,93.5,75.5,18.0,1.828,,85.1,40.5,44.5
1.832,Atterrissage,44.2,25.3,18.9,1.832,Atterrissage,92.8,74.7,18.1,1.832,,85.5,40.8,44.7
1.836,Atterrissage,44.6,25.3,19.3,1.836,Atterrissage,92.3,74.1,18.2,1.836,,85.7,40.9,44.8
1.84,Atterrissage,44.9,25.4,19.5,1.84,Atterrissage,91.8,73.5,18.3,1.84,,85.9,40.9,45.0
1.844,Atterrissage,45.3,25.6,19.7,1.844,Atterrissage,91.3,72.9,18.4,1.844,,86.0,40.9,45.1
1.848,Atterrissage,45.7,25.9,19.8,1.848,Atterrissage,90.6,72.3,18.3,1.848,,85.8,40.9,44.9
1.852,Atterrissage,46.0,26.2,19.8,1.852,Atterrissage,90.0,71.9,18.1,1.852,,85.5,40.9,44.7
1.856,Atterrissage,46.2,26.4,19.8,1.856,Atterrissage,89.4,71.5,17.9,1.856,,85.3,40.9,44.4
1.86,Atterrissage,46.3,26.5,19.8,1.86,Atterrissage,88.7,71.1,17.6,1.86,,85.1,40.9,44.3
1.864,Atterrissage,46.4,26.6,19.7,1.864,Atterrissage,88.0,70.6,17.3,1.864,,84.9,40.8,44.1
1.868,Atterrissage,46.3,26.7,19.6,1.868,Atterrissage,87.1,70.1,17.1,1.868,,84.6,40.8,43.8
1.872,Atterrissage,46.2,26.7,19.5,1.872,Atterrissage,86.3,69.5,16.8,1.872,,84.3,40.7,43.6
1.876,Atterrissage,45.9,26.6,19.3,1.876,Atterrissage,85.7,69.2,16.5,1.876,,84.1,40.7,43.4
1.88,Atterrissage,45.6,26.4,19.2,1.88,Atterrissage,84.9,68.7,16.2,1.88,,83.9,40.6,43.2
1.884,Atterrissage,45.2,26.1,19.1,1.884,Atterrissage,83.9,68.0,15.9,1.884,,83.7,40.6,43.1
1.888,Atterrissage,44.7,25.6,19.1,1.888,Atterrissage,82.8,67.2,15.6,1.888,,83.5,40.4,43.1
1.892,Atterrissage,44.2,25.1,19.0,1.892,Atterrissage,81.8,66.5,15.3,1.892,,83.2,40.3,42.9
1.896,Atterrissage,43.8,24.8,19.1,1.896,Atterrissage,80.8,65.8,15.0,1.896,,82.9,40.2,42.7
1.9,Atterrissage,43.4,24.3,19.0,1.9,Atterrissage,80.1,65.3,14.8,1.9,,82.7,40.2,42.5
1.904,Atterrissage,42.9,23.8,19.0,1.904,Atterrissage,79.4,64.7,14.7,1.904,,82.6,40.1,42.4
1.908,Atterrissage,42.3,23.4,18.9,1.908,Atterrissage,78.6,63.9,14.7,1.908,,82.4,40.0,42.4
1.912,Atterrissage,41.6,22.8,18.8,1.912,Atterrissage,77.9,63.2,14.7,1.912,,82.2,39.7,42.5
1.916,Atterrissage,40.9,22.2,18.7,1.916,Atterrissage,77.4,62.7,14.7,1.916,,82.2,39.5,42.7
1.92,Atterrissage,40.3,21.7,18.6,1.92,Atterrissage,77.0,62.3,14.7,1.92,,82.1,39.4,42.7
1.924,Atterrissage,39.8,21.3,18.4,1.924,Atterrissage,76.6,61.8,14.8,1.924,,81.9,39.3,42.7
1.928,Atterrissage,39.3,21.0,18.3,1.928,Atterrissage,76.3,61.2,15.1,1.928,,81.6,39.1,42.5
1.932,Atterrissage,38.8,20.7,18.1,1.932,Atterrissage,76.1,60.8,15.4,1.932,,81.3,38.9,42.4
1.936,Atterrissage,38.4,20.5,17.9,1.936,Atterrissage,76.0,60.3,15.7,1.936,,80.9,38.7,42.2
1.94,Atterrissage,38.1,20.3,17.8,1.94,Atterrissage,76.0,59.9,16.2,1.94,,80.5,38.4,42.1
1.944,Atterrissage,37.9,20.2,17.7,1.944,Atterrissage,76.1,59.5,16.5,1.944,,79.9,38.1,41.9
1.948,Atterrissage,37.7,20.1,17.6,1.948,Atterrissage,76.2,59.4,16.8,1.948,,79.5,37.8,41.7
1.952,Atterrissage,37.4,20.0,17.5,1.952,Atterrissage,76.4,59.3,17.2,1.952,,79.2,37.6,41.6
1.956,Atterrissage,37.2,19.8,17.4,1.956,Atterrissage,76.7,59.2,17.6,1.956,,79.0,37.4,41.6
1.96,Atterrissage,37.1,19.7,17.4,1.96,Atterrissage,77.2,59.2,17.9,1.96,,79.0,37.4,41.6
1.964,Atterrissage,37.0,19.6,17.4,1.964,Atterrissage,77.7,59.4,18.3,1.964,,79.1,37.4,41.7
1.968,Atterrissage,37.0,19.5,17.5,1.968,,78.3,59.5,18.7,1.968,,79.1,37.4,41.7
1.972,Atterrissage,37.0,19.4,17.7,1.972,,78.7,59.5,19.1,1.972,,79.1,37.4,41.7
1.976,Atterrissage,37.1,19.3,17.8,1.976,,79.0,59.6,19.5,1.976,,79.1,37.4,41.7
1.98,Atterrissage,37.1,19.2,17.9,1.98,,79.4,59.6,19.8,1.98,,79.3,37.5,41.8
1.984,Atterrissage,36.9,19.0,18.0,1.984,,79.6,59.6,20.1,1.984,,79.5,37.5,42.0
1.988,Atterrissage,36.8,18.7,18.1,1.988,,79.8,59.5,20.3,1.988,,79.7,37.6,42.1
1.992,Atterrissage,36.5,18.4,18.0,1.992,,79.9,59.5,20.4,1.992,,79.8,37.6,42.2
1.996,Atterrissage,36.1,18.2,17.9,1.996,,80.0,59.5,20.5,1.996,,79.9,37.6,42.3
2,Atterrissage,35.9,18.0,17.9,2,,80.1,59.6,20.5,2,,80.1,37.7,42.4
2.004,Atterrissage,35.7,17.8,17.9,2.004,,80.2,59.6,20.6,2.004,,80.2,37.7,42.5
2.008,Atterrissage,35.4,17.5,17.9,2.008,,80.4,59.6,20.8,2.008,,80.3,37.6,42.7
2.012,Atterrissage,35.1,17.2,17.9,2.012,,80.6,59.6,21.1,2.012,,80.5,37.6,42.9
2.016,Atterrissage,34.7,16.8,18.0,2.016,,80.9,59.6,21.3,2.016,,80.7,37.6,43.1
2.02,Atterrissage,34.5,16.5,18.0,2.02,,81.2,59.5,21.7,2.02,,80.6,37.5,43.1
2.024,Atterrissage,34.4,16.3,18.2,2.024,,81.5,59.5,22.0,2.024,,80.5,37.3,43.2
2.028,Atterrissage,34.4,16.1,18.3,2.028,,81.5,59.4,22.1,2.028,,80.6,37.3,43.3
2.032,Atterrissage,34.3,15.9,18.4,2.032,,81.7,59.4,22.3,2.032,,80.6,37.2,43.4
2.036,Atterrissage,34.2,15.8,18.4,2.036,,82.1,59.4,22.7,2.036,,80.7,37.1,43.6
2.04,Atterrissage,34.3,15.8,18.5,2.04,,82.5,59.4,23.1,2.04,,80.8,36.8,43.9
2.044,Atterrissage,34.5,15.8,18.7,2.044,,82.6,59.1,23.4,2.044,,80.8,36.7,44.2
2.048,Atterrissage,34.6,15.8,18.9,2.048,,82.6,58.8,23.8,2.048,,80.9,36.7,44.3
2.052,Atterrissage,34.8,15.8,19.0,2.052,,82.7,58.6,24.1,2.052,,80.9,36.7,44.3
2.056,Atterrissage,35.0,15.8,19.2,2.056,,82.9,58.4,24.4,2.056,,80.9,36.6,44.3
2.06,Atterrissage,35.4,15.9,19.4,2.06,,83.1,58.3,24.8,2.06,,80.9,36.6,44.3
2.064,Atterrissage,35.8,16.1,19.6,2.064,,83.1,58.0,25.1,2.064,,80.9,36.6,44.3
2.068,Atterrissage,36.2,16.3,19.8,2.068,,82.9,57.7,25.2,2.068,,81.1,36.6,44.5
2.072,Atterrissage,36.4,16.4,20.0,2.072,,82.8,57.4,25.4,2.072,,81.2,36.6,44.6
2.076,Atterrissage,36.6,16.5,20.2,2.076,,82.8,57.2,25.6,2.076,,81.4,36.7,44.7
2.08,Atterrissage,36.9,16.5,20.4,2.08,,82.9,57.1,25.8,2.08,,81.4,36.7,44.7
2.084,Atterrissage,37.2,16.6,20.7,2.084,,82.8,56.9,25.9,2.084,,81.4,36.7,44.7
2.088,Atterrissage,37.5,16.7,20.8,2.088,,82.5,56.8,25.7,2.088,,81.4,36.7,44.7
2.092,Atterrissage,37.7,16.8,20.9,2.092,,82.1,56.6,25.5,2.092,,81.5,36.8,44.8
2.096,Atterrissage,37.9,16.8,21.0,2.096,,81.7,56.3,25.4,2.096,,81.7,36.9,44.8
2.1,Atterrissage,38.1,16.9,21.2,2.1,,81.5,56.2,25.3,2.1,,82.0,37.0,45.0
2.104,Atterrissage,38.4,16.9,21.5,2.104,,81.5,56.2,25.3,2.104,,82.1,37.0,45.1
2.108,Atterrissage,38.8,17.0,21.8,2.108,,81.5,56.2,25.2,2.108,,81.9,37.0,44.9
2.112,Atterrissage,39.0,17.2,21.9,2.112,,81.4,56.2,25.2,2.112,,81.8,37.0,44.8
2.116,Atterrissage,39.1,17.3,21.9,2.116,,81.5,56.2,25.3,2.116,,82.0,37.1,44.8
2.12,Atterrissage,39.2,17.3,21.9,2.12,,81.8,56.3,25.5,2.12,,82.2,37.1,45.1
2.124,Atterrissage,39.4,17.5,21.9,2.124,,82.0,56.3,25.6,2.124,,82.3,37.0,45.3
2.128,Atterrissage,39.7,17.7,22.0,2.128,,81.9,56.3,25.6,2.128,,82.4,37.1,45.4
2.132,Atterrissage,40.0,17.9,22.1,2.132,,81.8,56.3,25.5,2.132,,82.5,37.1,45.4
2.136,Atterrissage,40.4,18.1,22.3,2.136,,81.6,56.0,25.5,2.136,,82.6,37.1,45.5
2.14,Atterrissage,40.8,18.4,22.4,2.14,,81.6,55.9,25.7,2.14,,82.5,36.9,45.6
2.144,Atterrissage,41.2,18.6,22.6,2.144,,81.8,55.9,25.9,2.144,,82.4,36.7,45.6
2.148,Atterrissage,41.7,18.9,22.8,2.148,,81.9,56.0,26.0,2.148,,82.3,36.6,45.6
2.152,Atterrissage,42.3,19.3,23.0,2.152,,81.9,55.9,26.0,2.152,,82.2,36.6,45.6
2.156,Atterrissage,42.9,19.6,23.3,2.156,,81.8,55.8,25.9,2.156,,82.2,36.6,45.6
2.16,Atterrissage,43.5,19.9,23.6,2.16,,81.8,55.7,26.1,2.16,,82.1,36.5,45.6
2.164,Atterrissage,43.9,20.1,23.8,2.164,,81.8,55.5,26.3,2.164,,82.0,36.4,45.6
2.168,Atterrissage,44.2,20.4,23.8,2.168,,81.7,55.3,26.4,2.168,,81.9,36.4,45.6
2.172,Atterrissage,44.4,20.6,23.8,2.172,,81.6,55.1,26.5,2.172,,81.8,36.3,45.5
2.176,Atterrissage,44.6,20.7,24.0,2.176,,81.3,55.0,26.4,2.176,,81.7,36.2,45.5
2.18,Atterrissage,44.9,20.7,24.2,2.18,,81.1,54.8,26.3,2.18,,81.7,36.1,45.5
2.184,Atterrissage,45.2,20.9,24.4,2.184,,80.9,54.7,26.3,2.184,,81.7,36.1,45.6
2.188,Atterrissage,45.5,21.1,24.4,2.188,,80.7,54.5,26.2,2.188,,81.6,36.1,45.5
2.192,Atterrissage,45.8,21.3,24.5,2.192,,80.4,54.3,26.1,2.192,,81.4,36.0,45.4
2.196,Atterrissage,45.9,21.3,24.5,2.196,,80.2,54.2,26.0,2.196,,81.4,36.0,45.4
2.2,Atterrissage,45.8,21.4,24.5,2.2,,80.1,54.2,25.9,2.2,,81.5,36.0,45.5
2.204,Atterrissage,45.8,21.4,24.4,2.204,,80.3,54.4,25.9,2.204,,81.5,36.0,45.6
2.208,Atterrissage,45.9,21.6,24.3,2.208,,80.8,54.7,26.0,2.208,,81.3,35.8,45.5
2.212,Atterrissage,45.9,21.7,24.2,2.212,,81.3,54.9,26.4,2.212,,81.2,35.7,45.4
2.216,Atterrissage,45.9,21.7,24.2,2.216,,81.9,55.0,26.9,2.216,,81.1,35.7,45.4
2.22,Atterrissage,45.9,21.7,24.2,2.22,,82.4,54.9,27.4,2.22,,81.2,35.7,45.5
2.224,Atterrissage,46.0,21.7,24.2,2.224,,82.7,54.9,27.8,2.224,,81.2,35.7,45.5
2.228,Atterrissage,46.2,21.8,24.4,2.228,,83.1,55.0,28.1,2.228,,81.2,35.7,45.5
2.232,Atterrissage,46.6,22.0,24.6,2.232,,83.4,55.2,28.2,2.232,,81.2,35.7,45.5
2.236,Atterrissage,47.1,22.4,24.8,2.236,,83.5,55.3,28.2,2.236,,81.2,35.7,45.5
2.24,Atterrissage,47.7,22.8,25.0,2.24,,83.5,55.2,28.3,2.24,,81.1,35.8,45.4
2.244,Atterrissage,48.4,23.1,25.3,2.244,,83.5,55.0,28.5,2.244,,81.0,35.8,45.3
2.248,Atterrissage,49.0,23.4,25.6,2.248,,83.6,54.8,28.8,2.248,,81.1,35.7,45.4
2.252,Atterrissage,49.6,23.7,26.0,2.252,,83.7,54.6,29.1,2.252,,81.3,35.7,45.6
2.256,Atterrissage,50.4,23.9,26.5,2.256,,83.7,54.3,29.3,2.256,,81.6,35.9,45.8
2.26,Atterrissage,51.4,24.4,27.0,2.26,,83.6,54.2,29.5,2.26,,81.9,36.0,45.9
2.264,Atterrissage,52.4,25.0,27.4,2.264,,83.7,54.0,29.7,2.264,,81.9,36.1,45.9
2.268,Atterrissage,53.3,25.6,27.7,2.268,,83.5,53.8,29.8,2.268,,81.8,36.0,45.8
2.272,Atterrissage,54.1,26.2,27.9,2.272,,83.3,53.5,29.7,2.272,,81.8,35.9,45.9
2.276,Atterrissage,54.9,26.9,28.0,2.276,,83.0,53.3,29.7,2.276,,81.9,35.9,46.0
2.28,Atterrissage,55.6,27.6,28.1,2.28,,82.7,53.0,29.7,2.28,,82.1,36.0,46.1
2.284,Atterrissage,56.1,27.9,28.2,2.284,,82.5,52.8,29.7,2.284,,82.2,36.1,46.1
2.288,Atterrissage,56.5,28.0,28.4,2.288,,82.4,52.7,29.7,2.288,,82.3,36.1,46.2
2.292,Atterrissage,56.8,27.9,28.9,2.292,,82.4,52.6,29.8,2.292,,82.3,36.0,46.3
2.296,Atterrissage,57.1,27.7,29.4,2.296,,82.7,52.6,30.1,2.296,,82.4,36.0,46.4
2.3,Atterrissage,57.5,27.6,29.9,2.3,,83.0,52.7,30.3,2.3,,82.6,36.1,46.5
2.304,Atterrissage,57.9,27.6,30.3,2.304,,83.2,52.8,30.4,2.304,,82.8,36.2,46.6
2.308,Atterrissage,58.7,27.8,30.9,2.308,,83.2,52.6,30.6,2.308,,82.9,36.3,46.6
2.312,Atterrissage,59.4,27.9,31.5,2.312,,83.2,52.3,30.9,2.312,,82.9,36.3,46.6
2.316,Atterrissage,60.2,28.0,32.3,2.316,,83.2,52.0,31.2,2.316,,82.9,36.2,46.7
2.32,Atterrissage,61.0,28.0,33.0,2.32,,83.1,51.7,31.4,2.32,,83.0,36.1,46.8
2.324,Atterrissage,61.7,28.1,33.6,2.324,,82.8,51.5,31.4,2.324,,83.0,36.1,46.9
2.328,Atterrissage,62.0,28.1,33.9,2.328,,82.6,51.2,31.3,2.328,,83.0,36.0,46.9
2.332,Atterrissage,62.4,28.2,34.2,2.332,,82.4,51.0,31.3,2.332,,82.9,36.0,46.9
2.336,Atterrissage,62.8,28.4,34.4,2.336,,82.2,50.9,31.4,2.336,,82.9,35.9,47.0
2.34,Atterrissage,63.4,28.7,34.7,2.34,,82.1,50.7,31.4,2.34,,82.9,36.0,47.0
2.344,Atterrissage,64.2,29.2,35.1,2.344,,81.9,50.5,31.4,2.344,,82.8,36.0,46.8
2.348,Atterrissage,65.2,29.6,35.5,2.348,,81.5,50.3,31.2,2.348,,82.7,36.0,46.7
2.352,Atterrissage,66.1,30.1,36.0,2.352,,81.2,50.0,31.2,2.352,,82.6,36.0,46.6
2.356,Atterrissage,66.9,30.5,36.5,2.356,,81.2,49.8,31.3,2.356,,82.6,36.0,46.6
2.36,Atterrissage,67.6,30.7,36.9,2.36,,81.2,49.7,31.5,2.36,,82.6,36.0,46.6
2.364,Atterrissage,68.0,30.8,37.3,2.364,,81.1,49.4,31.7,2.364,,82.5,35.9,46.6
2.368,Atterrissage,68.2,30.8,37.4,2.368,,81.1,49.3,31.9,2.368,,82.4,35.8,46.6
2.372,Atterrissage,68.3,30.8,37.5,2.372,,81.2,49.2,32.0,2.372,,82.3,35.8,46.5
2.376,Atterrissage,68.4,30.8,37.6,2.376,,81.2,49.1,32.1,2.376,,82.3,35.8,46.5
2.38,Atterrissage,68.4,30.6,37.8,2.38,,81.1,49.1,32.0,2.38,,82.3,35.7,46.6
2.384,Atterrissage,68.3,30.4,37.8,2.384,,81.1,49.1,32.0,2.384,,82.3,35.7,46.6
2.388,Atterrissage,68.2,30.4,37.9,2.388,,81.1,49.1,32.1,2.388,,82.2,35.7,46.5
2.392,Atterrissage,68.2,30.3,37.9,2.392,,81.2,49.0,32.2,2.392,,82.1,35.7,46.4
2.396,Atterrissage,68.4,30.3,38.2,2.396,,81.1,49.0,32.1,2.396,,82.1,35.7,46.4
2.4,Atterrissage,68.6,30.2,38.5,2.4,,80.9,48.9,32.0,2.4,,82.0,35.7,46.4
2.404,Atterrissage,68.9,30.1,38.8,2.404,,80.7,48.7,31.9,2.404,,82.0,35.6,46.4
2.408,Atterrissage,69.1,30.1,39.0,2.408,,80.4,48.6,31.8,2.408,,82.0,35.6,46.4
2.412,Atterrissage,69.3,30.1,39.2,2.412,,80.2,48.5,31.8,2.412,,82.1,35.6,46.4
2.416,Atterrissage,69.5,30.1,39.4,2.416,,80.2,48.4,31.8,2.416,,82.1,35.7,46.4
2.42,Atterrissage,69.7,30.1,39.6,2.42,,80.1,48.3,31.8,2.42,,82.1,35.8,46.4
2.424,Atterrissage,69.8,30.2,39.7,2.424,,80.0,48.2,31.8,2.424,,82.2,35.9,46.3
2.428,Atterrissage,69.9,30.2,39.7,2.428,,79.8,48.0,31.8,2.428,,82.3,36.0,46.3
2.432,Atterrissage,70.1,30.3,39.7,2.432,,79.6,47.7,31.9,2.432,,82.3,36.0,46.3
2.436,Atterrissage,70.3,30.5,39.8,2.436,,79.6,47.6,32.0,2.436,,82.4,36.0,46.4
2.44,Atterrissage,70.5,30.7,39.8,2.44,,79.5,47.4,32.2,2.44,,82.4,36.0,46.4
2.444,Atterrissage,70.8,30.9,39.8,2.444,,79.4,47.1,32.2,2.444,,82.4,36.0,46.4
2.448,Atterrissage,71.0,31.2,39.9,2.448,,79.2,46.9,32.2,2.448,,82.5,36.2,46.3
2.452,Atterrissage,71.4,31.5,39.9,2.452,,79.0,46.7,32.3,2.452,,82.6,36.4,46.2
2.456,Atterrissage,71.7,31.7,40.0,2.456,,79.0,46.6,32.4,2.456,,82.6,36.5,46.1
2.46,Atterrissage,71.9,31.9,40.0,2.46,,79.2,46.6,32.7,2.46,,82.5,36.4,46.1
2.464,Atterrissage,72.1,32.0,40.2,2.464,,79.4,46.5,32.9,2.464,,82.5,36.3,46.3
2.468,Atterrissage,72.4,32.1,40.4,2.468,,79.2,46.3,32.9,2.468,,82.6,36.2,46.5
2.472,Atterrissage,72.7,32.2,40.5,2.472,,79.0,46.1,33.0,2.472,,82.7,36.1,46.6
2.476,Atterrissage,72.9,32.3,40.6,2.476,,79.1,45.9,33.1,2.476,,82.6,36.0,46.5
2.48,Atterrissage,73.2,32.4,40.8,2.48,,79.2,45.9,33.3,2.48,,82.3,36.0,46.3
2.484,Atterrissage,73.4,32.4,41.0,2.484,,79.4,45.9,33.5,2.484,,82.1,36.0,46.1
2.488,Atterrissage,73.6,32.4,41.2,2.488,,79.6,46.0,33.6,2.488,,82.1,36.0,46.1
2.492,Atterrissage,73.9,32.4,41.4,2.492,,79.7,46.0,33.7,2.492,,82.0,36.0,46.0
2.496,Atterrissage,74.1,32.4,41.7,2.496,,79.8,45.9,33.9,2.496,,82.1,36.1,46.0
2.5,Atterrissage,74.3,32.4,42.0,2.5,,80.1,46.0,34.1,2.5,,82.1,36.0,46.1
2.504,Atterrissage,74.6,32.4,42.2,2.504,,80.3,46.0,34.2,2.504,,81.9,35.9,46.0
2.508,Atterrissage,75.0,32.4,42.5,2.508,,80.3,46.1,34.3,2.508,,81.8,35.8,46.0
2.512,Atterrissage,75.2,32.5,42.7,2.512,,80.5,46.1,34.4,2.512,,81.8,35.8,46.0
2.516,Atterrissage,75.2,32.5,42.7,2.516,,80.6,46.0,34.6,2.516,,81.9,35.8,46.0
2.52,Atterrissage,75.2,32.4,42.8,2.52,,80.7,46.0,34.7,2.52,,81.8,35.8,46.0
2.524,Atterrissage,75.4,32.4,43.0,2.524,,80.9,46.0,34.8,2.524,,81.9,35.8,46.1
2.528,Atterrissage,75.5,32.4,43.0,2.528,,81.1,46.1,35.0,2.528,,82.0,35.7,46.2
2.532,Atterrissage,75.4,32.5,43.0,2.532,,81.4,46.2,35.2,2.532,,82.1,35.7,46.4
2.536,Atterrissage,75.3,32.5,42.8,2.536,,81.6,46.2,35.4,2.536,,82.3,35.8,46.5
2.54,Atterrissage,75.3,32.5,42.8,2.54,,81.8,46.2,35.6,2.54,,82.4,35.9,46.5
2.544,Atterrissage,75.4,32.5,42.9,2.544,,81.9,46.2,35.8,2.544,,82.5,35.9,46.6
2.548,Atterrissage,75.4,32.5,43.0,2.548,,82.0,46.1,35.9,2.548,,82.5,35.9,46.7
2.552,Atterrissage,75.4,32.5,43.0,2.552,,82.2,46.1,36.1,2.552,,82.7,35.9,46.7
2.556,Atterrissage,75.5,32.5,43.0,2.556,,82.5,46.2,36.3,2.556,,82.7,35.9,46.8
2.56,Atterrissage,75.7,32.7,43.0,2.56,,82.9,46.3,36.6,2.56,,82.7,35.9,46.8
2.564,Atterrissage,76.0,32.8,43.2,2.564,,83.2,46.3,36.8,2.564,,82.7,35.9,46.9
2.568,Atterrissage,76.0,32.8,43.2,2.568,,83.4,46.3,37.0,2.568,,82.8,35.8,46.9
2.572,Atterrissage,75.9,32.7,43.2,2.572,,83.5,46.3,37.2,2.572,,82.8,35.7,47.1
2.576,Atterrissage,75.9,32.6,43.2,2.576,,83.7,46.3,37.4,2.576,,82.7,35.6,47.1
2.58,Atterrissage,76.0,32.7,43.3,2.58,,84.1,46.3,37.8,2.58,,82.6,35.6,47.0
2.584,Atterrissage,76.2,32.8,43.4,2.584,,84.3,46.3,38.0,2.584,,82.7,35.6,47.1
2.588,Atterrissage,76.5,32.8,43.6,2.588,,84.3,46.2,38.0,2.588,,82.8,35.7,47.1
2.592,Atterrissage,76.7,32.9,43.8,2.592,,84.3,46.2,38.1,2.592,,82.8,35.6,47.1
2.596,Atterrissage,76.9,33.1,43.8,2.596,,84.3,46.3,38.1,2.596,,82.5,35.4,47.1
2.6,Atterrissage,77.2,33.4,43.8,2.6,,84.5,46.3,38.2,2.6,,82.2,35.3,46.9
2.604,Atterrissage,77.4,33.5,43.9,2.604,,84.6,46.3,38.2,2.604,,82.1,35.3,46.8
2.608,Atterrissage,77.6,33.6,44.0,2.608,,84.7,46.4,38.3,2.608,,82.1,35.3,46.8
2.612,Atterrissage,77.8,33.6,44.1,2.612,,84.7,46.3,38.4,2.612,,82.2,35.4,46.8
2.616,Atterrissage,77.9,33.7,44.2,2.616,,84.6,46.1,38.5,2.616,,82.3,35.4,46.9
2.62,Atterrissage,78.0,33.8,44.2,2.62,,84.6,45.9,38.7,2.62,,82.2,35.4,46.8
2.624,Atterrissage,78.2,33.9,44.3,2.624,,84.6,45.8,38.8,2.624,,82.1,35.4,46.7
2.628,Atterrissage,78.3,34.0,44.4,2.628,,84.5,45.7,38.9,2.628,,82.0,35.4,46.6
2.632,Atterrissage,78.4,34.0,44.4,2.632,,84.6,45.5,39.0,2.632,,81.9,35.4,46.6
2.636,Atterrissage,78.3,34.0,44.4,2.636,,84.8,45.5,39.3,2.636,,82.0,35.3,46.6
2.64,Atterrissage,78.3,33.9,44.3,2.64,,85.0,45.5,39.5,2.64,,81.9,35.3,46.6
2.644,Atterrissage,78.2,34.0,44.2,2.644,,85.2,45.5,39.7,2.644,,81.9,35.4,46.5
2.648,Atterrissage,78.1,34.0,44.1,2.648,,85.3,45.3,40.0,2.648,,81.9,35.5,46.4
2.652,Atterrissage,78.1,34.0,44.1,2.652,,85.3,45.0,40.2,2.652,,81.9,35.6,46.3
2.656,Atterrissage,78.1,34.0,44.1,2.656,,85.0,44.6,40.4,2.656,,81.8,35.6,46.2
2.66,Atterrissage,78.2,34.1,44.1,2.66,,84.8,44.3,40.6,2.66,,81.8,35.5,46.2
2.664,Atterrissage,78.2,34.1,44.1,2.664,,84.8,44.0,40.8,2.664,,81.8,35.6,46.2
2.668,Atterrissage,78.1,34.2,44.0,2.668,,84.9,43.9,41.0,2.668,,81.8,35.6,46.1
2.672,Atterrissage,78.0,34.1,43.9,2.672,,84.9,43.8,41.1,2.672,,81.8,35.7,46.0
2.676,Atterrissage,77.9,34.0,43.9,2.676,,84.8,43.6,41.2,2.676,,81.7,35.7,46.0
2.68,Atterrissage,77.9,34.0,43.9,2.68,,84.7,43.5,41.2,2.68,,81.5,35.7,45.8
2.684,Atterrissage,77.9,34.0,43.9,2.684,,84.8,43.5,41.3,2.684,,81.4,35.8,45.6
2.688,Atterrissage,77.8,34.0,43.8,2.688,,84.8,43.4,41.4,2.688,,81.4,36.0,45.4
2.692,Atterrissage,77.7,34.0,43.7,2.692,,84.7,43.3,41.4,2.692,,81.4,36.2,45.3
2.696,Atterrissage,77.7,33.9,43.8,2.696,,84.4,43.0,41.3,2.696,,81.3,36.2,45.0
2.7,Atterrissage,77.6,33.9,43.8,2.7,,84.0,42.8,41.3,2.7,,81.1,36.3,44.9
2.704,Atterrissage,77.5,33.9,43.7,2.704,,83.7,42.6,41.2,2.704,,81.1,36.3,44.9
2.708,Atterrissage,77.4,33.9,43.6,2.708,,83.4,42.4,41.0,2.708,,81.2,36.3,44.9
2.712,Atterrissage,77.4,33.8,43.6,2.712,,83.2,42.2,40.9,2.712,,81.3,36.4,44.8
2.716,Atterrissage,77.4,33.8,43.6,2.716,,82.8,42.1,40.8,2.716,,81.4,36.6,44.7
2.72,Atterrissage,77.3,33.8,43.5,2.72,,82.3,41.7,40.6,2.72,,81.5,36.7,44.7
2.724,Atterrissage,77.2,33.7,43.5,,,,,,2.724,,81.5,36.7,44.8
2.728,Atterrissage,77.1,33.7,43.5,,,,,,2.728,,81.5,36.8,44.8
2.732,Atterrissage,77.2,33.7,43.5,,,,,,2.732,,81.6,36.8,44.7
2.736,Atterrissage,77.3,33.7,43.6,,,,,,2.736,,81.6,36.9,44.7
2.74,Atterrissage,77.4,33.8,43.7,,,,,,2.74,,81.5,36.9,44.7
2.744,Atterrissage,77.5,33.8,43.7,,,,,,2.744,,81.5,36.9,44.6
2.748,Atterrissage,77.5,33.8,43.7,,,,,,2.748,,81.5,36.8,44.6
2.752,Atterrissage,77.5,33.8,43.7,,,,,,2.752,,81.4,36.8,44.6
2.756,Atterrissage,77.7,33.9,43.8,,,,,,2.756,,81.4,36.9,44.6
2.76,Atterrissage,77.8,33.9,44.0,,,,,,2.76,,81.5,36.9,44.6
2.764,Atterrissage,77.9,33.9,44.1,,,,,,2.764,,81.6,37.0,44.7
2.768,Atterrissage,77.9,33.8,44.1,,,,,,2.768,,81.8,37.0,44.8
2.772,Atterrissage,78.0,33.9,44.1,,,,,,2.772,,81.9,37.1,44.8
2.776,Atterrissage,78.1,33.9,44.2,,,,,,2.776,,81.8,37.0,44.8
2.78,Atterrissage,78.3,34.0,44.2,,,,,,2.78,,81.7,36.9,44.7
2.784,Atterrissage,78.3,34.1,44.3,,,,,,2.784,,81.6,36.8,44.7
2.788,,78.4,34.0,44.3,,,,,,2.788,,81.6,36.8,44.8
,,,,,,,,,,2.792,,81.7,36.8,44.9
,,,,,,,,,,2.796,,82.0,37.0,45.0

Données brutes du canal

Répétition:,1
,K-Delta Left,,,,,K-Delta Right,,,
temps (seconde),CHANNEL_1,CHANNEL_2,CHANNEL_3,CHANNEL_4,,CHANNEL_1,CHANNEL_2,CHANNEL_3,CHANNEL_4
0,14.297499656677246,7.156000137329102,5.699450016021729,10.013600349426270,,17.002399444580078,9.473600387573242,3.028399944305420,11.875550270080566,
0.004,14.060000419616699,7.034599781036377,5.574749946594238,9.829199790954590,,16.785200119018555,9.321700096130371,2.937099933624268,11.637450218200684,
0.008,13.982041358947754,6.997657299041748,5.522233963012695,9.751658439636230,,16.729375839233398,9.277583122253418,2.925148248672485,11.577033042907715,
0.012,13.797454833984375,6.895593166351318,5.394169330596924,9.556066513061523,,16.551914215087891,9.145559310913086,2.889419317245483,11.394865036010742,
0.016,13.543601036071777,6.728162288665771,5.219675064086914,9.282270431518555,,16.222522735595703,8.940779685974121,2.807266235351563,11.065525054931641,
0.02,13.206727981567383,6.523421764373779,5.044656276702881,8.962151527404785,,15.836751937866211,8.777797698974609,2.720077037811279,10.717442512512207,
0.024,12.735093116760254,6.311913967132568,4.888382911682129,8.607949256896973,,15.431860923767090,8.642845153808594,2.648074626922607,10.419714927673340,
0.028,12.260845184326172,6.148004531860352,4.761419296264648,8.303547859191895,,14.923467636108398,8.384778976440430,2.544358730316162,10.062695503234863,
0.032,11.888469696044922,6.011870384216309,4.664524078369141,8.046493530273438,,14.252407073974609,7.983742713928223,2.403268098831177,9.583678245544434,
0.036,11.512617111206055,5.808758735656738,4.566577911376953,7.737313747406006,,13.539229393005371,7.602675914764404,2.260582208633423,9.132963180541992,
0.04,11.015933036804199,5.536782264709473,4.419584751129150,7.377121448516846,,12.772624969482422,7.251034736633301,2.132001638412476,8.731070518493652,
0.044,10.478806495666504,5.296916484832764,4.232820987701416,7.070145130157471,,11.849096298217773,6.824434757232666,2.030209302902222,8.247912406921387,
0.048,9.971757888793945,5.054691314697266,4.021071434020996,6.798078536987305,,10.949104309082031,6.380581378936768,1.956566929817200,7.742311000823975,
0.052,9.456730842590332,4.746531486511230,3.799688339233398,6.484992980957031,,10.108934402465820,5.926897048950195,1.892567396163940,7.261852264404297,
0.056,8.965628623962402,4.467528820037842,3.644617319107056,6.147788524627686,,9.195691108703613,5.411654472351074,1.827619194984436,6.742675781250000,
0.06,8.456334114074707,4.209418296813965,3.554444789886475,5.783604621887207,,8.341925621032715,4.906981945037842,1.798577785491943,6.227488040924072,
0.064,7.847474575042725,3.875724077224731,3.440572738647461,5.396218299865723,,7.642991065979004,4.466864585876465,1.821358919143677,5.777316093444824,
0.068,7.226680755615234,3.529602289199829,3.302161931991577,5.043364048004150,,6.914824962615967,4.047214984893799,1.845383524894714,5.334868431091309,
0.072,6.681622505187988,3.265057086944580,3.197206735610962,4.748040676116943,,6.062908172607422,3.630150318145752,1.832410693168640,4.867670536041260,
0.076,6.147250652313232,3.043858051300049,3.100814819335938,4.459656715393066,,5.281735420227051,3.306923866271973,1.803597569465637,4.500988006591797,
0.08,5.561069488525391,2.802224397659302,2.942528247833252,4.129792213439941,,4.657174587249756,3.080334186553955,1.812505841255188,4.241136550903320,
0.084,5.030571460723877,2.545623302459717,2.765273094177246,3.821048021316528,,4.135208129882813,2.836147069931030,1.851849794387817,3.969056129455566,
0.088,4.581693649291992,2.280567169189453,2.633735895156860,3.580228805541992,,3.775265216827393,2.581223487854004,1.885879755020142,3.738757371902466,
0.092,4.129513263702393,2.023246288299561,2.526262283325195,3.383721590042114,,3.538094282150269,2.361963748931885,1.920503139495850,3.590336084365845,
0.096,3.743705511093140,1.811262011528015,2.430278539657593,3.230521440505981,,3.302933931350708,2.177356243133545,1.930456757545471,3.455515623092651,
0.1,3.458440065383911,1.620249867439270,2.366808414459229,3.111681461334229,,3.086464405059814,2.072932481765747,1.885407328605652,3.335046052932739,
0.104,3.221919298171997,1.433121681213379,2.362549304962158,3.029935359954834,,2.947877883911133,2.052702426910400,1.877779722213745,3.267348051071167,
0.108,3.054157257080078,1.327451944351196,2.395701646804810,3.001056432723999,,2.911505937576294,2.061588048934937,1.962700963020325,3.252820014953613,
0.112,2.963222742080688,1.334876775741577,2.432668209075928,2.997857570648193,,2.963577985763550,2.064745426177979,2.020475625991821,3.275149106979370,
0.116,2.899669408798218,1.366181492805481,2.474649906158447,2.996019363403320,,3.025979995727539,2.053996801376343,1.994361639022827,3.299385309219360,
0.12,2.835997581481934,1.362430572509766,2.520887136459351,3.010064840316772,,3.078425168991089,2.083430290222168,1.957971692085266,3.300438165664673,
0.124,2.802764177322388,1.363124489784241,2.543945789337158,3.048390150070190,,3.198654413223267,2.182622432708740,1.954345464706421,3.311389207839966,
0.128,2.843683242797852,1.420486092567444,2.527952194213867,3.080412626266479,,3.380567312240601,2.303643941879272,1.970765471458435,3.385256767272949,
0.132,2.954486846923828,1.535599589347839,2.531327247619629,3.081048250198364,,3.599275112152100,2.426687002182007,1.989855527877808,3.545508146286011,
0.136,3.094937562942505,1.657581210136414,2.605031013488770,3.103036165237427,,3.869391918182373,2.557460546493530,1.989589929580688,3.752226829528809,
0.14,3.298472642898560,1.795697331428528,2.767185926437378,3.220791339874268,,4.124208450317383,2.681624889373779,1.970875859260559,3.927560091018677,
0.144,3.620371103286743,2.002127170562744,2.975077629089355,3.415775537490845,,4.342231750488281,2.806386470794678,1.972121477127075,4.044130802154541,
0.148,3.986779451370239,2.223176717758179,3.124112129211426,3.607362270355225,,4.571377277374268,2.941896915435791,2.010268688201904,4.150510311126709,
0.152,4.317490100860596,2.408677816390991,3.220338344573975,3.785237073898315,,4.805497646331787,3.064312219619751,2.065832614898682,4.293216228485107,
0.156,4.642393589019775,2.620282649993896,3.333045721054077,3.989541292190552,,5.005558490753174,3.153087854385376,2.105585575103760,4.435992717742920,
0.16,4.992780685424805,2.880839824676514,3.455027580261230,4.190696716308594,,5.157441139221191,3.206853866577148,2.134516477584839,4.534958362579346,
0.164,5.335978507995605,3.090401649475098,3.562139987945557,4.341421604156494,,5.250360965728760,3.244268655776978,2.184719085693359,4.604640007019043,
0.168,5.645512104034424,3.185803174972534,3.619823217391968,4.482674598693848,,5.258553981781006,3.274561405181885,2.237805128097534,4.655061244964600,
0.172,5.902866840362549,3.223869323730469,3.612315893173218,4.632660865783691,,5.145165920257568,3.253512144088745,2.268341779708862,4.673690319061279,
0.176,6.043475627899170,3.249125480651855,3.606881618499756,4.729238986968994,,4.929184913635254,3.164274215698242,2.296325922012329,4.652189254760742,
0.18,6.010325431823730,3.230147123336792,3.627866744995117,4.757555484771729,,4.735014438629150,3.088292598724365,2.326518535614014,4.611564636230469,
0.184,5.841031551361084,3.154381275177002,3.652074098587036,4.769848346710205,,4.616921424865723,3.080054759979248,2.348843812942505,4.593686103820801,
0.188,5.660704135894775,3.049887657165527,3.687118530273438,4.809833526611328,,4.569884300231934,3.107666492462158,2.403729915618896,4.628342628479004,
0.192,5.541956901550293,2.939963102340698,3.717041969299316,4.853694915771484,,4.578872203826904,3.136392831802368,2.513968467712402,4.706521034240723,
0.196,5.441002368927002,2.846836805343628,3.733075380325317,4.875969886779785,,4.573239803314209,3.146080732345581,2.630030393600464,4.788378238677979,
0.2,5.306051731109619,2.766407489776611,3.758528470993042,4.910830974578857,,4.601203441619873,3.172393798828125,2.742131710052490,4.887620925903320,
0.204,5.143382072448730,2.691105842590332,3.797805547714233,4.988036632537842,,4.749444484710693,3.264820098876953,2.862824201583862,5.058222770690918,
0.208,5.011627197265625,2.654228925704956,3.845337629318237,5.102915287017822,,4.946916580200195,3.378714799880981,2.961876630783081,5.298350334167480,
0.212,4.987080097198486,2.667121887207031,3.902898550033569,5.226153373718262,,5.170254230499268,3.488987207412720,3.055917978286743,5.601185798645020,
0.216,5.063272476196289,2.703512191772461,3.982313871383667,5.336769104003906,,5.474256515502930,3.625155448913574,3.175798892974854,5.937499046325684,
0.22,5.168074607849121,2.757760286331177,4.083822250366211,5.445676326751709,,5.777259826660156,3.782230377197266,3.273016214370728,6.216099739074707,
0.224,5.284586429595947,2.825685024261475,4.186509132385254,5.576479434967041,,6.016646862030029,3.945873737335205,3.323824882507324,6.451296329498291,
0.228,5.429000854492188,2.877839565277100,4.280750751495361,5.745801925659180,,6.314990997314453,4.117500782012939,3.428050279617310,6.752063274383545,
0.232,5.565234661102295,2.919327020645142,4.378621578216553,5.943141937255859,,6.731536388397217,4.308981418609619,3.633630275726318,7.119734287261963,
0.236,5.707055568695068,2.993388175964355,4.518649101257324,6.212884426116943,,7.132647514343262,4.508658409118652,3.838415145874023,7.496599197387695,
0.24,5.932376861572266,3.109103918075562,4.731653213500977,6.589800834655762,,7.547892093658447,4.744255542755127,4.020191192626953,7.942895889282227,
0.244,6.224672317504883,3.260531902313232,4.994102954864502,6.972513675689697,,8.114526748657227,5.056363105773926,4.224613189697266,8.475891113281250,
0.248,6.623013496398926,3.495399713516235,5.300081253051758,7.412847518920898,,8.726393699645996,5.393777370452881,4.394041061401367,8.971660614013672,
0.252,7.197758674621582,3.835803985595703,5.673203945159912,8.030319213867188,,9.346240997314453,5.743075370788574,4.551582336425781,9.475893020629883,
0.256,7.849110126495361,4.213243484497070,6.076696872711182,8.706364631652832,,10.033994674682617,6.104014873504639,4.778225421905518,10.086075782775879,
0.26,8.692161560058594,4.671844482421875,6.505525112152100,9.488010406494141,,10.668472290039063,6.413749694824219,5.001948833465576,10.677539825439453,
0.264,9.903528213500977,5.291328430175781,6.973945617675781,10.491542816162109,,11.197661399841309,6.658844947814941,5.152171611785889,11.146834373474121,
0.268,11.194874763488770,5.936517238616943,7.377354621887207,11.480897903442383,,11.786647796630859,6.932871341705322,5.281107902526855,11.618680000305176,
0.272,12.271025657653809,6.466868400573730,7.651698589324951,12.281419754028320,,12.520277976989746,7.302877426147461,5.443944931030273,12.214946746826172,
0.276,13.252051353454590,6.930740833282471,7.888667106628418,13.033715248107910,,13.235471725463867,7.663781166076660,5.625092506408691,12.839058876037598,
0.28,14.265272140502930,7.400706768035889,8.152822494506836,13.815494537353516,,13.936206817626953,7.988715171813965,5.848891258239746,13.488495826721191,
0.284,15.121343612670898,7.817106723785400,8.407299041748047,14.462570190429688,,14.744435310363770,8.357754707336426,6.147447109222412,14.239611625671387,
0.288,15.692208290100098,8.142376899719238,8.685288429260254,14.969657897949219,,15.487102508544922,8.708972930908203,6.437158584594727,14.962043762207031,
0.292,16.039581298828125,8.409644126892090,9.029777526855469,15.482595443725586,,16.094799041748047,9.069967269897461,6.705128192901611,15.612312316894531,
0.296,16.208129882812500,8.576098442077637,9.363326072692871,15.952058792114258,,16.680810928344727,9.518058776855469,7.011356353759766,16.246255874633789,
0.3,16.315597534179688,8.658391952514648,9.696235656738281,16.341363906860352,,17.179347991943359,9.911256790161133,7.322181701660156,16.800516128540039,
0.304,16.466556549072266,8.772193908691406,10.098913192749023,16.685018539428711,,17.516216278076172,10.188764572143555,7.613226413726807,17.261573791503906,
0.308,16.620513916015625,8.946346282958984,10.487842559814453,16.960641860961914,,17.787546157836914,10.458912849426270,7.928092479705811,17.725940704345703,
0.312,16.744726181030273,9.150256156921387,10.777436256408691,17.186868667602539,,18.082798004150391,10.733834266662598,8.286318778991699,18.212316513061523,
0.316,16.870672225952148,9.402949333190918,11.036438941955566,17.461210250854492,,18.347572326660156,10.967357635498047,8.641647338867188,18.619720458984375,
0.32,17.020786285400391,9.704665184020996,11.327291488647461,17.829681396484375,,18.576225280761719,11.229628562927246,8.996987342834473,18.982810974121094,
0.324,17.190383911132813,9.947453498840332,11.578443527221680,18.178157806396484,,18.838563919067383,11.572247505187988,9.355957984924316,19.402179718017578,
0.328,17.348556518554688,10.111301422119141,11.795139312744141,18.437908172607422,,19.109670639038086,11.880525588989258,9.649583816528320,19.842979431152344,
0.332,17.456426620483398,10.285697937011719,12.066150665283203,18.654497146606445,,19.455644607543945,12.120520591735840,9.897777557373047,20.325439453125000,
0.336,17.491851806640625,10.433424949645996,12.326388359069824,18.826622009277344,,19.962791442871094,12.383269309997559,10.157363891601563,20.885437011718750,
0.34,17.454755783081055,10.483360290527344,12.522763252258301,18.956811904907227,,20.499322891235352,12.663812637329102,10.425386428833008,21.440729141235352,
0.344,17.355283737182617,10.464755058288574,12.699298858642578,19.031026840209961,,20.986234664916992,12.909759521484375,10.684712409973145,21.932239532470703,
0.348,17.204164505004883,10.443302154541016,12.837734222412109,19.023593902587891,,21.537006378173828,13.205878257751465,10.945874214172363,22.460601806640625,
0.352,17.010620117187500,10.452296257019043,12.914089202880859,19.016624450683594,,22.169027328491211,13.625455856323242,11.229961395263672,23.105592727661133,
0.356,16.803775787353516,10.469321250915527,12.948130607604980,19.077301025390625,,22.718343734741211,14.008891105651855,11.494132041931152,23.715917587280273,
0.36,16.651491165161133,10.456056594848633,12.971240997314453,19.156684875488281,,23.196376800537109,14.269013404846191,11.734987258911133,24.258014678955078,
0.364,16.579154968261719,10.435072898864746,13.015578269958496,19.208051681518555,,23.726650238037109,14.507556915283203,11.989605903625488,24.824672698974609,
0.368,16.561576843261719,10.433282852172852,13.096480369567871,19.262886047363281,,24.220527648925781,14.740914344787598,12.234953880310059,25.324657440185547,
0.372,16.587957382202148,10.429797172546387,13.218856811523438,19.362360000610352,,24.647245407104492,14.981335639953613,12.508918762207031,25.755411148071289,
0.376,16.613941192626953,10.444911003112793,13.359886169433594,19.498607635498047,,25.114381790161133,15.303967475891113,12.830926895141602,26.234905242919922,
0.38,16.626420974731445,10.506548881530762,13.507741928100586,19.676773071289063,,25.581226348876953,15.665524482727051,13.118332862854004,26.750459671020508,
0.384,16.698093414306641,10.596726417541504,13.680008888244629,19.937000274658203,,25.943899154663086,15.963000297546387,13.369572639465332,27.229946136474609,
0.388,16.847944259643555,10.684016227722168,13.860541343688965,20.280616760253906,,26.275035858154297,16.210720062255859,13.679190635681152,27.714174270629883,
0.392,17.107116699218750,10.783170700073242,14.070823669433594,20.738794326782227,,26.674350738525391,16.469240188598633,14.059347152709961,28.272388458251953,
0.396,17.517269134521484,10.927083969116211,14.343818664550781,21.335329055786133,,27.031112670898438,16.716203689575195,14.397811889648438,28.799556732177734,
0.4,17.953006744384766,11.073047637939453,14.612380981445313,21.958976745605469,,27.251592636108398,16.897068023681641,14.687520027160645,29.252864837646484,
0.404,18.314983367919922,11.195614814758301,14.849148750305176,22.519336700439453,,27.372558593750000,16.995405197143555,15.034440040588379,29.693899154663086,
0.408,18.699077606201172,11.348638534545898,15.127475738525391,23.085266113281250,,27.397878646850586,17.030561447143555,15.398994445800781,30.047792434692383,
0.412,19.171968460083008,11.539751052856445,15.441893577575684,23.715276718139648,,27.299938201904297,17.023393630981445,15.686468124389648,30.294860839843750,
0.416,19.615573883056641,11.693139076232910,15.700863838195801,24.328063964843750,,27.081630706787109,16.962221145629883,15.904035568237305,30.510942459106445,
0.42,19.936676025390625,11.758859634399414,15.927788734436035,24.953395843505859,,26.794198989868164,16.840610504150391,16.075105667114258,30.711153030395508,
0.424,20.165596008300781,11.764084815979004,16.186506271362305,25.629693984985352,,26.486270904541016,16.696208953857422,16.222335815429688,30.880119323730469,
0.428,20.318490982055664,11.755159378051758,16.418334960937500,26.157997131347656,,26.166812896728516,16.565191268920898,16.430751800537109,31.019397735595703,
0.432,20.383363723754883,11.682625770568848,16.571241378784180,26.447198867797852,,25.830142974853516,16.421363830566406,16.723930358886719,31.146697998046875,
0.436,20.349962234497070,11.507721900939941,16.685111999511719,26.629867553710938,,25.534681320190430,16.241691589355469,16.970897674560547,31.273767471313477,
0.44,20.221099853515625,11.321812629699707,16.791383743286133,26.776039123535156,,25.368436813354492,16.070583343505859,17.142892837524414,31.490055084228516,
0.444,20.007875442504883,11.182244300842285,16.832092285156250,26.854669570922852,,25.344707489013672,15.964733123779297,17.310928344726563,31.848760604858398,
0.448,19.708053588867188,11.045341491699219,16.783422470092773,26.825736999511719,,25.403293609619141,15.940469741821289,17.439514160156250,32.198986053466797,
0.452,19.373994827270508,10.863698005676270,16.719263076782227,26.704826354980469,,25.465204238891602,15.942668914794922,17.545097351074219,32.476623535156250,
0.456,19.101970672607422,10.659558296203613,16.673038482666016,26.584438323974609,,25.534955978393555,15.919091224670410,17.713920593261719,32.789432525634766,
0.46,18.876667022705078,10.472599029541016,16.655805587768555,26.543235778808594,,25.666967391967773,15.903102874755859,17.915651321411133,33.123733520507813,
0.464,18.657546997070313,10.326761245727539,16.691234588623047,26.592653274536133,,25.824703216552734,15.922657966613770,18.083942413330078,33.376598358154297,
0.468,18.507904052734375,10.237979888916016,16.770250320434570,26.681156158447266,,25.966905593872070,15.975360870361328,18.233522415161133,33.609115600585938,
0.472,18.441471099853516,10.192062377929688,16.892324447631836,26.794282913208008,,26.119880676269531,16.040138244628906,18.371328353881836,33.916393280029297,
0.476,18.422817230224609,10.189221382141113,17.048406600952148,26.983682632446289,,26.278545379638672,16.059968948364258,18.471843719482422,34.211631774902344,
0.48,18.511636734008789,10.253709793090820,17.195802688598633,27.234580993652344,,26.392604827880859,16.039102554321289,18.588329315185547,34.437023162841797,
0.484,18.737226486206055,10.385756492614746,17.339542388916016,27.503892898559570,,26.427272796630859,16.044496536254883,18.764205932617188,34.627838134765625,
0.488,19.035522460937500,10.562020301818848,17.573472976684570,27.880884170532227,,26.415531158447266,16.096033096313477,18.930700302124023,34.777610778808594,
0.492,19.363012313842773,10.748395919799805,17.912992477416992,28.433563232421875,,26.387691497802734,16.158666610717773,19.050418853759766,34.861385345458984,
0.496,19.690450668334961,10.930995941162109,18.231189727783203,29.044572830200195,,26.326171875000000,16.203931808471680,19.151906967163086,34.870952606201172,
0.5,20.065820693969727,11.176560401916504,18.573814392089844,29.663337707519531,,26.245565414428711,16.202449798583984,19.232530593872070,34.849384307861328,
0.504,20.536762237548828,11.512355804443359,19.047323226928711,30.321043014526367,,26.177183151245117,16.128515243530273,19.273666381835938,34.839622497558594,
0.508,21.013357162475586,11.841475486755371,19.499061584472656,30.963081359863281,,26.099546432495117,16.001850128173828,19.264680862426758,34.840530395507813,
0.512,21.497413635253906,12.158941268920898,19.855768203735352,31.597717285156250,,25.989000320434570,15.860655784606934,19.215068817138672,34.842185974121094,
0.516,22.023904800415039,12.521880149841309,20.203813552856445,32.230503082275391,,25.883260726928711,15.760997772216797,19.170022964477539,34.835826873779297,
0.52,22.466537475585938,12.844366073608398,20.512554168701172,32.732582092285156,,25.812568664550781,15.724604606628418,19.149255752563477,34.818500518798828,
0.524,22.757637023925781,13.042785644531250,20.733455657958984,33.045242309570313,,25.768138885498047,15.701677322387695,19.138687133789063,34.794265747070313,
0.528,23.003826141357422,13.197679519653320,20.935588836669922,33.322532653808594,,25.730297088623047,15.672049522399902,19.141778945922852,34.801105499267578,
0.532,23.271593093872070,13.386001586914063,21.176414489746094,33.676731109619141,,25.684303283691406,15.645716667175293,19.156127929687500,34.872299194335938,
0.536,23.470573425292969,13.537405967712402,21.392517089843750,33.985431671142578,,25.650852203369141,15.603286743164063,19.147003173828125,34.964851379394531,
0.54,23.558944702148438,13.613128662109375,21.541778564453125,34.180210113525391,,25.665143966674805,15.534185409545898,19.113752365112305,35.004428863525391,
0.544,23.591930389404297,13.640913963317871,21.639139175415039,34.315895080566406,,25.700180053710938,15.477015495300293,19.109674453735352,34.996623992919922,
0.548,23.602464675903320,13.610458374023438,21.679756164550781,34.432807922363281,,25.694749832153320,15.447314262390137,19.168769836425781,35.007835388183594,
0.552,23.589546203613281,13.533333778381348,21.682809829711914,34.552131652832031,,25.643877029418945,15.403029441833496,19.255033493041992,35.053760528564453,
0.556,23.553024291992188,13.456578254699707,21.678144454956055,34.669261932373047,,25.569124221801758,15.346078872680664,19.305137634277344,35.114929199218750,
0.56,23.518669128417969,13.388164520263672,21.677997589111328,34.790542602539063,,25.492042541503906,15.310466766357422,19.327100753784180,35.163860321044922,
0.564,23.502565383911133,13.301955223083496,21.700881958007813,34.912212371826172,,25.425632476806641,15.270651817321777,19.355899810791016,35.185993194580078,
0.568,23.504503250122070,13.226132392883301,21.736267089843750,35.020957946777344,,25.357212066650391,15.196942329406738,19.399118423461914,35.215896606445313,
0.572,23.514621734619141,13.193618774414063,21.749307632446289,35.120174407958984,,25.277021408081055,15.096097946166992,19.443395614624023,35.270057678222656,
0.576,23.496364593505859,13.180811882019043,21.752582550048828,35.198760986328125,,25.184753417968750,15.000206947326660,19.463516235351563,35.324245452880859,
0.58,23.454517364501953,13.160550117492676,21.804632186889648,35.258487701416016,,25.115652084350586,14.973715782165527,19.492759704589844,35.361305236816406,
0.584,23.461879730224609,13.129681587219238,21.926248550415039,35.343547821044922,,25.098268508911133,15.011562347412109,19.550655364990234,35.391216278076172,
0.588,23.520374298095703,13.100626945495605,22.054075241088867,35.476432800292969,,25.097967147827148,15.025746345520020,19.603328704833984,35.471836090087891,
0.592,23.555770874023438,13.088631629943848,22.128845214843750,35.645973205566406,,25.086029052734375,14.996329307556152,19.624229431152344,35.621269226074219,
0.596,23.578321456909180,13.108587265014648,22.160526275634766,35.837657928466797,,25.066249847412109,14.955003738403320,19.618282318115234,35.768146514892578,
0.6,23.633829116821289,13.124794960021973,22.177335739135742,36.008838653564453,,25.046731948852539,14.889914512634277,19.649929046630859,35.883880615234375,
0.604,23.685167312622070,13.087007522583008,22.213171005249023,36.132781982421875,,25.047672271728516,14.803153038024902,19.753646850585938,35.985858917236328,
0.608,23.708539962768555,13.044558525085449,22.304506301879883,36.270175933837891,,25.090478897094727,14.731069564819336,19.870676040649414,36.071945190429688,
0.612,23.743118286132813,13.055212020874023,22.421272277832031,36.450260162353516,,25.120088577270508,14.696054458618164,19.942096710205078,36.188957214355469,
0.616,23.794872283935547,13.096505165100098,22.493629455566406,36.592544555664063,,25.107116699218750,14.708529472351074,19.994091033935547,36.366077423095703,
0.62,23.816379547119141,13.120479583740234,22.555686950683594,36.673797607421875,,25.107429504394531,14.757589340209961,20.051702499389648,36.519294738769531,
0.624,23.793937683105469,13.110074043273926,22.661987304687500,36.739906311035156,,25.100992202758789,14.799697875976563,20.081689834594727,36.599113464355469,
0.628,23.763828277587891,13.098271369934082,22.744894027709961,36.792736053466797,,25.062889099121094,14.805679321289063,20.114669799804688,36.639404296875000,
0.632,23.713911056518555,13.080062866210938,22.751808166503906,36.819606781005859,,25.031095504760742,14.779561996459961,20.203697204589844,36.664943695068359,
0.636,23.590101242065430,13.017937660217285,22.708892822265625,36.802513122558594,,24.988197326660156,14.751163482666016,20.312398910522461,36.689144134521484,
0.64,23.424629211425781,12.933510780334473,22.639690399169922,36.720798492431641,,24.882543563842773,14.771901130676270,20.395936965942383,36.686008453369141,
0.644,23.290563583374023,12.868274688720703,22.570945739746094,36.590435028076172,,24.758663177490234,14.824049949645996,20.429864883422852,36.629642486572266,
0.648,23.114620208740234,12.821466445922852,22.534452438354492,36.413410186767578,,24.698432922363281,14.846641540527344,20.419832229614258,36.551013946533203,
0.652,22.814378738403320,12.761542320251465,22.508893966674805,36.174613952636719,,24.638017654418945,14.819304466247559,20.430944442749023,36.435756683349609,
0.656,22.479587554931641,12.649209022521973,22.444833755493164,35.911239624023438,,24.458322525024414,14.761041641235352,20.456110000610352,36.249443054199219,
0.66,22.119518280029297,12.447439193725586,22.328680038452148,35.583309173583984,,24.186212539672852,14.711057662963867,20.429569244384766,36.024177551269531,
0.664,21.673248291015625,12.183093070983887,22.160442352294922,35.114540100097656,,23.913398742675781,14.640878677368164,20.351140975952148,35.777221679687500,
0.668,21.227882385253906,11.931710243225098,21.938810348510742,34.586479187011719,,23.571403503417969,14.493267059326172,20.207630157470703,35.441032409667969,
0.672,20.728227615356445,11.700083732604980,21.623466491699219,33.960556030273438,,23.061983108520508,14.275936126708984,19.995872497558594,34.977466583251953,
0.676,20.037784576416016,11.452349662780762,21.195592880249023,33.118732452392578,,22.492010116577148,14.036925315856934,19.803306579589844,34.453285217285156,
0.68,19.320199966430664,11.185120582580566,20.750427246093750,32.204765319824219,,21.875268936157227,13.745798110961914,19.594905853271484,33.764743804931641,
0.684,18.718324661254883,10.904671669006348,20.346384048461914,31.365871429443359,,21.105909347534180,13.334551811218262,19.238100051879883,32.789531707763672,
0.688,18.000665664672852,10.531519889831543,19.833408355712891,30.368556976318359,,20.278490066528320,12.894159317016602,18.765066146850586,31.739418029785156,
0.692,17.001554489135742,10.002087593078613,19.074977874755859,28.986761093139648,,19.309770584106445,12.428242683410645,18.159179687500000,30.544315338134766,
0.696,15.942975997924805,9.432390213012695,18.222936630249023,27.487449645996094,,18.012125015258789,11.806877136230469,17.345808029174805,28.909994125366211,
0.7,14.790158271789551,8.798763275146484,17.276475906372070,25.825437545776367,,16.612123489379883,11.070938110351563,16.441524505615234,27.064130783081055,
0.704,13.348697662353516,7.996237754821777,16.096944808959961,23.726472854614258,,15.088463783264160,10.180580139160156,15.386795043945313,24.975704193115234,
0.708,11.887158393859863,7.175965785980225,14.871914863586426,21.530580520629883,,13.225292205810547,9.089012145996094,14.022851943969727,22.375560760498047,
0.712,10.429265022277832,6.330102920532227,13.520421028137207,19.176002502441406,,11.367916107177734,8.018143653869629,12.545328140258789,19.707521438598633,
0.716,8.724700927734375,5.324875831604004,11.805366516113281,16.334672927856445,,9.782277107238770,7.074260234832764,11.143108367919922,17.323871612548828,
0.72,7.038987159729004,4.320502281188965,10.016252517700195,13.506311416625977,,8.056468963623047,5.980867862701416,9.498084068298340,14.601667404174805,
0.724,5.672388553619385,3.460868358612061,8.389043807983398,11.075018882751465,,5.914777278900146,4.570837974548340,7.349931716918945,11.092343330383301,
0.728,4.334984779357910,2.592811107635498,6.503953933715820,8.408547401428223,,3.879907131195068,3.165593147277832,5.156722068786621,7.581222534179688,
0.732,2.742428541183472,1.608766078948975,4.067353248596191,5.062128067016602,,2.221006631851196,1.854976415634155,3.090977191925049,4.398582935333252,
0.736,1.218947529792786,0.707507252693176,1.682469606399536,1.909357547760010,,0.765381872653961,0.513853847980499,1.054033637046814,1.353579282760620,
0.74,0.078526630997658,0.026199316605926,-0.058668438345194,-0.074686095118523,,-0.253254473209381,-0.537090539932251,-0.361359983682632,-0.786202967166901,
0.744,-0.599862575531006,-0.425474941730499,-1.028179287910461,-0.636496424674988,,-0.534669637680054,-0.860751092433929,-0.624306917190552,-1.324846386909485,
0.748,-0.713928759098053,-0.558100521564484,-1.207911968231201,-0.110542990267277,,-0.146859034895897,-0.416331946849823,-0.018089823424816,-0.608504593372345,
0.752,-0.349418550729752,-0.316432863473892,-0.686342597007751,0.421915203332901,,0.441740781068802,0.233404695987701,0.609670281410217,0.298270374536514,
0.756,0.216977745294571,0.193792670965195,0.215428933501244,0.238263547420502,,0.691991746425629,0.432116627693176,0.689030230045319,0.574250638484955,
0.76,0.626522958278656,0.614791154861450,0.888301551342010,-0.119114324450493,,0.451330989599228,0.122748896479607,0.397254407405853,0.216771379113197,
0.764,0.652252614498138,0.626719355583191,0.977643549442291,-0.079177670180798,,0.064711913466454,-0.253200411796570,0.166589498519897,-0.231607958674431,
0.768,0.361666887998581,0.292200714349747,0.539402246475220,0.078673146665096,,-0.006997218821198,-0.326085150241852,0.132480114698410,-0.264363348484039,
0.772,0.028056874871254,-0.082101628184319,-0.127168953418732,0.064342007040977,,0.184816211462021,-0.117425762116909,0.218431264162064,-0.001134813646786,
0.776,-0.139027103781700,-0.251553565263748,-0.543712496757507,0.049579866230488,,0.251291662454605,0.058684572577477,0.330771028995514,0.106256842613220,
0.78,-0.117419585585594,-0.166915163397789,-0.430701404809952,0.083624564111233,,0.122223556041718,-0.037839934229851,0.340484321117401,-0.044209074229002,
0.784,0.078231357038021,0.098028719425201,0.049183450639248,0.016232978552580,,0.067506529390812,-0.225349828600883,0.224900126457214,-0.205586239695549,
0.788,0.313207596540451,0.363253265619278,0.459984064102173,-0.079146631062031,,0.198188588023186,-0.214735269546509,0.139230877161026,-0.183614045381546,
0.792,0.342363595962524,0.411907851696014,0.519694507122040,-0.050926275551319,,0.302251517772675,-0.066293068230152,0.226408764719963,-0.048606052994728,
0.796,0.143592372536659,0.224977374076843,0.265474379062653,0.048005726188421,,0.263005971908569,0.015087354928255,0.396541446447372,0.017440214753151,
0.8,-0.056727994233370,0.007623171899468,-0.049707859754562,0.081178717315197,,0.194531083106995,-0.053832605481148,0.414269715547562,-0.026993578299880,
0.804,-0.132064282894135,-0.080252535641193,-0.190171197056770,0.061926770955324,,0.157423779368401,-0.206544503569603,0.267766386270523,-0.097175389528275,
0.808,-0.086421631276608,-0.011912843212485,-0.093526311218739,0.061057399958372,,0.139603137969971,-0.259089618921280,0.174505203962326,-0.125360324978828,
0.812,0.074099853634834,0.151426643133163,0.157078191637993,0.046905901283026,,0.157870128750801,-0.167541667819023,0.223455995321274,-0.106401041150093,
0.816,0.248330965638161,0.261589109897614,0.373983234167099,-0.006136930547655,,0.193107962608337,-0.080689422786236,0.306386202573776,-0.091295637190342,
0.82,0.273848861455917,0.235931187868118,0.380329102277756,-0.032304193824530,,0.203494280576706,-0.082512669265270,0.301338583230972,-0.134612783789635,
0.824,0.138736560940742,0.130314692854881,0.177295148372650,-0.029029184952378,,0.187732458114624,-0.128546744585037,0.245309278368950,-0.183499425649643,
0.828,0.004028237424791,0.037157043814659,-0.030701063573360,-0.036635596305132,,0.168828725814819,-0.134328186511993,0.242005437612534,-0.144204989075661,
0.832,-0.029374882578850,-0.009742139838636,-0.064641721546650,-0.016223562881351,,0.175590410828590,-0.080698251724243,0.270025014877319,-0.051367927342653,
0.836,0.016912925988436,-0.001650940859690,0.069168612360954,0.029211401939392,,0.175318807363510,-0.040638744831085,0.265958219766617,-0.020340666174889,
0.84,0.100527018308640,0.067601062357426,0.209003537893295,0.038155619055033,,0.125480517745018,-0.044649660587311,0.254377067089081,-0.091780744493008,
0.844,0.162728518247604,0.130376800894737,0.225484386086464,0.011744372546673,,0.073588147759438,-0.062851093709469,0.282913058996201,-0.174159437417984,
0.848,0.146086096763611,0.099874071776867,0.131283894181252,0.014507146552205,,0.089507110416889,-0.090110361576080,0.330025285482407,-0.184496521949768,
0.852,0.064556114375591,0.011131130158901,-0.006070917006582,0.050633531063795,,0.151872396469116,-0.094701088964939,0.362933605909348,-0.151546940207481,
0.856,-0.010461263358593,-0.032967686653137,-0.098560117185116,0.037852309644222,,0.188134014606476,-0.060891345143318,0.368343830108643,-0.130661264061928,
0.86,-0.025698861107230,-0.026266695931554,-0.063578084111214,-0.000044794629503,,0.183718413114548,-0.054734248667955,0.326915830373764,-0.135621786117554,
0.864,0.027223557233810,-0.009046614170074,0.055987216532230,0.019934544339776,,0.183679208159447,-0.070363663136959,0.247539535164833,-0.138680487871170,
0.868,0.105026818811893,0.024296130985022,0.123046375811100,0.051498048007488,,0.206860825419426,-0.054530665278435,0.176407784223557,-0.119747184216976,
0.872,0.129543691873550,0.071455590426922,0.107565708458424,0.046752348542213,,0.207506224513054,-0.033328168094158,0.166363164782524,-0.082663841545582,
0.876,0.088428422808647,0.087604247033596,0.064141854643822,0.028004372492433,,0.186806827783585,-0.036459114402533,0.221115931868553,-0.059717435389757,
0.88,0.033239454030991,0.048981424421072,0.012487328611314,0.008590824902058,,0.173398882150650,-0.063633456826210,0.274686485528946,-0.074276760220528,
0.884,-0.016031771898270,0.007269011344761,-0.037399660795927,0.005358792841434,,0.157117068767548,-0.105621904134750,0.288531333208084,-0.088394433259964,
0.888,-0.032847907394171,0.023762801662087,-0.036747705191374,0.032740395516157,,0.150189042091370,-0.140624746680260,0.275698900222778,-0.097619384527206,
0.892,0.011471712030470,0.079129785299301,0.037663131952286,0.058249820023775,,0.161673441529274,-0.132384449243546,0.254967063665390,-0.140175729990005,
0.896,0.073143623769283,0.104828462004662,0.098281532526016,0.055021110922098,,0.162555068731308,-0.081996172666550,0.244497120380402,-0.192890182137489,
0.9,0.104712888598442,0.083813883364201,0.088496208190918,0.043592918664217,,0.150996029376984,-0.055329002439976,0.226189017295837,-0.212667167186737,
0.904,0.116774901747704,0.048292979598045,0.064589589834213,0.038782812654972,,0.146806016564369,-0.083910919725895,0.208877190947533,-0.210660919547081,
0.908,0.118474319577217,0.034089118242264,0.044595029205084,0.036767181009054,,0.151345103979111,-0.141653254628181,0.233574733138084,-0.210401415824890,
0.912,0.098512724041939,0.068305946886539,0.011932217516005,0.029667347669601,,0.158923193812370,-0.182810530066490,0.252715468406677,-0.207486093044281,
0.916,0.064345441758633,0.115204647183418,-0.015450581908226,0.021162150427699,,0.161591961979866,-0.176297739148140,0.229571521282196,-0.191015511751175,
0.92,0.037192929536104,0.127819433808327,-0.026127450168133,0.016021184623241,,0.177253201603889,-0.153734833002090,0.203991398215294,-0.188905313611031,
0.924,0.025823321193457,0.125311806797981,-0.001570981112309,-0.000090425761300,,0.217493370175362,-0.155143827199936,0.184505343437195,-0.202277243137360,
0.928,0.013553069904447,0.112392939627171,0.037677697837353,-0.017217116430402,,0.246629819273949,-0.157790094614029,0.162718400359154,-0.171298667788506,
0.932,-0.004702658392489,0.071795172989368,0.028770957142115,-0.017141822725534,,0.246896058320999,-0.146404638886452,0.169520750641823,-0.128685921430588,
0.936,-0.006561815273017,0.043447874486446,-0.008975404314697,-0.019266394898295,,0.239114940166473,-0.152068078517914,0.235377594828606,-0.124735325574875,
0.94,0.017236525192857,0.061940152198076,-0.013618890196085,-0.024020837619901,,0.225984543561935,-0.158146232366562,0.299079000949860,-0.120910838246346,
0.944,0.052325066179037,0.088376812636852,0.016960788518190,0.004838142078370,,0.187626749277115,-0.127032682299614,0.291232287883759,-0.118729934096336,
0.948,0.061262972652912,0.092048719525337,0.037146039307117,0.052954770624638,,0.120175622403622,-0.090564459562302,0.248390391469002,-0.143992364406586,
0.952,0.037063688039780,0.089458040893078,0.040516346693039,0.069423392415047,,0.077877506613731,-0.108780793845654,0.236799493432045,-0.165862038731575,
0.956,0.003415376413614,0.094839021563530,0.065621025860310,0.070056125521660,,0.116673327982426,-0.173619687557220,0.270619481801987,-0.155959993600845,
0.96,-0.014153644442558,0.106824062764645,0.094758868217468,0.085775062441826,,0.189477756619453,-0.191258281469345,0.303374201059341,-0.129114106297493,
0.964,0.017517954111099,0.123462885618210,0.087536282837391,0.097128540277481,,0.231153488159180,-0.129017695784569,0.294760644435883,-0.113691426813602,
0.968,0.056104805320501,0.136945575475693,0.065142758190632,0.078208290040493,,0.240831092000008,-0.063041180372238,0.250483155250549,-0.116765268146992,
0.972,0.040437761694193,0.143592536449432,0.061480615288019,0.031416017562151,,0.216187730431557,-0.047268815338612,0.222417309880257,-0.115966290235519,
0.976,0.003676274325699,0.146326735615730,0.069583654403687,-0.000270820281003,,0.159830987453461,-0.066978350281715,0.238156676292419,-0.103994578123093,
0.98,-0.005160453263670,0.140776872634888,0.044867720454931,0.006646785419434,,0.128693133592606,-0.098336644470692,0.250652283430099,-0.097622253000736,
0.984,0.021295137703419,0.124289616942406,-0.014004577882588,0.034509997814894,,0.153556019067764,-0.118440605700016,0.232502862811089,-0.106962770223618,
0.988,0.065490908920765,0.096014209091663,-0.022328678518534,0.075515173375607,,0.182386711239815,-0.096220873296261,0.204421222209930,-0.123893871903419,
0.992,0.094680167734623,0.071844369173050,0.016734953969717,0.093788631260395,,0.181452244520187,-0.074459724128246,0.205360800027847,-0.133868321776390,
0.996,0.099476382136345,0.059190697968006,0.017469044774771,0.063170656561852,,0.158514022827148,-0.106032960116863,0.239480644464493,-0.142917811870575,
1,0.098742648959160,0.049792405217886,0.006339727900922,0.024672025814652,,0.152885153889656,-0.165122091770172,0.257650732994080,-0.155896365642548,
1.004,0.083930827677250,0.055385574698448,0.023603662848473,-0.001396420062520,,0.195760503411293,-0.206203699111938,0.235482364892960,-0.155477866530418,
1.008,0.046800967305899,0.069509714841843,0.031202200800180,-0.006095721386373,,0.232411399483681,-0.206707641482353,0.200269505381584,-0.154710397124290,
1.012,0.020378071814775,0.074534416198730,0.015850055962801,0.018323197960854,,0.204597324132919,-0.171882361173630,0.180981859564781,-0.162909522652626,
1.016,0.024763517081738,0.069183543324471,0.005217517726123,0.038444314152002,,0.139622405171394,-0.116956181824207,0.178420931100845,-0.146843478083611,
1.02,0.038687724620104,0.050927545875311,0.009660454466939,0.032552883028984,,0.108142547309399,-0.066821493208408,0.181321203708649,-0.134891942143440,
1.024,0.049128171056509,0.039001394063234,0.022980170324445,0.002921246457845,,0.138798400759697,-0.044437214732170,0.188453972339630,-0.174863949418068,
1.028,0.064085625112057,0.065582245588303,0.040380656719208,-0.014602572657168,,0.207826510071754,-0.059015896171331,0.200736910104752,-0.212471574544907,
1.032,0.065567538142204,0.139761388301849,0.034716498106718,0.013001181185246,,0.258594572544098,-0.099633291363716,0.187588214874268,-0.185720473527908,
1.036,0.035300757735968,0.215528607368469,-0.011720092967153,0.052272070199251,,0.265163362026215,-0.132892325520515,0.144607931375504,-0.128234654664993,
1.04,0.000256355793681,0.222495973110199,-0.044540628790855,0.063240252435207,,0.253382205963135,-0.145391523838043,0.128227218985558,-0.096865668892860,
1.044,-0.012802062556148,0.180432081222534,-0.024546906352043,0.057353075593710,,0.227310135960579,-0.139531701803207,0.134220153093338,-0.110161490738392,
1.048,-0.008630625903606,0.139667898416519,-0.003593956585974,0.061060827225447,,0.193442657589912,-0.118239529430866,0.124144352972507,-0.142215400934219,
1.052,0.008192407898605,0.087910704314709,-0.013459645211697,0.069447472691536,,0.186406880617142,-0.105602733790874,0.115568757057190,-0.170812577009201,
1.056,0.021633224561810,0.032846909016371,-0.028981173411012,0.058929320424795,,0.221831038594246,-0.111923754215240,0.114240139722824,-0.205363929271698,
1.06,0.006748778745532,0.022108735516667,-0.021560583263636,0.031063750386238,,0.255553066730499,-0.121999688446522,0.128373757004738,-0.226384952664375,
1.064,-0.024945607408881,0.065922647714615,0.004385065287352,0.008978956378996,,0.228534385561943,-0.141458258032799,0.171753630042076,-0.213596597313881,
1.068,-0.052575390785933,0.112911671400070,0.031897958368063,0.001515401643701,,0.157260477542877,-0.172363817691803,0.212684959173203,-0.181834295392036,
1.072,-0.068838797509670,0.120388679206371,0.055133070796728,0.007916568778455,,0.120954021811485,-0.177649542689323,0.233277112245560,-0.149553433060646,
1.076,-0.076541632413864,0.127232044935226,0.045794341713190,0.020609105005860,,0.159211203455925,-0.169168695807457,0.251775860786438,-0.142111316323280,
1.08,-0.073861114680767,0.164205208420753,0.001653207582422,0.031207185238600,,0.212701469659805,-0.162267565727234,0.278386443853378,-0.170294538140297,
1.084,-0.046484250575304,0.163642972707748,-0.030178168788552,0.022222166880965,,0.219846993684769,-0.135442674160004,0.291552394628525,-0.205805703997612,
1.088,-0.023944653570652,0.119267188012600,-0.026127243414521,-0.000553813995793,,0.209351748228073,-0.133413404226303,0.255078345537186,-0.230658888816833,
1.092,-0.025760389864445,0.111397646367550,-0.018337672576308,-0.025135152041912,,0.211716398596764,-0.160287514328957,0.204617336392403,-0.215170010924339,
1.096,-0.032714411616325,0.136228770017624,-0.032950855791569,-0.066489629447460,,0.216346994042397,-0.173823654651642,0.211519017815590,-0.154631808400154,
1.1,-0.032553222030401,0.144779697060585,-0.049952223896980,-0.092216618359089,,0.218236386775970,-0.166568174958229,0.253651976585388,-0.127353370189667,
1.104,-0.010054336860776,0.125911310315132,-0.048813767731190,-0.067546464502811,,0.200871631503105,-0.121703065931797,0.286499381065369,-0.151586100459099,
1.108,0.014843315817416,0.105323627591133,-0.035346109420061,-0.012613137252629,,0.168506637215614,-0.066168233752251,0.315388530492783,-0.169910490512848,
1.112,0.010498608462512,0.091800108551979,-0.036749094724655,0.033678483217955,,0.147179082036018,-0.060314416885376,0.325263917446136,-0.171470537781715,
1.116,-0.027302555739880,0.072897367179394,-0.052210539579391,0.049872275441885,,0.130887374281883,-0.091619752347469,0.299503177404404,-0.188748493790627,
1.12,-0.079828456044197,0.078195497393608,-0.046485789120197,0.063588328659534,,0.150986507534981,-0.109357461333275,0.270442336797714,-0.207836195826530,
1.124,-0.107153795659542,0.106108739972115,-0.029087783768773,0.091204024851322,,0.233252987265587,-0.115856222808361,0.275382190942764,-0.190456643700600,
1.128,-0.107278726994991,0.120670787990093,-0.029504837468266,0.105357751250267,,0.280902892351151,-0.124533109366894,0.307315111160278,-0.170575484633446,
1.132,-0.102526262402534,0.122413374483585,-0.029190462082624,0.087327621877193,,0.257108390331268,-0.134430631995201,0.312201708555222,-0.187290742993355,
1.136,-0.071185767650604,0.111716933548450,0.010118997655809,0.050563979893923,,0.231223151087761,-0.156502634286880,0.266879647970200,-0.220459640026093,
1.14,0.003128273412585,0.088743925094604,0.052985016256571,0.028360215947032,,0.200603574514389,-0.176159128546715,0.225052937865257,-0.255223035812378,
1.144,0.067465789616108,0.086545303463936,0.043785437941551,0.020131068304181,,0.185945272445679,-0.159010455012321,0.205794602632523,-0.276678651571274,
1.148,0.065287865698338,0.129735082387924,0.019597366452217,0.021565834060311,,0.220362782478333,-0.105205610394478,0.183887958526611,-0.261793106794357,
1.152,0.023738259449601,0.184498384594917,0.003137187799439,0.022050732746720,,0.239037498831749,-0.060142442584038,0.172316923737526,-0.230738267302513,
1.156,-0.008250057697296,0.208577245473862,-0.029485257342458,0.007776696234941,,0.225704342126846,-0.066662520170212,0.189167276024818,-0.214015617966652,
1.16,-0.023402253165841,0.199861705303192,-0.057124588638544,0.017960112541914,,0.210039749741554,-0.115724876523018,0.228140339255333,-0.208601221442223,
1.164,-0.029599491506815,0.176975518465042,-0.048713035881519,0.033962644636631,,0.187826439738274,-0.167923420667648,0.261405587196350,-0.185588955879211,
1.168,-0.031050695106387,0.157568871974945,-0.029973955824971,0.023582814261317,,0.165508583188057,-0.179273605346680,0.251943737268448,-0.152068451046944,
1.172,-0.027145458385348,0.136150315403938,-0.037200942635536,0.026214879006147,,0.140421718358994,-0.146328836679459,0.221785157918930,-0.154980286955833,
1.176,-0.019116761162877,0.110526740550995,-0.051954228430986,0.041363358497620,,0.122334904968739,-0.109553404152393,0.222169622778893,-0.213520303368568,
1.18,-0.009646650403738,0.107725769281387,-0.051354248076677,0.029415287077427,,0.147598281502724,-0.087859436869621,0.218445479869843,-0.285579949617386,
1.184,-0.001731695490889,0.110926151275635,-0.043367270380259,-0.012652311474085,,0.195740431547165,-0.103284768760204,0.196660056710243,-0.291280448436737,
1.188,0.001638037152588,0.084623537957668,-0.038815926760435,-0.023416327312589,,0.211588203907013,-0.143906414508820,0.215537935495377,-0.235412061214447,
1.192,-0.004424502607435,0.048769317567348,-0.026122631505132,0.019429331645370,,0.206000074744225,-0.147417411208153,0.267330169677734,-0.190731465816498,
1.196,-0.006154414732009,0.030360884964466,-0.008571734651923,0.050548147410154,,0.211801514029503,-0.133996099233627,0.295609980821609,-0.172163948416710,
1.2,0.013477235101163,0.049726352095604,-0.005489743314683,0.050576262176037,,0.213518604636192,-0.135116234421730,0.287682443857193,-0.176452368497849,
1.204,0.025262018665671,0.101818427443504,0.016192216426134,0.036962732672691,,0.204900577664375,-0.099302560091019,0.250024765729904,-0.201436176896095,
1.208,0.017657658085227,0.146779328584671,0.048960369080305,0.005439267493784,,0.224108830094337,-0.036843650043011,0.198802784085274,-0.206608742475510,
1.212,0.012238838709891,0.164703339338303,0.038059175014496,-0.026202382519841,,0.256717592477798,-0.017692163586617,0.185753241181374,-0.197916284203529,
1.216,-0.011891789734364,0.168768718838692,-0.005491006188095,-0.026984870433807,,0.229366481304169,-0.046684101223946,0.209283769130707,-0.210262984037399,
1.22,-0.065142087638378,0.167120531201363,-0.036912083625793,0.003520365571603,,0.148616179823875,-0.081084445118904,0.220988184213638,-0.212818995118141,
1.224,-0.108936659991741,0.156058579683304,-0.033494330942631,0.027188878506422,,0.098401479423046,-0.102628000080585,0.231061279773712,-0.187383130192757,
1.228,-0.110144972801208,0.139465346932411,-0.012188347987831,0.028972541913390,,0.105664111673832,-0.116469591856003,0.258748412132263,-0.166206955909729,
1.232,-0.082390315830708,0.127442747354507,0.009568409994245,0.048926934599876,,0.127805680036545,-0.097364544868469,0.275271028280258,-0.167172238230705,
1.236,-0.039436504244804,0.136310085654259,0.025227138772607,0.095984540879726,,0.138733908534050,-0.049660962074995,0.249543830752373,-0.180135935544968,
1.24,0.029199060052633,0.158157020807266,0.025784123688936,0.117652587592602,,0.124979987740517,-0.021974561735988,0.188088014721870,-0.202424928545952,
1.244,0.071592152118683,0.160502120852470,0.019970105960965,0.087289363145828,,0.103737272322178,-0.014782994054258,0.143467158079147,-0.230092912912369,
1.248,0.045968007296324,0.158809065818787,0.028446329757571,0.052931420505047,,0.118678033351898,-0.019767705351114,0.154281601309776,-0.236975222826004,
1.252,-0.000311022071401,0.186448872089386,0.043279767036438,0.065574005246162,,0.163448929786682,-0.045098412781954,0.189352601766586,-0.204283684492111,
1.256,-0.038499757647514,0.191967010498047,0.033727247267962,0.087584421038628,,0.208326250314713,-0.082409612834454,0.230204313993454,-0.142837092280388,
1.26,-0.053815234452486,0.150956615805626,0.022984171286225,0.065826348960400,,0.239362806081772,-0.129369795322418,0.290905386209488,-0.118199251592159,
1.264,-0.034336552023888,0.112915799021721,0.035611115396023,0.039079640060663,,0.229200929403305,-0.181639596819878,0.315375566482544,-0.156241074204445,
1.268,-0.020050067454576,0.086027696728706,0.044610589742661,0.028040982782841,,0.189888566732407,-0.218912988901138,0.256499230861664,-0.199109151959419,
1.272,0.018976921215653,0.091692082583904,0.026347799226642,0.004728411324322,,0.189782902598381,-0.214304938912392,0.179113328456879,-0.213772788643837,
1.276,0.704713463783264,0.279387831687927,0.006659402512014,0.243415385484695,,0.404023468494415,-0.057584539055824,0.138046547770500,-0.106420762836933,
1.28,3.579161643981934,1.215938448905945,0.319562047719955,1.582778096199036,,3.276481151580811,1.596417903900146,0.200520455837250,1.477247714996338,
1.284,10.188587188720703,4.137860774993896,1.720715761184692,5.037142753601074,,12.185645103454590,6.779980182647705,0.785295784473419,6.437187671661377,
1.288,19.522232055664063,10.155327796936035,5.622727870941162,11.245398521423340,,24.836236953735352,14.929029464721680,2.915316581726074,14.024847984313965,
1.292,24.901874542236328,16.108604431152344,10.901758193969727,16.717498779296875,,30.462839126586914,19.932779312133789,5.905987739562988,18.256361007690430,
1.296,21.140932083129883,16.000007629394531,12.040513992309570,15.069771766662598,,23.645147323608398,16.134876251220703,5.963942050933838,13.701129913330078,
1.3,16.812484741210938,10.984866142272949,7.092761039733887,8.069919586181641,,16.687862396240234,8.257388114929199,2.122032403945923,5.269878387451172,
1.304,21.278211593627930,8.297209739685059,1.680342078208923,4.253500938415527,,20.843454360961914,5.802181720733643,-1.346057295799255,2.377995967864990,
1.308,29.363046646118164,11.562891960144043,1.438902854919434,6.381164073944092,,30.724325180053711,11.471420288085938,-1.407794237136841,6.322438240051270,
1.312,40.434768676757813,20.027847290039063,3.754076242446899,9.782167434692383,,39.380924224853516,20.865581512451172,0.577978134155273,10.944790840148926,
1.316,62.654708862304688,31.414209365844727,2.781888484954834,11.078612327575684,,51.928180694580078,29.865324020385742,1.520455360412598,12.688041687011719,
1.32,93.515426635742188,43.338542938232422,-0.433374434709549,12.208258628845215,,79.045845031738281,38.628673553466797,0.524666905403137,12.622852325439453,
1.324,123.160049438476563,54.582645416259766,-2.382067441940308,15.153678894042969,,116.990867614746094,46.825313568115234,-0.736330032348633,11.724648475646973,
1.328,140.333862304687500,61.915042877197266,-2.748299837112427,18.183429718017578,,144.977508544921875,50.507171630859375,-1.244911193847656,10.289124488830566,
1.332,138.058776855468750,61.002529144287109,-2.459567785263062,18.436880111694336,,150.292846679687500,46.924263000488281,-1.267118215560913,8.142598152160645,
1.336,123.151313781738281,52.775497436523438,-2.275708436965942,15.804047584533691,,137.753463745117188,38.187816619873047,-1.142415881156921,5.373066425323486,
1.34,103.629798889160156,41.561988830566406,-2.191844463348389,12.936851501464844,,119.358055114746094,29.691667556762695,-1.029262900352478,3.663702011108398,
1.344,81.585960388183594,31.536342620849609,-1.236085414886475,12.689906120300293,,100.142669677734375,25.360803604125977,-0.986963033676147,5.520041465759277,
1.348,61.575931549072266,25.997198104858398,1.775504589080811,15.577342987060547,,78.681159973144531,25.493352890014648,-1.036320805549622,11.291231155395508,
1.352,46.998706817626953,23.181535720825195,5.233274936676025,18.593906402587891,,58.753292083740234,27.972881317138672,-0.415931701660156,17.839570999145508,
1.356,37.249542236328125,19.075067520141602,5.881467342376709,18.795095443725586,,44.476222991943359,29.883895874023438,1.832838058471680,21.999034881591797,
1.36,31.904815673828125,14.717192649841309,4.428006649017334,17.281934738159180,,35.381305694580078,27.919271469116211,3.447438240051270,21.723230361938477,
1.364,30.590080261230469,13.151631355285645,3.807209968566895,16.715673446655273,,29.677093505859375,21.517122268676758,1.971808314323425,17.347913742065430,
1.368,31.382614135742188,14.191579818725586,4.718425750732422,17.300083160400391,,26.654281616210938,15.914445877075195,-0.192635789513588,13.176558494567871,
1.372,31.744188308715820,15.485506057739258,5.809566020965576,17.350349426269531,,26.423257827758789,15.496505737304688,0.042688574641943,12.736538887023926,
1.376,31.287775039672852,15.734511375427246,5.873473644256592,16.386785507202148,,28.044874191284180,18.354555130004883,1.906078696250916,14.904726028442383,
1.38,31.679378509521484,15.831632614135742,5.491337299346924,15.824357032775879,,29.562650680541992,19.949115753173828,2.460858345031738,16.164293289184570,
1.384,33.660911560058594,16.852716445922852,5.617059707641602,16.438764572143555,,30.499879837036133,19.512893676757813,1.368112921714783,15.928078651428223,
1.388,36.229072570800781,18.422578811645508,5.992067813873291,17.356769561767578,,32.212383270263672,19.685201644897461,0.728953242301941,16.318996429443359,
1.392,39.166851043701172,20.174089431762695,6.149668216705322,18.042163848876953,,35.053043365478516,21.212745666503906,1.074647665023804,17.807523727416992,
1.396,43.042194366455078,22.259843826293945,6.117960453033447,18.773782730102539,,38.183063507080078,22.756914138793945,1.248978734016418,19.104133605957031,
1.4,47.179428100585938,24.299856185913086,5.909212589263916,19.417392730712891,,42.184646606445313,23.825815200805664,0.516787290573120,19.566610336303711,
1.404,50.848411560058594,26.006095886230469,5.492527484893799,19.696882247924805,,47.918205261230469,25.037267684936523,-0.571820497512817,19.768144607543945,
1.408,54.396488189697266,27.557558059692383,5.015123844146729,19.914339065551758,,53.592975616455078,26.427156448364258,-1.184703111648560,20.049589157104492,
1.412,57.683010101318359,28.829242706298828,4.663919925689697,20.355367660522461,,57.371883392333984,27.346942901611328,-1.238806962966919,19.831384658813477,
1.416,59.378711700439453,29.298225402832031,4.465956687927246,20.698059082031250,,59.312633514404297,27.468639373779297,-1.099672198295593,18.759296417236328,
1.42,58.519683837890625,28.698913574218750,4.471586227416992,20.720945358276367,,59.703605651855469,27.105268478393555,-1.005813121795654,17.585281372070313,
1.424,55.614418029785156,27.401937484741211,4.834027767181396,20.635120391845703,,58.174167633056641,27.042280197143555,-0.991727352142334,17.260568618774414,
1.428,52.251918792724609,26.097515106201172,5.433318614959717,20.595455169677734,,54.660541534423828,27.741701126098633,-0.943709313869476,17.949501037597656,
1.432,49.265010833740234,24.910842895507813,5.891325950622559,20.473026275634766,,50.646537780761719,28.702327728271484,-0.653075933456421,19.032930374145508,
1.436,46.611125946044922,23.662075042724609,6.048202514648438,20.147232055664063,,47.538230895996094,29.063333511352539,-0.172182053327560,19.677131652832031,
1.44,44.579303741455078,22.602468490600586,6.100026607513428,19.766317367553711,,45.026531219482422,28.007040023803711,0.022210717201233,19.328422546386719,
1.444,43.185684204101563,21.881578445434570,6.191502571105957,19.447843551635742,,42.390110015869141,25.726875305175781,-0.154586821794510,18.233585357666016,
1.448,41.922176361083984,21.233299255371094,6.236260890960693,19.094858169555664,,40.062160491943359,23.904968261718750,-0.099942021071911,17.422325134277344,
1.452,40.567966461181641,20.498081207275391,6.211498260498047,18.691713333129883,,38.511650085449219,23.271064758300781,0.397089481353760,17.307487487792969,
1.456,39.416465759277344,19.859989166259766,6.200319766998291,18.403587341308594,,37.374900817871094,22.940204620361328,0.830612301826477,17.334035873413086,
1.46,38.462871551513672,19.327182769775391,6.159193992614746,18.155838012695313,,36.404346466064453,22.343032836914063,0.895123720169067,17.146911621093750,
1.464,37.445613861083984,18.744604110717773,6.030513763427734,17.769285202026367,,35.632431030273438,21.724515914916992,0.864649653434753,16.947628021240234,
1.468,36.496070861816406,18.183927536010742,5.911156654357910,17.367372512817383,,35.075893402099609,21.360794067382813,0.997881650924683,16.899374008178711,
1.472,35.648723602294922,17.680727005004883,5.827741622924805,16.986457824707031,,34.680881500244141,21.143819808959961,1.143445968627930,16.845537185668945,
1.476,34.766674041748047,17.191892623901367,5.697102546691895,16.528861999511719,,34.348777770996094,20.891918182373047,1.102622032165527,16.628778457641602,
1.48,33.984405517578125,16.783863067626953,5.537600040435791,16.109066009521484,,34.081279754638672,20.649467468261719,0.979832649230957,16.326831817626953,
1.484,33.427459716796875,16.516626358032227,5.431684494018555,15.828419685363770,,33.943626403808594,20.552980422973633,0.958025932312012,16.112371444702148,
1.488,32.945816040039063,16.302898406982422,5.400619983673096,15.597466468811035,,33.905464172363281,20.570144653320313,1.003637671470642,16.017452239990234,
1.492,32.396930694580078,16.047163009643555,5.414260864257813,15.315338134765625,,33.906978607177734,20.552640914916992,0.968355417251587,15.919096946716309,
1.496,31.870328903198242,15.806877136230469,5.419287204742432,15.006441116333008,,33.952117919921875,20.485864639282227,0.834039688110352,15.757887840270996,
1.5,31.404584884643555,15.585556030273438,5.375474929809570,14.733328819274902,,34.034221649169922,20.443582534790039,0.739784181118011,15.595869064331055,
1.504,30.952356338500977,15.342557907104492,5.306207656860352,14.512627601623535,,34.102146148681641,20.385202407836914,0.672649145126343,15.438111305236816,
1.508,30.568384170532227,15.138872146606445,5.232902526855469,14.329618453979492,,34.102310180664063,20.248704910278320,0.512125551700592,15.239753723144531,
1.512,30.222932815551758,14.966900825500488,5.139387130737305,14.115689277648926,,33.985382080078125,20.080341339111328,0.346603453159332,15.017714500427246,
1.516,29.843370437622070,14.789023399353027,5.033782005310059,13.856276512145996,,33.741756439208984,19.896764755249023,0.275159031152725,14.796302795410156,
1.52,29.494657516479492,14.635649681091309,4.959079265594482,13.625047683715820,,33.317001342773438,19.607988357543945,0.195770800113678,14.493638992309570,
1.524,29.160173416137695,14.497292518615723,4.926811218261719,13.419102668762207,,32.685474395751953,19.210634231567383,0.035332556813955,14.058262825012207,
1.528,28.791002273559570,14.356920242309570,4.892063140869141,13.172327041625977,,32.033271789550781,18.844877243041992,-0.095824569463730,13.631344795227051,
1.532,28.487602233886719,14.258420944213867,4.818459510803223,12.875845909118652,,31.412298202514648,18.484529495239258,-0.109010703861713,13.233814239501953,
1.536,28.265291213989258,14.209101676940918,4.703552722930908,12.560050010681152,,30.733589172363281,18.028598785400391,-0.052996009588242,12.752388000488281,
1.54,28.008764266967773,14.125510215759277,4.566709518432617,12.208006858825684,,30.084056854248047,17.587291717529297,-0.022074330598116,12.269695281982422,
1.544,27.694360733032227,13.974528312683105,4.434277057647705,11.821342468261719,,29.406297683715820,17.179304122924805,-0.067860573530197,11.858992576599121,
1.548,27.389623641967773,13.847438812255859,4.327971935272217,11.488390922546387,,28.600727081298828,16.711889266967773,-0.156285852193832,11.461938858032227,
1.552,27.082696914672852,13.751431465148926,4.201523780822754,11.179585456848145,,27.867441177368164,16.254261016845703,-0.235122829675674,11.063153266906738,
1.556,26.753570556640625,13.597887992858887,4.023551464080811,10.810544013977051,,27.313331604003906,15.868743896484375,-0.309090167284012,10.659684181213379,
1.56,26.456266403198242,13.410959243774414,3.871295213699341,10.464920043945313,,26.765882492065430,15.495656013488770,-0.388182163238525,10.236452102661133,
1.564,26.195508956909180,13.267193794250488,3.759687900543213,10.159066200256348,,26.131635665893555,15.067748069763184,-0.473668694496155,9.812744140625000,
1.568,25.945240020751953,13.163082122802734,3.620176792144775,9.802611351013184,,25.529342651367188,14.616357803344727,-0.567657709121704,9.432316780090332,
1.572,25.676664352416992,13.043071746826172,3.443859815597534,9.417743682861328,,24.898052215576172,14.145041465759277,-0.647376894950867,9.047621726989746,
1.576,25.338985443115234,12.884956359863281,3.257354021072388,9.036047935485840,,24.103626251220703,13.601760864257813,-0.704485118389130,8.575244903564453,
1.58,24.865919113159180,12.670795440673828,3.055575609207153,8.597833633422852,,23.306783676147461,13.061137199401855,-0.766074895858765,8.076684951782227,
1.584,24.265439987182617,12.371918678283691,2.854407072067261,8.096244812011719,,22.468469619750977,12.525825500488281,-0.844007909297943,7.568645000457764,
1.588,23.684823989868164,12.012639999389648,2.667614221572876,7.657827854156494,,21.427824020385742,11.907392501831055,-0.903781414031982,7.011854171752930,
1.592,23.046167373657227,11.556883811950684,2.453725814819336,7.286826133728027,,20.395044326782227,11.265385627746582,-0.926290929317474,6.513369083404541,
1.596,22.167055130004883,10.994881629943848,2.218910694122314,6.857935905456543,,19.507276535034180,10.690605163574219,-0.930724561214447,6.116006851196289,
1.6,21.236156463623047,10.472108840942383,2.031209945678711,6.384029865264893,,18.499462127685547,10.080078125000000,-0.940917611122131,5.704775333404541,
1.604,20.292728424072266,9.966506004333496,1.890559911727905,5.901501178741455,,17.216291427612305,9.322475433349609,-0.964338719844818,5.216222763061523,
1.608,19.188926696777344,9.374112129211426,1.749155759811401,5.397455215454102,,15.961775779724121,8.589709281921387,-0.986567437648773,4.709332942962646,
1.612,18.152355194091797,8.791846275329590,1.614625811576843,4.921845912933350,,14.847436904907227,7.945234298706055,-1.004815220832825,4.235966682434082,
1.616,17.340591430664063,8.309879302978516,1.492553114891052,4.523661613464355,,13.727634429931641,7.268905639648438,-1.020038962364197,3.791069269180298,
1.62,16.515323638916016,7.867663860321045,1.350381135940552,4.121908664703369,,12.722454071044922,6.652062416076660,-1.002741694450378,3.380439043045044,
1.624,15.555284500122070,7.411189556121826,1.182350993156433,3.623034954071045,,11.839504241943359,6.140910148620605,-0.949991226196289,2.980354309082031,
1.628,14.680692672729492,7.025561332702637,1.025790572166443,3.130906581878662,,10.950351715087891,5.638550758361816,-0.924134254455566,2.581232786178589,
1.632,13.953325271606445,6.698301792144775,0.904936969280243,2.699940443038940,,10.189171791076660,5.171930313110352,-0.959522306919098,2.257441282272339,
1.636,13.245368957519531,6.323493480682373,0.793541967868805,2.257127523422241,,9.668807029724121,4.809893131256104,-0.981889605522156,2.033335685729980,
1.64,12.601166725158691,5.952966690063477,0.684838771820068,1.892953634262085,,9.248625755310059,4.528327941894531,-0.961499273777008,1.804239034652710,
1.644,12.017131805419922,5.656193256378174,0.586220860481262,1.649999260902405,,8.808906555175781,4.260083198547363,-0.983904004096985,1.518072605133057,
1.648,11.431617736816406,5.411787033081055,0.478613466024399,1.408310174942017,,8.410182952880859,3.989715576171875,-1.052290678024292,1.288922667503357,
1.652,10.963499069213867,5.191658496856689,0.372860789299011,1.144691944122314,,8.064007759094238,3.715932130813599,-1.105559587478638,1.140626788139343,
1.656,10.688265800476074,5.010050296783447,0.289052665233612,0.905335545539856,,7.699218750000000,3.448246479034424,-1.135581016540527,0.961036741733551,
1.66,10.485186576843262,4.887436866760254,0.234762683510780,0.690845906734467,,7.352997779846191,3.251347780227661,-1.141091227531433,0.764931857585907,
1.664,10.259880065917969,4.803183078765869,0.208388522267342,0.507060647010803,,7.077194690704346,3.110549926757813,-1.130922555923462,0.621881723403931,
1.668,10.061433792114258,4.745507717132568,0.189193546772003,0.391260266304016,,6.840415000915527,2.966899871826172,-1.131669282913208,0.533829987049103,
1.672,9.901089668273926,4.699025154113770,0.151937842369080,0.310036033391953,,6.614791870117188,2.832408428192139,-1.125354290008545,0.512057840824127,
1.676,9.740770339965820,4.618505477905273,0.078601874411106,0.201013728976250,,6.380136966705322,2.721398115158081,-1.111722111701965,0.535115718841553,
1.68,9.624621391296387,4.526775836944580,0.008370992727578,0.088931113481522,,6.095571994781494,2.616857528686523,-1.096759676933289,0.562201082706451,
1.684,9.554759025573730,4.469446182250977,-0.019105279818177,-0.000922465813346,,5.787654876708984,2.500091314315796,-1.056036710739136,0.578403234481812,
1.688,9.482408523559570,4.437453269958496,-0.037858076393604,-0.079984642565250,,5.527336120605469,2.386801719665527,-1.026638388633728,0.550786674022675,
1.692,9.413282394409180,4.432280063629150,-0.083850629627705,-0.138485193252563,,5.307569503784180,2.272287368774414,-1.030360937118530,0.464269399642944,
1.696,9.373185157775879,4.441680908203125,-0.114183440804482,-0.170891642570496,,5.106709957122803,2.155345916748047,-1.027464151382446,0.361046165227890,
1.7,9.363016128540039,4.446674823760986,-0.082038126885891,-0.190256342291832,,4.959768295288086,2.101252079010010,-0.994685411453247,0.313487738370895,
1.704,9.374026298522949,4.458318710327148,-0.048344954848289,-0.204211175441742,,4.884117603302002,2.117467880249023,-0.945515573024750,0.325288712978363,
1.708,9.408770561218262,4.468749523162842,-0.067036971449852,-0.209146797657013,,4.857395172119141,2.143995523452759,-0.912919819355011,0.341940611600876,
1.712,9.481209754943848,4.488404273986816,-0.097860515117645,-0.206311658024788,,4.864913463592529,2.137172222137451,-0.906111776828766,0.355440855026245,
1.716,9.613286972045898,4.541947841644287,-0.102672725915909,-0.202499851584435,,4.907111167907715,2.106235742568970,-0.906289637088776,0.375061750411987,
1.72,9.791298866271973,4.616845130920410,-0.108844392001629,-0.207081571221352,,5.032529354095459,2.129535198211670,-0.912535548210144,0.393704533576965,
1.724,10.027335166931152,4.735163688659668,-0.162698432803154,-0.225345388054848,,5.260285377502441,2.234464645385742,-0.945241630077362,0.413756638765335,
1.728,10.362799644470215,4.925909042358398,-0.249378278851509,-0.237421482801437,,5.506588935852051,2.348354101181030,-1.014128923416138,0.443414270877838,
1.732,10.757252693176270,5.139261722564697,-0.294934332370758,-0.227855890989304,,5.796655178070068,2.456038713455200,-1.095477461814880,0.458653777837753,
1.736,11.146437644958496,5.318212032318115,-0.265089094638824,-0.218314379453659,,6.178458213806152,2.596532821655273,-1.145019292831421,0.446749329566956,
1.74,11.602411270141602,5.499164104461670,-0.236168429255486,-0.200699239969254,,6.520983219146729,2.741624355316162,-1.148025989532471,0.436099827289581,
1.744,12.199175834655762,5.735087394714355,-0.286907106637955,-0.147071018815041,,6.832543849945068,2.842165470123291,-1.122412681579590,0.407407581806183,
1.748,12.792312622070313,5.981388568878174,-0.383249878883362,-0.102218091487885,,7.242702960968018,2.922743797302246,-1.100034356117249,0.374647825956345,
1.752,13.341786384582520,6.199443817138672,-0.472636580467224,-0.100321300327778,,7.671993732452393,3.049962759017944,-1.112169742584229,0.401823431253433,
1.756,13.931374549865723,6.411022186279297,-0.551499903202057,-0.100553363561630,,8.021883964538574,3.199171066284180,-1.139823079109192,0.440442472696304,
1.76,14.475713729858398,6.618196010589600,-0.614185154438019,-0.059763558208942,,8.382122993469238,3.302950620651245,-1.143371343612671,0.426829725503922,
1.764,14.986685752868652,6.805267810821533,-0.659809470176697,0.004311115946621,,8.823055267333984,3.380259752273560,-1.147473454475403,0.389554083347321,
1.768,15.555258750915527,6.976124286651611,-0.715723931789398,0.054937515407801,,9.232832908630371,3.474367856979370,-1.172286152839661,0.352624088525772,
1.772,16.079624176025391,7.145816326141357,-0.777338266372681,0.097393713891506,,9.602564811706543,3.580628871917725,-1.174662709236145,0.312433749437332,
1.776,16.461891174316406,7.320903301239014,-0.794153034687042,0.125591278076172,,10.046172142028809,3.692745685577393,-1.153348565101624,0.273716926574707,
1.78,16.789577484130859,7.479224681854248,-0.806035518646240,0.134179368615150,,10.492670059204102,3.805979013442993,-1.154907107353210,0.265771120786667,
1.784,17.137701034545898,7.592810153961182,-0.877511441707611,0.152670681476593,,10.869376182556152,3.882000207901001,-1.163010716438293,0.289688497781754,
1.788,17.422573089599609,7.656528949737549,-0.929475784301758,0.194826766848564,,11.220789909362793,3.924829959869385,-1.139598369598389,0.302523255348206,
1.792,17.594209671020508,7.669938564300537,-0.915211737155914,0.225135222077370,,11.531223297119141,3.962191581726074,-1.114444255828857,0.304859310388565,
1.796,17.709875106811523,7.657359600067139,-0.907775640487671,0.219927951693535,,11.793622970581055,3.965805768966675,-1.099360942840576,0.305785447359085,
1.8,17.798465728759766,7.652859210968018,-0.936130344867706,0.217448413372040,,12.098222732543945,3.934164524078369,-1.093268871307373,0.286534667015076,
1.804,17.857732772827148,7.662331581115723,-0.963225305080414,0.217430040240288,,12.489887237548828,3.917354345321655,-1.105335116386414,0.256595224142075,
1.808,17.910640716552734,7.687387466430664,-0.959042191505432,0.189123883843422,,12.891746520996094,3.950338125228882,-1.080035090446472,0.243111044168472,
1.812,17.975772857666016,7.728866577148438,-0.935864150524139,0.152316346764565,,13.291913986206055,4.014626979827881,-1.054126501083374,0.255200117826462,
1.816,18.049404144287109,7.759726524353027,-0.927341699600220,0.146150350570679,,13.735374450683594,4.067102909088135,-1.112342238426208,0.293277919292450,
1.82,18.108642578125000,7.762791633605957,-0.949742078781128,0.190440937876701,,14.170696258544922,4.105801582336426,-1.188797950744629,0.339212954044342,
1.824,18.160182952880859,7.757504463195801,-0.980654120445251,0.249826431274414,,14.592996597290039,4.157736778259277,-1.203789949417114,0.345906883478165,
1.828,18.228363037109375,7.752379417419434,-0.976927995681763,0.259902417659760,,15.019915580749512,4.235221385955811,-1.165871024131775,0.332250595092773,
1.832,18.274375915527344,7.747879505157471,-0.938614726066589,0.226268768310547,,15.386889457702637,4.310132503509521,-1.116417765617371,0.348661512136459,
1.836,18.291875839233398,7.753685474395752,-0.919379115104675,0.207004636526108,,15.678856849670410,4.360284805297852,-1.084554195404053,0.331428706645966,
1.84,18.345754623413086,7.788295745849609,-0.937758326530457,0.214709863066673,,15.953075408935547,4.379945278167725,-1.105979800224304,0.273351758718491,
1.844,18.468530654907227,7.869266986846924,-0.957958996295929,0.232177704572678,,16.200828552246094,4.379508495330811,-1.194641470909119,0.268437087535858,
1.848,18.631689071655273,7.977266311645508,-0.956154048442841,0.245744749903679,,16.327724456787109,4.400702953338623,-1.258507609367371,0.286815136671066,
1.852,18.797826766967773,8.062669754028320,-0.930746018886566,0.248415723443031,,16.327007293701172,4.417774677276611,-1.213753581047058,0.270116865634918,
1.856,18.938697814941406,8.106190681457520,-0.905196666717529,0.249659851193428,,16.273826599121094,4.400098800659180,-1.135262727737427,0.242720842361450,
1.86,19.042829513549805,8.145027160644531,-0.924614727497101,0.265697300434113,,16.218162536621094,4.400917530059814,-1.106026530265808,0.237996548414230,
1.864,19.119108200073242,8.188593864440918,-0.963824987411499,0.289571166038513,,16.158538818359375,4.418515205383301,-1.098377108573914,0.243771895766258,
1.868,19.139108657836914,8.214129447937012,-0.954307615756989,0.309339076280594,,16.084493637084961,4.390007019042969,-1.088091015815735,0.230741322040558,
1.872,19.098617553710938,8.217134475708008,-0.931287407875061,0.329645425081253,,16.018280029296875,4.328714370727539,-1.087020635604858,0.209250897169113,
1.876,19.040399551391602,8.171894073486328,-0.946028649806976,0.347756177186966,,15.942861557006836,4.308302402496338,-1.101716041564941,0.185567557811737,
1.88,18.953722000122070,8.077214241027832,-0.974018454551697,0.350916922092438,,15.834807395935059,4.312644481658936,-1.102269291877747,0.169863462448120,
1.884,18.759431838989258,7.971468925476074,-0.987499117851257,0.322066724300385,,15.709318161010742,4.285941600799561,-1.069617033004761,0.190554603934288,
1.888,18.441089630126953,7.852671146392822,-0.973070204257965,0.277178406715393,,15.617234230041504,4.241974353790283,-1.052244901657104,0.247779324650764,
1.892,18.111314773559570,7.723462104797363,-0.934143900871277,0.249186307191849,,15.601294517517090,4.208521842956543,-1.070865750312805,0.304604589939117,
1.896,17.826374053955078,7.612008571624756,-0.906657338142395,0.225638493895531,,15.629234313964844,4.210305690765381,-1.107264757156372,0.319158405065536,
1.9,17.506509780883789,7.495908737182617,-0.888725757598877,0.200459435582161,,15.657225608825684,4.230743885040283,-1.148367047309875,0.308576464653015,
1.904,17.114620208740234,7.348314285278320,-0.833669483661652,0.200529113411903,,15.638765335083008,4.245118618011475,-1.163432359695435,0.300873994827271,
1.908,16.733875274658203,7.190620422363281,-0.753289103507996,0.193969443440437,,15.545509338378906,4.268642425537109,-1.165218591690063,0.263861119747162,
1.912,16.385896682739258,7.031530857086182,-0.711283981800079,0.140620052814484,,15.438269615173340,4.283862590789795,-1.183447241783142,0.220006510615349,
1.916,16.034334182739258,6.864657402038574,-0.726199686527252,0.071676544845104,,15.352561950683594,4.254577159881592,-1.192007303237915,0.237366333603859,
1.92,15.712285995483398,6.734375476837158,-0.749225139617920,0.014189866371453,,15.253233909606934,4.192129135131836,-1.148657321929932,0.272934883832932,
1.924,15.422334671020508,6.651664733886719,-0.742175459861755,-0.018781140446663,,15.138864517211914,4.137433052062988,-1.088185906410217,0.258392602205276,
1.928,15.139780998229980,6.553729534149170,-0.701104640960693,-0.002351493807510,,15.029850006103516,4.112092971801758,-1.093687891960144,0.229146465659142,
1.932,14.901692390441895,6.441821575164795,-0.661420106887817,0.033274337649345,,14.909150123596191,4.084392070770264,-1.139399051666260,0.240483343601227,
1.936,14.740745544433594,6.352960586547852,-0.666443347930908,0.029223501682281,,14.777639389038086,4.024812698364258,-1.146800518035889,0.273309141397476,
1.94,14.646812438964844,6.279945850372314,-0.676842212677002,0.013330106623471,,14.663988113403320,3.977772235870361,-1.115631699562073,0.280461430549622,
1.944,14.581674575805664,6.197674751281738,-0.643306255340576,0.041208405047655,,14.557864189147949,3.969233512878418,-1.110173821449280,0.277461141347885,
1.948,14.499691009521484,6.112556934356689,-0.616667926311493,0.096473433077335,,14.468373298645020,3.961526632308960,-1.155673265457153,0.300458431243896,
1.952,14.397372245788574,6.057308673858643,-0.623440384864807,0.134352862834930,,14.407665252685547,3.935471534729004,-1.197571754455566,0.323603719472885,
1.956,14.320940971374512,6.023653030395508,-0.637752830982208,0.120464272797108,,14.353446006774902,3.929230451583862,-1.200650691986084,0.316693603992462,
1.96,14.305799484252930,5.996940135955811,-0.681448698043823,0.063562333583832,,14.311212539672852,3.962425470352173,-1.182018756866455,0.303289443254471,
1.964,14.303191184997559,5.957864761352539,-0.713860809803009,0.021545561030507,,14.309909820556641,3.984902858734131,-1.161480903625488,0.309033751487732,
1.968,14.246485710144043,5.896257877349854,-0.688637852668762,0.010908871889114,,14.366753578186035,3.974315643310547,-1.129272460937500,0.321905553340912,
1.972,14.142975807189941,5.874472618103027,-0.670150160789490,0.013888549059629,,14.478554725646973,3.967303991317749,-1.085723400115967,0.307494610548019,
1.976,14.044247627258301,5.882512092590332,-0.681773126125336,0.036931063979864,,14.623677253723145,3.978351593017578,-1.074730157852173,0.271508723497391,
1.98,13.976362228393555,5.829105377197266,-0.699437856674194,0.069564744830132,,14.745427131652832,3.985393047332764,-1.105047583580017,0.258132964372635,
1.984,13.899834632873535,5.721241474151611,-0.734116971492767,0.081562042236328,,14.817744255065918,3.996781349182129,-1.099964737892151,0.261718779802322,
1.988,13.782538414001465,5.632439136505127,-0.786579489707947,0.077138461172581,,14.857012748718262,3.998940467834473,-1.035331010818481,0.255555719137192,
1.992,13.631352424621582,5.562371253967285,-0.807691514492035,0.054445434361696,,14.858575820922852,3.951689481735229,-1.003418803215027,0.241631537675858,
1.996,13.464484214782715,5.466396331787109,-0.758449792861938,0.008207218721509,,14.843849182128906,3.914433479309082,-1.048343300819397,0.223023310303688,
2,13.323812484741211,5.364032745361328,-0.705214977264404,0.008215068839490,,14.842626571655273,3.935325622558594,-1.116567373275757,0.212257981300354,
2.004,13.167428970336914,5.297288894653320,-0.694284915924072,0.057758156210184,,14.841331481933594,3.956341505050659,-1.158967375755310,0.218861997127533,
2.008,12.921734809875488,5.260316371917725,-0.693705558776855,0.053775269538164,,14.831159591674805,3.956318616867065,-1.158821582794189,0.232061162590981,
2.012,12.645054817199707,5.210530757904053,-0.686945796012878,-0.015813814476132,,14.845956802368164,3.951815843582153,-1.137064576148987,0.238403975963593,
2.016,12.414426803588867,5.115476608276367,-0.647722959518433,-0.090435393154621,,14.919154167175293,3.947696924209595,-1.143745899200439,0.228909030556679,
2.02,12.236345291137695,5.007157325744629,-0.587593197822571,-0.144466012716293,,15.015184402465820,3.970689058303833,-1.166727066040039,0.216772153973579,
2.024,12.071411132812500,4.938757896423340,-0.572145402431488,-0.158186063170433,,15.080533027648926,4.020741939544678,-1.158344745635986,0.224990382790565,
2.028,11.889170646667480,4.898404598236084,-0.600279986858368,-0.116745769977570,,15.123122215270996,4.069195270538330,-1.125059127807617,0.240289911627769,
2.032,11.719782829284668,4.865051746368408,-0.611715197563171,-0.073034346103668,,15.178064346313477,4.093479156494141,-1.102407693862915,0.225048452615738,
2.036,11.614297866821289,4.850821971893311,-0.594959199428558,-0.068977244198322,,15.243195533752441,4.101772785186768,-1.104058623313904,0.189422383904457,
2.04,11.574565887451172,4.864443778991699,-0.572627365589142,-0.075996123254299,,15.312262535095215,4.116693496704102,-1.099590897560120,0.193458989262581,
2.044,11.541691780090332,4.882117271423340,-0.546269118785858,-0.080330938100815,,15.398687362670898,4.140604972839355,-1.070459723472595,0.232765987515450,
2.048,11.502249717712402,4.861959934234619,-0.518119752407074,-0.072392381727695,,15.498622894287109,4.176392555236816,-1.048851132392883,0.229491189122200,
2.052,11.513099670410156,4.818060874938965,-0.511248230934143,-0.056549042463303,,15.648228645324707,4.220629692077637,-1.058821320533752,0.185809805989265,
2.056,11.589400291442871,4.802150726318359,-0.531628906726837,-0.052131909877062,,15.862484931945801,4.260258197784424,-1.095448851585388,0.174680635333061,
2.06,11.699575424194336,4.825200080871582,-0.543765425682068,-0.039018876850605,,16.070856094360352,4.283273696899414,-1.141800999641418,0.200839728116989,
2.064,11.824083328247070,4.889383792877197,-0.542797029018402,-0.022123545408249,,16.253795623779297,4.302661895751953,-1.160163402557373,0.214681908488274,
2.068,11.928547859191895,4.990550518035889,-0.554432511329651,-0.032436199486256,,16.413465499877930,4.344019889831543,-1.127217411994934,0.192143782973289,
2.072,11.989820480346680,5.045300960540771,-0.559926450252533,-0.053605727851391,,16.524644851684570,4.405611038208008,-1.082685351371765,0.140951499342918,
2.076,12.039302825927734,5.015289783477783,-0.548002123832703,-0.054946716874838,,16.665079116821289,4.455890655517578,-1.062632799148560,0.101519398391247,
2.08,12.103422164916992,4.995219707489014,-0.554700493812561,-0.053514059633017,,16.896375656127930,4.481660842895508,-1.068163633346558,0.117154397070408,
2.084,12.173493385314941,5.050289630889893,-0.581972301006317,-0.073088295757771,,17.124780654907227,4.505168914794922,-1.111434340476990,0.151467010378838,
2.088,12.242270469665527,5.140388488769531,-0.584519326686859,-0.105403721332550,,17.277256011962891,4.546024799346924,-1.161519527435303,0.149123147130013,
2.092,12.290962219238281,5.199826717376709,-0.555558145046234,-0.129909887909889,,17.379827499389648,4.598884582519531,-1.176167011260986,0.116417609155178,
2.096,12.286420822143555,5.220973014831543,-0.543074905872345,-0.119184225797653,,17.472726821899414,4.626315593719482,-1.175713658332825,0.097793154418468,
2.1,12.268540382385254,5.234775066375732,-0.560312390327454,-0.084775865077972,,17.573987960815430,4.634041786193848,-1.161801218986511,0.151714622974396,
2.104,12.310793876647949,5.231249809265137,-0.562989711761475,-0.059407088905573,,17.693618774414063,4.682401657104492,-1.112111449241638,0.226003572344780,
2.108,12.402620315551758,5.214857578277588,-0.543309688568115,-0.038263436406851,,17.805477142333984,4.769618034362793,-1.057052850723267,0.232759252190590,
2.112,12.472387313842773,5.235197544097900,-0.526987969875336,-0.016266921535134,,17.871133804321289,4.825678348541260,-1.053097128868103,0.225248441100121,
2.116,12.491155624389648,5.273979663848877,-0.517949342727661,0.004445041995496,,17.912586212158203,4.831754207611084,-1.095732212066650,0.227735221385956,
2.12,12.509229660034180,5.308398246765137,-0.510654449462891,0.028994698077440,,17.961400985717773,4.832994937896729,-1.134270548820496,0.199271634221077,
2.124,12.583398818969727,5.389894485473633,-0.516955018043518,0.036181565374136,,18.002548217773438,4.851324558258057,-1.143585920333862,0.172329545021057,
2.128,12.726305961608887,5.495632171630859,-0.535748243331909,0.010504634119570,,18.025579452514648,4.874063968658447,-1.111532092094421,0.170298010110855,
2.132,12.915245056152344,5.551306247711182,-0.544503509998322,-0.006272310391068,,18.073902130126953,4.913750171661377,-1.056986689567566,0.175113633275032,
2.136,13.113347053527832,5.576341152191162,-0.557586431503296,0.000346265762346,,18.173112869262695,4.986269950866699,-1.032462358474731,0.173870772123337,
2.14,13.324251174926758,5.635787010192871,-0.593766570091248,-0.011819971725345,,18.284358978271484,5.040770053863525,-1.045338630676270,0.157291710376740,
2.144,13.567116737365723,5.727666854858398,-0.639498054981232,-0.019565291702747,,18.433265686035156,5.052508354187012,-1.071161270141602,0.139285564422607,
2.148,13.788452148437500,5.798051834106445,-0.661372244358063,0.021466663107276,,18.652767181396484,5.087906360626221,-1.116358041763306,0.139122918248177,
2.152,13.965373992919922,5.854140758514404,-0.644288003444672,0.092199705541134,,18.863000869750977,5.179589271545410,-1.181553006172180,0.150764897465706,
2.156,14.136421203613281,5.929192066192627,-0.630212306976318,0.165333762764931,,19.045215606689453,5.262831687927246,-1.215513825416565,0.192040607333183,
2.16,14.308834075927734,6.010637760162354,-0.663220405578613,0.207310214638710,,19.223724365234375,5.283352375030518,-1.180861115455627,0.276580452919006,
2.164,14.501926422119141,6.087286949157715,-0.703126311302185,0.205635741353035,,19.352567672729492,5.280663490295410,-1.127782940864563,0.309961438179016,
2.168,14.691003799438477,6.160656929016113,-0.689463198184967,0.204083070158958,,19.414415359497070,5.306047439575195,-1.131214261054993,0.232589587569237,
2.172,14.798428535461426,6.225882530212402,-0.670013964176178,0.224889338016510,,19.465974807739258,5.348509311676025,-1.146776556968689,0.147323951125145,
2.176,14.857023239135742,6.268019199371338,-0.699395775794983,0.227200791239738,,19.568515777587891,5.395487785339355,-1.106649637222290,0.133784994482994,
2.18,14.945224761962891,6.305749416351318,-0.731709480285645,0.191118419170380,,19.702875137329102,5.449234008789063,-1.059439420700073,0.129258036613464,
2.184,15.068952560424805,6.374179840087891,-0.720328509807587,0.157505363225937,,19.804763793945313,5.491077423095703,-1.063050508499146,0.118451237678528,
2.188,15.190414428710938,6.441003799438477,-0.685641705989838,0.169146716594696,,19.849283218383789,5.507954597473145,-1.109212756156921,0.177112966775894,
2.192,15.267143249511719,6.463173389434814,-0.666135132312775,0.211804211139679,,19.861099243164063,5.511091709136963,-1.133591055870056,0.275122880935669,
2.196,15.300469398498535,6.471323966979980,-0.675215959548950,0.236877307295799,,19.853282928466797,5.530368328094482,-1.132911562919617,0.296409249305725,
2.2,15.307649612426758,6.507153511047363,-0.702278912067413,0.241440221667290,,19.810903549194336,5.559121131896973,-1.141081333160400,0.233952254056931,
2.204,15.314123153686523,6.564718723297119,-0.709552228450775,0.250462323427200,,19.755895614624023,5.541069507598877,-1.108716487884521,0.179353028535843,
2.208,15.351929664611816,6.629344463348389,-0.683245718479156,0.258805960416794,,19.712108612060547,5.488207817077637,-1.055707693099976,0.150874778628349,
2.212,15.400949478149414,6.668610572814941,-0.656118512153625,0.251436531543732,,19.660163879394531,5.483534336090088,-1.058437585830688,0.150105506181717,
2.216,15.437006950378418,6.677203655242920,-0.640807271003723,0.224001556634903,,19.570150375366211,5.538162708282471,-1.074197411537170,0.195756167173386,
2.22,15.460860252380371,6.695941448211670,-0.634240746498108,0.191129013895988,,19.472393035888672,5.576325893402100,-1.073883771896362,0.240440964698792,
2.224,15.472883224487305,6.739788532257080,-0.658236265182495,0.177906155586243,,19.478361129760742,5.600458621978760,-1.093312740325928,0.255602240562439,
2.228,15.493536949157715,6.815970420837402,-0.712975740432739,0.198572948575020,,19.608131408691406,5.655622959136963,-1.102107882499695,0.256044000387192,
2.232,15.579943656921387,6.894560337066650,-0.721291661262512,0.249223262071609,,19.728509902954102,5.705108642578125,-1.082935094833374,0.256672114133835,
2.236,15.781027793884277,6.922956466674805,-0.643937110900879,0.303927123546600,,19.779905319213867,5.766680240631104,-1.061364412307739,0.276424527168274,
2.24,16.027881622314453,6.930292129516602,-0.568088173866272,0.361197829246521,,19.845558166503906,5.872333526611328,-1.053001761436462,0.319734483957291,
2.244,16.240865707397461,7.001559257507324,-0.555300772190094,0.401140362024307,,19.996421813964844,5.956399440765381,-1.064406752586365,0.376010239124298,
2.248,16.449707031250000,7.133544445037842,-0.587717533111572,0.396284162998199,,20.216030120849609,5.993148803710938,-1.056146979331970,0.419416815042496,
2.252,16.670234680175781,7.223829269409180,-0.643929302692413,0.403080910444260,,20.543096542358398,6.047733306884766,-1.031679630279541,0.398317158222198,
2.256,16.875818252563477,7.266011238098145,-0.682138264179230,0.462748169898987,,21.023096084594727,6.158144474029541,-1.029911041259766,0.327853769063950,
2.26,17.139738082885742,7.369536876678467,-0.671630144119263,0.528787374496460,,21.476013183593750,6.265748023986816,-1.033262133598328,0.309403538703918,
2.264,17.530406951904297,7.559175014495850,-0.647452533245087,0.547899246215820,,21.737558364868164,6.318548679351807,-1.028777956962585,0.379717916250229,
2.268,17.948040008544922,7.751139163970947,-0.660594820976257,0.552519559860229,,21.856748580932617,6.353769779205322,-1.020023226737976,0.479785889387131,
2.272,18.371387481689453,7.936700820922852,-0.711283206939697,0.621101498603821,,21.937252044677734,6.398021221160889,-1.028844237327576,0.550830364227295,
2.276,18.821273803710938,8.146739006042480,-0.758372426033020,0.740302741527557,,22.022741317749023,6.433972358703613,-1.043660998344421,0.565739333629608,
2.28,19.151838302612305,8.318265914916992,-0.751072049140930,0.844699978828430,,22.115282058715820,6.466745853424072,-1.036889672279358,0.519254922866821,
2.284,19.282909393310547,8.384742736816406,-0.674486517906189,0.929785728454590,,22.246744155883789,6.519009113311768,-1.035899877548218,0.448941916227341,
2.288,19.287864685058594,8.335840225219727,-0.594249129295349,1.000591635704041,,22.445960998535156,6.606178283691406,-1.044038057327271,0.424238383769989,
2.292,19.223907470703125,8.237591743469238,-0.585478603839874,1.045090436935425,,22.709405899047852,6.713533878326416,-1.044135570526123,0.506473362445831,
2.296,19.113370895385742,8.179150581359863,-0.635133802890778,1.060094833374023,,22.994131088256836,6.816473484039307,-1.054704070091248,0.661588430404663,
2.3,19.017831802368164,8.181672096252441,-0.654239416122437,1.042482137680054,,23.239532470703125,6.919441699981689,-1.082086563110352,0.789199888706207,
2.304,18.996543884277344,8.229231834411621,-0.597390651702881,1.010101795196533,,23.494750976562500,7.040117740631104,-1.098089694976807,0.870900690555573,
2.308,19.032020568847656,8.285498619079590,-0.525209724903107,0.985397636890411,,23.846111297607422,7.189765453338623,-1.112190604209900,0.955087006092072,
2.312,19.060134887695313,8.326578140258789,-0.494418770074844,0.993022501468658,,24.245916366577148,7.360507011413574,-1.138230204582214,1.077045440673828,
2.316,19.048629760742188,8.360404014587402,-0.490410506725311,1.055072546005249,,24.588134765625000,7.567142963409424,-1.138187050819397,1.253199100494385,
2.32,19.039228439331055,8.380448341369629,-0.493080437183380,1.122609734535217,,24.815412521362305,7.821731567382813,-1.106135487556458,1.469753980636597,
2.324,19.034473419189453,8.385937690734863,-0.488247245550156,1.143684864044189,,24.937873840332031,8.051218032836914,-1.081338524818420,1.676330089569092,
2.328,19.002399444580078,8.404864311218262,-0.446745604276657,1.143239736557007,,24.996103286743164,8.192764282226563,-1.070060372352600,1.823182702064514,
2.332,18.995187759399414,8.436735153198242,-0.388112336397171,1.174459457397461,,25.051042556762695,8.270781517028809,-1.051801204681396,1.906576037406921,
2.336,19.055097579956055,8.462194442749023,-0.358743131160736,1.252924203872681,,25.174871444702148,8.324883460998535,-1.039434790611267,1.961958169937134,
2.34,19.174348831176758,8.531750679016113,-0.336372643709183,1.349851131439209,,25.365060806274414,8.371196746826172,-1.052762031555176,2.020230054855347,
2.344,19.324934005737305,8.663084983825684,-0.287907898426056,1.467197895050049,,25.539529800415039,8.481885910034180,-1.089960694313049,2.132067680358887,
2.348,19.470729827880859,8.761070251464844,-0.227589517831802,1.629870176315308,,25.658857345581055,8.704352378845215,-1.141265273094177,2.316449642181396,
2.352,19.607183456420898,8.812723159790039,-0.172727063298225,1.818759679794312,,25.759073257446289,8.936943054199219,-1.177939653396606,2.500982999801636,
2.356,19.733152389526367,8.875830650329590,-0.120978765189648,1.983469009399414,,25.891519546508789,9.097132682800293,-1.170647382736206,2.647542953491211,
2.36,19.803134918212891,8.896160125732422,-0.064893998205662,2.088244915008545,,26.056076049804688,9.199401855468750,-1.118480324745178,2.784001111984253,
2.364,19.795352935791016,8.809896469116211,-0.003783105639741,2.168169736862183,,26.171756744384766,9.268384933471680,-1.050880312919617,2.888153314590454,
2.368,19.750537872314453,8.690289497375488,0.063148930668831,2.274571418762207,,26.212312698364258,9.303527832031250,-1.025637984275818,2.929696559906006,
2.372,19.681943893432617,8.622486114501953,0.131016120314598,2.372584581375122,,26.223323822021484,9.350039482116699,-1.058670401573181,2.950863122940063,
2.376,19.594873428344727,8.572808265686035,0.158883333206177,2.431573867797852,,26.222122192382813,9.453636169433594,-1.075649499893188,2.998699665069580,
2.38,19.480297088623047,8.483845710754395,0.130098164081573,2.509932994842529,,26.215631484985352,9.551511764526367,-1.068113923072815,3.067610025405884,
2.384,19.323341369628906,8.370089530944824,0.112883210182190,2.639515876770020,,26.223194122314453,9.591189384460449,-1.089015722274780,3.122390270233154,
2.388,19.190488815307617,8.264674186706543,0.137680798768997,2.760302066802979,,26.263587951660156,9.587870597839355,-1.119271874427795,3.134849071502686,
2.392,19.112442016601563,8.183610916137695,0.175940260291100,2.831956386566162,,26.353502273559570,9.591395378112793,-1.125560045242310,3.118193864822388,
2.396,19.043590545654297,8.131467819213867,0.219723701477051,2.857526063919067,,26.469535827636719,9.667487144470215,-1.107452869415283,3.121861696243286,
2.4,18.975204467773438,8.087450027465820,0.245305687189102,2.849449872970581,,26.573356628417969,9.816375732421875,-1.098333716392517,3.192837953567505,
2.404,18.911533355712891,8.061390876770020,0.255888581275940,2.856665372848511,,26.665481567382813,9.953269958496094,-1.122183322906494,3.322355985641479,
2.408,18.837680816650391,8.080677986145020,0.276955991983414,2.900292396545410,,26.723812103271484,10.041869163513184,-1.160009622573853,3.424621343612671,
2.412,18.759466171264648,8.113341331481934,0.281176418066025,2.946556568145752,,26.741220474243164,10.124150276184082,-1.173212289810181,3.487735033035278,
2.416,18.714616775512695,8.123240470886230,0.275416254997253,2.988822221755981,,26.769083023071289,10.210265159606934,-1.146020889282227,3.575180768966675,
2.42,18.681129455566406,8.113679885864258,0.302974373102188,3.037214756011963,,26.812257766723633,10.264817237854004,-1.122652173042297,3.658051252365112,
2.424,18.631277084350586,8.103699684143066,0.359019309282303,3.068534374237061,,26.803375244140625,10.280940055847168,-1.124613642692566,3.724403381347656,
2.428,18.629228591918945,8.109496116638184,0.404160708189011,3.063871622085571,,26.713943481445313,10.296373367309570,-1.122856855392456,3.826026439666748,
2.432,18.693601608276367,8.136430740356445,0.434028953313828,3.057885169982910,,26.599233627319336,10.328701972961426,-1.115905284881592,3.936157941818237,
2.436,18.785535812377930,8.181725502014160,0.471718192100525,3.082654714584351,,26.496047973632813,10.380434989929199,-1.127210497856140,4.017264842987061,
2.44,18.854013442993164,8.232398986816406,0.506967842578888,3.136403322219849,,26.397968292236328,10.455883979797363,-1.153095602989197,4.088647365570068,
2.444,18.891809463500977,8.281692504882813,0.549269974231720,3.197252511978149,,26.315670013427734,10.526727676391602,-1.160215973854065,4.154887199401855,
2.448,18.960542678833008,8.350358009338379,0.609464764595032,3.243288516998291,,26.245441436767578,10.570608139038086,-1.154448866844177,4.213679790496826,
2.452,19.066589355468750,8.460032463073730,0.648817181587219,3.289362668991089,,26.167503356933594,10.593710899353027,-1.129594922065735,4.275369644165039,
2.456,19.170869827270508,8.578629493713379,0.641115665435791,3.335168838500977,,26.085262298583984,10.608592987060547,-1.062941789627075,4.332044124603271,
2.46,19.252964019775391,8.637021064758301,0.611121952533722,3.374841451644897,,26.038162231445313,10.640732765197754,-1.027081012725830,4.387003421783447,
2.464,19.318931579589844,8.620985984802246,0.603593707084656,3.423648595809937,,26.028263092041016,10.718661308288574,-1.054675221443176,4.482841491699219,
2.468,19.367454528808594,8.590827941894531,0.615278661251068,3.480796337127686,,26.004938125610352,10.843428611755371,-1.092868089675903,4.629871845245361,
2.472,19.384506225585938,8.587188720703125,0.633851230144501,3.554066181182861,,25.964103698730469,10.966582298278809,-1.136960506439209,4.746570587158203,
2.476,19.387128829956055,8.583335876464844,0.681241869926453,3.642733573913574,,25.936006546020508,11.069869041442871,-1.163079261779785,4.801103115081787,
2.48,19.381666183471680,8.556046485900879,0.738914132118225,3.688175439834595,,25.928291320800781,11.157490730285645,-1.133614778518677,4.880988597869873,
2.484,19.346237182617188,8.549030303955078,0.774518847465515,3.689707040786743,,25.943099975585938,11.213500022888184,-1.099692940711975,4.984041690826416,
2.488,19.290140151977539,8.593267440795898,0.783351957798004,3.721601486206055,,26.016157150268555,11.281594276428223,-1.109215736389160,5.022760868072510,
2.492,19.248765945434570,8.636133193969727,0.765056312084198,3.767019510269165,,26.145883560180664,11.398323059082031,-1.137783765792847,5.030248641967773,
2.496,19.234643936157227,8.636867523193359,0.747899174690247,3.771730184555054,,26.259450912475586,11.515916824340820,-1.161859631538391,5.103357315063477,
2.5,19.215183258056641,8.602301597595215,0.778587758541107,3.770990371704102,,26.312391281127930,11.602921485900879,-1.188369154930115,5.242751121520996,
2.504,19.176746368408203,8.564173698425293,0.826002776622772,3.823557138442993,,26.342006683349609,11.685892105102539,-1.170794129371643,5.388309955596924,
2.508,19.151378631591797,8.545627593994141,0.830599367618561,3.910487890243530,,26.385784149169922,11.760640144348145,-1.095175743103027,5.488365173339844,
2.512,19.126502990722656,8.528774261474609,0.851415753364563,3.966599702835083,,26.405942916870117,11.808890342712402,-1.057951569557190,5.533829212188721,
2.516,19.077943801879883,8.509769439697266,0.922542393207550,3.961386442184448,,26.389280319213867,11.862717628479004,-1.074794292449951,5.561069011688232,
2.52,19.026338577270508,8.497006416320801,0.957883179187775,3.928334236145020,,26.388273239135742,11.935922622680664,-1.083133339881897,5.595546722412109,
2.524,18.980426788330078,8.488730430603027,0.970968127250671,3.937330245971680,,26.396213531494141,11.990710258483887,-1.071765184402466,5.659637928009033,
2.528,18.932348251342773,8.502371788024902,1.008808016777039,3.994326353073120,,26.362468719482422,12.004886627197266,-1.069564104080200,5.739821434020996,
2.532,18.898042678833008,8.542392730712891,1.009211182594299,4.034007549285889,,26.272294998168945,11.997917175292969,-1.104145407676697,5.791739940643311,
2.536,18.893367767333984,8.559131622314453,0.994193732738495,4.019701004028320,,26.152402877807617,12.011428833007813,-1.167103290557861,5.828116416931152,
2.54,18.900249481201172,8.544081687927246,1.013360381126404,4.003584861755371,,26.061738967895508,12.062393188476563,-1.192505002021790,5.864808559417725,
2.544,18.894470214843750,8.531051635742188,1.020302176475525,4.043869495391846,,26.017124176025391,12.106978416442871,-1.141621470451355,5.898169994354248,
2.548,18.867755889892578,8.520743370056152,1.018091082572937,4.084449291229248,,25.977243423461914,12.110006332397461,-1.075939059257507,5.944828987121582,
2.552,18.832895278930664,8.516518592834473,1.039897680282593,4.081480026245117,,25.919672012329102,12.093462944030762,-1.059795737266541,6.008440494537354,
2.556,18.818809509277344,8.553743362426758,1.062285065650940,4.088552951812744,,25.867136001586914,12.110844612121582,-1.090134143829346,6.070830821990967,
2.56,18.835685729980469,8.653229713439941,1.067330360412598,4.114898681640625,,25.845817565917969,12.182658195495605,-1.121176242828369,6.122881412506104,
2.564,18.853548049926758,8.733033180236816,1.093042016029358,4.120296955108643,,25.844198226928711,12.248338699340820,-1.111985445022583,6.171934604644775,
2.568,18.845060348510742,8.715356826782227,1.143820166587830,4.107815265655518,,25.830987930297852,12.267317771911621,-1.079546332359314,6.205220699310303,
2.572,18.824853897094727,8.636999130249023,1.156980276107788,4.100756645202637,,25.814857482910156,12.268877983093262,-1.079607605934143,6.225275993347168,
2.576,18.821054458618164,8.562965393066406,1.151867985725403,4.103228569030762,,25.805557250976563,12.279789924621582,-1.111944079399109,6.267203330993652,
2.58,18.847263336181641,8.557723999023438,1.146823525428772,4.121919155120850,,25.799533843994141,12.303248405456543,-1.131731390953064,6.327257156372070,
2.584,18.896789550781250,8.619829177856445,1.088961720466614,4.158805370330811,,25.814672470092773,12.344709396362305,-1.124156355857849,6.394374847412109,
2.588,18.945318222045898,8.678142547607422,1.023187160491943,4.176898479461670,,25.832204818725586,12.420879364013672,-1.096791267395020,6.474435806274414,
2.592,19.006629943847656,8.702215194702148,1.036578297615051,4.180924415588379,,25.822021484375000,12.509409904479980,-1.085047364234924,6.530752658843994,
2.596,19.103399276733398,8.704222679138184,1.106092095375061,4.220724582672119,,25.774633407592773,12.565030097961426,-1.099472761154175,6.555922508239746,
2.6,19.201692581176758,8.724081993103027,1.152052998542786,4.281364917755127,,25.718641281127930,12.590688705444336,-1.103237628936768,6.605429649353027,
2.604,19.263334274291992,8.768684387207031,1.167746424674988,4.315274715423584,,25.724164962768555,12.612066268920898,-1.107542395591736,6.685537338256836,
2.608,19.281707763671875,8.799733161926270,1.177726268768311,4.322374343872070,,25.765802383422852,12.647308349609375,-1.131215333938599,6.767537117004395,
2.612,19.288173675537109,8.825688362121582,1.182971477508545,4.345874309539795,,25.769535064697266,12.693007469177246,-1.149260640144348,6.818283557891846,
2.616,19.308982849121094,8.861731529235840,1.180371284484863,4.380281925201416,,25.752662658691406,12.732532501220703,-1.147917866706848,6.827855587005615,
2.62,19.349695205688477,8.894895553588867,1.169610381126404,4.401943206787109,,25.739549636840820,12.771606445312500,-1.136112809181213,6.842561721801758,
2.624,19.411039352416992,8.915052413940430,1.166574358940125,4.422538280487061,,25.723611831665039,12.813283920288086,-1.138020277023315,6.892785549163818,
2.628,19.470882415771484,8.911088943481445,1.168922066688538,4.433120250701904,,25.708921432495117,12.850800514221191,-1.160565614700317,6.951003551483154,
2.632,19.488319396972656,8.903605461120605,1.179563641548157,4.424367427825928,,25.697401046752930,12.886363983154297,-1.182394623756409,6.969876766204834,
2.636,19.459329605102539,8.911786079406738,1.204787492752075,4.392596244812012,,25.684196472167969,12.887280464172363,-1.191414594650269,6.977522850036621,
2.64,19.440465927124023,8.917277336120605,1.212722301483154,4.369635105133057,,25.654327392578125,12.819931030273438,-1.171131491661072,7.007560253143311,
2.644,19.439561843872070,8.920716285705566,1.193357348442078,4.401321887969971,,25.594369888305664,12.741394996643066,-1.120501756668091,7.011864185333252,
2.648,19.419218063354492,8.928286552429199,1.180437326431274,4.458275318145752,,25.512577056884766,12.720298767089844,-1.094737410545349,6.997128009796143,
2.652,19.383001327514648,8.924224853515625,1.198054909706116,4.498958110809326,,25.432331085205078,12.726164817810059,-1.111387848854065,7.046511650085449,
2.656,19.360410690307617,8.909567832946777,1.243868350982666,4.513899326324463,,25.365472793579102,12.709131240844727,-1.113684296607971,7.148996829986572,
2.66,19.375383377075195,8.897176742553711,1.287718415260315,4.511568069458008,,25.314733505249023,12.701269149780273,-1.091603517532349,7.203957080841064,
2.664,19.417385101318359,8.907665252685547,1.285053253173828,4.525239467620850,,25.258733749389648,12.712338447570801,-1.096227169036865,7.202892303466797,
2.668,19.431751251220703,8.931792259216309,1.235910654067993,4.552093505859375,,25.168714523315430,12.708580017089844,-1.107914209365845,7.190450668334961,
2.672,19.385507583618164,8.931510925292969,1.184388041496277,4.558265209197998,,25.087060928344727,12.713235855102539,-1.073324680328369,7.177424907684326,
2.676,19.334772109985352,8.930524826049805,1.162829756736755,4.554807186126709,,25.050243377685547,12.741659164428711,-1.052628397941589,7.200196743011475,
2.68,19.320926666259766,8.950863838195801,1.169384002685547,4.549141407012939,,25.015270233154297,12.758704185485840,-1.104073762893677,7.272016525268555,
2.684,19.298196792602539,8.979246139526367,1.204054474830627,4.529078483581543,,24.959192276000977,12.731233596801758,-1.162223458290100,7.324970722198486,
2.688,19.253808975219727,9.001395225524902,1.268315553665161,4.512264251708984,,24.910692214965820,12.683114051818848,-1.163599133491516,7.322601318359375,
2.692,19.210924148559570,8.967167854309082,1.322048544883728,4.505981445312500,,24.895505905151367,12.673809051513672,-1.128818154335022,7.301631450653076,
2.696,19.183546066284180,8.902016639709473,1.327865839004517,4.499287128448486,,24.902589797973633,12.703127861022949,-1.099632978439331,7.285534858703613,
2.7,19.181140899658203,8.887005805969238,1.307492971420288,4.495739936828613,,24.878774642944336,12.718460083007813,-1.082873582839966,7.258364200592041,
2.704,19.181715011596680,8.892954826354980,1.306255698204041,4.494403362274170,,24.789361953735352,12.694699287414551,-1.067903876304626,7.244040489196777,
2.708,19.181625366210938,8.874805450439453,1.320237278938293,4.475383758544922,,24.681591033935547,12.670116424560547,-1.064485073089600,7.292321205139160,
2.712,19.188520431518555,8.864336967468262,1.311983227729797,4.452120304107666,,24.648820877075195,12.674037933349609,-1.087027311325073,7.365414142608643,
2.716,19.175422668457031,8.872605323791504,1.289777040481567,4.462722778320313,,24.673809051513672,12.671463012695313,-1.116220355033875,7.384200572967529,
2.72,19.130376815795898,8.857422828674316,1.278094768524170,4.498696327209473,,24.652643203735352,12.661268234252930,-1.114613771438599,7.343678951263428,
2.724,19.093997955322266,8.822299957275391,1.267891168594360,4.524853229522705,,24.574235916137695,12.669237136840820,-1.083977103233337,7.323140144348145,
2.728,19.085023880004883,8.810826301574707,1.269270062446594,4.520532608032227,,24.497638702392578,12.684464454650879,-1.074584007263184,7.353312969207764,
2.732,19.085834503173828,8.818493843078613,1.303338766098022,4.498193740844727,,24.467437744140625,12.709395408630371,-1.104209184646606,7.405452728271484,
2.736,19.113922119140625,8.815102577209473,1.326515316963196,4.485425949096680,,24.496109008789063,12.745245933532715,-1.126490592956543,7.458639144897461,
2.74,19.169780731201172,8.799228668212891,1.294111728668213,4.488602638244629,,24.571815490722656,12.764850616455078,-1.120139360427856,7.476748466491699,
2.744,19.208282470703125,8.789843559265137,1.256591916084290,4.498192787170410,,24.646156311035156,12.747140884399414,-1.105236291885376,7.445531368255615,
2.748,19.206424713134766,8.813837051391602,1.262330412864685,4.496274471282959,,24.684614181518555,12.706283569335938,-1.089954018592834,7.406626224517822,
2.752,19.202096939086914,8.856718063354492,1.281074881553650,4.484413623809814,,24.706733703613281,12.676268577575684,-1.087294578552246,7.420340061187744,
2.756,19.230014801025391,8.860679626464844,1.289198040962219,4.482719421386719,,24.736722946166992,12.691914558410645,-1.103661656379700,7.492611885070801,
2.76,19.254636764526367,8.839867591857910,1.295401930809021,4.485609054565430,,24.774982452392578,12.739663124084473,-1.112009763717651,7.569128036499023,
2.764,19.244867324829102,8.836555480957031,1.312348008155823,4.462752342224121,,24.793880462646484,12.753676414489746,-1.083027601242065,7.598793983459473,
2.768,19.213022232055664,8.837367057800293,1.352530121803284,4.431118488311768,,24.802442550659180,12.745126724243164,-1.030941367149353,7.564383029937744,
2.772,19.194446563720703,8.833841323852539,1.378611683845520,4.450108528137207,,24.824621200561523,12.770205497741699,-1.020259976387024,7.524769783020020,
2.776,19.216148376464844,8.843876838684082,1.375899195671082,4.505909442901611,,24.856767654418945,12.814304351806641,-1.065130114555359,7.545467853546143,
2.78,19.257266998291016,8.869783401489258,1.375826358795166,4.543171405792236,,24.898433685302734,12.841537475585938,-1.100647807121277,7.572250366210938,
2.784,19.290750503540039,8.881434440612793,1.352973937988281,4.560280799865723,,24.936534881591797,12.851030349731445,-1.096067309379578,7.566119194030762,
2.788,19.311843872070313,8.869152069091797,1.305881023406982,4.561415672302246,,24.974300384521484,12.868490219116211,-1.071508646011353,7.572646617889404,

Répétition:,2
,K-Delta Left,,,,,K-Delta Right,,,
temps (seconde),CHANNEL_1,CHANNEL_2,CHANNEL_3,CHANNEL_4,,CHANNEL_1,CHANNEL_2,CHANNEL_3,CHANNEL_4
0,13.389599800109863,5.642799854278564,5.675950050354004,11.601499557495117,,14.305999755859375,7.760399818420410,4.714900016784668,13.262949943542480,
0.004,12.625499725341797,5.335800170898438,5.456950187683105,11.054300308227539,,13.547200202941895,7.410099983215332,4.492499828338623,12.656350135803223,
0.008,12.454723358154297,5.268682003021240,5.403955459594727,10.918889999389648,,13.241457939147949,7.250411033630371,4.417008876800537,12.379723548889160,
0.012,12.062511444091797,5.101486206054688,5.290021419525146,10.596018791198730,,12.475201606750488,6.842669486999512,4.244138717651367,11.692158699035645,
0.016,11.311417579650879,4.779953002929688,5.092765331268311,10.007993698120117,,11.453286170959473,6.305214405059814,4.005582332611084,10.840320587158203,
0.02,10.299101829528809,4.371973037719727,4.838287830352783,9.221109390258789,,10.386113166809082,5.735974788665771,3.741484165191650,10.053107261657715,
0.024,9.336472511291504,3.994824647903442,4.633638381958008,8.432155609130859,,9.247918128967285,5.129913806915283,3.480687618255615,9.249447822570801,
0.028,8.474304199218750,3.645640850067139,4.494167804718018,7.727669239044189,,8.251539230346680,4.643862724304199,3.299579381942749,8.496334075927734,
0.032,7.560685157775879,3.287881612777710,4.305388450622559,7.029695510864258,,7.383195400238037,4.264111518859863,3.168418407440186,7.777862071990967,
0.036,6.712170124053955,2.976943969726563,4.058028221130371,6.380365371704102,,6.444519042968750,3.844345569610596,2.999210357666016,7.005900382995605,
0.04,5.995322227478027,2.685644388198853,3.795711517333984,5.832446575164795,,5.576236248016357,3.423188924789429,2.842110157012939,6.314713478088379,
0.044,5.334233283996582,2.372174024581909,3.546433210372925,5.346409797668457,,4.943661689758301,3.065570116043091,2.750787496566772,5.793935298919678,
0.048,4.787315845489502,2.073108434677124,3.354016065597534,4.911028861999512,,4.474749565124512,2.766872644424438,2.665767908096313,5.339746952056885,
0.052,4.380554676055908,1.816777110099792,3.207768678665161,4.537499427795410,,4.072421073913574,2.536697626113892,2.564148187637329,4.892679691314697,
0.056,3.987226963043213,1.605425953865051,3.033078193664551,4.177964687347412,,3.751059055328369,2.387446641921997,2.501187562942505,4.516085624694824,
0.06,3.541800022125244,1.414975404739380,2.818524122238159,3.797324180603027,,3.482976675033569,2.251758575439453,2.442256927490234,4.183447837829590,
0.064,3.147418975830078,1.252573013305664,2.654490232467651,3.472515583038330,,3.188119888305664,2.060093402862549,2.321516513824463,3.828388452529907,
0.068,2.852836847305298,1.140279054641724,2.556519269943237,3.211557865142822,,2.895583868026733,1.852821707725525,2.160789489746094,3.518772840499878,
0.072,2.585977077484131,1.066492557525635,2.452928304672241,2.944573640823364,,2.645640611648560,1.680541992187500,1.996450781822205,3.258880853652954,
0.076,2.341394662857056,0.991939127445221,2.298675060272217,2.684078216552734,,2.428174972534180,1.555543065071106,1.855457067489624,2.977220535278320,
0.08,2.132246017456055,0.892336905002594,2.075936079025269,2.437412738800049,,2.241023302078247,1.477191805839539,1.744328856468201,2.703527450561523,
0.084,1.914026141166687,0.763303935527802,1.848362565040588,2.193371534347534,,2.064575910568237,1.399445414543152,1.660683631896973,2.471487760543823,
0.088,1.685971975326538,0.619226694107056,1.697518587112427,1.962751984596252,,1.874424934387207,1.293358683586121,1.583397150039673,2.241482734680176,
0.092,1.507152318954468,0.516489446163177,1.600657820701599,1.733229637145996,,1.686044454574585,1.192789077758789,1.486256003379822,1.997859835624695,
0.096,1.375527620315552,0.469080507755280,1.495325088500977,1.505280613899231,,1.536015510559082,1.104633092880249,1.387758851051331,1.793327331542969,
0.1,1.232939004898071,0.421289861202240,1.362885594367981,1.305080413818359,,1.431532740592957,1.007447957992554,1.314129233360291,1.636014938354492,
0.104,1.091181278228760,0.356898576021194,1.246004104614258,1.154624223709106,,1.352587461471558,0.930410385131836,1.267756223678589,1.482383131980896,
0.108,0.991538703441620,0.305377036333084,1.175624728202820,1.027430534362793,,1.283758759498596,0.900321543216705,1.246154785156250,1.346554279327393,
0.112,0.927231371402740,0.295504420995712,1.119258403778076,0.892096340656281,,1.199691653251648,0.875107347965240,1.220665335655212,1.234878301620483,
0.116,0.852090358734131,0.352015316486359,1.053734421730042,0.796801507472992,,1.102436184883118,0.831768155097961,1.161419868469238,1.146719098091125,
0.12,0.759120166301727,0.411359369754791,1.000149488449097,0.777073740959167,,1.068824648857117,0.790000200271606,1.091193199157715,1.104590058326721,
0.124,0.724504947662354,0.405697345733643,0.989849805831909,0.791215956211090,,1.129776597023010,0.752978861331940,1.029337286949158,1.088760614395142,
0.128,0.787993788719177,0.398565590381622,1.040066957473755,0.800807714462280,,1.209991097450256,0.726677060127258,1.008404970169067,1.087095618247986,
0.132,0.885045886039734,0.438757121562958,1.138370275497437,0.833605051040649,,1.260827302932739,0.735478699207306,1.035149455070496,1.125923395156860,
0.136,0.951487481594086,0.511454820632935,1.283522486686707,0.913383841514587,,1.318164944648743,0.788875281810760,1.059200644493103,1.204019784927368,
0.14,1.008646845817566,0.609652817249298,1.465745210647583,1.019563078880310,,1.401334404945374,0.877927184104919,1.088760375976563,1.296150565147400,
0.144,1.084691882133484,0.698276340961456,1.607178926467896,1.128556132316589,,1.483000636100769,0.966162919998169,1.176414370536804,1.405634880065918,
0.148,1.162143349647522,0.734301626682281,1.673091411590576,1.216071844100952,,1.577356696128845,1.024158835411072,1.318403959274292,1.532357931137085,
0.152,1.253669142723083,0.750273108482361,1.726896286010742,1.288281083106995,,1.741209149360657,1.095757603645325,1.438807845115662,1.701614379882813,
0.156,1.398835301399231,0.829684555530548,1.815702795982361,1.389513134956360,,1.983061790466309,1.225651502609253,1.497794508934021,1.927702665328979,
0.16,1.615598440170288,1.007837772369385,1.978159070014954,1.606086373329163,,2.236166954040527,1.413424491882324,1.541626930236816,2.133371114730835,
0.164,1.891839146614075,1.239493370056152,2.255865097045898,1.942590832710266,,2.448243141174316,1.637447714805603,1.641381621360779,2.304974555969238,
0.168,2.179521799087524,1.438643932342529,2.580910921096802,2.257890462875366,,2.686899662017822,1.881345987319946,1.811034440994263,2.556636095046997,
0.172,2.459148168563843,1.599296212196350,2.861495018005371,2.497462034225464,,3.033840894699097,2.159188747406006,1.981468677520752,2.948612213134766,
0.176,2.810599565505981,1.795627951622009,3.150407552719116,2.813437700271606,,3.442519903182983,2.452021360397339,2.104989528656006,3.371437072753906,
0.18,3.279376983642578,2.050401926040649,3.536916732788086,3.309388160705566,,3.906769037246704,2.756082534790039,2.215973377227783,3.739472389221191,
0.184,3.739184141159058,2.358747005462646,3.979856252670288,3.837180614471436,,4.478157043457031,3.116217851638794,2.337782859802246,4.106055736541748,
0.188,4.192017078399658,2.771258592605591,4.430645942687988,4.345175743103027,,5.091267585754395,3.503549337387085,2.455910444259644,4.484758853912354,
0.192,4.768347740173340,3.274536371231079,4.879067897796631,4.917372226715088,,5.812837600708008,3.926318645477295,2.556237459182739,4.967047691345215,
0.196,5.405084133148193,3.725540399551392,5.252779960632324,5.486686706542969,,6.785694599151611,4.411608695983887,2.606594085693359,5.664757728576660,
0.2,6.115867137908936,4.133679866790771,5.630067348480225,6.087668418884277,,7.816324710845947,4.830168247222900,2.630634307861328,6.392559528350830,
0.204,6.981592655181885,4.617190837860107,6.138315677642822,6.855834960937500,,8.655921936035156,5.090933322906494,2.688875913619995,6.995211601257324,
0.208,7.904159545898438,5.142134666442871,6.660781383514404,7.719369888305664,,9.338677406311035,5.295931816101074,2.743883609771729,7.550656795501709,
0.212,9.000188827514648,5.748047828674316,7.158229827880859,8.686738967895508,,9.954816818237305,5.533756256103516,2.743628263473511,8.055624961853027,
0.216,10.379590034484863,6.485531330108643,7.694252490997314,9.831987380981445,,10.437472343444824,5.759379386901855,2.739032745361328,8.403537750244141,
0.22,11.715502738952637,7.179693222045898,8.161731719970703,10.937937736511230,,10.737341880798340,5.960241794586182,2.861939430236816,8.642146110534668,
0.224,12.823399543762207,7.718982696533203,8.480019569396973,11.863319396972656,,10.909174919128418,6.166797637939453,3.142475128173828,8.896549224853516,
0.228,14.099050521850586,8.237695693969727,8.717931747436523,12.853469848632813,,11.003933906555176,6.344428539276123,3.401378154754639,9.147690773010254,
0.232,15.879620552062988,8.868353843688965,8.914395332336426,14.081234931945801,,11.123791694641113,6.499522209167480,3.567635536193848,9.380174636840820,
0.236,17.900495529174805,9.539077758789063,9.034708976745605,15.358366012573242,,11.363006591796875,6.704255104064941,3.735211610794067,9.655666351318359,
0.24,20.142286300659180,10.208148956298828,9.080136299133301,16.716192245483398,,11.689047813415527,6.934467792510986,3.896176576614380,9.984210968017578,
0.244,22.584005355834961,10.892498016357422,9.091019630432129,18.198860168457031,,12.053820610046387,7.139384746551514,4.050268173217773,10.364495277404785,
0.248,24.443813323974609,11.456522941589355,9.134204864501953,19.317270278930664,,12.566199302673340,7.411734580993652,4.287065982818604,10.909611701965332,
0.252,25.277381896972656,11.856029510498047,9.300077438354492,19.786783218383789,,13.308191299438477,7.813785076141357,4.598890304565430,11.672076225280762,
0.256,25.323377609252930,12.163722038269043,9.594105720520020,19.829013824462891,,14.130416870117188,8.211671829223633,4.875481128692627,12.472007751464844,
0.26,24.909299850463867,12.309912681579590,9.893136978149414,19.693176269531250,,15.045639038085938,8.596371650695801,5.127595424652100,13.333110809326172,
0.264,24.303812026977539,12.228251457214355,10.098672866821289,19.501285552978516,,16.131841659545898,9.093756675720215,5.428967952728271,14.410524368286133,
0.268,23.596464157104492,11.994750976562500,10.220562934875488,19.313507080078125,,17.172075271606445,9.602377891540527,5.733067512512207,15.484273910522461,
0.272,22.863367080688477,11.735807418823242,10.297163009643555,19.173330307006836,,18.145439147949219,10.028609275817871,6.044355392456055,16.446184158325195,
0.276,22.337501525878906,11.551575660705566,10.347767829895020,19.098896026611328,,19.170562744140625,10.448796272277832,6.384944915771484,17.439823150634766,
0.28,22.119424819946289,11.433248519897461,10.402627944946289,19.130435943603516,,20.122854232788086,10.871736526489258,6.667865276336670,18.378704071044922,
0.284,22.138231277465820,11.328954696655273,10.501900672912598,19.331775665283203,,20.968812942504883,11.275616645812988,6.905519485473633,19.157245635986328,
0.288,22.342546463012695,11.269171714782715,10.652362823486328,19.696826934814453,,21.916688919067383,11.724599838256836,7.223150730133057,19.996751785278320,
0.292,22.727323532104492,11.353180885314941,10.874101638793945,20.235591888427734,,23.054292678833008,12.228431701660156,7.640076637268066,21.064603805541992,
0.296,23.257902145385742,11.604281425476074,11.186657905578613,20.930345535278320,,24.155452728271484,12.698161125183105,8.026260375976563,22.125242233276367,
0.3,23.807548522949219,11.892151832580566,11.533982276916504,21.616924285888672,,25.171592712402344,13.157138824462891,8.344353675842285,23.133916854858398,
0.304,24.308341979980469,12.135103225708008,11.843000411987305,22.200401306152344,,26.231832504272461,13.643425941467285,8.689439773559570,24.213045120239258,
0.308,24.862712860107422,12.414140701293945,12.145586967468262,22.817258834838867,,27.196447372436523,14.053560256958008,9.051465988159180,25.192104339599609,
0.312,25.542015075683594,12.759376525878906,12.496570587158203,23.572257995605469,,28.039016723632813,14.409019470214844,9.399863243103027,26.083421707153320,
0.316,26.211856842041016,13.058846473693848,12.847790718078613,24.314708709716797,,28.888910293579102,14.843219757080078,9.774612426757813,27.050222396850586,
0.32,26.879840850830078,13.337091445922852,13.177375793457031,25.028383255004883,,29.661300659179688,15.313246726989746,10.143295288085938,27.994911193847656,
0.324,27.647729873657227,13.667888641357422,13.474414825439453,25.833311080932617,,30.287572860717773,15.731004714965820,10.475924491882324,28.808149337768555,
0.328,28.359909057617188,13.957679748535156,13.689860343933105,26.613201141357422,,30.937549591064453,16.169082641601563,10.867486000061035,29.605482101440430,
0.332,28.980377197265625,14.205233573913574,13.902568817138672,27.299127578735352,,31.703498840332031,16.691507339477539,11.355326652526855,30.499126434326172,
0.336,29.574937820434570,14.463509559631348,14.187986373901367,27.948932647705078,,32.384635925292969,17.183269500732422,11.820476531982422,31.328248977661133,
0.34,29.994894027709961,14.649157524108887,14.438927650451660,28.500534057617188,,32.884166717529297,17.550426483154297,12.260394096374512,31.976202011108398,
0.344,30.176940917968750,14.699319839477539,14.599900245666504,28.893814086914063,,33.267345428466797,17.831598281860352,12.740078926086426,32.536056518554688,
0.348,30.201341629028320,14.670500755310059,14.802779197692871,29.220462799072266,,33.506381988525391,18.038635253906250,13.170637130737305,33.026809692382813,
0.352,30.100244522094727,14.631126403808594,15.114490509033203,29.589084625244141,,33.606189727783203,18.176132202148438,13.525228500366211,33.461215972900391,
0.356,29.922874450683594,14.590450286865234,15.407398223876953,29.952239990234375,,33.627227783203125,18.287191390991211,13.845440864562988,33.894790649414063,
0.36,29.714096069335938,14.503461837768555,15.640036582946777,30.263532638549805,,33.575012207031250,18.338024139404297,14.097174644470215,34.277297973632813,
0.364,29.481119155883789,14.347843170166016,15.870979309082031,30.551830291748047,,33.442138671875000,18.272251129150391,14.289616584777832,34.543399810791016,
0.368,29.253765106201172,14.192285537719727,16.057203292846680,30.795139312744141,,33.265476226806641,18.151153564453125,14.490733146667480,34.732463836669922,
0.372,29.061281204223633,14.074375152587891,16.224578857421875,31.072557449340820,,33.094455718994141,18.061695098876953,14.739956855773926,34.926895141601563,
0.376,28.919574737548828,13.980354309082031,16.463287353515625,31.499464035034180,,32.931346893310547,17.993053436279297,15.001866340637207,35.162887573242188,
0.38,28.840631484985352,13.923308372497559,16.746181488037109,31.988798141479492,,32.735511779785156,17.913061141967773,15.269707679748535,35.426410675048828,
0.384,28.846851348876953,13.912935256958008,17.029357910156250,32.452209472656250,,32.510627746582031,17.852163314819336,15.577436447143555,35.664844512939453,
0.388,28.972118377685547,13.943425178527832,17.349525451660156,33.006004333496094,,32.311660766601563,17.840209960937500,15.848890304565430,35.852321624755859,
0.392,29.192653656005859,13.991911888122559,17.717651367187500,33.697460174560547,,32.151424407958984,17.823360443115234,16.063028335571289,36.083633422851563,
0.396,29.425415039062500,14.047443389892578,18.073455810546875,34.335052490234375,,32.051456451416016,17.750347137451172,16.316003799438477,36.432327270507813,
0.4,29.625574111938477,14.146405220031738,18.431152343750000,34.932533264160156,,32.052158355712891,17.664144515991211,16.591131210327148,36.847537994384766,
0.404,29.813972473144531,14.290479660034180,18.844646453857422,35.656150817871094,,32.106986999511719,17.591201782226563,16.808214187622070,37.258743286132813,
0.408,29.999551773071289,14.413062095642090,19.260442733764648,36.379501342773438,,32.169498443603516,17.512613296508789,16.998790740966797,37.684909820556641,
0.412,30.158933639526367,14.483445167541504,19.637155532836914,37.024642944335938,,32.259178161621094,17.432155609130859,17.195579528808594,38.170337677001953,
0.416,30.276084899902344,14.521059036254883,19.989286422729492,37.688240051269531,,32.375186920166016,17.372833251953125,17.356328964233398,38.618515014648438,
0.42,30.340433120727539,14.523790359497070,20.285631179809570,38.296905517578125,,32.459640502929688,17.345720291137695,17.519796371459961,38.975551605224609,
0.424,30.366186141967773,14.484827041625977,20.515569686889648,38.771492004394531,,32.457340240478516,17.315031051635742,17.742517471313477,39.320274353027344,
0.428,30.385107040405273,14.401006698608398,20.723798751831055,39.208415985107422,,32.387153625488281,17.258991241455078,17.964408874511719,39.647792816162109,
0.432,30.408859252929688,14.258211135864258,20.931810379028320,39.697864532470703,,32.271556854248047,17.171876907348633,18.165267944335938,39.910499572753906,
0.436,30.429616928100586,14.067752838134766,21.105318069458008,40.202571868896484,,32.090774536132813,17.040113449096680,18.388507843017578,40.107048034667969,
0.44,30.426647186279297,13.841410636901855,21.207483291625977,40.672527313232422,,31.872236251831055,16.920091629028320,18.610263824462891,40.272495269775391,
0.444,30.390796661376953,13.594751358032227,21.263977050781250,41.092334747314453,,31.678287506103516,16.837202072143555,18.798236846923828,40.454864501953125,
0.448,30.329196929931641,13.388298034667969,21.332883834838867,41.425029754638672,,31.489492416381836,16.690416336059570,18.936880111694336,40.679718017578125,
0.452,30.243892669677734,13.212226867675781,21.415391921997070,41.702136993408203,,31.249710083007813,16.418409347534180,19.027475357055664,40.947902679443359,
0.456,30.153820037841797,13.015132904052734,21.454671859741211,41.989597320556641,,31.008928298950195,16.091176986694336,19.111944198608398,41.193798065185547,
0.46,30.080551147460938,12.844663619995117,21.442644119262695,42.258441925048828,,30.799070358276367,15.794583320617676,19.204523086547852,41.380779266357422,
0.464,30.007286071777344,12.730948448181152,21.443174362182617,42.431133270263672,,30.571161270141602,15.566862106323242,19.268068313598633,41.535282135009766,
0.468,29.917493820190430,12.586261749267578,21.474451065063477,42.532871246337891,,30.340826034545898,15.403914451599121,19.273305892944336,41.652446746826172,
0.472,29.828062057495117,12.347755432128906,21.472246170043945,42.656848907470703,,30.158163070678711,15.243204116821289,19.261106491088867,41.751159667968750,
0.476,29.744148254394531,12.093864440917969,21.420475006103516,42.806751251220703,,30.032247543334961,15.051898956298828,19.279531478881836,41.851573944091797,
0.48,29.629587173461914,11.886282920837402,21.361646652221680,42.947223663330078,,29.929819107055664,14.873511314392090,19.305027008056641,41.929672241210938,
0.484,29.470699310302734,11.720024108886719,21.309831619262695,43.061050415039063,,29.834852218627930,14.732879638671875,19.325248718261719,41.987468719482422,
0.488,29.314054489135742,11.606249809265137,21.263418197631836,43.111488342285156,,29.745897293090820,14.610272407531738,19.351280212402344,42.048576354980469,
0.492,29.174383163452148,11.489177703857422,21.203193664550781,43.108051300048828,,29.645826339721680,14.484045982360840,19.375522613525391,42.100643157958984,
0.496,29.033597946166992,11.312737464904785,21.145772933959961,43.109359741210938,,29.542903900146484,14.359984397888184,19.394477844238281,42.112079620361328,
0.5,28.899917602539063,11.132905006408691,21.147308349609375,43.118106842041016,,29.417755126953125,14.234082221984863,19.424829483032227,42.106437683105469,
0.504,28.756467819213867,11.012705802917480,21.179611206054688,43.112918853759766,,29.252574920654297,14.107217788696289,19.477472305297852,42.114761352539063,
0.508,28.564418792724609,10.926779747009277,21.174831390380859,43.085300445556641,,29.077770233154297,14.003415107727051,19.518285751342773,42.109111785888672,
0.512,28.348512649536133,10.812138557434082,21.135602951049805,43.008934020996094,,28.884105682373047,13.916287422180176,19.547298431396484,42.072208404541016,
0.516,28.195150375366211,10.680373191833496,21.099639892578125,42.895084381103516,,28.647460937500000,13.839318275451660,19.599048614501953,42.010307312011719,
0.52,28.061296463012695,10.579998970031738,21.080492019653320,42.760795593261719,,28.405103683471680,13.801345825195313,19.643127441406250,41.938560485839844,
0.524,27.835943222045898,10.500575065612793,21.063734054565430,42.595397949218750,,28.217424392700195,13.798740386962891,19.629369735717773,41.865413665771484,
0.528,27.571176528930664,10.437939643859863,21.024438858032227,42.443935394287109,,28.053625106811523,13.750925064086914,19.584285736083984,41.749420166015625,
0.532,27.289710998535156,10.356525421142578,20.975242614746094,42.266216278076172,,27.838903427124023,13.618294715881348,19.576875686645508,41.587570190429688,
0.536,26.939199447631836,10.209153175354004,20.959032058715820,41.960853576660156,,27.581809997558594,13.474581718444824,19.601484298706055,41.435478210449219,
0.54,26.589477539062500,10.078511238098145,20.964962005615234,41.603427886962891,,27.284141540527344,13.388023376464844,19.617988586425781,41.239070892333984,
0.544,26.286878585815430,10.010177612304688,20.927703857421875,41.288410186767578,,26.927591323852539,13.315076828002930,19.617298126220703,40.945709228515625,
0.548,25.915298461914063,9.937010765075684,20.800695419311523,40.944484710693359,,26.577766418457031,13.203132629394531,19.590944290161133,40.653686523437500,
0.552,25.399127960205078,9.805403709411621,20.620851516723633,40.498973846435547,,26.256816864013672,13.080999374389648,19.552961349487305,40.353431701660156,
0.556,24.863073348999023,9.625973701477051,20.473331451416016,40.000724792480469,,25.900211334228516,12.963281631469727,19.513889312744141,39.949737548828125,
0.56,24.334943771362305,9.441004753112793,20.320734024047852,39.395507812500000,,25.499650955200195,12.849728584289551,19.455577850341797,39.516517639160156,
0.564,23.703792572021484,9.259284973144531,20.074886322021484,38.609706878662109,,25.010534286499023,12.719314575195313,19.363183975219727,39.039192199707031,
0.568,23.033445358276367,9.082896232604980,19.779853820800781,37.794910430908203,,24.387001037597656,12.522456169128418,19.233390808105469,38.398582458496094,
0.572,22.307588577270508,8.855411529541016,19.445093154907227,36.902477264404297,,23.722587585449219,12.298805236816406,19.062690734863281,37.676616668701172,
0.576,21.420770645141602,8.542169570922852,19.026750564575195,35.753425598144531,,23.093360900878906,12.113366127014160,18.838874816894531,36.945320129394531,
0.58,20.504533767700195,8.238136291503906,18.577785491943359,34.528514862060547,,22.372625350952148,11.893004417419434,18.542390823364258,36.029121398925781,
0.584,19.673778533935547,7.980816364288330,18.150169372558594,33.399211883544922,,21.425348281860352,11.544521331787109,18.169576644897461,34.816440582275391,
0.588,18.674854278564453,7.646246433258057,17.636167526245117,32.060207366943359,,20.396940231323242,11.120063781738281,17.743055343627930,33.484783172607422,
0.592,17.318685531616211,7.158332824707031,16.909152984619141,30.245248794555664,,19.231948852539063,10.601317405700684,17.132595062255859,31.895286560058594,
0.596,15.919516563415527,6.656200408935547,16.050453186035156,28.267925262451172,,17.726186752319336,9.932019233703613,16.213653564453125,29.805101394653320,
0.6,14.465030670166016,6.130002021789551,15.014690399169922,26.060277938842773,,16.121406555175781,9.237917900085449,15.163292884826660,27.588794708251953,
0.604,12.684635162353516,5.444277286529541,13.697352409362793,23.297437667846680,,14.389516830444336,8.435091018676758,13.942361831665039,25.133838653564453,
0.608,10.861920356750488,4.727415084838867,12.330125808715820,20.432497024536133,,12.311888694763184,7.347157955169678,12.361971855163574,22.017009735107422,
0.612,9.013141632080078,3.976978778839111,10.811212539672852,17.411623001098633,,10.245274543762207,6.201306343078613,10.705902099609375,18.794775009155273,
0.616,6.929170131683350,3.081623554229736,8.846237182617188,13.806701660156250,,8.451858520507813,5.211073875427246,9.252615928649902,15.940103530883789,
0.62,4.989772796630859,2.241845607757568,6.759151458740234,10.165177345275879,,6.619737148284912,4.212260246276855,7.590546131134033,12.849688529968262,
0.624,3.448052406311035,1.602048158645630,4.848893642425537,6.902927875518799,,4.581052780151367,3.068459033966064,5.360329627990723,9.113866806030273,
0.628,1.961930871009827,0.956021666526794,2.809129476547241,3.688562154769897,,2.773695468902588,1.949863076210022,3.108229637145996,5.520843505859375,
0.632,0.435913056135178,0.200856402516365,0.615420401096344,0.740076422691345,,1.355478525161743,0.867534339427948,1.304330825805664,2.499543190002441,
0.636,-0.566042423248291,-0.378259360790253,-0.948925733566284,-0.867856264114380,,0.171145141124725,-0.183578431606293,0.044760152697563,0.023991758003831,
0.64,-0.761105895042419,-0.553753972053528,-1.349293947219849,-0.795211672782898,,-0.523080885410309,-0.784008741378784,-0.399694353342056,-1.252146720886230,
0.644,-0.491921335458755,-0.376239746809006,-0.838800430297852,-0.030228311195970,,-0.529351890087128,-0.704139471054077,-0.119384638965130,-1.122960925102234,
0.648,-0.083210840821266,0.026773786172271,-0.015039722435176,0.290077000856400,,-0.058288965374231,-0.236272752285004,0.297031313180923,-0.338610142469406,
0.652,0.289091259241104,0.433780580759048,0.636899888515472,0.138305321335793,,0.389612883329391,0.099462039768696,0.414053440093994,0.189476147294044,
0.656,0.401620209217072,0.543650448322296,0.865826189517975,0.100151740014553,,0.388198345899582,0.007624354679137,0.293514162302017,0.069264166057110,
0.66,0.210677921772003,0.331440180540085,0.593653261661530,0.150215655565262,,0.132352694869041,-0.261275500059128,0.177998676896095,-0.273314684629440,
0.664,-0.022774010896683,0.027391245588660,0.033440202474594,0.071630328893661,,0.099337697029114,-0.298337817192078,0.167292743921280,-0.282993614673615,
0.668,-0.121456645429134,-0.184152260422707,-0.383786618709564,0.036538016051054,,0.319217562675476,-0.052629083395004,0.259599179029465,-0.011875378899276,
0.672,-0.108510643243790,-0.214232176542282,-0.368943691253662,0.177385747432709,,0.451265454292297,0.125193044543266,0.372778594493866,0.131457895040512,
0.676,0.003968738019466,-0.073385342955589,-0.034638401120901,0.275974720716476,,0.351420372724533,-0.010607721284032,0.357873141765594,-0.024063367396593,
0.68,0.201677307486534,0.120111301541328,0.355052500963211,0.194833934307098,,0.223548948764801,-0.244450867176056,0.204123318195343,-0.255454301834106,
0.684,0.336480796337128,0.189002081751823,0.596194744110107,0.103398650884628,,0.220502868294716,-0.312510311603546,0.110566541552544,-0.329680055379868,
0.688,0.275707274675369,0.106579579412937,0.537127971649170,0.102654412388802,,0.286163032054901,-0.195344492793083,0.187935844063759,-0.209883779287338,
0.692,0.109392836689949,0.001818401040509,0.221840456128120,0.090768367052078,,0.335719883441925,-0.055733028799295,0.280768662691116,-0.031585521996021,
0.696,-0.000410806533182,-0.050269719213247,-0.087279751896858,0.056542124599218,,0.323348969221115,-0.078849174082279,0.245452836155891,-0.011688491329551,
0.7,-0.017209606245160,-0.058122627437115,-0.145507335662842,0.085649132728577,,0.252911835908890,-0.193056583404541,0.197967797517776,-0.123220466077328,
0.704,0.030563164502382,-0.047252476215363,0.044165194034576,0.114846967160702,,0.193800479173660,-0.200259447097778,0.280830711126328,-0.168940007686615,
0.708,0.109741888940334,0.013705694116652,0.274326562881470,0.076395243406296,,0.210992500185966,-0.100322924554348,0.404656171798706,-0.115397222340107,
0.712,0.155852437019348,0.114046081900597,0.344094008207321,0.039508689194918,,0.248152494430542,-0.027362216264009,0.416042953729630,-0.077348433434963,
0.716,0.113809362053871,0.141956895589828,0.216879218816757,0.039967741817236,,0.232238218188286,-0.047489717602730,0.312779754400253,-0.120784103870392,
0.72,0.043885454535484,0.092256471514702,0.036393668502569,0.047793578356504,,0.214502409100533,-0.136513188481331,0.206717222929001,-0.183221936225891,
0.724,0.038147374987602,0.052041038870811,-0.050055958330631,0.053735859692097,,0.220915526151657,-0.219858318567276,0.194680660963058,-0.173717245459557,
0.728,0.079798810184002,0.054774768650532,-0.022975526750088,0.063080124557018,,0.225195318460464,-0.216980054974556,0.260998010635376,-0.098728649318218,
0.732,0.130331471562386,0.097439728677273,0.088756777346134,0.051620610058308,,0.225504040718079,-0.155178979039192,0.328560411930084,-0.055923346430063,
0.736,0.167517945170403,0.156629115343094,0.226685568690300,0.011929783970118,,0.206799551844597,-0.135732650756836,0.335972756147385,-0.082306414842606,
0.74,0.157536715269089,0.166723206639290,0.290363371372223,-0.003149186260998,,0.192292347550392,-0.147944346070290,0.308429121971130,-0.111700780689716,
0.744,0.099958822131157,0.093755707144737,0.234438210725784,0.020418759435415,,0.214008301496506,-0.137171939015388,0.338047683238983,-0.102308325469494,
0.748,0.052421733736992,0.007362426258624,0.107147671282291,0.022208578884602,,0.241750210523605,-0.139557123184204,0.388862013816833,-0.087357617914677,
0.752,0.057664994150400,-0.023164553567767,0.014953561127186,-0.026053044945002,,0.242870971560478,-0.157002210617065,0.377080917358398,-0.111831583082676,
0.756,0.067643955349922,0.000963995757047,0.030373521149158,-0.055621013045311,,0.231536328792572,-0.151921495795250,0.337896108627319,-0.156833380460739,
0.76,0.073578782379627,0.052959732711315,0.117143489420414,-0.021920373663306,,0.236065432429314,-0.146898418664932,0.319824635982513,-0.179168030619621,
0.764,0.113442756235600,0.107021547853947,0.188741937279701,0.032052602618933,,0.254392832517624,-0.167299076914787,0.296623647212982,-0.185810625553131,
0.768,0.142753496766090,0.144819408655167,0.193626493215561,0.073234826326370,,0.272438645362854,-0.193780228495598,0.255452483892441,-0.184650123119354,
0.772,0.110554225742817,0.143704831600189,0.131667450070381,0.071425683796406,,0.258567690849304,-0.203478753566742,0.242381036281586,-0.185131683945656,
0.776,0.052502892911434,0.092865012586117,0.060651097446680,0.027620688080788,,0.192386969923973,-0.207809090614319,0.287597537040710,-0.214613899588585,
0.78,0.045326270163059,0.029300991445780,0.039285495877266,0.006995746865869,,0.125991418957710,-0.199361830949783,0.358072131872177,-0.233303487300873,
0.784,0.087066240608692,0.001880476716906,0.062435738742352,0.011472200043499,,0.100743405520916,-0.172623157501221,0.387256652116776,-0.186624810099602,
0.788,0.124575994908810,0.021854544058442,0.106068231165409,-0.007567893713713,,0.106760889291763,-0.161280691623688,0.349594742059708,-0.112551398575306,
0.792,0.153156980872154,0.056519072502851,0.141274616122246,-0.026055907830596,,0.126854807138443,-0.170606926083565,0.289714217185974,-0.087215855717659,
0.796,0.175279676914215,0.059621464461088,0.128922358155251,-0.000630424416158,,0.144763469696045,-0.189104333519936,0.250546097755432,-0.117566220462322,
0.8,0.170089468359947,0.042824514210224,0.089137904345989,0.040962245315313,,0.162813052535057,-0.197053208947182,0.245314806699753,-0.146388307213783,
0.804,0.140775695443153,0.061901703476906,0.061130411922932,0.040535055100918,,0.185968071222305,-0.176301196217537,0.275981098413467,-0.138045862317085,
0.808,0.124023899435997,0.098692864179611,0.035185251384974,0.004774994682521,,0.206109851598740,-0.155463501811028,0.314098298549652,-0.131860405206680,
0.812,0.118026487529278,0.097134225070477,0.037507310509682,-0.023173261433840,,0.202268183231354,-0.170937597751617,0.319269388914108,-0.184556111693382,
0.816,0.092514082789421,0.063102670013905,0.086726710200310,-0.038190633058548,,0.165826603770256,-0.203446105122566,0.271783411502838,-0.262530326843262,
0.82,0.070239819586277,0.045175943523645,0.112325474619865,-0.038394622504711,,0.138469815254211,-0.209815800189972,0.226435914635658,-0.284181207418442,
0.824,0.073343411087990,0.067660525441170,0.090229533612728,-0.019541556015611,,0.155040398240089,-0.181725472211838,0.246970355510712,-0.250859469175339,
0.828,0.088892325758934,0.102755501866341,0.066844038665295,0.015301317907870,,0.196445420384407,-0.139584407210350,0.296042233705521,-0.225345164537430,
0.832,0.115641161799431,0.143398836255074,0.067811943590641,0.050946965813637,,0.219978421926498,-0.127670317888260,0.313098996877670,-0.216343194246292,
0.836,0.146891683340073,0.189604222774506,0.105591140687466,0.061728451400995,,0.201773568987846,-0.158498644828796,0.306380987167358,-0.225664824247360,
0.84,0.152304321527481,0.218564942479134,0.157793194055557,0.056572344154119,,0.177498534321785,-0.177444532513618,0.302799493074417,-0.246194824576378,
0.844,0.116399265825748,0.235143259167671,0.173453539609909,0.039412606507540,,0.183509558439255,-0.164300054311752,0.276656955480576,-0.236352726817131,
0.848,0.085090592503548,0.228954344987869,0.128503873944283,-0.017511492595077,,0.207354247570038,-0.161387756466866,0.224866390228271,-0.213603064417839,
0.852,0.093507297337055,0.183138176798820,0.051353920251131,-0.075746729969978,,0.214436948299408,-0.160313844680786,0.186248391866684,-0.202560991048813,
0.856,0.106395170092583,0.118911482393742,0.011473314836621,-0.070325583219528,,0.169779673218727,-0.129832983016968,0.170997858047485,-0.202395394444466,
0.86,0.100916534662247,0.055953387171030,0.037081792950630,-0.030218834057450,,0.116787396371365,-0.101437896490097,0.192163005471230,-0.219551265239716,
0.864,0.100175775587559,0.019635589793324,0.083536744117737,-0.007352203596383,,0.119371272623539,-0.099390782415867,0.243245065212250,-0.221140429377556,
0.868,0.106511659920216,0.036975879222155,0.088900208473206,0.001318748225458,,0.165771529078484,-0.118576996028423,0.272182613611221,-0.169957250356674,
0.872,0.096716508269310,0.069989256560802,0.033413928002119,0.020260244607925,,0.208140641450882,-0.143127754330635,0.275793552398682,-0.121275477111340,
0.876,0.075420349836349,0.080247998237610,-0.035090539604425,0.047766406089067,,0.196604147553444,-0.144780382514000,0.283337235450745,-0.126365497708321,
0.88,0.050806973129511,0.072446323931217,-0.046909395605326,0.028352443128824,,0.144102543592453,-0.135878786444664,0.275778532028198,-0.149503797292709,
0.884,0.039738692343235,0.041887462139130,0.004707233514637,-0.051481071859598,,0.112293541431427,-0.139981091022491,0.265267819166183,-0.158739343285561,
0.888,0.075122021138668,0.002331374445930,0.070687398314476,-0.101827867329121,,0.124898463487625,-0.148984089493752,0.277893990278244,-0.168484836816788,
0.892,0.111808963119984,-0.005230953451246,0.102572984993458,-0.079310096800327,,0.163031533360481,-0.169248342514038,0.289302080869675,-0.205573424696922,
0.896,0.088473886251450,0.048379994928837,0.078394599258900,-0.033673752099276,,0.192797049880028,-0.203984096646309,0.297845900058746,-0.235966905951500,
0.9,0.049603909254074,0.113469511270523,0.031715232878923,-0.017613876610994,,0.206099212169647,-0.223729819059372,0.296123862266541,-0.237184956669807,
0.904,0.035433184355497,0.133221358060837,0.015240057371557,-0.033688090741634,,0.212767258286476,-0.214613035321236,0.269205212593079,-0.254537433385849,
0.908,0.030108748003840,0.124078884720802,0.033647622913122,-0.036976400762796,,0.194971680641174,-0.189594283699989,0.251504331827164,-0.265282362699509,
0.912,0.034513931721449,0.113413348793983,0.063941679894924,-0.019142780452967,,0.172456279397011,-0.137811154127121,0.250290989875793,-0.250165849924088,
0.916,0.045979563146830,0.124326609075069,0.092326357960701,-0.018917491659522,,0.169099628925323,-0.077391237020493,0.246085181832314,-0.253229409456253,
0.92,0.054094690829515,0.141221299767494,0.090594053268433,-0.034658741205931,,0.145602419972420,-0.074012510478497,0.269097626209259,-0.256480127573013,
0.924,0.056531231850386,0.125839307904243,0.076887615025043,-0.047479659318924,,0.113526679575443,-0.096122078597546,0.316621273756027,-0.245355263352394,
0.928,0.068573735654354,0.089876770973206,0.109736315906048,-0.067505165934563,,0.123552732169628,-0.066729113459587,0.318066745996475,-0.241749048233032,
0.932,0.082665339112282,0.064441226422787,0.138438582420349,-0.073295414447784,,0.176189512014389,-0.039958462119102,0.248304486274719,-0.232270359992981,
0.936,0.048925239592791,0.063386924564838,0.115209415555000,-0.032199002802372,,0.223741933703423,-0.082034863531590,0.182177558541298,-0.193592771887779,
0.94,-0.010214142501354,0.083164304494858,0.102502711117268,0.030648626387119,,0.231199130415916,-0.143521443009377,0.192492276430130,-0.169116720557213,
0.944,0.001092864898965,0.105593048036098,0.112868860363960,0.060888368636370,,0.231213316321373,-0.169924497604370,0.234682470560074,-0.192978203296661,
0.948,0.084190599620342,0.114084176719189,0.103398464620113,0.044474180787802,,0.238596543669701,-0.154604792594910,0.232863530516624,-0.190572798252106,
0.952,0.150129288434982,0.098983034491539,0.068586349487305,0.028262855485082,,0.219332665205002,-0.135903000831604,0.220298692584038,-0.161099016666412,
0.956,0.176155105233192,0.064606465399265,0.040116149932146,0.055883090943098,,0.181725591421127,-0.164926722645760,0.250696897506714,-0.167912483215332,
0.96,0.158689305186272,0.038915187120438,0.035912860184908,0.091499745845795,,0.170263305306435,-0.220086112618446,0.279183834791183,-0.177489966154099,
0.964,0.089802943170071,0.045468267053366,0.037198625504971,0.071103468537331,,0.196079313755035,-0.229471102356911,0.263541221618652,-0.189483493566513,
0.968,0.019084503874183,0.067475497722626,0.038997717201710,0.005411386489868,,0.220222309231758,-0.164561301469803,0.239684671163559,-0.239864423871040,
0.972,0.003425793023780,0.092908605933189,0.066882438957691,-0.048034355044365,,0.203271746635437,-0.081530153751373,0.239228516817093,-0.270535349845886,
0.976,0.040250420570374,0.120988845825195,0.106719911098480,-0.066027171909809,,0.172519430518150,-0.066041521728039,0.238093063235283,-0.234046936035156,
0.98,0.072277784347534,0.128915250301361,0.098329685628414,-0.058545149862766,,0.171569734811783,-0.113513350486755,0.229565352201462,-0.190208807587624,
0.984,0.073638610541821,0.134230569005013,0.056146584451199,-0.024309648200870,,0.191692441701889,-0.152253955602646,0.246175199747086,-0.194555222988129,
0.988,0.071530796587467,0.152942135930061,0.030334640294313,-0.004488083533943,,0.215226635336876,-0.188473939895630,0.282836586236954,-0.220431357622147,
0.992,0.081983394920826,0.148699402809143,0.010570986196399,-0.043798871338367,,0.228926435112953,-0.234731808304787,0.297024190425873,-0.231718003749847,
0.996,0.090954318642616,0.108132243156433,-0.007114950567484,-0.078490488231182,,0.224708154797554,-0.233577623963356,0.279350012540817,-0.217405021190643,
1,0.082948274910450,0.059722315520048,-0.000140728225233,-0.052161153405905,,0.208492428064346,-0.186351001262665,0.279972434043884,-0.186784848570824,
1.004,0.046452764421701,0.038992661982775,0.024188078939915,0.007178200874478,,0.182267904281616,-0.156090274453163,0.285859465599060,-0.175302848219872,
1.008,0.006230114493519,0.038570068776608,0.037477172911167,0.049227125942707,,0.169710442423820,-0.160345956683159,0.226622775197029,-0.204595237970352,
1.012,0.008724641986191,0.040073886513710,0.038741506636143,0.059774905443192,,0.188734307885170,-0.160045191645622,0.178415313363075,-0.242124229669571,
1.016,0.049018230289221,0.053242724388838,0.035598218441010,0.069083303213120,,0.206800103187561,-0.140699774026871,0.224658817052841,-0.243292972445488,
1.02,0.087676122784615,0.074596151709557,0.026602368801832,0.080317541956902,,0.209693446755409,-0.142680704593658,0.300844103097916,-0.217145204544067,
1.024,0.111124038696289,0.080585502088070,0.023735528811812,0.076741300523281,,0.223269030451775,-0.192702949047089,0.345444738864899,-0.205403208732605,
1.028,0.103014819324017,0.071004472672939,0.022379994392395,0.048077218234539,,0.246868744492531,-0.257794916629791,0.341566115617752,-0.218814060091972,
1.032,0.043389055877924,0.071801133453846,0.011771067045629,0.000745965400711,,0.241603508591652,-0.284658402204514,0.292052656412125,-0.245477855205536,
1.036,-0.018048984929919,0.081836313009262,0.016527051106095,-0.010534027591348,,0.194419592618942,-0.272032827138901,0.225411161780357,-0.294626235961914,
1.04,-0.030249061062932,0.076975323259830,0.048273954540491,0.018796561285853,,0.148531228303909,-0.250560134649277,0.187322258949280,-0.340841561555862,
1.044,-0.020286411046982,0.048480961471796,0.074788294732571,0.044606328010559,,0.127107247710228,-0.228489607572556,0.215743809938431,-0.331858456134796,
1.048,-0.017874911427498,0.034590326249599,0.081161916255951,0.057704400271177,,0.104511633515358,-0.198399826884270,0.284649163484573,-0.278395622968674,
1.052,0.005159034393728,0.059712409973145,0.073903448879719,0.051615986973047,,0.105553045868874,-0.172889679670334,0.314464062452316,-0.232423201203346,
1.056,0.055387753993273,0.097863264381886,0.054768815636635,0.046477407217026,,0.186267822980881,-0.170987293124199,0.266749203205109,-0.215845510363579,
1.06,0.082827687263489,0.135702177882195,0.051746193319559,0.060536596924067,,0.282317072153091,-0.166004598140717,0.212155655026436,-0.212239325046539,
1.064,0.076162107288837,0.150331601500511,0.082397647202015,0.063799813389778,,0.288800209760666,-0.138082757592201,0.235756233334541,-0.218800142407417,
1.068,0.064237795770168,0.142981499433517,0.105951726436615,0.038034547120333,,0.233638361096382,-0.117309994995594,0.308658987283707,-0.217301338911057,
1.072,0.064535528421402,0.156493470072746,0.090819217264652,-0.000002239082050,,0.200113698840141,-0.130322217941284,0.349815160036087,-0.196239262819290,
1.076,0.077401272952557,0.162006855010986,0.072461254894733,-0.033483367413282,,0.199096873402596,-0.157981216907501,0.346740603446960,-0.207844272255898,
1.08,0.069695316255093,0.126041918992996,0.075397245585918,-0.035764247179031,,0.190708309412003,-0.156289801001549,0.340000152587891,-0.260460615158081,
1.084,0.038441613316536,0.099470511078835,0.078525237739086,0.016595494002104,,0.175321280956268,-0.133363887667656,0.321591079235077,-0.284654319286346,
1.088,0.012651083059609,0.101200535893440,0.082299217581749,0.070767171680927,,0.175105497241020,-0.120920196175575,0.267180889844894,-0.254613637924194,
1.092,0.018896803259850,0.093102924525738,0.090415172278881,0.063299238681793,,0.178542390465736,-0.130243018269539,0.211065739393234,-0.210626125335693,
1.096,0.072782725095749,0.078112959861755,0.093654058873653,0.023029468953609,,0.181120783090591,-0.155060857534409,0.205535903573036,-0.170382872223854,
1.1,0.097875677049160,0.099067606031895,0.109406761825085,0.002711522392929,,0.187918365001678,-0.177957281470299,0.254305452108383,-0.153591886162758,
1.104,0.057655796408653,0.138631701469421,0.136046558618546,0.001833682879806,,0.183657079935074,-0.209414616227150,0.297804355621338,-0.190731093287468,
1.108,0.033287234604359,0.155631095170975,0.123572655022144,0.007985882461071,,0.162620514631271,-0.236814022064209,0.311638504266739,-0.241600885987282,
1.112,0.050717592239380,0.172300651669502,0.061300382018089,0.025909079238772,,0.164359539747238,-0.218339219689369,0.308911383152008,-0.238174512982368,
1.116,0.058997981250286,0.202271968126297,0.014737243764102,0.045791655778885,,0.218205168843269,-0.169167011976242,0.279729396104813,-0.200878918170929,
1.12,0.071729891002178,0.211381107568741,0.012252656742930,0.034154400229454,,0.274932712316513,-0.150058507919312,0.233059734106064,-0.182848230004311,
1.124,0.107555769383907,0.192836716771126,0.034543011337519,0.003142775502056,,0.284275174140930,-0.149772509932518,0.204047664999962,-0.173782438039780,
1.128,0.095685414969921,0.169958770275116,0.076797358691692,0.012181374244392,,0.274889886379242,-0.128031358122826,0.210202306509018,-0.149774089455605,
1.132,0.040215495973825,0.138087466359138,0.105484068393707,0.049712080508471,,0.290453404188156,-0.117612041532993,0.226859450340271,-0.124090060591698,
1.136,-0.000460602575913,0.082944691181183,0.091746926307678,0.061654035001993,,0.310821026563644,-0.129708573222160,0.237967282533646,-0.125034123659134,
1.14,-0.021433640271425,0.031299419701099,0.054529126733541,0.057712182402611,,0.279459714889526,-0.142093658447266,0.244197145104408,-0.131754562258720,
1.144,-0.015664827078581,0.026439795270562,0.026909461244941,0.063805244863033,,0.206886753439903,-0.144051358103752,0.248658552765846,-0.116768479347229,
1.148,0.006851179059595,0.059850722551346,0.009320825338364,0.058084607124329,,0.157458752393723,-0.135255634784698,0.261576026678085,-0.122046090662479,
1.152,0.006892091128975,0.090826705098152,-0.008595494553447,0.027933564037085,,0.162484809756279,-0.130769327282906,0.259280949831009,-0.157065540552139,
1.156,-0.010724860243499,0.091798067092896,-0.002845335984603,0.000201625269256,,0.201204791665077,-0.122199103236198,0.208672761917114,-0.171343490481377,
1.16,-0.007756880950183,0.062485981732607,0.024220557883382,0.000240003966610,,0.230944216251373,-0.112452052533627,0.137997016310692,-0.170983001589775,
1.164,-0.002270084107295,0.055399958044291,0.042264904826880,0.030152438208461,,0.222581923007965,-0.117958195507526,0.123139239847660,-0.204183936119080,
1.168,-0.015747820958495,0.103392340242863,0.048764545470476,0.065341077744961,,0.169361665844917,-0.126795470714569,0.182518422603607,-0.272636264562607,
1.172,-0.015688585117459,0.136248603463173,0.067874886095524,0.063249543309212,,0.113713905215263,-0.148579731583595,0.248640835285187,-0.310803502798080,
1.176,0.014133157208562,0.104661226272583,0.099308781325817,0.027339417487383,,0.112305827438831,-0.182260468602180,0.269710659980774,-0.267524480819702,
1.18,0.067385345697403,0.071245238184929,0.101327523589134,0.023404909297824,,0.152866348624229,-0.191420257091522,0.263408392667770,-0.206568941473961,
1.184,0.122438952326775,0.088288642466068,0.065942846238613,0.059743966907263,,0.191342592239380,-0.174085333943367,0.250151604413986,-0.207598760724068,
1.188,0.129334732890129,0.132609650492668,0.046094574034214,0.086264386773109,,0.225584164261818,-0.154277339577675,0.223790526390076,-0.230101704597473,
1.192,0.085467457771301,0.157770678400993,0.073178425431252,0.093128018081188,,0.256192356348038,-0.148026913404465,0.229389131069183,-0.229258492588997,
1.196,0.051015269011259,0.128987118601799,0.104547426104546,0.094551764428616,,0.258389502763748,-0.159676074981689,0.295754522085190,-0.208049923181534,
1.2,0.052669651806355,0.063484549522400,0.084343746304512,0.094537667930126,,0.225060805678368,-0.173691406846046,0.340195596218109,-0.153687283396721,
1.204,0.076820410788059,0.023425810039043,0.031881421804428,0.094575069844723,,0.184587344527245,-0.149931252002716,0.289517432451248,-0.121049679815769,
1.208,0.084925718605518,0.023432971909642,0.026012575253844,0.111644402146339,,0.193086579442024,-0.121347814798355,0.219465091824532,-0.012484275735915,
1.212,1.479435443878174,0.075867481529713,1.714553833007813,4.228960514068604,,0.699511945247650,-0.336668729782104,0.807214736938477,2.079185009002686,
1.216,6.761944770812988,1.086681723594666,7.578355312347412,17.171096801757813,,3.607677459716797,-0.711322128772736,3.664916753768921,10.747437477111816,
1.22,14.375371932983398,5.028695106506348,16.078359603881836,31.404214859008789,,10.440096855163574,2.056797981262207,10.252749443054199,24.705902099609375,
1.224,18.089464187622070,10.538013458251953,21.650638580322266,34.539360046386719,,15.957777023315430,8.131199836730957,16.955490112304688,32.070709228515625,
1.228,17.083276748657227,11.491827011108398,20.071565628051758,29.969123840332031,,13.794342041015625,9.223887443542480,16.640178680419922,28.776878356933594,
1.232,19.694410324096680,8.618185997009277,14.649920463562012,29.860309600830078,,13.796887397766113,5.577335834503174,10.421039581298828,28.029396057128906,
1.236,31.621526718139648,11.946637153625488,13.620539665222168,35.424114227294922,,29.701089859008789,8.796515464782715,6.922321796417236,37.845973968505859,
1.24,54.664470672607422,24.343141555786133,18.474721908569336,46.548564910888672,,56.660995483398438,20.644794464111328,9.607640266418457,53.312808990478516,
1.244,86.447608947753906,39.070686340332031,24.369565963745117,64.658187866210938,,90.821685791015625,34.051147460937500,13.541170120239258,75.074630737304688,
1.248,113.623077392578125,50.555408477783203,28.854970932006836,80.980018615722656,,130.626480102539063,46.980285644531250,15.910004615783691,102.018547058105469,
1.252,121.233070373535156,53.407779693603516,30.170288085937500,85.877082824707031,,156.420440673828125,56.689052581787109,19.056226730346680,119.981758117675781,
1.256,106.448936462402344,44.693744659423828,26.511203765869141,78.267784118652344,,154.232528686523438,56.209384918212891,20.264833450317383,119.554855346679688,
1.26,81.505065917968750,31.166528701782227,21.120176315307617,65.437469482421875,,126.811698913574219,42.948070526123047,15.814738273620605,101.785110473632813,
1.264,59.699836730957031,20.801273345947266,18.207254409790039,55.359115600585938,,86.249809265136719,24.425674438476563,10.538345336914063,75.495391845703125,
1.268,43.441883087158203,14.204998970031738,17.855920791625977,49.048454284667969,,53.030639648437500,12.144361495971680,10.228555679321289,54.987739562988281,
1.272,30.846780776977539,9.145571708679199,18.118940353393555,44.369277954101563,,34.569702148437500,7.563323974609375,13.107594490051270,44.295551300048828,
1.276,22.804258346557617,5.619791507720947,17.804088592529297,41.047824859619141,,23.663997650146484,5.106503486633301,14.859622955322266,37.674453735351563,
1.28,19.798755645751953,4.380853652954102,17.376214981079102,39.407642364501953,,16.691242218017578,3.061562061309814,14.785859107971191,32.643642425537109,
1.284,19.570810317993164,4.866796493530273,17.334033966064453,38.387069702148438,,14.061076164245605,2.562527179718018,14.404092788696289,30.076057434082031,
1.288,19.692592620849609,5.751047611236572,17.263034820556641,36.918296813964844,,14.787928581237793,3.693434476852417,14.670313835144043,29.882202148437500,
1.292,19.406713485717773,6.162652969360352,16.950704574584961,35.307636260986328,,15.951133728027344,4.809180259704590,14.992538452148438,30.169031143188477,
1.296,19.412523269653320,6.414397239685059,16.890848159790039,34.646499633789063,,15.864840507507324,4.627120971679688,14.373974800109863,29.650367736816406,
1.3,20.167623519897461,7.058430194854736,17.550613403320313,35.308963775634766,,15.515906333923340,3.990056514739990,13.572840690612793,29.310756683349609,
1.304,21.479434967041016,8.066335678100586,18.627300262451172,36.657451629638672,,16.233655929565430,4.218896389007568,13.880086898803711,30.353414535522461,
1.308,23.329385757446289,9.193324089050293,19.590539932250977,38.204742431640625,,17.786268234252930,4.964820384979248,14.701954841613770,32.251380920410156,
1.312,25.818664550781250,10.367327690124512,20.351943969726563,39.995319366455078,,19.286722183227539,5.260424137115479,14.951260566711426,34.036354064941406,
1.316,28.474853515625000,11.515007972717285,20.940773010253906,41.853446960449219,,20.949230194091797,5.266203880310059,14.683309555053711,35.827743530273438,
1.32,31.150230407714844,12.618457794189453,21.386747360229492,43.805240631103516,,23.708232879638672,5.719892978668213,14.457993507385254,38.287494659423828,
1.324,33.968963623046875,13.613855361938477,21.703130722045898,45.976680755615234,,28.406984329223633,7.025628089904785,14.395858764648438,41.941570281982422,
1.328,36.194866180419922,14.200685501098633,21.806392669677734,47.752994537353516,,34.496665954589844,8.892787933349609,14.166530609130859,46.256286621093750,
1.332,36.967330932617188,14.087623596191406,21.614627838134766,48.481441497802734,,39.680828094482422,10.543891906738281,13.780643463134766,49.605140686035156,
1.336,36.232101440429688,13.360184669494629,21.213134765625000,48.217742919921875,,42.735469818115234,11.713258743286133,13.617956161499023,51.280590057373047,
1.34,34.737369537353516,12.548586845397949,20.907974243164063,47.575794219970703,,44.028575897216797,12.566225051879883,13.767813682556152,51.622943878173828,
1.344,33.262325286865234,12.022460937500000,20.892839431762695,47.030952453613281,,43.849720001220703,13.014543533325195,13.977260589599609,50.886089324951172,
1.348,31.839315414428711,11.659318923950195,21.046119689941406,46.399562835693359,,42.410465240478516,12.934589385986328,14.087489128112793,49.411491394042969,
1.352,30.308408737182617,11.268951416015625,21.107391357421875,45.420440673828125,,39.762432098388672,12.302962303161621,14.124331474304199,47.358108520507813,
1.356,28.992050170898438,10.905843734741211,20.961688995361328,44.328365325927734,,36.165031433105469,11.224080085754395,14.117638587951660,44.808517456054688,
1.36,28.027317047119141,10.643162727355957,20.699394226074219,43.280471801757813,,32.718330383300781,10.065433502197266,14.001238822937012,42.362907409667969,
1.364,27.189474105834961,10.449336051940918,20.411346435546875,42.201568603515625,,29.934610366821289,8.979823112487793,13.694315910339355,40.300300598144531,
1.368,26.457265853881836,10.304152488708496,20.148324966430664,41.222553253173828,,27.603979110717773,7.935036659240723,13.289529800415039,38.504646301269531,
1.372,25.788188934326172,10.102839469909668,19.849649429321289,40.324275970458984,,25.952411651611328,7.160625934600830,13.003997802734375,37.171962738037109,
1.376,25.061601638793945,9.754992485046387,19.415142059326172,39.346843719482422,,25.024394989013672,6.727881431579590,12.880278587341309,36.330497741699219,
1.38,24.340843200683594,9.374185562133789,18.934614181518555,38.381107330322266,,24.408340454101563,6.474075794219971,12.775663375854492,35.682430267333984,
1.384,23.622596740722656,9.011931419372559,18.431953430175781,37.361682891845703,,23.873491287231445,6.337636947631836,12.625717163085938,35.088405609130859,
1.388,22.866697311401367,8.621255874633789,17.843275070190430,36.185939788818359,,23.550357818603516,6.318522930145264,12.475289344787598,34.663654327392578,
1.392,22.222763061523438,8.305667877197266,17.278041839599609,35.130813598632813,,23.537712097167969,6.390791416168213,12.323920249938965,34.416675567626953,
1.396,21.745676040649414,8.114759445190430,16.853372573852539,34.361545562744141,,23.748640060424805,6.508291721343994,12.146869659423828,34.224094390869141,
1.4,21.289178848266602,7.969828128814697,16.523738861083984,33.671146392822266,,24.039438247680664,6.613492965698242,11.962519645690918,34.076499938964844,
1.404,20.773639678955078,7.856143474578857,16.211135864257813,32.913963317871094,,24.246688842773438,6.641373157501221,11.731235504150391,33.882621765136719,
1.408,20.283946990966797,7.772957324981689,15.934477806091309,32.258369445800781,,24.262832641601563,6.571397304534912,11.374103546142578,33.503200531005859,
1.412,19.855981826782227,7.656599998474121,15.705600738525391,31.754779815673828,,24.079908370971680,6.437047958374023,10.947607040405273,33.022109985351563,
1.416,19.481966018676758,7.498431205749512,15.516850471496582,31.275297164916992,,23.741964340209961,6.269724845886230,10.599717140197754,32.516532897949219,
1.42,19.216613769531250,7.406929016113281,15.388783454895020,30.857458114624023,,23.201000213623047,6.061689853668213,10.307596206665039,31.789957046508789,
1.424,19.029361724853516,7.450318336486816,15.309206962585449,30.526885986328125,,22.436700820922852,5.838773727416992,9.970496177673340,30.753622055053711,
1.428,18.877004623413086,7.573561191558838,15.258029937744141,30.233575820922852,,21.634597778320313,5.658858776092529,9.648509979248047,29.702415466308594,
1.432,18.811771392822266,7.677812099456787,15.216723442077637,29.996017456054688,,20.892005920410156,5.515249252319336,9.360595703125000,28.718280792236328,
1.436,18.845964431762695,7.729811191558838,15.173204421997070,29.815849304199219,,20.218101501464844,5.407647132873535,9.055623054504395,27.683555603027344,
1.44,18.981155395507813,7.845542430877686,15.141500473022461,29.656480789184570,,19.730804443359375,5.343334674835205,8.783529281616211,26.770620346069336,
1.444,19.259273529052734,8.111464500427246,15.137569427490234,29.550104141235352,,19.423791885375977,5.288871765136719,8.522010803222656,26.019451141357422,
1.448,19.657968521118164,8.416559219360352,15.151130676269531,29.532409667968750,,19.177522659301758,5.229945182800293,8.199374198913574,25.270069122314453,
1.452,20.155725479125977,8.715441703796387,15.143109321594238,29.557176589965820,,18.971307754516602,5.181452274322510,7.888090133666992,24.605266571044922,
1.456,20.735599517822266,9.073100090026855,15.091108322143555,29.578550338745117,,18.827384948730469,5.152447223663330,7.637847900390625,24.127162933349609,
1.46,21.285829544067383,9.426580429077148,14.980305671691895,29.549213409423828,,18.686885833740234,5.119654178619385,7.337777614593506,23.636301040649414,
1.464,21.763641357421875,9.693345069885254,14.763918876647949,29.348922729492188,,18.486000061035156,5.065021514892578,6.911230087280273,22.956686019897461,
1.468,22.203071594238281,9.879467010498047,14.431466102600098,28.939310073852539,,18.247247695922852,5.008762836456299,6.466983795166016,22.232946395874023,
1.472,22.528068542480469,9.980932235717773,14.060372352600098,28.450603485107422,,17.881578445434570,4.912352561950684,6.079019546508789,21.480882644653320,
1.476,22.632026672363281,9.985380172729492,13.717337608337402,27.962823867797852,,17.311693191528320,4.728592872619629,5.719147205352783,20.553831100463867,
1.48,22.403604507446289,9.863051414489746,13.332134246826172,27.266307830810547,,16.703090667724609,4.518095016479492,5.393079757690430,19.565299987792969,
1.484,21.808029174804688,9.625552177429199,12.811092376708984,26.192859649658203,,16.073684692382813,4.310964584350586,5.047023773193359,18.546506881713867,
1.488,21.043024063110352,9.390897750854492,12.268485069274902,25.037672042846680,,15.297060012817383,4.080445289611816,4.646972656250000,17.418487548828125,
1.492,20.190082550048828,9.157752990722656,11.805313110351563,23.977008819580078,,14.463849067687988,3.864765405654907,4.287252902984619,16.351461410522461,
1.496,19.253105163574219,8.857641220092773,11.377065658569336,22.913785934448242,,13.724118232727051,3.701373577117920,4.006054401397705,15.438825607299805,
1.5,18.475894927978516,8.588862419128418,11.021963119506836,21.953996658325195,,13.017790794372559,3.520427942276001,3.679649353027344,14.416707992553711,
1.504,17.947252273559570,8.407961845397949,10.690057754516602,21.125597000122070,,12.257674217224121,3.288474559783936,3.229490518569946,13.141205787658691,
1.508,17.537391662597656,8.261186599731445,10.253103256225586,20.328166961669922,,11.558155059814453,3.081675291061401,2.780326604843140,11.929673194885254,
1.512,17.231937408447266,8.179755210876465,9.815762519836426,19.621873855590820,,10.879624366760254,2.901412725448608,2.386563777923584,10.888766288757324,
1.516,17.070991516113281,8.197306632995605,9.512202262878418,19.056049346923828,,10.108158111572266,2.705151319503784,1.997804880142212,9.846112251281738,
1.52,17.032012939453125,8.253118515014648,9.241753578186035,18.507230758666992,,9.397279739379883,2.511604070663452,1.650268554687500,8.891589164733887,
1.524,17.068910598754883,8.291795730590820,8.879915237426758,17.889436721801758,,8.782764434814453,2.300823211669922,1.347724556922913,7.982371807098389,
1.528,17.136734008789063,8.313980102539063,8.488188743591309,17.302579879760742,,8.159346580505371,2.061151027679443,1.065573573112488,7.007337093353271,
1.532,17.169504165649414,8.327609062194824,8.095513343811035,16.711374282836914,,7.590656757354736,1.879818797111511,0.800849735736847,6.181269645690918,
1.536,17.094280242919922,8.321526527404785,7.661712169647217,15.989953994750977,,7.136552333831787,1.793303608894348,0.559519767761230,5.599938869476318,
1.54,16.903728485107422,8.290758132934570,7.253410339355469,15.237606048583984,,6.678246974945068,1.693402171134949,0.361171245574951,5.058089733123779,
1.544,16.583742141723633,8.220101356506348,6.856688499450684,14.463988304138184,,6.134500980377197,1.494921684265137,0.200759977102280,4.438069343566895,
1.548,16.109334945678711,8.110774993896484,6.423516273498535,13.598132133483887,,5.634438037872314,1.275876164436340,0.084058552980423,3.882905721664429,
1.552,15.599449157714844,8.002366065979004,6.061744689941406,12.776398658752441,,5.224563121795654,1.137680768966675,0.015675226226449,3.451832056045532,
1.556,15.154264450073242,7.884160518646240,5.810169696807861,12.086413383483887,,4.839121341705322,1.084548711776733,-0.019254071637988,3.069723606109619,
1.56,14.700119972229004,7.712819099426270,5.545300483703613,11.392778396606445,,4.511098861694336,1.054308891296387,-0.017338681966066,2.775761127471924,
1.564,14.189420700073242,7.506516456604004,5.219562530517578,10.625674247741699,,4.197736740112305,0.966272830963135,0.006910552270710,2.519402265548706,
1.568,13.724461555480957,7.318463802337646,4.914826869964600,9.962981224060059,,3.830999374389648,0.833712160587311,0.033818401396275,2.189386367797852,
1.572,13.396665573120117,7.187385559082031,4.651201248168945,9.462210655212402,,3.501172304153442,0.743762791156769,0.078984446823597,1.871672630310059,
1.576,13.215540885925293,7.146907329559326,4.428701877593994,9.017938613891602,,3.274393320083618,0.700685203075409,0.126507103443146,1.677382469177246,
1.58,13.172510147094727,7.197555065155029,4.289657592773438,8.677754402160645,,3.099410772323608,0.646538138389587,0.131794542074203,1.570129275321960,
1.584,13.285670280456543,7.305295467376709,4.183726787567139,8.483364105224609,,2.940337657928467,0.569145143032074,0.089342705905437,1.479078769683838,
1.588,13.533640861511230,7.443090438842773,4.053463459014893,8.363589286804199,,2.821954250335693,0.521923243999481,0.042544797062874,1.390849471092224,
1.592,13.817567825317383,7.586035728454590,3.937247037887573,8.299367904663086,,2.753902196884155,0.524694025516510,0.026854725554585,1.312866687774658,
1.596,14.086215019226074,7.700311660766602,3.871185302734375,8.301126480102539,,2.714530229568481,0.524964213371277,0.020006490871310,1.252135992050171,
1.6,14.360672950744629,7.765249729156494,3.814425230026245,8.318560600280762,,2.669073343276978,0.501595675945282,0.012006998993456,1.207423329353333,
1.604,14.660658836364746,7.803181648254395,3.717287302017212,8.281943321228027,,2.592690467834473,0.490643531084061,0.028206333518028,1.174533128738403,
1.608,14.946714401245117,7.859062671661377,3.591058969497681,8.175624847412109,,2.527095079421997,0.516231715679169,0.055015042424202,1.163978457450867,
1.612,15.163924217224121,7.924901008605957,3.439195156097412,8.030365943908691,,2.509271860122681,0.541462123394012,0.069431468844414,1.171253919601440,
1.616,15.309930801391602,7.959028244018555,3.292970180511475,7.884530544281006,,2.503696441650391,0.547800242900848,0.091798692941666,1.189294934272766,
1.62,15.408706665039063,7.964821815490723,3.205577373504639,7.786798954010010,,2.496259212493896,0.562462389469147,0.119599767029285,1.200977206230164,
1.624,15.481901168823242,7.946886062622070,3.153997182846069,7.753933429718018,,2.504970312118530,0.586905121803284,0.124208651483059,1.170211076736450,
1.628,15.561541557312012,7.927117824554443,3.099554061889648,7.739877700805664,,2.506467819213867,0.616601467132568,0.120735585689545,1.121816515922546,
1.632,15.673979759216309,7.937666416168213,3.030269861221313,7.686761379241943,,2.511483907699585,0.639214277267456,0.114167138934135,1.110293269157410,
1.636,15.805206298828125,7.961072444915771,2.954897642135620,7.597750663757324,,2.554801702499390,0.630135178565979,0.100223228335381,1.119912028312683,
1.64,15.939558029174805,8.002326011657715,2.895191431045532,7.550412654876709,,2.587222099304199,0.598717033863068,0.118591614067554,1.111202716827393,
1.644,16.081548690795898,8.069532394409180,2.859275341033936,7.588491916656494,,2.576934099197388,0.588448286056519,0.144166812300682,1.078309178352356,
1.648,16.209768295288086,8.131797790527344,2.840163707733154,7.649701118469238,,2.567598342895508,0.614795029163361,0.114062637090683,1.042243480682373,
1.652,16.346174240112305,8.161315917968750,2.823448896408081,7.686442852020264,,2.572402954101563,0.650337457656860,0.051092043519020,1.037503719329834,
1.656,16.556724548339844,8.181480407714844,2.794380903244019,7.727753162384033,,2.571343898773193,0.670349240303040,0.002203406300396,1.053448438644409,
1.66,16.831005096435547,8.258790969848633,2.764307975769043,7.794334888458252,,2.598112821578979,0.666565954685211,0.003002912271768,1.056602120399475,
1.664,17.175897598266602,8.392561912536621,2.755840778350830,7.913557052612305,,2.677975177764893,0.656872153282166,0.044060036540031,1.060968041419983,
1.668,17.609916687011719,8.537318229675293,2.766706943511963,8.101025581359863,,2.738608121871948,0.667009651660919,0.061794314533472,1.080903291702271,
1.672,18.050952911376953,8.685803413391113,2.792998313903809,8.295912742614746,,2.765605211257935,0.695511937141418,0.027818351984024,1.131984233856201,
1.676,18.457183837890625,8.831589698791504,2.828493356704712,8.449449539184570,,2.827584028244019,0.727481007575989,-0.010330673307180,1.221994876861572,
1.68,18.915849685668945,9.013540267944336,2.853986978530884,8.622210502624512,,2.917002201080322,0.755607962608337,0.011179558932781,1.309054613113403,
1.684,19.497798919677734,9.260589599609375,2.869764566421509,8.876808166503906,,3.027977943420410,0.781686246395111,0.027524227276444,1.385703802108765,
1.688,20.119182586669922,9.485716819763184,2.900352239608765,9.167835235595703,,3.207880258560181,0.809457421302795,-0.034749012440443,1.471703529357910,
1.692,20.770027160644531,9.702651977539063,2.935420036315918,9.496603965759277,,3.449014186859131,0.841488540172577,-0.098079897463322,1.540507435798645,
1.696,21.506052017211914,9.999677658081055,2.947765350341797,9.887725830078125,,3.684743881225586,0.886718273162842,-0.106571428477764,1.560670256614685,
1.7,22.201934814453125,10.310235023498535,2.946062564849854,10.264854431152344,,3.877073526382446,0.959367990493774,-0.107935927808285,1.605121850967407,
1.704,22.881832122802734,10.596468925476074,2.967450857162476,10.616591453552246,,4.048539638519287,1.035837054252625,-0.154598921537399,1.747479319572449,
1.708,23.664163589477539,10.907876968383789,3.045684099197388,10.994052886962891,,4.213910102844238,1.070134520530701,-0.216355159878731,1.928023099899292,
1.712,24.430389404296875,11.214864730834961,3.147558450698853,11.395582199096680,,4.421045780181885,1.093219995498657,-0.231038808822632,2.107477426528931,
1.716,25.084388732910156,11.465560913085938,3.219202041625977,11.796107292175293,,4.713800430297852,1.135249376296997,-0.217710629105568,2.309103488922119,
1.72,25.764522552490234,11.725313186645508,3.278159618377686,12.186222076416016,,5.038098812103271,1.178252100944519,-0.203396856784821,2.528681278228760,
1.724,26.573402404785156,12.072773933410645,3.376713037490845,12.570769309997559,,5.410753250122070,1.266854166984558,-0.192338049411774,2.752315044403076,
1.728,27.336565017700195,12.448099136352539,3.501849889755249,12.924198150634766,,5.841866016387939,1.412641763687134,-0.203763961791992,2.959609031677246,
1.732,28.019018173217773,12.790516853332520,3.605469942092896,13.268985748291016,,6.220151901245117,1.533998012542725,-0.226331114768982,3.129280567169189,
1.736,28.743623733520508,13.104885101318359,3.680658102035522,13.666028976440430,,6.512038230895996,1.596897721290588,-0.249541461467743,3.301417827606201,
1.74,29.398992538452148,13.408702850341797,3.726910829544067,14.070035934448242,,6.803701877593994,1.682165265083313,-0.286790430545807,3.533699989318848,
1.744,29.993337631225586,13.721403121948242,3.786215543746948,14.404993057250977,,7.146079540252686,1.851737260818481,-0.327844351530075,3.812455654144287,
1.748,30.668729782104492,14.024187088012695,3.907712936401367,14.695597648620605,,7.472173690795898,2.022493362426758,-0.345441311597824,4.076619148254395,
1.752,31.332927703857422,14.286650657653809,4.039628982543945,15.000904083251953,,7.785514831542969,2.132665395736694,-0.324157655239105,4.306650638580322,
1.756,31.873771667480469,14.516985893249512,4.127151489257813,15.311958312988281,,8.142085075378418,2.225373744964600,-0.273083627223969,4.502974033355713,
1.76,32.394077301025391,14.779853820800781,4.190780162811279,15.622790336608887,,8.456047058105469,2.334046840667725,-0.239072993397713,4.641666889190674,
1.764,33.028476715087891,15.103527069091797,4.268382549285889,15.946011543273926,,8.669012069702148,2.444638967514038,-0.242374047636986,4.738904953002930,
1.768,33.679370880126953,15.414054870605469,4.382458686828613,16.252204895019531,,8.823716163635254,2.516861677169800,-0.238930717110634,4.847056865692139,
1.772,34.271797180175781,15.721554756164551,4.523293972015381,16.585384368896484,,8.937611579895020,2.540047645568848,-0.208265498280525,4.955760478973389,
1.776,34.862953186035156,16.063812255859375,4.640647888183594,16.983934402465820,,9.025051116943359,2.549722194671631,-0.191158592700958,5.014369487762451,
1.78,35.388469696044922,16.338821411132813,4.692492485046387,17.334575653076172,,9.092477798461914,2.588156461715698,-0.190797626972198,5.062436580657959,
1.784,35.840850830078125,16.504114151000977,4.719373703002930,17.577835083007813,,9.101511001586914,2.657968521118164,-0.164211153984070,5.138243198394775,
1.788,36.272315979003906,16.640556335449219,4.774642467498779,17.778829574584961,,9.067451477050781,2.710195541381836,-0.147822901606560,5.187192916870117,
1.792,36.631664276123047,16.793518066406250,4.810112953186035,17.954645156860352,,9.061426162719727,2.727980375289917,-0.179538473486900,5.209603309631348,
1.796,36.890064239501953,16.922830581665039,4.806979656219482,18.067928314208984,,9.093728065490723,2.743152141571045,-0.191894948482513,5.232078075408936,
1.8,37.079341888427734,16.994808197021484,4.818402767181396,18.133539199829102,,9.146840095520020,2.748049259185791,-0.150508344173431,5.229710578918457,
1.804,37.227680206298828,17.034088134765625,4.818941116333008,18.188694000244141,,9.225524902343750,2.740864992141724,-0.122393921017647,5.250131130218506,
1.808,37.324092864990234,17.056840896606445,4.773059844970703,18.229976654052734,,9.306827545166016,2.747934579849243,-0.140551239252090,5.354918479919434,
1.812,37.284191131591797,17.053339004516602,4.750738143920898,18.224950790405273,,9.373810768127441,2.776118040084839,-0.152794599533081,5.458007812500000,
1.816,37.082107543945313,17.000131607055664,4.784968376159668,18.159132003784180,,9.450473785400391,2.823226928710938,-0.133645787835121,5.469470500946045,
1.82,36.851032257080078,16.896244049072266,4.812469005584717,18.091438293457031,,9.519289016723633,2.854208707809448,-0.098584905266762,5.480754852294922,
1.824,36.627761840820313,16.760684967041016,4.791176319122314,18.009424209594727,,9.559446334838867,2.844199895858765,-0.070384271442890,5.580214977264404,
1.828,36.334186553955078,16.600429534912109,4.726550102233887,17.830516815185547,,9.601658821105957,2.832455635070801,-0.085494183003902,5.678207874298096,
1.832,36.006084442138672,16.443334579467773,4.674598217010498,17.611471176147461,,9.673192024230957,2.844102859497070,-0.139688506722450,5.708698749542236,
1.836,35.725513458251953,16.314613342285156,4.660355091094971,17.430007934570313,,9.767181396484375,2.850907325744629,-0.176005423069000,5.726245403289795,
1.84,35.453022003173828,16.217641830444336,4.626863956451416,17.246829986572266,,9.831830978393555,2.853684663772583,-0.151722535490990,5.767204284667969,
1.844,35.126518249511719,16.132648468017578,4.554268360137939,17.061056137084961,,9.833222389221191,2.851450443267822,-0.098329789936543,5.798913955688477,
1.848,34.830081939697266,16.017053604125977,4.496153354644775,16.955253601074219,,9.783555030822754,2.825635433197021,-0.088560469448566,5.779822349548340,
1.852,34.621955871582031,15.881844520568848,4.492175102233887,16.879007339477539,,9.719583511352539,2.817646741867065,-0.134864673018456,5.709706306457520,
1.856,34.426799774169922,15.782159805297852,4.522130012512207,16.733821868896484,,9.651336669921875,2.828766345977783,-0.182484284043312,5.611625671386719,
1.86,34.209518432617188,15.730273246765137,4.546529293060303,16.571786880493164,,9.528861045837402,2.788009166717529,-0.195784851908684,5.526175022125244,
1.864,33.992027282714844,15.657898902893066,4.523158550262451,16.446016311645508,,9.365827560424805,2.694390296936035,-0.186918050050735,5.461834430694580,
1.868,33.765903472900391,15.521982192993164,4.439191818237305,16.323530197143555,,9.241363525390625,2.614758014678955,-0.172996059060097,5.383030414581299,
1.872,33.551559448242188,15.414573669433594,4.365152835845947,16.176612854003906,,9.137939453125000,2.547485828399658,-0.160984590649605,5.296835422515869,
1.876,33.381759643554688,15.378489494323730,4.351633071899414,16.044862747192383,,9.006242752075195,2.458444118499756,-0.165162429213524,5.228597164154053,
1.88,33.184822082519531,15.291168212890625,4.342822074890137,15.921484947204590,,8.872190475463867,2.379493713378906,-0.189967274665833,5.142390727996826,
1.884,32.891319274902344,15.101265907287598,4.286633491516113,15.734658241271973,,8.751458168029785,2.322501182556152,-0.204636037349701,5.021463394165039,
1.888,32.569885253906250,14.924235343933105,4.188839435577393,15.518286705017090,,8.630617141723633,2.254732847213745,-0.197960883378983,4.923261642456055,
1.892,32.264221191406250,14.792008399963379,4.082503318786621,15.344380378723145,,8.496011734008789,2.181986570358276,-0.222195386886597,4.868439197540283,
1.896,31.960603713989258,14.664510726928711,4.012347221374512,15.199440002441406,,8.342125892639160,2.124542713165283,-0.290848135948181,4.831012725830078,
1.9,31.699420928955078,14.582960128784180,3.970746278762817,15.043941497802734,,8.221182823181152,2.093276023864746,-0.335773915052414,4.796554088592529,
1.904,31.425851821899414,14.495229721069336,3.927258253097534,14.863196372985840,,8.172483444213867,2.085369110107422,-0.335164666175842,4.765495300292969,
1.908,31.094135284423828,14.312335968017578,3.884043455123901,14.655971527099609,,8.160242080688477,2.078013420104980,-0.319861680269241,4.741998672485352,
1.912,30.806383132934570,14.113428115844727,3.837052106857300,14.465662956237793,,8.149323463439941,2.075192689895630,-0.288877516984940,4.715323925018311,
1.916,30.575864791870117,14.004130363464355,3.799880743026733,14.340000152587891,,8.135673522949219,2.070711612701416,-0.244368940591812,4.690099239349365,
1.92,30.332574844360352,13.948928833007813,3.791680097579956,14.217550277709961,,8.141942024230957,2.049066543579102,-0.201595813035965,4.677475452423096,
1.924,30.074596405029297,13.866746902465820,3.773712635040283,14.047565460205078,,8.213941574096680,2.080923318862915,-0.192153945565224,4.691369056701660,
1.928,29.840913772583008,13.763123512268066,3.722391843795776,13.901992797851563,,8.354948043823242,2.201460361480713,-0.248357087373734,4.760727882385254,
1.932,29.635253906250000,13.654437065124512,3.663494110107422,13.811654090881348,,8.501958847045898,2.317840099334717,-0.312495797872543,4.853147029876709,
1.936,29.440654754638672,13.527606964111328,3.617373704910278,13.717048645019531,,8.660383224487305,2.401204347610474,-0.312503099441528,4.952163696289063,
1.94,29.279508590698242,13.396727561950684,3.598592281341553,13.582787513732910,,8.857186317443848,2.486279010772705,-0.267779558897018,5.079266548156738,
1.944,29.159734725952148,13.314888000488281,3.599730014801025,13.454587936401367,,9.041994094848633,2.559076547622681,-0.229728698730469,5.177916049957275,
1.948,29.072813034057617,13.310892105102539,3.583516597747803,13.388530731201172,,9.219861030578613,2.630110263824463,-0.215307340025902,5.210707187652588,
1.952,29.032327651977539,13.330718994140625,3.536578893661499,13.357969284057617,,9.439870834350586,2.714332818984985,-0.221538469195366,5.246428489685059,
1.956,29.019805908203125,13.325705528259277,3.505012989044189,13.331847190856934,,9.681291580200195,2.788268089294434,-0.245447859168053,5.335366725921631,
1.96,29.026298522949219,13.343282699584961,3.526306152343750,13.342112541198730,,9.881366729736328,2.853715181350708,-0.252924829721451,5.435032844543457,
1.964,29.066343307495117,13.420481681823730,3.558306455612183,13.385224342346191,,10.060208320617676,2.946264505386353,-0.235230013728142,5.525689601898193,
1.968,29.117046356201172,13.485012054443359,3.544685602188110,13.390979766845703,,10.263010025024414,3.063763618469238,-0.226514831185341,5.632491111755371,
1.972,29.170213699340820,13.486648559570313,3.515021324157715,13.361955642700195,,10.448228836059570,3.145936250686646,-0.217506870627403,5.751543045043945,
1.976,29.224462509155273,13.465579986572266,3.513490438461304,13.356912612915039,,10.603903770446777,3.198370695114136,-0.206103935837746,5.867329120635986,
1.98,29.232805252075195,13.474041938781738,3.530496597290039,13.368508338928223,,10.754860877990723,3.270631551742554,-0.213737353682518,5.969238758087158,
1.984,29.192064285278320,13.488940238952637,3.543879270553589,13.360601425170898,,10.889014244079590,3.331572055816650,-0.229979977011681,6.066282272338867,
1.988,29.166688919067383,13.458551406860352,3.539634466171265,13.346145629882813,,10.994695663452148,3.357048988342285,-0.248954266309738,6.154798984527588,
1.992,29.170021057128906,13.429627418518066,3.548807144165039,13.343128204345703,,11.078222274780273,3.373907804489136,-0.269572615623474,6.213651657104492,
1.996,29.169685363769531,13.457948684692383,3.581654548645020,13.323051452636719,,11.144907951354980,3.387004375457764,-0.287460565567017,6.255067348480225,
2,29.181148529052734,13.500470161437988,3.598242282867432,13.287591934204102,,11.198408126831055,3.385841369628906,-0.311525791883469,6.267154693603516,
2.004,29.231266021728516,13.486910820007324,3.598531484603882,13.271250724792480,,11.266062736511230,3.385626792907715,-0.330584704875946,6.279099941253662,
2.008,29.280614852905273,13.451274871826172,3.595756292343140,13.268413543701172,,11.382106781005859,3.390534400939941,-0.313232094049454,6.342213630676270,
2.012,29.279062271118164,13.475744247436523,3.562586784362793,13.270324707031250,,11.532744407653809,3.387668132781982,-0.272169619798660,6.408909797668457,
2.016,29.247085571289063,13.533002853393555,3.503343582153320,13.283473014831543,,11.679279327392578,3.419140815734863,-0.251495182514191,6.491606712341309,
2.02,29.242334365844727,13.542569160461426,3.472948312759399,13.288034439086914,,11.802414894104004,3.520787954330444,-0.248196780681610,6.620595932006836,
2.024,29.260164260864258,13.488859176635742,3.478831291198730,13.268321037292480,,11.894308090209961,3.623757362365723,-0.246065273880959,6.715569019317627,
2.028,29.260889053344727,13.418110847473145,3.489649057388306,13.247531890869141,,11.956007957458496,3.652285575866699,-0.261105746030807,6.769770622253418,
2.032,29.249124526977539,13.390325546264648,3.507045269012451,13.242666244506836,,12.054821968078613,3.661329030990601,-0.268791705369949,6.850008487701416,
2.036,29.236419677734375,13.427589416503906,3.533306360244751,13.232248306274414,,12.244162559509277,3.722479820251465,-0.238966673612595,6.961905002593994,
2.04,29.164489746093750,13.474274635314941,3.545742273330688,13.194281578063965,,12.444253921508789,3.769742250442505,-0.215268343687057,7.093805313110352,
2.044,28.998050689697266,13.465753555297852,3.532674551010132,13.139019966125488,,12.615915298461914,3.788630962371826,-0.228446051478386,7.240366935729980,
2.048,28.837537765502930,13.404474258422852,3.500323534011841,13.094116210937500,,12.786956787109375,3.856528759002686,-0.250614881515503,7.379109859466553,
2.052,28.722229003906250,13.324542045593262,3.472333669662476,13.093105316162109,,12.948743820190430,3.933994770050049,-0.262913495302200,7.494713306427002,
2.056,28.596237182617188,13.263881683349609,3.464821100234985,13.121101379394531,,13.125033378601074,3.989444255828857,-0.269242048263550,7.597667217254639,
2.06,28.491188049316406,13.237358093261719,3.466738224029541,13.085026741027832,,13.317882537841797,4.058130741119385,-0.267466425895691,7.689437389373779,
2.064,28.408210754394531,13.183130264282227,3.480890512466431,12.961295127868652,,13.467102050781250,4.113416671752930,-0.266017109155655,7.758184909820557,
2.068,28.275213241577148,13.067605972290039,3.506452798843384,12.839279174804688,,13.553379058837891,4.138990879058838,-0.263533800840378,7.793844223022461,
2.072,28.115533828735352,12.977396965026855,3.514945268630981,12.780743598937988,,13.630598068237305,4.171013355255127,-0.252106785774231,7.814612865447998,
2.076,27.995609283447266,12.949307441711426,3.489920377731323,12.771944046020508,,13.727743148803711,4.229713916778564,-0.240143924951553,7.866809844970703,
2.08,27.897789001464844,12.916426658630371,3.461116552352905,12.779876708984375,,13.792886734008789,4.294621944427490,-0.221949011087418,7.949347496032715,
2.084,27.776899337768555,12.858039855957031,3.483503341674805,12.782396316528320,,13.793686866760254,4.315129280090332,-0.220787882804871,8.002364158630371,
2.088,27.660821914672852,12.804831504821777,3.537891864776611,12.766525268554688,,13.755616188049316,4.268642425537109,-0.263553917407990,7.978125095367432,
2.092,27.547901153564453,12.745128631591797,3.540244340896606,12.732741355895996,,13.705935478210449,4.206051826477051,-0.305093258619308,7.915916919708252,
2.096,27.425138473510742,12.665053367614746,3.493068218231201,12.705044746398926,,13.632513999938965,4.182754039764404,-0.303279727697372,7.891425609588623,
2.1,27.355104446411133,12.622604370117188,3.495608329772949,12.708945274353027,,13.513830184936523,4.186035633087158,-0.266680300235748,7.906927108764648,
2.104,27.322628021240234,12.631744384765625,3.556017637252808,12.738557815551758,,13.395553588867188,4.163252353668213,-0.201819494366646,7.911835193634033,
2.108,27.264497756958008,12.625806808471680,3.598402738571167,12.760706901550293,,13.318588256835938,4.121849060058594,-0.121191978454590,7.899932384490967,
2.112,27.191785812377930,12.597989082336426,3.626855134963989,12.755374908447266,,13.257866859436035,4.128902435302734,-0.065557494759560,7.910041332244873,
2.116,27.147529602050781,12.590610504150391,3.660725593566895,12.770499229431152,,13.217148780822754,4.179415702819824,-0.012305797077715,7.960013389587402,
2.12,27.127855300903320,12.603053092956543,3.694955825805664,12.830842971801758,,13.224100112915039,4.215466022491455,0.060846503823996,8.030452728271484,
2.124,27.094591140747070,12.609455108642578,3.755884647369385,12.869607925415039,,13.254546165466309,4.226622104644775,0.076118685305119,8.065155029296875,
2.128,27.058565139770508,12.600397109985352,3.835240364074707,12.844944000244141,,13.279880523681641,4.224199295043945,0.015721159055829,8.047512054443359,
2.132,27.006765365600586,12.563381195068359,3.873759746551514,12.809586524963379,,13.296897888183594,4.226721286773682,-0.052815791219473,8.027305603027344,
2.136,26.907423019409180,12.487332344055176,3.835337162017822,12.813447952270508,,13.322857856750488,4.261787891387939,-0.069861337542534,8.020047187805176,
2.14,26.831663131713867,12.431540489196777,3.779835939407349,12.849133491516113,,13.393206596374512,4.317604541778564,-0.044636648148298,8.027421951293945,
2.144,26.808017730712891,12.440650939941406,3.803157806396484,12.889177322387695,,13.492066383361816,4.356749534606934,-0.044482283294201,8.056173324584961,
2.148,26.763731002807617,12.461679458618164,3.874396562576294,12.887957572937012,,13.557151794433594,4.360494136810303,-0.058289360255003,8.093983650207520,
2.152,26.669786453247070,12.471013069152832,3.913300037384033,12.859501838684082,,13.567438125610352,4.325546741485596,-0.061443481594324,8.127734184265137,
2.156,26.557361602783203,12.485251426696777,3.933103084564209,12.858573913574219,,13.565096855163574,4.275721073150635,-0.058540634810925,8.162355422973633,
2.16,26.451229095458984,12.462172508239746,3.958415746688843,12.857821464538574,,13.581063270568848,4.264124393463135,-0.009677444584668,8.224810600280762,
2.164,26.338762283325195,12.362475395202637,3.983494997024536,12.826692581176758,,13.613049507141113,4.306832313537598,0.056780770421028,8.299658775329590,
2.168,26.207387924194336,12.240360260009766,4.023147583007813,12.817958831787109,,13.655179023742676,4.368499279022217,0.066843800246716,8.344054222106934,
2.172,26.048540115356445,12.145457267761230,4.075664997100830,12.855500221252441,,13.680586814880371,4.407207489013672,0.030227951705456,8.336174964904785,
2.176,25.875600814819336,12.060428619384766,4.123450279235840,12.896779060363770,,13.654116630554199,4.407241344451904,0.005700582638383,8.293167114257813,
2.18,25.738080978393555,11.984880447387695,4.151458263397217,12.928970336914063,,13.595458984375000,4.403454303741455,0.031289622187614,8.263187408447266,
2.184,25.612213134765625,11.913434028625488,4.163416385650635,12.966925621032715,,13.552189826965332,4.414824008941650,0.062435772269964,8.252389907836914,
2.188,25.435770034790039,11.830913543701172,4.203573703765869,13.006440162658691,,13.492205619812012,4.408714294433594,0.055399563163519,8.237338066101074,
2.192,25.231319427490234,11.769069671630859,4.281292915344238,13.043436050415039,,13.377485275268555,4.385190010070801,0.069510653614998,8.229637145996094,
2.196,25.045635223388672,11.713736534118652,4.373500823974609,13.089147567749023,,13.237874984741211,4.374890327453613,0.127214431762695,8.238105773925781,
2.2,24.918140411376953,11.649444580078125,4.470509052276611,13.194037437438965,,13.114268302917480,4.359366416931152,0.164881363511086,8.249880790710449,
2.204,24.878847122192383,11.617455482482910,4.553112030029297,13.398818016052246,,13.036435127258301,4.318052291870117,0.210425451397896,8.295972824096680,
2.208,24.899618148803711,11.599461555480957,4.594994544982910,13.629131317138672,,13.007499694824219,4.281199932098389,0.336201101541519,8.414993286132813,
2.212,24.940345764160156,11.576939582824707,4.604725837707520,13.787219047546387,,13.017715454101563,4.288359642028809,0.488426566123962,8.599407196044922,
2.216,24.986621856689453,11.557412147521973,4.605542659759521,13.835104942321777,,13.077091217041016,4.371073722839355,0.601203083992004,8.839871406555176,
2.22,25.027706146240234,11.529151916503906,4.588887691497803,13.778807640075684,,13.191819190979004,4.490073680877686,0.662292897701263,9.093219757080078,
2.224,25.086910247802734,11.550580978393555,4.570410251617432,13.679080963134766,,13.337903976440430,4.547632217407227,0.680141270160675,9.279515266418457,
2.228,25.181850433349609,11.661049842834473,4.594930648803711,13.593963623046875,,13.485189437866211,4.529847145080566,0.704682946205139,9.365395545959473,
2.232,25.275251388549805,11.763867378234863,4.634626388549805,13.557207107543945,,13.627183914184570,4.507448196411133,0.692564070224762,9.364058494567871,
2.236,25.323017120361328,11.796187400817871,4.621844291687012,13.574334144592285,,13.778918266296387,4.524739742279053,0.570993304252625,9.326539039611816,
2.24,25.274578094482422,11.780842781066895,4.569174766540527,13.599431037902832,,13.925496101379395,4.571531295776367,0.444944471120834,9.332345008850098,
2.244,25.150625228881836,11.733013153076172,4.538013935089111,13.591666221618652,,14.046607971191406,4.614636898040771,0.424283862113953,9.408345222473145,
2.248,25.040477752685547,11.677763938903809,4.528671264648438,13.553306579589844,,14.164541244506836,4.624753952026367,0.474494278430939,9.519595146179199,
2.252,24.962066650390625,11.632883071899414,4.526086807250977,13.459575653076172,,14.288861274719238,4.629343986511230,0.528348624706268,9.627963066101074,
2.256,24.901693344116211,11.595723152160645,4.543536663055420,13.308699607849121,,14.407306671142578,4.658382892608643,0.556963264942169,9.683099746704102,
2.26,24.838382720947266,11.568006515502930,4.549655914306641,13.211468696594238,,14.514706611633301,4.693757057189941,0.568455278873444,9.700429916381836,
2.264,24.722940444946289,11.535864830017090,4.534660339355469,13.204443931579590,,14.594155311584473,4.742146015167236,0.571226239204407,9.749194145202637,
2.268,24.555839538574219,11.481848716735840,4.539794445037842,13.202153205871582,,14.623209953308105,4.796018123626709,0.549847781658173,9.783076286315918,
2.272,24.386339187622070,11.422812461853027,4.564734458923340,13.153684616088867,,14.591257095336914,4.814805030822754,0.541377365589142,9.776630401611328,
2.276,24.244956970214844,11.378213882446289,4.578591346740723,13.069306373596191,,14.519543647766113,4.794407844543457,0.594201803207397,9.790776252746582,
2.28,24.098476409912109,11.324006080627441,4.587138175964355,13.017003059387207,,14.456462860107422,4.768461227416992,0.654511809349060,9.804080963134766,
2.284,23.915180206298828,11.231271743774414,4.620081424713135,13.050677299499512,,14.390897750854492,4.782476902008057,0.680844485759735,9.799442291259766,
2.288,23.755018234252930,11.131191253662109,4.669702529907227,13.130236625671387,,14.304005622863770,4.827213764190674,0.708652853965759,9.839312553405762,
2.292,23.614440917968750,11.051856994628906,4.737409114837646,13.214963912963867,,14.256241798400879,4.839876651763916,0.781226992607117,9.948859214782715,
2.296,23.450525283813477,10.973873138427734,4.847089767456055,13.325057983398438,,14.232533454895020,4.811246395111084,0.911627590656281,10.104482650756836,
2.3,23.347845077514648,10.910316467285156,4.976725578308105,13.458970069885254,,14.151588439941406,4.776502132415771,1.059230327606201,10.286463737487793,
2.304,23.289339065551758,10.831215858459473,5.051098346710205,13.601844787597656,,14.053296089172363,4.741187095642090,1.154509663581848,10.473433494567871,
2.308,23.169883728027344,10.702945709228516,5.030572891235352,13.714483261108398,,14.016176223754883,4.714328765869141,1.187209725379944,10.657484054565430,
2.312,23.042814254760742,10.585979461669922,4.973662376403809,13.721501350402832,,14.045243263244629,4.716052532196045,1.255480289459229,10.851117134094238,
2.316,22.948572158813477,10.482926368713379,4.936732292175293,13.636109352111816,,14.079002380371094,4.721359252929688,1.403248071670532,11.036589622497559,
2.32,22.839546203613281,10.416761398315430,4.921508312225342,13.518228530883789,,14.049415588378906,4.699241161346436,1.524862766265869,11.148344039916992,
2.324,22.723560333251953,10.446633338928223,4.899205207824707,13.381772994995117,,13.992059707641602,4.638279914855957,1.562140107154846,11.190739631652832,
2.328,22.638378143310547,10.498380661010742,4.857112407684326,13.244756698608398,,13.968011856079102,4.552921295166016,1.572145700454712,11.242788314819336,
2.332,22.581012725830078,10.504026412963867,4.820301532745361,13.141187667846680,,13.968031883239746,4.507540702819824,1.582685112953186,11.290776252746582,
2.336,22.526231765747070,10.473739624023438,4.794914245605469,13.075156211853027,,13.971212387084961,4.540150165557861,1.580926418304443,11.282686233520508,
2.34,22.462951660156250,10.433233261108398,4.781117439270020,13.028502464294434,,13.980796813964844,4.596140384674072,1.556264758110046,11.264952659606934,
2.344,22.382310867309570,10.380547523498535,4.785202980041504,12.983400344848633,,14.006129264831543,4.586435794830322,1.492970585823059,11.270420074462891,
2.348,22.286293029785156,10.286278724670410,4.786619663238525,12.929329872131348,,14.041283607482910,4.517227649688721,1.419522762298584,11.248740196228027,
2.352,22.179811477661133,10.208770751953125,4.771782398223877,12.876523017883301,,14.089621543884277,4.507974147796631,1.383210659027100,11.210699081420898,
2.356,22.058841705322266,10.211823463439941,4.758116722106934,12.811716079711914,,14.153022766113281,4.578577041625977,1.386101245880127,11.221205711364746,
2.36,21.931612014770508,10.239639282226563,4.753637313842773,12.728884696960449,,14.212016105651855,4.628583908081055,1.398676156997681,11.287375450134277,
2.364,21.818643569946289,10.227507591247559,4.734928131103516,12.667411804199219,,14.278882980346680,4.634005069732666,1.408942341804504,11.375436782836914,
2.368,21.749813079833984,10.192530632019043,4.693847656250000,12.637075424194336,,14.379969596862793,4.626922130584717,1.426802396774292,11.439150810241699,
2.372,21.715684890747070,10.152021408081055,4.676657676696777,12.613106727600098,,14.474143981933594,4.657252788543701,1.444342255592346,11.440296173095703,
2.376,21.670932769775391,10.108769416809082,4.717249870300293,12.593607902526855,,14.494284629821777,4.742235660552979,1.453023314476013,11.371782302856445,
2.38,21.611164093017578,10.079546928405762,4.788234710693359,12.607014656066895,,14.442408561706543,4.818302631378174,1.476253867149353,11.278753280639648,
2.384,21.555042266845703,10.060062408447266,4.839189529418945,12.647345542907715,,14.388085365295410,4.852235794067383,1.521524190902710,11.229423522949219,
2.388,21.501426696777344,10.051612854003906,4.856488227844238,12.672374725341797,,14.410522460937500,4.860654830932617,1.548526525497437,11.247364044189453,
2.392,21.444568634033203,10.039764404296875,4.874592304229736,12.686650276184082,,14.473538398742676,4.860333442687988,1.544712543487549,11.278534889221191,
2.396,21.374698638916016,9.989761352539063,4.901622772216797,12.730485916137695,,14.468446731567383,4.866908073425293,1.525831103324890,11.279904365539551,
2.4,21.269405364990234,9.910425186157227,4.915905952453613,12.800290107727051,,14.406383514404297,4.860090255737305,1.501492381095886,11.277234077453613,
2.404,21.144573211669922,9.829705238342285,4.909780979156494,12.862890243530273,,14.332217216491699,4.845453739166260,1.504866719245911,11.242993354797363,
2.408,21.053256988525391,9.745302200317383,4.900481224060059,12.897139549255371,,14.246729850769043,4.868812084197998,1.544308900833130,11.161723136901855,
2.412,20.984666824340820,9.649054527282715,4.931956768035889,12.913556098937988,,14.184465408325195,4.877913951873779,1.578355669975281,11.126258850097656,
2.416,20.889673233032227,9.556326866149902,5.003370761871338,12.948945045471191,,14.178409576416016,4.835777759552002,1.582922220230103,11.168312072753906,
2.42,20.778955459594727,9.488081932067871,5.067743301391602,12.999302864074707,,14.178485870361328,4.804965496063232,1.577163338661194,11.215128898620605,
2.424,20.674739837646484,9.413839340209961,5.081670284271240,13.036190032958984,,14.116026878356934,4.812045574188232,1.624948620796204,11.219536781311035,
2.428,20.567079544067383,9.314749717712402,5.046584129333496,13.037590980529785,,14.039620399475098,4.838886737823486,1.730742096900940,11.200601577758789,
2.432,20.457292556762695,9.252535820007324,5.029778957366943,13.002722740173340,,14.017141342163086,4.869150638580322,1.816286683082581,11.203312873840332,
2.436,20.347738265991211,9.223920822143555,5.051918029785156,12.961706161499023,,14.033032417297363,4.892792224884033,1.874867439270020,11.232050895690918,
2.44,20.221914291381836,9.170048713684082,5.066491127014160,12.917890548706055,,14.047814369201660,4.896590232849121,1.937184691429138,11.284404754638672,
2.444,20.096334457397461,9.099562644958496,5.056495666503906,12.864008903503418,,14.022976875305176,4.882877826690674,1.969056010246277,11.374696731567383,
2.448,20.007236480712891,9.040113449096680,5.032393932342529,12.827929496765137,,13.961183547973633,4.869980812072754,1.950365662574768,11.468018531799316,
2.452,19.930463790893555,8.990525245666504,4.992925643920898,12.828414916992188,,13.921918869018555,4.853714942932129,1.936210036277771,11.543531417846680,
2.456,19.839563369750977,8.949149131774902,4.956485271453857,12.868592262268066,,13.962140083312988,4.832047462463379,1.977274775505066,11.632968902587891,
2.46,19.762958526611328,8.906167984008789,4.957764148712158,12.926894187927246,,14.053906440734863,4.828860282897949,2.068332910537720,11.739600181579590,
2.464,19.692243576049805,8.851124763488770,4.987947940826416,12.932434082031250,,14.092678070068359,4.830497264862061,2.148335695266724,11.826817512512207,
2.468,19.611745834350586,8.792812347412109,5.003955841064453,12.872921943664551,,14.077348709106445,4.808451175689697,2.150472402572632,11.883368492126465,
2.472,19.558586120605469,8.729526519775391,4.975020408630371,12.815566062927246,,14.081172943115234,4.795240879058838,2.117923736572266,11.957675933837891,
2.476,19.528951644897461,8.682793617248535,4.925852775573730,12.791807174682617,,14.106785774230957,4.804845809936523,2.150057077407837,12.065415382385254,
2.48,19.504507064819336,8.673888206481934,4.909935474395752,12.787427902221680,,14.136798858642578,4.821278095245361,2.229191541671753,12.159110069274902,
2.484,19.508075714111328,8.653207778930664,4.924462795257568,12.823665618896484,,14.160725593566895,4.837133407592773,2.285747051239014,12.227636337280273,
2.488,19.520792007446289,8.601751327514648,4.922141075134277,12.914117813110352,,14.178773880004883,4.845838069915771,2.316129684448242,12.281902313232422,
2.492,19.509696960449219,8.570038795471191,4.891468048095703,12.986845970153809,,14.195038795471191,4.872358798980713,2.334984779357910,12.335467338562012,
2.496,19.478456497192383,8.577220916748047,4.880963325500488,12.999263763427734,,14.242767333984375,4.908144474029541,2.370952606201172,12.387734413146973,
2.5,19.442955017089844,8.606581687927246,4.922887325286865,13.002471923828125,,14.328457832336426,4.923331260681152,2.422548532485962,12.423672676086426,
2.504,19.417493820190430,8.615070343017578,4.996569633483887,13.019266128540039,,14.373634338378906,4.921019554138184,2.440984487533569,12.475787162780762,
2.508,19.397333145141602,8.587744712829590,5.058369159698486,13.028492927551270,,14.365818023681641,4.904797554016113,2.446942329406738,12.556248664855957,
2.512,19.397211074829102,8.572256088256836,5.048979282379150,13.044318199157715,,14.365741729736328,4.909362316131592,2.482089042663574,12.637686729431152,
2.516,19.403226852416992,8.552274703979492,4.992407798767090,13.073707580566406,,14.386231422424316,4.960940361022949,2.512609958648682,12.712997436523438,
2.52,19.389091491699219,8.511929512023926,4.980318546295166,13.093260765075684,,14.421486854553223,5.025976657867432,2.505641698837280,12.767000198364258,
2.524,19.394290924072266,8.520577430725098,5.015478610992432,13.102852821350098,,14.482583999633789,5.060554027557373,2.497200012207031,12.804814338684082,
2.528,19.420488357543945,8.559846878051758,5.044492721557617,13.113307952880859,,14.557168006896973,5.053778171539307,2.540376901626587,12.855426788330078,
2.532,19.415094375610352,8.555140495300293,5.054410457611084,13.141689300537109,,14.611608505249023,5.050038337707520,2.622152566909790,12.918780326843262,
2.536,19.389089584350586,8.509774208068848,5.069551944732666,13.199692726135254,,14.652030944824219,5.101112842559814,2.656706094741821,12.989093780517578,
2.54,19.400447845458984,8.453930854797363,5.088012218475342,13.246544837951660,,14.722923278808594,5.185214996337891,2.610191345214844,13.066048622131348,
2.544,19.406045913696289,8.425538063049316,5.087433338165283,13.248064041137695,,14.830119132995605,5.232955932617188,2.563921689987183,13.149513244628906,
2.548,19.357990264892578,8.441807746887207,5.074686050415039,13.231068611145020,,14.935934066772461,5.226501941680908,2.566457271575928,13.211427688598633,
2.552,19.340005874633789,8.468518257141113,5.057586669921875,13.242128372192383,,15.041420936584473,5.214796543121338,2.592630624771118,13.240030288696289,
2.556,19.379959106445313,8.468474388122559,5.057878017425537,13.289800643920898,,15.167031288146973,5.243307590484619,2.624064683914185,13.276234626770020,
2.56,19.415706634521484,8.438159942626953,5.091004848480225,13.345362663269043,,15.269191741943359,5.305047988891602,2.650887727737427,13.354679107666016,
2.564,19.434251785278320,8.411906242370605,5.109891414642334,13.392452239990234,,15.314244270324707,5.372937202453613,2.671246051788330,13.477319717407227,
2.568,19.443796157836914,8.392939567565918,5.089640617370605,13.414409637451172,,15.340514183044434,5.427006721496582,2.690885305404663,13.583170890808105,
2.572,19.446758270263672,8.352999687194824,5.067343711853027,13.412700653076172,,15.400557518005371,5.441247463226318,2.715926885604858,13.635648727416992,
2.576,19.448368072509766,8.312601089477539,5.078431606292725,13.421128273010254,,15.520159721374512,5.436961174011230,2.759399414062500,13.717230796813965,
2.58,19.430150985717773,8.313834190368652,5.111233711242676,13.441508293151855,,15.657184600830078,5.458894252777100,2.812000513076782,13.863382339477539,
2.584,19.392122268676758,8.332674980163574,5.132456779479980,13.437069892883301,,15.722007751464844,5.471755027770996,2.838105678558350,13.984519004821777,
2.588,19.368526458740234,8.324183464050293,5.143138885498047,13.399494171142578,,15.722100257873535,5.449137687683105,2.850864648818970,14.027374267578125,
2.592,19.374431610107422,8.319293022155762,5.145374298095703,13.378550529479980,,15.710361480712891,5.454886913299561,2.865372657775879,14.020479202270508,
2.596,19.411645889282227,8.312097549438477,5.126596927642822,13.408492088317871,,15.694751739501953,5.505646705627441,2.868243217468262,14.011507987976074,
2.6,19.455867767333984,8.272984504699707,5.098047733306885,13.467100143432617,,15.716337203979492,5.546366214752197,2.867770433425903,14.026127815246582,
2.604,19.460727691650391,8.260939598083496,5.081784725189209,13.538601875305176,,15.774252891540527,5.554427623748779,2.866228580474854,14.046423912048340,
2.608,19.429946899414063,8.288691520690918,5.070690155029297,13.605485916137695,,15.804522514343262,5.549294948577881,2.877906560897827,14.068281173706055,
2.612,19.390350341796875,8.293783187866211,5.053106307983398,13.599611282348633,,15.807290077209473,5.560359001159668,2.904402494430542,14.106805801391602,
2.616,19.350128173828125,8.243268966674805,5.030340194702148,13.508993148803711,,15.834605216979980,5.583873271942139,2.937577009201050,14.150135040283203,
2.62,19.314538955688477,8.172503471374512,5.013446807861328,13.420560836791992,,15.887915611267090,5.592661380767822,2.991250514984131,14.187005043029785,
2.624,19.254571914672852,8.150297164916992,5.017285823822021,13.369452476501465,,15.931561470031738,5.584347248077393,3.023377656936646,14.226819992065430,
2.628,19.153707504272461,8.154488563537598,5.026094436645508,13.326369285583496,,15.976512908935547,5.597495555877686,2.999676227569580,14.286161422729492,
2.632,19.079336166381836,8.121197700500488,5.021514892578125,13.303236961364746,,16.061513900756836,5.656291007995605,2.974257469177246,14.350127220153809,
2.636,19.073253631591797,8.100363731384277,4.992130279541016,13.321280479431152,,16.164918899536133,5.730875492095947,2.989572048187256,14.401533126831055,
2.64,19.057636260986328,8.129799842834473,4.982307434082031,13.342171669006348,,16.240776062011719,5.793271064758301,3.020748853683472,14.455312728881836,
2.644,18.969820022583008,8.140512466430664,5.030591011047363,13.324810981750488,,16.325647354125977,5.833977222442627,3.045157670974731,14.526128768920898,
2.648,18.865528106689453,8.106122016906738,5.060009002685547,13.285978317260742,,16.457235336303711,5.851374149322510,3.077698945999146,14.602068901062012,
2.652,18.766683578491211,8.046899795532227,5.017865180969238,13.216932296752930,,16.593118667602539,5.854292869567871,3.101836442947388,14.665859222412109,
2.656,18.632461547851563,7.955243110656738,4.940052509307861,13.110225677490234,,16.685855865478516,5.860975265502930,3.086930513381958,14.753592491149902,
2.66,18.500162124633789,7.843785285949707,4.895517826080322,13.025306701660156,,16.749530792236328,5.886530876159668,3.070281267166138,14.869306564331055,
2.664,18.400976181030273,7.776728630065918,4.897152900695801,12.971589088439941,,16.847124099731445,5.917658805847168,3.094183683395386,14.935396194458008,
2.668,18.323522567749023,7.777530670166016,4.895539760589600,12.911567687988281,,16.980169296264648,5.953548908233643,3.113085508346558,14.950403213500977,
2.672,18.285419464111328,7.770650386810303,4.877867698669434,12.845778465270996,,17.049806594848633,6.012664318084717,3.077901363372803,14.988029479980469,
2.676,18.245563507080078,7.723094463348389,4.856753826141357,12.796311378479004,,17.007841110229492,6.066022872924805,3.033546686172485,15.071846008300781,
2.68,18.172750473022461,7.708991050720215,4.840413570404053,12.783645629882813,,16.941339492797852,6.068768978118896,3.038124084472656,15.175461769104004,
2.684,18.115934371948242,7.761529922485352,4.816397666931152,12.794254302978516,,16.941936492919922,6.025044441223145,3.086761713027954,15.252725601196289,
2.688,18.082044601440430,7.787846088409424,4.782459735870361,12.792025566101074,,16.988111495971680,5.981196403503418,3.152489900588989,15.261558532714844,
2.692,18.058153152465820,7.720168590545654,4.766752243041992,12.742055892944336,,16.998025894165039,5.966612339019775,3.208177566528320,15.216035842895508,
2.696,18.028873443603516,7.622220039367676,4.755383491516113,12.630827903747559,,16.959478378295898,5.966360092163086,3.221865892410278,15.189294815063477,
2.7,17.955076217651367,7.555429935455322,4.726910591125488,12.533101081848145,,16.915763854980469,5.955872535705566,3.206887006759644,15.189664840698242,
2.704,17.820264816284180,7.509726524353027,4.717409610748291,12.503611564636230,,16.874792098999023,5.933711051940918,3.198779582977295,15.157674789428711,
2.708,17.659200668334961,7.461142539978027,4.754283905029297,12.493303298950195,,16.820655822753906,5.923925399780273,3.197617530822754,15.099413871765137,
2.712,17.554407119750977,7.396582126617432,4.801143646240234,12.477556228637695,,16.764636993408203,5.917712688446045,3.179493427276611,15.061322212219238,
2.716,17.492271423339844,7.332799434661865,4.799419879913330,12.427813529968262,,16.712842941284180,5.875147819519043,3.126158952713013,15.047792434692383,
2.72,17.384481430053711,7.288692474365234,4.753322601318359,12.322684288024902,,16.638307571411133,5.823900222778320,3.070666074752808,15.035498619079590,

Répétition:,3
,K-Delta Left,,,,,K-Delta Right,,,
temps (seconde),CHANNEL_1,CHANNEL_2,CHANNEL_3,CHANNEL_4,,CHANNEL_1,CHANNEL_2,CHANNEL_3,CHANNEL_4
0,14.527099609375000,5.149199962615967,4.140550136566162,11.273099899291992,,16.637300491333008,8.190199851989746,5.147900104522705,14.292849540710449,
0.004,13.717200279235840,4.930699825286865,3.879849910736084,10.605299949645996,,16.189599990844727,7.962600231170654,4.889699935913086,14.004650115966797,
0.008,13.565523147583008,4.879745483398438,3.853215694427490,10.507345199584961,,16.092750549316406,7.921413421630859,4.830680847167969,13.905119895935059,
0.012,13.242126464843750,4.748952388763428,3.814190864562988,10.337015151977539,,15.764868736267090,7.764571189880371,4.661642074584961,13.581988334655762,
0.016,12.693283081054688,4.519605636596680,3.717005252838135,10.027116775512695,,15.074999809265137,7.403477668762207,4.383618354797363,13.004753112792969,
0.02,11.885464668273926,4.189332485198975,3.553599119186401,9.520288467407227,,14.219453811645508,6.963538169860840,4.150745391845703,12.358983039855957,
0.024,10.781713485717773,3.739855051040649,3.358182430267334,8.806077003479004,,13.233253479003906,6.463438987731934,3.981184482574463,11.613835334777832,
0.028,9.643712043762207,3.277432203292847,3.191869497299194,8.073633193969727,,12.027998924255371,5.816107749938965,3.773457288742065,10.680816650390625,
0.032,8.500783920288086,2.855657815933228,3.044665336608887,7.373158454895020,,10.813142776489258,5.190757751464844,3.544255971908569,9.800764083862305,
0.036,7.206417083740234,2.416755676269531,2.889654397964478,6.636681079864502,,9.592903137207031,4.677231788635254,3.352866888046265,8.993094444274902,
0.04,6.022168159484863,2.019689559936523,2.756379365921021,5.973929405212402,,8.228010177612305,4.130531787872314,3.207427740097046,8.070713996887207,
0.044,5.051876544952393,1.682962417602539,2.638231992721558,5.419958591461182,,6.976029396057129,3.536387443542480,3.121973514556885,7.198345184326172,
0.048,4.167038440704346,1.346699118614197,2.502071380615234,4.903529167175293,,6.010293006896973,2.999434709548950,3.077124118804932,6.527418613433838,
0.052,3.487276792526245,1.081029176712036,2.351847410202026,4.481879711151123,,5.132288932800293,2.546379327774048,3.047072410583496,5.945971488952637,
0.056,3.092311382293701,0.954351663589478,2.236191272735596,4.217072963714600,,4.239953041076660,2.168236494064331,3.059739112854004,5.372334003448486,
0.06,2.884484529495239,0.909613430500031,2.196457624435425,4.101723194122314,,3.516822099685669,1.919091224670410,3.102312564849854,4.864057540893555,
0.064,2.771992444992065,0.892218708992004,2.205832481384277,4.094497203826904,,3.076655149459839,1.777098894119263,3.115062713623047,4.501330852508545,
0.068,2.695280790328979,0.898390233516693,2.220670938491821,4.085584640502930,,2.865937232971191,1.661373734474182,3.078453063964844,4.312991142272949,
0.072,2.597337484359741,0.885896086692810,2.183756351470947,3.979682922363281,,2.805815696716309,1.564614295959473,3.008159875869751,4.198465347290039,
0.076,2.460728645324707,0.824696660041809,2.073756217956543,3.795272111892700,,2.738487958908081,1.464128732681274,2.894655227661133,3.964736700057983,
0.08,2.331126689910889,0.754946231842041,1.965660214424133,3.618073701858521,,2.559186458587646,1.321114301681519,2.719071626663208,3.592212438583374,
0.084,2.189284086227417,0.687212705612183,1.894570469856262,3.460452795028687,,2.364697933197021,1.148871421813965,2.549853801727295,3.232347011566162,
0.088,1.983341336250305,0.617700755596161,1.838107824325562,3.275995969772339,,2.249086856842041,1.003327012062073,2.461096525192261,2.962519884109497,
0.092,1.811470508575439,0.575398504734039,1.777210354804993,3.080732107162476,,2.154677629470825,0.950192511081696,2.401048898696899,2.733516693115234,
0.096,1.765881657600403,0.558805763721466,1.696233987808228,2.930308341979980,,2.018404006958008,0.976765394210815,2.281849384307861,2.497573852539063,
0.1,1.727726936340332,0.541504919528961,1.596208572387695,2.782711744308472,,1.875635385513306,0.981715857982635,2.119614362716675,2.308869600296021,
0.104,1.592976927757263,0.504517138004303,1.490077495574951,2.580883026123047,,1.765643715858459,0.937802016735077,1.994495749473572,2.176788568496704,
0.108,1.454900979995728,0.452884346246719,1.422187805175781,2.411764144897461,,1.676119089126587,0.887054979801178,1.931919813156128,2.038523674011230,
0.112,1.393465042114258,0.432460963726044,1.407980918884277,2.323137044906616,,1.595589041709900,0.822915494441986,1.909119486808777,1.900207042694092,
0.116,1.369431257247925,0.454687297344208,1.421602368354797,2.271688938140869,,1.535314202308655,0.761606037616730,1.869642257690430,1.741256594657898,
0.12,1.341045498847961,0.482463210821152,1.454732537269592,2.241926908493042,,1.477933883666992,0.743136584758759,1.775890350341797,1.558985114097595,
0.124,1.321364045143127,0.506417989730835,1.503678441047668,2.232051372528076,,1.399566888809204,0.731171429157257,1.682934403419495,1.460335254669189,
0.128,1.360233664512634,0.528294444084167,1.559696912765503,2.269871950149536,,1.357161521911621,0.706760048866272,1.652945280075073,1.473506093025208,
0.132,1.447793006896973,0.552168071269989,1.627844572067261,2.370276927947998,,1.396611690521240,0.702505350112915,1.664616584777832,1.517979502677917,
0.136,1.530257821083069,0.608032941818237,1.747618556022644,2.503597021102905,,1.463426113128662,0.691371858119965,1.667731523513794,1.541433930397034,
0.14,1.624060034751892,0.717501044273376,1.921685695648193,2.678595781326294,,1.503585815429688,0.664021134376526,1.651779055595398,1.552142024040222,
0.144,1.755830049514771,0.847194612026215,2.099029064178467,2.888149261474609,,1.550764203071594,0.685403823852539,1.661066770553589,1.600670337677002,
0.148,1.901676774024963,0.941988825798035,2.226132392883301,3.027409315109253,,1.650225400924683,0.760127127170563,1.729442477226257,1.713325262069702,
0.152,2.052839279174805,0.985175609588623,2.256675243377686,3.039479970932007,,1.769382476806641,0.835210859775543,1.780195832252502,1.853673815727234,
0.156,2.224682331085205,0.995319068431854,2.239899396896362,3.019322156906128,,1.912568926811218,0.923909962177277,1.819299817085266,2.028862953186035,
0.16,2.418117046356201,1.034728288650513,2.273775100708008,3.111835479736328,,2.108202695846558,1.060566186904907,1.944384336471558,2.257989168167114,
0.164,2.660059690475464,1.188750624656677,2.437136650085449,3.393819332122803,,2.288276433944702,1.221857309341431,2.097553491592407,2.493646860122681,
0.168,2.973470449447632,1.459649324417114,2.753836870193481,3.797359943389893,,2.437200784683228,1.371176242828369,2.201527595520020,2.729164123535156,
0.172,3.311361074447632,1.726467251777649,3.095413923263550,4.166168212890625,,2.687558650970459,1.540823340415955,2.325185775756836,3.042095899581909,
0.176,3.633329391479492,1.892672061920166,3.361979246139526,4.457122325897217,,3.106570959091187,1.793353915214539,2.528064250946045,3.491699695587158,
0.18,4.008996486663818,2.042254447937012,3.611806631088257,4.802078723907471,,3.574581623077393,2.115384578704834,2.749604940414429,3.972840547561646,
0.184,4.502399444580078,2.286988496780396,3.903916358947754,5.273362159729004,,4.220277786254883,2.536471128463745,2.947776556015015,4.491037845611572,
0.188,5.019155979156494,2.565371990203857,4.175861358642578,5.752630233764648,,5.339709281921387,3.129051446914673,3.107561111450195,5.241219043731689,
0.192,5.566563129425049,2.833157539367676,4.372501373291016,6.211242675781250,,6.768797397613525,3.834446191787720,3.201513767242432,6.167555332183838,
0.196,6.233749389648438,3.122654914855957,4.548780441284180,6.716035842895508,,8.346787452697754,4.618119716644287,3.272755384445190,7.180803775787354,
0.2,6.924920082092285,3.383221626281738,4.726198673248291,7.223188877105713,,10.014512062072754,5.411857604980469,3.372295856475830,8.236941337585449,
0.204,7.685745716094971,3.617638349533081,4.867268085479736,7.796813011169434,,11.347001075744629,5.980434417724609,3.477757215499878,9.081617355346680,
0.208,8.614887237548828,3.898070096969604,4.962527275085449,8.512507438659668,,12.119025230407715,6.269489288330078,3.562464952468872,9.619343757629395,
0.212,9.517853736877441,4.177552223205566,5.005584716796875,9.204398155212402,,12.538331031799316,6.440076828002930,3.629526853561401,9.957816123962402,
0.216,10.278916358947754,4.382141113281250,4.988649368286133,9.796362876892090,,12.791317939758301,6.581976890563965,3.696492433547974,10.152482032775879,
0.22,11.086162567138672,4.565681457519531,4.957784652709961,10.409306526184082,,12.893221855163574,6.684224128723145,3.781399726867676,10.240599632263184,
0.224,12.019824981689453,4.773551464080811,4.953014850616455,11.021614074707031,,12.835244178771973,6.725524902343750,3.879687309265137,10.299799919128418,
0.228,12.812232971191406,4.925223827362061,4.960724830627441,11.428503036499023,,12.708241462707520,6.734188079833984,3.975567340850830,10.395920753479004,
0.232,13.324655532836914,5.050057888031006,5.008505344390869,11.641315460205078,,12.672242164611816,6.767843723297119,4.059583663940430,10.504358291625977,
0.236,13.676541328430176,5.268428325653076,5.143701076507568,11.883699417114258,,12.859067916870117,6.861186504364014,4.142375946044922,10.644508361816406,
0.24,13.930566787719727,5.524095058441162,5.353302001953125,12.208653450012207,,13.243664741516113,7.026579380035400,4.251688003540039,10.900919914245605,
0.244,14.209157943725586,5.768698215484619,5.625387191772461,12.604258537292480,,13.672314643859863,7.248077392578125,4.396033287048340,11.262136459350586,
0.248,14.631329536437988,6.039183139801025,5.924129962921143,13.076498031616211,,14.083304405212402,7.481210231781006,4.546158790588379,11.653669357299805,
0.252,15.108873367309570,6.299163341522217,6.176871299743652,13.535120010375977,,14.575386047363281,7.751364707946777,4.722838401794434,12.107621192932129,
0.256,15.556309700012207,6.497354507446289,6.362633228302002,13.927404403686523,,15.155587196350098,8.088021278381348,4.963057994842529,12.661537170410156,
0.26,16.032587051391602,6.651775836944580,6.521971225738525,14.362065315246582,,15.646986961364746,8.396632194519043,5.196753501892090,13.184007644653320,
0.264,16.562822341918945,6.804988861083984,6.696974754333496,14.913378715515137,,16.008518218994141,8.645344734191895,5.395994186401367,13.603068351745605,
0.268,17.044149398803711,6.935731887817383,6.853371143341064,15.449637413024902,,16.329153060913086,8.889218330383301,5.622169971466064,13.988251686096191,
0.272,17.479167938232422,7.069514274597168,7.026861667633057,15.941809654235840,,16.618818283081055,9.133458137512207,5.884607791900635,14.340354919433594,
0.276,17.939386367797852,7.290897846221924,7.314688205718994,16.486965179443359,,16.906261444091797,9.379924774169922,6.176716327667236,14.681079864501953,
0.28,18.369903564453125,7.574585914611816,7.632977008819580,17.014272689819336,,17.218297958374023,9.619736671447754,6.475263595581055,15.088392257690430,
0.284,18.773454666137695,7.869099617004395,7.894289493560791,17.488479614257813,,17.513673782348633,9.834202766418457,6.733189582824707,15.502792358398438,
0.288,19.206481933593750,8.163190841674805,8.141801834106445,17.971382141113281,,17.785211563110352,10.034538269042969,6.965335845947266,15.860376358032227,
0.292,19.637670516967773,8.414113998413086,8.395098686218262,18.397838592529297,,18.081136703491211,10.226556777954102,7.218038082122803,16.266618728637695,
0.296,20.010915756225586,8.601303100585938,8.649458885192871,18.729150772094727,,18.413093566894531,10.392987251281738,7.512701034545898,16.779253005981445,
0.3,20.321622848510742,8.780416488647461,8.918933868408203,19.107749938964844,,18.723897933959961,10.522647857666016,7.836559772491455,17.249668121337891,
0.304,20.605567932128906,8.965595245361328,9.190048217773438,19.595077514648438,,19.004781723022461,10.681907653808594,8.158054351806641,17.652105331420898,
0.308,20.868688583374023,9.095725059509277,9.419940948486328,20.042852401733398,,19.290069580078125,10.925634384155273,8.449074745178223,18.099065780639648,
0.312,21.146875381469727,9.234148979187012,9.637132644653320,20.462158203125000,,19.555669784545898,11.173433303833008,8.686722755432129,18.530961990356445,
0.316,21.473640441894531,9.434026718139648,9.899619102478027,20.987625122070313,,19.831638336181641,11.377827644348145,8.919128417968750,18.959211349487305,
0.32,21.771860122680664,9.556056022644043,10.174328804016113,21.525129318237305,,20.174175262451172,11.559489250183105,9.209197044372559,19.476388931274414,
0.324,22.043510437011719,9.612679481506348,10.430542945861816,21.991546630859375,,20.519033432006836,11.704825401306152,9.504920005798340,19.985183715820313,
0.328,22.334487915039063,9.738048553466797,10.676400184631348,22.420358657836914,,20.810958862304688,11.850831031799316,9.738342285156250,20.407373428344727,
0.332,22.555154800415039,9.870005607604980,10.874152183532715,22.793876647949219,,21.143262863159180,12.065051078796387,9.979379653930664,20.874307632446289,
0.336,22.663106918334961,9.931015968322754,11.000077247619629,23.135107040405273,,21.598873138427734,12.324538230895996,10.315892219543457,21.475339889526367,
0.34,22.761569976806641,9.992787361145020,11.128849029541016,23.471487045288086,,22.075941085815430,12.549820899963379,10.660616874694824,22.068183898925781,
0.344,22.940538406372070,10.107077598571777,11.317228317260742,23.769210815429688,,22.530872344970703,12.768975257873535,10.944725036621094,22.626220703125000,
0.348,23.139385223388672,10.196849822998047,11.485689163208008,24.037973403930664,,23.019756317138672,13.043027877807617,11.235086441040039,23.255641937255859,
0.352,23.251922607421875,10.215901374816895,11.624837875366211,24.313072204589844,,23.449522018432617,13.300363540649414,11.537261009216309,23.874040603637695,
0.356,23.272495269775391,10.222659111022949,11.801387786865234,24.565841674804688,,23.835680007934570,13.504858016967773,11.804232597351074,24.437238693237305,
0.36,23.254962921142578,10.250803947448730,11.957186698913574,24.737325668334961,,24.309438705444336,13.695656776428223,12.025200843811035,25.015174865722656,
0.364,23.192798614501953,10.274328231811523,12.094026565551758,24.851509094238281,,24.785820007324219,13.868329048156738,12.191339492797852,25.595750808715820,
0.368,23.037584304809570,10.254653930664063,12.272772789001465,24.991422653198242,,25.164649963378906,14.029516220092773,12.318794250488281,26.143775939941406,
0.372,22.822103500366211,10.175606727600098,12.415015220642090,25.149320602416992,,25.559320449829102,14.194822311401367,12.511047363281250,26.684495925903320,
0.376,22.610731124877930,10.039005279541016,12.478563308715820,25.280328750610352,,26.047843933105469,14.342500686645508,12.802704811096191,27.247781753540039,
0.38,22.475809097290039,9.886683464050293,12.540565490722656,25.417093276977539,,26.504104614257813,14.471302032470703,13.075351715087891,27.778377532958984,
0.384,22.470945358276367,9.801980972290039,12.641630172729492,25.619756698608398,,26.890209197998047,14.605976104736328,13.320521354675293,28.313756942749023,
0.388,22.547134399414063,9.800474166870117,12.778624534606934,25.935411453247070,,27.253318786621094,14.731506347656250,13.611868858337402,28.946113586425781,
0.392,22.707513809204102,9.867423057556152,12.985657691955566,26.439722061157227,,27.512779235839844,14.817124366760254,13.893977165222168,29.549877166748047,
0.396,23.004585266113281,9.993228912353516,13.269067764282227,27.110153198242188,,27.612569808959961,14.846746444702148,14.153438568115234,30.020494461059570,
0.4,23.379722595214844,10.108027458190918,13.517126083374023,27.738039016723633,,27.601648330688477,14.832108497619629,14.450040817260742,30.413043975830078,
0.404,23.803470611572266,10.180497169494629,13.705079078674316,28.298425674438477,,27.558769226074219,14.828062057495117,14.749661445617676,30.761377334594727,
0.408,24.252351760864258,10.248489379882813,13.934507369995117,28.905651092529297,,27.537153244018555,14.855710029602051,15.012485504150391,31.086061477661133,
0.412,24.611680984497070,10.316771507263184,14.193203926086426,29.491340637207031,,27.556138992309570,14.907674789428711,15.296575546264648,31.499719619750977,
0.416,24.832712173461914,10.357681274414063,14.468497276306152,30.041894912719727,,27.625816345214844,14.976383209228516,15.669984817504883,32.062805175781250,
0.42,24.946403503417969,10.347541809082031,14.809208869934082,30.616296768188477,,27.737937927246094,15.023321151733398,16.082885742187500,32.622470855712891,
0.424,24.967483520507813,10.294327735900879,15.140705108642578,31.163352966308594,,27.860572814941406,15.035657882690430,16.487117767333984,33.125160217285156,
0.428,24.909057617187500,10.236926078796387,15.369842529296875,31.616193771362305,,27.944059371948242,15.036779403686523,16.882356643676758,33.636589050292969,
0.432,24.792201995849609,10.175146102905273,15.523785591125488,32.001564025878906,,27.951538085937500,15.037770271301270,17.191604614257813,34.084274291992188,
0.436,24.628957748413086,10.075201988220215,15.665415763854980,32.378868103027344,,27.855398178100586,15.009964942932129,17.441738128662109,34.468887329101563,
0.44,24.473239898681641,9.918237686157227,15.811694145202637,32.718452453613281,,27.663253784179688,14.931018829345703,17.748168945312500,34.869651794433594,
0.444,24.355060577392578,9.709477424621582,15.947108268737793,33.053394317626953,,27.466581344604492,14.851877212524414,18.066976547241211,35.220699310302734,
0.448,24.255834579467773,9.490984916687012,16.062528610229492,33.434158325195313,,27.316858291625977,14.806056022644043,18.322896957397461,35.454219818115234,
0.452,24.188657760620117,9.308465957641602,16.153930664062500,33.751178741455078,,27.141403198242188,14.764341354370117,18.582187652587891,35.652690887451172,
0.456,24.118022918701172,9.140272140502930,16.221471786499023,34.020301818847656,,26.914537429809570,14.692221641540527,18.883384704589844,35.905899047851563,
0.46,24.012422561645508,8.955002784729004,16.292091369628906,34.363842010498047,,26.730764389038086,14.595705986022949,19.134098052978516,36.177101135253906,
0.464,23.931301116943359,8.795722961425781,16.408020019531250,34.726322174072266,,26.617084503173828,14.512929916381836,19.327478408813477,36.403408050537109,
0.468,23.904691696166992,8.700690269470215,16.563074111938477,35.030033111572266,,26.502590179443359,14.436565399169922,19.541004180908203,36.598213195800781,
0.472,23.928924560546875,8.659843444824219,16.737703323364258,35.345508575439453,,26.359521865844727,14.376943588256836,19.753076553344727,36.803009033203125,
0.476,23.993871688842773,8.635565757751465,16.931394577026367,35.717094421386719,,26.199346542358398,14.319695472717285,19.955924987792969,37.024852752685547,
0.48,24.063108444213867,8.585114479064941,17.098236083984375,36.061454772949219,,26.033092498779297,14.208420753479004,20.176588058471680,37.228313446044922,
0.484,24.156147003173828,8.518068313598633,17.194833755493164,36.401985168457031,,25.878025054931641,14.108501434326172,20.343317031860352,37.371307373046875,
0.488,24.316291809082031,8.461026191711426,17.257410049438477,36.811370849609375,,25.732719421386719,14.077982902526855,20.432641983032227,37.464344024658203,
0.492,24.501043319702148,8.403701782226563,17.353523254394531,37.212642669677734,,25.588224411010742,14.057211875915527,20.547500610351563,37.568397521972656,
0.496,24.684066772460938,8.354384422302246,17.512519836425781,37.606399536132813,,25.436460494995117,13.997006416320801,20.728744506835938,37.694587707519531,
0.5,24.875843048095703,8.342815399169922,17.702907562255859,38.081233978271484,,25.260971069335938,13.906178474426270,20.889671325683594,37.783370971679688,
0.504,25.040155410766602,8.357057571411133,17.852079391479492,38.571666717529297,,25.060035705566406,13.815750122070313,20.983407974243164,37.829338073730469,
0.508,25.195280075073242,8.355406761169434,17.946434020996094,38.971431732177734,,24.850997924804688,13.735675811767578,21.033123016357422,37.880287170410156,
0.512,25.374946594238281,8.313869476318359,18.063865661621094,39.342044830322266,,24.646909713745117,13.652044296264648,21.054418563842773,37.919231414794922,
0.516,25.533876419067383,8.250988006591797,18.233999252319336,39.765758514404297,,24.426574707031250,13.524469375610352,21.123826980590820,37.913055419921875,
0.52,25.633361816406250,8.200018882751465,18.397195816040039,40.138977050781250,,24.185781478881836,13.334902763366699,21.259611129760742,37.905948638916016,
0.524,25.686721801757813,8.142506599426270,18.536899566650391,40.418373107910156,,24.001789093017578,13.157192230224609,21.354402542114258,37.938491821289063,
0.528,25.724210739135742,8.057977676391602,18.664623260498047,40.684597015380859,,23.918264389038086,13.037981986999512,21.383388519287109,37.977134704589844,
0.532,25.736747741699219,8.000682830810547,18.746416091918945,40.918609619140625,,23.832342147827148,12.915896415710449,21.398147583007813,38.026100158691406,
0.536,25.677312850952148,7.954483985900879,18.763921737670898,41.110027313232422,,23.663118362426758,12.743583679199219,21.426372528076172,38.122264862060547,
0.54,25.561622619628906,7.835645675659180,18.727983474731445,41.271739959716797,,23.481250762939453,12.579209327697754,21.464159011840820,38.212627410888672,
0.544,25.465280532836914,7.694863319396973,18.672504425048828,41.382705688476563,,23.342542648315430,12.459714889526367,21.474252700805664,38.272819519042969,
0.548,25.411251068115234,7.613986968994141,18.666215896606445,41.468544006347656,,23.254087448120117,12.351128578186035,21.453344345092773,38.353027343750000,
0.552,25.341379165649414,7.546538352966309,18.740854263305664,41.561977386474609,,23.208059310913086,12.257111549377441,21.441722869873047,38.443325042724609,
0.556,25.235576629638672,7.445384502410889,18.835000991821289,41.670131683349609,,23.154224395751953,12.149139404296875,21.479890823364258,38.523204803466797,
0.56,25.156345367431641,7.341633796691895,18.863220214843750,41.767024993896484,,23.081592559814453,12.002053260803223,21.566255569458008,38.628986358642578,
0.564,25.085081100463867,7.239435672760010,18.838619232177734,41.828777313232422,,23.023258209228516,11.880415916442871,21.615032196044922,38.786964416503906,
0.568,24.969396591186523,7.134561538696289,18.833530426025391,41.902099609375000,,22.993356704711914,11.803773880004883,21.586570739746094,38.946163177490234,
0.572,24.839553833007813,7.054414272308350,18.853748321533203,42.000869750976563,,22.954071044921875,11.732583999633789,21.562450408935547,39.045101165771484,
0.576,24.722642898559570,7.015007495880127,18.899841308593750,42.087478637695313,,22.883586883544922,11.649910926818848,21.592180252075195,39.127975463867188,
0.58,24.615745544433594,6.991233825683594,18.977243423461914,42.169685363769531,,22.824790954589844,11.570775985717773,21.648511886596680,39.249084472656250,
0.584,24.509092330932617,6.936304092407227,19.030836105346680,42.248550415039063,,22.800960540771484,11.496870994567871,21.715450286865234,39.401432037353516,
0.588,24.409608840942383,6.874524116516113,19.042760848999023,42.280490875244141,,22.804080963134766,11.415470123291016,21.791114807128906,39.571956634521484,
0.592,24.311889648437500,6.833686351776123,19.074613571166992,42.276767730712891,,22.835544586181641,11.329741477966309,21.843540191650391,39.735660552978516,
0.596,24.181283950805664,6.783188819885254,19.162029266357422,42.297603607177734,,22.881225585937500,11.248020172119141,21.877145767211914,39.909626007080078,
0.6,24.020153045654297,6.732655048370361,19.265331268310547,42.341583251953125,,22.913394927978516,11.191657066345215,21.941949844360352,40.111206054687500,
0.604,23.865743637084961,6.739482879638672,19.359130859375000,42.358413696289063,,22.928819656372070,11.144288063049316,22.021638870239258,40.291625976562500,
0.608,23.736904144287109,6.810279846191406,19.469470977783203,42.315849304199219,,22.918432235717773,11.057389259338379,22.071018218994141,40.436912536621094,
0.612,23.607843399047852,6.851114273071289,19.579177856445313,42.251079559326172,,22.897346496582031,10.965286254882813,22.110963821411133,40.567665100097656,
0.616,23.408393859863281,6.817514419555664,19.654594421386719,42.172847747802734,,22.894098281860352,10.937157630920410,22.176277160644531,40.668300628662109,
0.62,23.100412368774414,6.776975631713867,19.710515975952148,42.014324188232422,,22.874771118164063,10.934310913085938,22.240293502807617,40.725914001464844,
0.624,22.770885467529297,6.773169517517090,19.739206314086914,41.803661346435547,,22.839797973632813,10.874128341674805,22.290445327758789,40.783409118652344,
0.628,22.511562347412109,6.788830757141113,19.737623214721680,41.621631622314453,,22.807695388793945,10.770731925964355,22.332868576049805,40.848480224609375,
0.632,22.272876739501953,6.791131019592285,19.730569839477539,41.401004791259766,,22.730424880981445,10.716765403747559,22.342790603637695,40.848274230957031,
0.636,21.985754013061523,6.758728981018066,19.707410812377930,41.035987854003906,,22.572660446166992,10.707720756530762,22.324804306030273,40.737529754638672,
0.64,21.666997909545898,6.690485477447510,19.659032821655273,40.581039428710938,,22.362051010131836,10.653599739074707,22.293300628662109,40.550662994384766,
0.644,21.284145355224609,6.610320568084717,19.589405059814453,40.068820953369141,,22.156017303466797,10.573497772216797,22.241888046264648,40.349887847900391,
0.648,20.807695388793945,6.534516811370850,19.487573623657227,39.451774597167969,,21.934034347534180,10.518633842468262,22.163921356201172,40.137706756591797,
0.652,20.317880630493164,6.484696865081787,19.357526779174805,38.802482604980469,,21.598205566406250,10.438337326049805,22.055189132690430,39.800167083740234,
0.656,19.777845382690430,6.459628582000732,19.150405883789063,38.093563079833984,,21.153593063354492,10.303073883056641,21.901924133300781,39.267040252685547,
0.66,19.118312835693359,6.398074626922607,18.810956954956055,37.188644409179688,,20.710554122924805,10.166414260864258,21.704450607299805,38.665725708007813,
0.664,18.441612243652344,6.272996425628662,18.432931900024414,36.160392761230469,,20.189926147460938,10.000812530517578,21.426542282104492,37.940902709960938,
0.668,17.805383682250977,6.105015277862549,18.085399627685547,35.104373931884766,,19.463914871215820,9.751837730407715,21.045761108398438,36.923179626464844,
0.672,17.014213562011719,5.885286331176758,17.631540298461914,33.773567199707031,,18.671905517578125,9.469698905944824,20.659389495849609,35.813465118408203,
0.676,15.927595138549805,5.592303276062012,16.963710784912109,31.965686798095703,,17.774932861328125,9.128188133239746,20.164283752441406,34.544464111328125,
0.68,14.744476318359375,5.270967483520508,16.198057174682617,30.021848678588867,,16.611387252807617,8.659338951110840,19.383747100830078,32.798534393310547,
0.684,13.442295074462891,4.895791053771973,15.277680397033691,27.884698867797852,,15.389279365539551,8.142989158630371,18.473876953125000,30.806472778320313,
0.688,11.863986015319824,4.393474102020264,14.046315193176270,25.202428817749023,,14.270239830017090,7.662177085876465,17.562576293945313,28.838146209716797,
0.692,10.275783538818359,3.851281881332397,12.706990242004395,22.400802612304688,,12.947961807250977,7.095537185668945,16.368299484252930,26.471925735473633,
0.696,8.681638717651367,3.297636032104492,11.227131843566895,19.450443267822266,,11.197497367858887,6.328939437866211,14.715945243835449,23.353479385375977,
0.7,6.903471469879150,2.684005022048950,9.421305656433105,15.956301689147949,,9.358836174011230,5.493642330169678,12.969054222106934,20.092658996582031,
0.704,5.279273509979248,2.112926483154297,7.609555721282959,12.488063812255859,,7.552057266235352,4.599381446838379,11.064408302307129,16.749490737915039,
0.708,3.982901334762573,1.666313767433167,5.962735652923584,9.418274879455566,,5.650916576385498,3.554470539093018,8.643258094787598,12.850332260131836,
0.712,2.576523303985596,1.180816650390625,3.977385282516479,6.059343338012695,,3.957708120346069,2.537374734878540,6.103214740753174,9.001614570617676,
0.716,0.907806336879730,0.533569276332855,1.533344030380249,2.305416107177734,,2.485854864120483,1.538980484008789,3.644223690032959,5.398801803588867,
0.72,-0.385665088891983,-0.044256396591663,-0.446066021919250,-0.435875236988068,,1.042833328247070,0.413400530815125,1.295197010040283,1.861810088157654,
0.724,-0.813892662525177,-0.333350062370300,-1.291727542877197,-1.112389922142029,,-0.038617540150881,-0.537949204444885,-0.221202790737152,-0.672777891159058,
0.728,-0.624477267265320,-0.349365651607513,-1.162888765335083,-0.327413499355316,,-0.500670194625854,-0.977824389934540,-0.563676238059998,-1.520736217498779,
0.732,-0.276097029447556,-0.156081646680832,-0.506620824337006,0.433210879564285,,-0.333599358797073,-0.767597496509552,-0.129744589328766,-1.057015657424927,
0.736,0.093696802854538,0.175467506051064,0.237246483564377,0.471697449684143,,0.275841802358627,-0.124631658196449,0.459083378314972,-0.169810801744461,
0.74,0.388530433177948,0.426954329013824,0.718573689460754,0.285600543022156,,0.686844289302826,0.230323806405067,0.661064147949219,0.271907985210419,
0.744,0.366269469261169,0.385346740484238,0.706344544887543,0.252128630876541,,0.536907792091370,-0.018317250534892,0.509801506996155,0.076308630406857,
0.748,0.097249798476696,0.173435360193253,0.306602805852890,0.189118295907974,,0.201316237449646,-0.403098642826080,0.333096921443939,-0.282526880502701,
0.752,-0.118782237172127,-0.024686513468623,-0.145692020654678,0.065811440348625,,0.153045669198036,-0.417843490839005,0.273160398006439,-0.326755106449127,
0.756,-0.156503662467003,-0.164766386151314,-0.345469653606415,0.103236153721809,,0.328058272600174,-0.133349120616913,0.358202099800110,-0.141721338033676,
0.76,-0.064744576811790,-0.150615617632866,-0.196776092052460,0.227663561701775,,0.376068234443665,0.016553808003664,0.477053940296173,-0.082352645695210,
0.764,0.104428276419640,0.064705915749073,0.121283248066902,0.230915486812592,,0.277335405349731,-0.129615008831024,0.421054214239120,-0.204669684171677,
0.768,0.249506875872612,0.288789868354797,0.352380692958832,0.175338208675385,,0.194842606782913,-0.358627915382385,0.229440242052078,-0.325532972812653,
0.772,0.223895147442818,0.298522114753723,0.327207028865814,0.190811887383461,,0.218501344323158,-0.369639396667480,0.183737322688103,-0.312207639217377,
0.776,0.074339918792248,0.135535821318626,0.080078564584255,0.204270169138908,,0.354672610759735,-0.117931909859180,0.346301376819611,-0.182663246989250,
0.78,-0.012890578247607,-0.023875769227743,-0.145486310124397,0.132246509194374,,0.446837812662125,0.073024190962315,0.463428497314453,-0.069777548313141,
0.784,0.000608193746302,-0.058656103909016,-0.151061996817589,0.066547311842442,,0.393119871616364,0.008469968102872,0.437220424413681,-0.106798686087132,
0.788,0.044585235416889,0.051841046661139,0.031424831598997,0.091333955526352,,0.306247562170029,-0.121833719313145,0.407539159059525,-0.253094673156738,
0.792,0.118760675191879,0.203113406896591,0.215013906359673,0.125609084963799,,0.301096290349960,-0.131782591342926,0.437161952257156,-0.313728719949722,
0.796,0.200366646051407,0.262244880199432,0.255561798810959,0.098274126648903,,0.338301032781601,-0.087302312254906,0.471608608961105,-0.263270616531372,
0.8,0.202511727809906,0.195248484611511,0.162347629666328,0.080872312188148,,0.336898058652878,-0.093200609087944,0.463869899511337,-0.250076383352280,
0.804,0.107551962137222,0.094763517379761,0.024722859263420,0.086175397038460,,0.311391234397888,-0.150167852640152,0.415760219097137,-0.309946894645691,
0.808,-0.007025309838355,0.051040776073933,-0.061480015516281,0.057440444827080,,0.302360951900482,-0.239839136600494,0.350613087415695,-0.362806230783463,
0.812,-0.050412874668837,0.055083148181438,-0.035011805593967,0.027666807174683,,0.311974316835403,-0.297465264797211,0.330092668533325,-0.334881961345673,
0.816,-0.003263601800427,0.090917907655239,0.058905623853207,0.054542642086744,,0.318799644708633,-0.285220056772232,0.381096392869949,-0.247187420725822,
0.82,0.057895708829165,0.157315462827682,0.121875099837780,0.109765313565731,,0.299698173999786,-0.256683468818665,0.433240979909897,-0.187799662351608,
0.824,0.044116120785475,0.196912646293640,0.124838419258595,0.115557603538036,,0.277058929204941,-0.239894479513168,0.429969370365143,-0.195598661899567,
0.828,-0.003481155494228,0.164511501789093,0.091116912662983,0.077781036496162,,0.283327639102936,-0.223583146929741,0.379990816116333,-0.243025168776512,
0.832,-0.005165565758944,0.112834997475147,0.037614367902279,0.059719178825617,,0.312276422977448,-0.195205882191658,0.342624485492706,-0.281046241521835,
0.836,0.015495139174163,0.109527043998241,-0.000061151600676,0.070792205631733,,0.335042446851730,-0.172404289245605,0.365160673856735,-0.275431513786316,
0.84,0.033264037221670,0.128593459725380,-0.000831964251120,0.092394798994064,,0.339338719844818,-0.190398290753365,0.386990815401077,-0.241180464625359,
0.844,0.064394481480122,0.118397139012814,0.019659472629428,0.106842577457428,,0.329640954732895,-0.242158576846123,0.345369666814804,-0.248368114233017,
0.848,0.106345504522324,0.103756971657276,0.048340447247028,0.087765000760555,,0.299348026514053,-0.298580586910248,0.305123835802078,-0.316925525665283,
0.852,0.133593127131462,0.108192473649979,0.060564029961824,0.038811571896076,,0.279223412275314,-0.312224894762039,0.320730686187744,-0.351747840642929,
0.856,0.115308858454227,0.097187027335167,0.052195478230715,0.012711154296994,,0.303973644971848,-0.282289534807205,0.339231133460999,-0.294943451881409,
0.86,0.055990222841501,0.085318341851234,0.049771931022406,0.026658648625016,,0.339959681034088,-0.298625499010086,0.344814509153366,-0.239880606532097,
0.864,0.015402013435960,0.123400300741196,0.068149335682392,0.042946282774210,,0.338823497295380,-0.353425711393356,0.381474852561951,-0.247453600168228,
0.868,0.024321809411049,0.175731703639030,0.096739009022713,0.072864659130573,,0.290592461824417,-0.348185449838638,0.421472966670990,-0.256348252296448,
0.872,0.042128250002861,0.180191606283188,0.084329947829247,0.116413958370686,,0.245653778314590,-0.282376259565353,0.398520082235336,-0.261327922344208,
0.876,0.041338589042425,0.137191295623779,0.014402019791305,0.126909881830215,,0.259746998548508,-0.234488189220428,0.340625226497650,-0.291919082403183,
0.88,0.041522070765495,0.085357904434204,-0.029432665556669,0.117149174213409,,0.316721588373184,-0.263599514961243,0.325037747621536,-0.320012122392654,
0.884,0.043540015816689,0.062899164855480,0.012602403759956,0.095317743718624,,0.355095803737640,-0.318976342678070,0.352753520011902,-0.346944302320480,
0.888,0.029644157737494,0.063376910984516,0.083103954792023,0.057925261557102,,0.348339825868607,-0.320882618427277,0.386095494031906,-0.383324056863785,
0.892,0.027980795130134,0.075555972754955,0.121685087680817,0.049856517463923,,0.310361355543137,-0.288861155509949,0.409866034984589,-0.373804509639740,
0.896,0.045011520385742,0.105577141046524,0.121133044362068,0.084226273000240,,0.260607033967972,-0.251625955104828,0.403435140848160,-0.324199825525284,
0.9,0.047119572758675,0.124692745506763,0.080142363905907,0.132027879357338,,0.225239276885986,-0.218621879816055,0.365681767463684,-0.309226840734482,
0.904,0.054265752434731,0.096746213734150,0.034710470587015,0.148229077458382,,0.227938264608383,-0.205927774310112,0.338311553001404,-0.326196610927582,
0.908,0.081810668110847,0.047921314835548,0.022343814373016,0.118197821080685,,0.251682579517365,-0.213621884584427,0.345424354076385,-0.340011179447174,
0.912,0.097166955471039,0.033392082899809,0.033838354051113,0.093322321772575,,0.257125109434128,-0.249510094523430,0.362435728311539,-0.331947535276413,
0.916,0.078658916056156,0.047747101634741,0.047712020576000,0.114298596978188,,0.254763990640640,-0.276176601648331,0.370264768600464,-0.316512256860733,
0.92,0.035468395799398,0.076402053236961,0.051095120608807,0.136020168662071,,0.275004088878632,-0.253381073474884,0.379961669445038,-0.313551038503647,
0.924,0.026437116786838,0.117497824132442,0.041866831481457,0.098921656608582,,0.315488100051880,-0.237726882100105,0.373717308044434,-0.311576366424561,
0.928,0.078978575766087,0.127207964658737,0.012155014090240,0.053017858415842,,0.347636610269547,-0.259546250104904,0.336540699005127,-0.336693137884140,
0.932,0.119779862463474,0.099879689514637,-0.016223214566708,0.058217655867338,,0.361464589834213,-0.256688952445984,0.325820624828339,-0.372849136590958,
0.936,0.100107394158840,0.088592208921909,-0.004851997829974,0.078966021537781,,0.361426562070847,-0.218749091029167,0.368146717548370,-0.353263139724731,
0.94,0.044366564601660,0.097091823816299,0.034480039030313,0.078702241182327,,0.337375134229660,-0.204796805977821,0.414612531661987,-0.299887269735336,
0.944,-0.005278440658003,0.108410559594631,0.067704610526562,0.060290478169918,,0.321189433336258,-0.210588842630386,0.407533138990402,-0.278536558151245,
0.948,-0.020813196897507,0.146189078688622,0.064431942999363,0.020363742485642,,0.342257767915726,-0.211496502161026,0.329637765884399,-0.315406650304794,
0.952,-0.015609305351973,0.157942429184914,0.027770571410656,-0.023041667416692,,0.344144880771637,-0.234788164496422,0.263596296310425,-0.384122639894485,
0.956,-0.011038668453693,0.096470206975937,0.000350533344317,-0.020682508125901,,0.294887155294418,-0.252012580633163,0.278289765119553,-0.408561170101166,
0.96,-0.008764750324190,0.040293071419001,0.000200857844902,0.038015201687813,,0.237138912081718,-0.207565873861313,0.332814663648605,-0.348267912864685,
0.964,0.004460767842829,0.041793476790190,-0.004417581483722,0.098844178020954,,0.217727199196815,-0.141990751028061,0.368065595626831,-0.259728014469147,
0.968,0.033302035182714,0.087357580661774,-0.037443660199642,0.111428335309029,,0.245787888765335,-0.129916191101074,0.356381952762604,-0.241742298007011,
0.972,0.046566408127546,0.137420177459717,-0.059625394642353,0.083691880106926,,0.287505626678467,-0.195174008607864,0.337492883205414,-0.317994385957718,
0.976,0.034979417920113,0.172613203525543,-0.047748066484928,0.055143374949694,,0.310207277536392,-0.283351540565491,0.370769500732422,-0.387451112270355,
0.98,0.015021584928036,0.186769753694534,-0.031299151480198,0.051018368452787,,0.289948076009750,-0.308166027069092,0.424895584583282,-0.372326642274857,
0.984,-0.001763686421327,0.163235828280449,-0.024295203387737,0.072820879518986,,0.251611232757568,-0.272193938493729,0.438569515943527,-0.311966329813004,
0.988,0.011143163777888,0.134718090295792,-0.018061177805066,0.105027370154858,,0.257996112108231,-0.254035741090775,0.405969589948654,-0.268069893121719,
0.992,0.031995277851820,0.120145402848721,0.005457210820168,0.109577849507332,,0.301231354475021,-0.268598705530167,0.373667538166046,-0.254454106092453,
0.996,0.031442839652300,0.113692387938499,0.040500074625015,0.094726674258709,,0.327415406703949,-0.280696719884872,0.357664644718170,-0.257562786340714,
1,0.043095767498016,0.126638323068619,0.056163612753153,0.110583022236824,,0.330237060785294,-0.281134337186813,0.321280866861343,-0.270457953214645,
1.004,0.052907340228558,0.142462715506554,0.046536512672901,0.113775268197060,,0.319122552871704,-0.256763905286789,0.276303112506866,-0.301035046577454,
1.008,0.031034326180816,0.145514026284218,0.009510324336588,0.057264417409897,,0.270001322031021,-0.217546582221985,0.277991801500320,-0.327287644147873,
1.012,-0.001827989239246,0.135299518704414,-0.052826568484306,0.021273816004395,,0.198330014944077,-0.213510572910309,0.343058943748474,-0.313588201999664,
1.016,-0.018876874819398,0.113199718296528,-0.097576625645161,0.054583892226219,,0.167219713330269,-0.260799378156662,0.404828190803528,-0.288568705320358,
1.02,-0.004342467058450,0.080731555819511,-0.098034039139748,0.083459779620171,,0.202493995428085,-0.317611306905746,0.405391305685043,-0.291050612926483,
1.024,0.030382065102458,0.049332946538925,-0.070487834513187,0.044370613992214,,0.270049631595612,-0.319011449813843,0.391728699207306,-0.320836722850800,
1.028,0.053143944591284,0.056233264505863,-0.028839800506830,-0.004847635049373,,0.316351532936096,-0.265291631221771,0.386883646249771,-0.363672286272049,
1.032,0.044194199144840,0.111926898360252,0.009321341291070,0.011159129440784,,0.339268863201141,-0.239177361130714,0.350281268358231,-0.375139266252518,
1.036,0.034264635294676,0.157389774918556,0.018075861036777,0.052176758646965,,0.346861332654953,-0.243390053510666,0.289986073970795,-0.327874451875687,
1.04,0.050338413566351,0.139866411685944,-0.006337388418615,0.061523731797934,,0.324064254760742,-0.242479696869850,0.249402865767479,-0.264642506837845,
1.044,0.053593792021275,0.088906824588776,-0.012518821284175,0.036123596131802,,0.307523608207703,-0.263632565736771,0.268582522869110,-0.225087881088257,
1.048,0.012645623646677,0.063160635530949,0.026316713541746,-0.008117352612317,,0.311573565006256,-0.280854880809784,0.336220353841782,-0.237208351492882,
1.052,-0.032990593463182,0.101052634418011,0.022948604077101,-0.024561369791627,,0.294652074575424,-0.259557187557220,0.380619436502457,-0.319342553615570,
1.056,-0.048568077385426,0.167789593338966,-0.033253010362387,0.012807064689696,,0.264734834432602,-0.226715281605721,0.374704480171204,-0.397599637508392,
1.06,-0.026978904381394,0.198168948292732,-0.041791748255491,0.047891858965158,,0.246222645044327,-0.214748054742813,0.355896502733231,-0.376080751419067,
1.064,0.036738757044077,0.186611324548721,-0.002801894908771,0.051924809813499,,0.237698197364807,-0.223836794495583,0.357938736677170,-0.315232485532761,
1.068,0.091227918863297,0.145207554101944,0.031440794467926,0.057882111519575,,0.239379629492760,-0.229227706789970,0.368205100297928,-0.311010032892227,
1.072,0.051890634000301,0.108363591134548,0.044152382761240,0.051639515906572,,0.255472779273987,-0.230702191591263,0.353762209415436,-0.308117747306824,
1.076,-0.038957100361586,0.112548083066940,0.026949966326356,0.036614701151848,,0.278608947992325,-0.224844112992287,0.326287806034088,-0.291289299726486,
1.08,-0.046134680509567,0.138831764459610,-0.007679400965571,0.061376783996820,,0.296713531017303,-0.202092617750168,0.323817759752274,-0.324246048927307,
1.084,0.021301148459315,0.166849136352539,-0.025527859106660,0.073224052786827,,0.318461954593658,-0.185429826378822,0.354746162891388,-0.363046824932098,
1.088,0.050171080976725,0.188683390617371,-0.020686881616712,0.011964969336987,,0.348508775234222,-0.200978934764862,0.376049250364304,-0.355703890323639,
1.092,0.025361107662320,0.187778890132904,-0.014045595191419,-0.038238719105721,,0.367413938045502,-0.238468825817108,0.341232508420944,-0.325751900672913,
1.096,0.007573652546853,0.169250354170799,0.006881989073008,-0.013413593173027,,0.354655146598816,-0.245291769504547,0.292424649000168,-0.297450602054596,
1.1,0.001140943262726,0.139451548457146,0.047050230205059,0.026283906772733,,0.331473380327225,-0.227075666189194,0.309865623712540,-0.304420262575150,
1.104,-0.007584049832076,0.094630837440491,0.063688069581985,0.034113656729460,,0.332273572683334,-0.231454104185104,0.382494419813156,-0.346029907464981,
1.108,-0.002111349953339,0.052511654794216,0.033703088760376,0.035672549158335,,0.339375346899033,-0.235384538769722,0.439287334680557,-0.373893737792969,
1.112,0.017609998583794,0.066029138863087,-0.003039128379896,0.042461320757866,,0.321805387735367,-0.206260636448860,0.450957983732224,-0.359943479299545,
1.116,0.036505520343781,0.153774052858353,-0.002515466185287,0.045346569269896,,0.278181880712509,-0.162128463387489,0.437034010887146,-0.325484007596970,
1.12,0.029850071296096,0.243128269910812,0.027741217985749,0.055770337581635,,0.232392042875290,-0.137703940272331,0.429923087358475,-0.315870255231857,
1.124,-0.014554430730641,0.254023909568787,0.037148512899876,0.051874171942472,,0.218453988432884,-0.144606530666351,0.431099981069565,-0.325994938611984,
1.128,-0.061333216726780,0.183100894093513,0.013165178708732,0.012724841013551,,0.249330073595047,-0.168284431099892,0.410462439060211,-0.336170941591263,
1.132,-0.049876328557730,0.095226764678955,0.007228383328766,-0.024375129491091,,0.285767614841461,-0.200492143630981,0.369109064340591,-0.347434669733047,
1.136,-0.002206574659795,0.068702526390553,0.017040863633156,-0.035833723843098,,0.269121676683426,-0.234734565019608,0.357312291860580,-0.347034603357315,
1.14,0.005863990169019,0.122420243918896,0.002812093123794,-0.032478269189596,,0.208657056093216,-0.252326995134354,0.387879431247711,-0.330706834793091,
1.144,-0.006744289305061,0.170838952064514,-0.015234159305692,-0.033558793365955,,0.176143527030945,-0.248047098517418,0.404216647148132,-0.327721983194351,
1.148,0.012711290270090,0.145894065499306,-0.002214398235083,-0.041077632457018,,0.210702314972878,-0.235282137989998,0.362889230251312,-0.365166783332825,
1.152,0.033305972814560,0.090556181967258,0.002244176343083,-0.037711240351200,,0.282066643238068,-0.231474459171295,0.282020390033722,-0.404112190008163,
1.156,0.007503653410822,0.053129881620407,-0.046695113182068,-0.008071479387581,,0.331473618745804,-0.233578205108643,0.241643324494362,-0.403675705194473,
1.16,-0.032641913741827,0.042701590806246,-0.089147262275219,0.041912138462067,,0.336126297712326,-0.217556938529015,0.293856620788574,-0.382859945297241,
1.164,-0.042380616068840,0.066595308482647,-0.066306225955486,0.075297981500626,,0.330547809600830,-0.193406775593758,0.375861674547195,-0.356276839971542,
1.168,-0.036231432110071,0.103673756122589,-0.007973298430443,0.084935896098614,,0.331198841333389,-0.196554377675056,0.452706336975098,-0.345098465681076,
1.172,-0.045193545520306,0.128551751375198,0.042471855878830,0.068500667810440,,0.316328376531601,-0.235348701477051,0.524902105331421,-0.349443793296814,
1.176,-0.051284708082676,0.161319538950920,0.053808622062206,0.037359453737736,,0.281339526176453,-0.280506342649460,0.525416612625122,-0.321943074464798,
1.18,-0.000282946828520,0.189426839351654,0.018896959722042,0.045264374464750,,0.260916322469711,-0.289177626371384,0.461865246295929,-0.287609219551086,
1.184,0.089818410575390,0.165235787630081,-0.032486747950315,0.081826083362103,,0.258689820766449,-0.260698974132538,0.382750600576401,-0.304447352886200,
1.188,0.131834343075752,0.125817373394966,-0.068578265607357,0.095557086169720,,0.237173229455948,-0.241222053766251,0.305196940898895,-0.341636419296265,
1.192,0.079688772559166,0.116322487592697,-0.061174850910902,0.073792316019535,,0.216356202960014,-0.261474639177322,0.291911303997040,-0.357707798480988,
1.196,-0.013274519704282,0.111157715320587,-0.016450559720397,0.037671443074942,,0.238364011049271,-0.284903705120087,0.326195746660233,-0.358111947774887,
1.2,-0.049441095441580,0.112729899585247,0.018025888130069,0.035559266805649,,0.298170834779739,-0.271111041307449,0.336874961853027,-0.350124031305313,
1.204,-0.013063044287264,0.129564180970192,0.018193347379565,0.074861750006676,,0.356349617242813,-0.245957210659981,0.374120891094208,-0.347199112176895,
1.208,0.037545181810856,0.145276859402657,0.003214539960027,0.082549273967743,,0.371611475944519,-0.238841280341148,0.447970837354660,-0.341433763504028,
1.212,0.058429770171642,0.167147949337959,-0.001289854058996,0.042068947106600,,0.330821394920349,-0.238047882914543,0.475050598382950,-0.334352165460587,
1.216,0.025877581909299,0.179453924298286,-0.004883595276624,0.000456625566585,,0.279235333204269,-0.236495539546013,0.453330039978027,-0.357813239097595,
1.22,-0.035190258175135,0.173851191997528,-0.014729551039636,-0.003732587909326,,0.270696133375168,-0.234556987881660,0.420864641666412,-0.386526763439178,
1.224,-0.055416621267796,0.179436475038528,0.012287782505155,0.058309841901064,,0.295585274696350,-0.226829230785370,0.391190290451050,-0.386860191822052,
1.228,-0.029929855838418,0.156060516834259,0.078131847083569,0.120732091367245,,0.325202167034149,-0.244936361908913,0.371703207492828,-0.373507231473923,
1.232,-0.021188899874687,0.107827603816986,0.105553105473518,0.109765544533730,,0.339673548936844,-0.296844780445099,0.360600769519806,-0.366301298141479,
1.236,-0.044714894145727,0.116722606122494,0.064255870878696,0.049233224242926,,0.322016537189484,-0.318699330091476,0.361439108848572,-0.360734194517136,
1.24,-0.046481214463711,0.149854600429535,0.011812265962362,-0.007827629335225,,0.293860554695129,-0.289245873689651,0.388454645872116,-0.340747743844986,
1.244,-0.024866946041584,0.135273680090904,-0.016988534480333,-0.021915338933468,,0.286014854907990,-0.255975037813187,0.435073584318161,-0.325439333915710,
1.248,-0.016166379675269,0.100338600575924,-0.037053801119328,-0.020077550783753,,0.282574295997620,-0.246332406997681,0.461817651987076,-0.316618055105209,
1.252,0.000211529608350,0.099941350519657,-0.047453690320253,-0.047851216048002,,0.266299724578857,-0.240653961896896,0.436322093009949,-0.283721268177032,
1.256,0.018217926844954,0.130045652389526,-0.034477945417166,-0.062940418720245,,0.264065772294998,-0.222700268030167,0.380626410245895,-0.242427572607994,
1.26,0.008885689079762,0.163048595190048,-0.008523567579687,-0.024309718981385,,0.306712090969086,-0.204598680138588,0.351618140935898,-0.220422208309174,
1.264,-0.001648799981922,0.194176182150841,0.009487995877862,0.023180561140180,,0.349148064851761,-0.198419451713562,0.354693949222565,-0.243237301707268,
1.268,0.006008014082909,0.201429873704910,0.014431802555919,0.044641461223364,,0.340607017278671,-0.207072526216507,0.350940823554993,-0.313344568014145,
1.272,0.023335369303823,0.161057502031326,0.004187091253698,0.046972591429949,,0.335461109876633,-0.231569275259972,0.332935750484467,-0.367107123136520,
1.276,0.042981315404177,0.126246467232704,-0.013393606990576,0.038347318768501,,0.361517399549484,-0.252624362707138,0.327961653470993,-0.373757421970367,
1.28,0.051488347351551,0.151447564363480,-0.012867880985141,0.024054387584329,,0.368157446384430,-0.250876635313034,0.352067500352859,-0.350402295589447,
1.284,0.028265567496419,0.172467812895775,-0.003845330094919,0.006096172612160,,0.446789085865021,-0.236639752984047,0.517396926879883,0.017619157209992,
1.288,-0.022120777517557,0.095981888473034,-0.015150670893490,-0.009149461984634,,2.802087783813477,0.831997931003571,2.468443870544434,4.263393878936768,
1.292,0.410737484693527,-0.057202335447073,0.158385470509529,0.984068155288696,,11.220552444458008,5.248090744018555,8.711837768554688,17.149026870727539,
1.296,5.562417984008789,0.458273440599442,2.887585878372192,10.137931823730469,,24.797796249389648,13.804173469543457,18.951154708862305,35.701324462890625,
1.3,16.919111251831055,3.811697244644165,10.374734878540039,28.549213409423828,,34.891956329345703,22.816345214843750,28.275960922241211,47.768962860107422,
1.304,24.085050582885742,9.816973686218262,18.201950073242188,38.546909332275391,,31.104116439819336,22.736135482788086,27.004409790039063,41.197044372558594,
1.308,19.691699981689453,12.498917579650879,18.914775848388672,31.202445983886719,,17.323394775390625,10.950021743774414,13.533364295959473,21.995929718017578,
1.312,14.086682319641113,8.403048515319824,11.646253585815430,22.499357223510742,,11.347676277160645,0.901672065258026,1.142429709434509,11.020954132080078,
1.316,19.044748306274414,3.380558729171753,3.843606472015381,24.616668701171875,,19.071357727050781,4.735851287841797,1.381639957427979,15.266119003295898,
1.32,32.864643096923828,5.638618469238281,2.945303916931152,30.615238189697266,,31.729936599731445,17.753814697265625,10.181322097778320,25.306011199951172,
1.324,59.368877410888672,17.076824188232422,7.742249011993408,40.530620574951172,,43.857509613037109,27.516136169433594,13.867586135864258,32.003963470458984,
1.328,103.884376525878906,32.765659332275391,11.838191986083984,60.738548278808594,,62.692710876464844,36.755657196044922,11.849746704101563,37.911624908447266,
1.332,150.044845581054688,47.480693817138672,13.114002227783203,81.306213378906250,,96.050498962402344,54.416637420654297,12.693733215332031,50.778221130371094,
1.336,175.449401855468750,56.272876739501953,13.236765861511230,90.458427429199219,,131.192932128906250,72.913871765136719,15.524390220642090,66.009765625000000,
1.34,171.267211914062500,54.267734527587891,11.893482208251953,86.516578674316406,,149.278579711914063,80.560867309570313,15.890562057495117,72.975708007812500,
1.344,145.930740356445313,43.524505615234375,8.631237030029297,74.409469604492188,,145.067474365234375,74.108924865722656,12.085424423217773,68.884498596191406,
1.348,115.329559326171875,31.210939407348633,6.021119117736816,62.398506164550781,,125.156143188476563,58.798213958740234,6.784273624420166,59.480617523193359,
1.352,86.474967956542969,21.955383300781250,7.202899456024170,53.932537078857422,,102.473564147949219,45.476879119873047,5.393599510192871,52.253921508789063,
1.356,60.347789764404297,15.755287170410156,11.256552696228027,47.240909576416016,,82.069374084472656,37.216728210449219,8.638480186462402,47.844493865966797,
1.36,40.865852355957031,10.807833671569824,13.785907745361328,41.458396911621094,,61.495311737060547,29.392396926879883,12.522701263427734,42.519462585449219,
1.364,29.503219604492188,6.651307582855225,13.372213363647461,36.933891296386719,,43.659290313720703,21.267503738403320,13.941110610961914,35.919506072998047,
1.368,24.056406021118164,4.323722839355469,12.301305770874023,33.982433319091797,,32.023899078369141,15.101284980773926,13.512328147888184,30.263645172119141,
1.372,22.862850189208984,4.434880733489990,12.273203849792480,32.867786407470703,,26.164020538330078,12.047764778137207,13.324569702148438,27.045499801635742,
1.376,23.177471160888672,5.556588172912598,12.846303939819336,32.307277679443359,,24.642984390258789,11.598032951354980,13.730495452880859,26.287322998046875,
1.38,22.737585067749023,5.817818641662598,12.639006614685059,30.915555953979492,,24.828866958618164,11.932722091674805,13.919912338256836,26.463193893432617,
1.384,21.783988952636719,5.160454750061035,11.694871902465820,29.442331314086914,,24.388933181762695,11.596517562866211,13.374031066894531,25.969562530517578,
1.388,21.358100891113281,4.692610263824463,11.283499717712402,29.089687347412109,,23.266757965087891,10.697971343994141,12.453851699829102,24.817438125610352,
1.392,22.070468902587891,5.101851940155029,11.894042968750000,30.094060897827148,,22.720739364624023,10.285263061523438,11.978800773620605,24.072721481323242,
1.396,23.657546997070313,5.990298271179199,12.896080017089844,31.996870040893555,,23.100072860717773,10.500514030456543,12.065651893615723,24.240161895751953,
1.4,25.248409271240234,6.515106678009033,13.467892646789551,33.862384796142578,,23.774961471557617,10.726615905761719,12.281398773193359,24.970949172973633,
1.404,26.744253158569336,6.622200965881348,13.575210571289063,35.480815887451172,,24.397903442382813,10.914353370666504,12.480957031250000,25.778196334838867,
1.408,28.459302902221680,6.812215805053711,13.732486724853516,37.188793182373047,,25.158210754394531,11.335102081298828,12.774576187133789,26.637445449829102,
1.412,30.162937164306641,7.269855976104736,14.051415443420410,38.693649291992188,,26.070161819458008,11.865718841552734,13.047174453735352,27.519153594970703,
1.416,31.910799026489258,7.891246795654297,14.302330970764160,39.942173004150391,,26.681335449218750,12.116898536682129,13.050923347473145,27.997756958007813,
1.42,34.029090881347656,8.560694694519043,14.412619590759277,41.299636840820313,,26.856616973876953,12.078436851501465,12.882424354553223,28.006862640380859,
1.424,36.233039855957031,9.191342353820801,14.481864929199219,42.656162261962891,,27.018236160278320,12.143689155578613,12.870952606201172,28.003269195556641,
1.428,38.241012573242188,9.807447433471680,14.607604980468750,43.853019714355469,,27.419250488281250,12.485646247863770,13.133600234985352,28.261957168579102,
1.432,40.155311584472656,10.507378578186035,14.767844200134277,44.910205841064453,,27.819398880004883,12.859160423278809,13.431895256042480,28.570682525634766,
1.436,41.625255584716797,11.133023262023926,14.812655448913574,45.528919219970703,,27.937520980834961,13.065791130065918,13.540403366088867,28.615653991699219,
1.44,41.858509063720703,11.330697059631348,14.668614387512207,45.279861450195313,,27.742067337036133,13.162723541259766,13.508791923522949,28.351507186889648,
1.444,40.386459350585938,11.002719879150391,14.475288391113281,43.986244201660156,,27.392801284790039,13.217783927917480,13.430936813354492,27.932474136352539,
1.448,37.626632690429688,10.369474411010742,14.373979568481445,41.980724334716797,,26.929178237915039,13.164547920227051,13.324064254760742,27.426473617553711,
1.452,34.866012573242188,9.740507125854492,14.310369491577148,40.084682464599609,,26.286970138549805,12.968488693237305,13.210864067077637,26.826147079467773,
1.456,32.601303100585938,9.151964187622070,14.122512817382813,38.488811492919922,,25.630373001098633,12.733584403991699,13.116766929626465,26.216447830200195,
1.46,30.440616607666016,8.474243164062500,13.751488685607910,36.817356109619141,,25.085269927978516,12.497878074645996,13.038066864013672,25.678627014160156,
1.464,28.549079895019531,7.814988136291504,13.298657417297363,35.204624176025391,,24.437139511108398,12.137851715087891,12.910867691040039,25.136175155639648,
1.468,26.972879409790039,7.248511791229248,12.817254066467285,33.701919555664063,,23.526021957397461,11.601830482482910,12.674334526062012,24.492080688476563,
1.472,25.417430877685547,6.711309432983398,12.311542510986328,32.157390594482422,,22.604681015014648,11.078320503234863,12.386009216308594,23.815174102783203,
1.476,24.037540435791016,6.236862659454346,11.857753753662109,30.814893722534180,,21.765830993652344,10.650438308715820,12.080083847045898,23.074291229248047,
1.48,23.007314682006836,5.853518009185791,11.485867500305176,29.802015304565430,,20.851900100708008,10.207263946533203,11.714923858642578,22.197286605834961,
1.484,22.063741683959961,5.518953800201416,11.175420761108398,28.865768432617188,,19.969964981079102,9.741825103759766,11.330626487731934,21.346824645996094,
1.488,21.025806427001953,5.225033283233643,10.917408943176270,27.887641906738281,,19.192001342773438,9.260688781738281,10.973425865173340,20.593900680541992,
1.492,20.134244918823242,5.001633167266846,10.716592788696289,27.083723068237305,,18.446332931518555,8.791763305664063,10.640602111816406,19.875185012817383,
1.496,19.505947113037109,4.814586639404297,10.575429916381836,26.551441192626953,,17.800861358642578,8.451598167419434,10.363526344299316,19.253190994262695,
1.5,19.022441864013672,4.634925365447998,10.471603393554688,26.171880722045898,,17.319911956787109,8.224464416503906,10.147994041442871,18.779598236083984,
1.504,18.680906295776367,4.525142669677734,10.376845359802246,25.898303985595703,,16.942173004150391,8.012458801269531,9.967883110046387,18.374164581298828,
1.508,18.482189178466797,4.493275165557861,10.275970458984375,25.693838119506836,,16.603487014770508,7.816713809967041,9.818519592285156,17.974140167236328,
1.512,18.348445892333984,4.477775573730469,10.170940399169922,25.455030441284180,,16.319992065429688,7.691276073455811,9.714808464050293,17.658111572265625,
1.516,18.212400436401367,4.445513725280762,10.066843032836914,25.134426116943359,,16.115129470825195,7.622392177581787,9.619535446166992,17.442525863647461,
1.52,18.066913604736328,4.418953418731689,9.983022689819336,24.805898666381836,,15.981291770935059,7.565235137939453,9.483839988708496,17.256069183349609,
1.524,17.950565338134766,4.444445133209229,9.891267776489258,24.486091613769531,,15.922554969787598,7.537791252136230,9.366659164428711,17.142173767089844,
1.528,17.896612167358398,4.497502803802490,9.745045661926270,24.165843963623047,,15.922982215881348,7.535358428955078,9.288411140441895,17.088195800781250,
1.532,17.900588989257813,4.518166542053223,9.591906547546387,23.930406570434570,,15.954653739929199,7.552274703979492,9.220886230468750,16.993352890014648,
1.536,17.942129135131836,4.523640632629395,9.471703529357910,23.715000152587891,,16.001159667968750,7.608791828155518,9.172676086425781,16.870498657226563,
1.54,17.979436874389648,4.571414947509766,9.374980926513672,23.394531250000000,,16.028034210205078,7.670272827148438,9.107919692993164,16.771762847900391,
1.544,17.954122543334961,4.668354988098145,9.297164916992188,23.041940689086914,,16.043724060058594,7.730370998382568,9.039760589599609,16.663122177124023,
1.548,17.868440628051758,4.761725902557373,9.174950599670410,22.660135269165039,,16.075248718261719,7.822395801544189,9.021301269531250,16.506807327270508,
1.552,17.748956680297852,4.802504062652588,8.954979896545410,22.177963256835938,,16.098009109497070,7.925889015197754,8.998710632324219,16.329826354980469,
1.556,17.605392456054688,4.809722900390625,8.703682899475098,21.689405441284180,,16.096372604370117,8.025076866149902,8.915461540222168,16.167669296264648,
1.56,17.445547103881836,4.831701755523682,8.501045227050781,21.262268066406250,,16.078706741333008,8.123520851135254,8.793949127197266,16.023677825927734,
1.564,17.227680206298828,4.836348056793213,8.318748474121094,20.795938491821289,,16.041780471801758,8.177350044250488,8.680892944335938,15.878145217895508,
1.568,16.931674957275391,4.783796310424805,8.103594779968262,20.246099472045898,,15.967204093933105,8.184510231018066,8.597558975219727,15.693930625915527,
1.572,16.627811431884766,4.713079452514648,7.902498245239258,19.752359390258789,,15.852043151855469,8.180500984191895,8.507508277893066,15.463600158691406,
1.576,16.300428390502930,4.617992401123047,7.728694438934326,19.315650939941406,,15.703877449035645,8.132794380187988,8.366628646850586,15.210349082946777,
1.58,15.901042938232422,4.490229606628418,7.538735389709473,18.800079345703125,,15.515248298645020,8.031541824340820,8.203270912170410,14.904900550842285,
1.584,15.515808105468750,4.378740787506104,7.369035243988037,18.266201019287109,,15.247691154479980,7.907865047454834,8.060615539550781,14.540279388427734,
1.588,15.114510536193848,4.266607761383057,7.185904026031494,17.737220764160156,,14.874852180480957,7.757354259490967,7.911419868469238,14.173849105834961,
1.592,14.627387046813965,4.130305767059326,6.919387817382813,17.149337768554688,,14.481027603149414,7.590591907501221,7.728804588317871,13.817049980163574,
1.596,14.190725326538086,3.998620510101318,6.672186851501465,16.610898971557617,,14.113400459289551,7.381240367889404,7.502514839172363,13.394678115844727,
1.6,13.864577293395996,3.862628221511841,6.524335384368896,16.205671310424805,,13.724094390869141,7.094685554504395,7.235167503356934,12.893823623657227,
1.604,13.523919105529785,3.694709300994873,6.391669750213623,15.795512199401855,,13.340147018432617,6.829113960266113,6.983187675476074,12.438921928405762,
1.608,13.122738838195801,3.511909484863281,6.207954883575439,15.262657165527344,,12.964223861694336,6.603415966033936,6.757814884185791,12.041975021362305,
1.612,12.744561195373535,3.365233898162842,6.004179954528809,14.714581489562988,,12.577957153320313,6.334280014038086,6.537996292114258,11.641494750976563,
1.616,12.329971313476563,3.252887010574341,5.763482570648193,14.176210403442383,,12.228598594665527,6.071309089660645,6.351884365081787,11.289505958557129,
1.62,11.807909011840820,3.142172574996948,5.453545570373535,13.572542190551758,,11.913837432861328,5.887742519378662,6.179650306701660,10.982612609863281,
1.624,11.327131271362305,3.045970201492310,5.188018798828125,12.998689651489258,,11.574536323547363,5.716810226440430,5.951851844787598,10.625527381896973,
1.628,10.927906990051270,2.938433170318604,5.014586448669434,12.465828895568848,,11.181879997253418,5.487137317657471,5.693852424621582,10.200298309326172,
1.632,10.527563095092773,2.782790184020996,4.835304260253906,11.896615982055664,,10.804392814636230,5.274349689483643,5.500936985015869,9.781789779663086,
1.636,10.148551940917969,2.639575719833374,4.647968769073486,11.378398895263672,,10.492632865905762,5.107298851013184,5.337956428527832,9.357764244079590,
1.64,9.819128036499023,2.582854747772217,4.498247623443604,10.971524238586426,,10.214280128479004,4.930448055267334,5.134070396423340,8.918793678283691,
1.644,9.491525650024414,2.560098648071289,4.345552444458008,10.556203842163086,,9.961864471435547,4.762632369995117,4.958856582641602,8.586455345153809,
1.648,9.157578468322754,2.494205951690674,4.157342910766602,10.058889389038086,,9.702089309692383,4.638477325439453,4.821784019470215,8.333434104919434,
1.652,8.904935836791992,2.435938358306885,4.002347469329834,9.597881317138672,,9.430676460266113,4.569595813751221,4.641476154327393,8.042156219482422,
1.656,8.703484535217285,2.427041292190552,3.920066833496094,9.217113494873047,,9.233173370361328,4.537539005279541,4.444265842437744,7.754274368286133,
1.66,8.467938423156738,2.437089681625366,3.853643894195557,8.866039276123047,,9.129080772399902,4.504746437072754,4.318275928497314,7.518038749694824,
1.664,8.278402328491211,2.458962440490723,3.785263061523438,8.578386306762695,,9.033638954162598,4.462563514709473,4.228631496429443,7.315262794494629,
1.668,8.204026222229004,2.502118587493896,3.719613313674927,8.308383941650391,,8.920132637023926,4.428911209106445,4.096345424652100,7.154174804687500,
1.672,8.197149276733398,2.555237531661987,3.619087934494019,8.011464118957520,,8.868734359741211,4.431911468505859,3.979819297790527,7.042999267578125,
1.676,8.218897819519043,2.605626583099365,3.485616207122803,7.781803607940674,,8.886906623840332,4.461435317993164,3.907815933227539,6.960227012634277,
1.68,8.290186882019043,2.670200824737549,3.378506660461426,7.660477638244629,,8.937234878540039,4.478522300720215,3.825570106506348,6.881450653076172,
1.684,8.443460464477539,2.769212245941162,3.317743778228760,7.608903884887695,,9.051341056823730,4.487437725067139,3.750671386718750,6.803502082824707,
1.688,8.667629241943359,2.885696649551392,3.270898103713989,7.581092834472656,,9.300659179687500,4.527838706970215,3.683540344238281,6.778623104095459,
1.692,8.905489921569824,2.977921247482300,3.207976102828979,7.542968750000000,,9.699090957641602,4.633430004119873,3.585459709167480,6.871380329132080,
1.696,9.214983940124512,3.056456565856934,3.130304813385010,7.535795211791992,,10.125495910644531,4.784878730773926,3.487052679061890,7.053848743438721,
1.7,9.688346862792969,3.165415763854980,3.072165727615356,7.625231266021729,,10.457622528076172,4.901584148406982,3.406858682632446,7.219133853912354,
1.704,10.189065933227539,3.297673225402832,3.044360399246216,7.787896156311035,,10.729806900024414,4.955864429473877,3.320095539093018,7.355495929718018,
1.708,10.641383171081543,3.413169384002686,3.001185894012451,7.960489273071289,,11.033256530761719,5.016356468200684,3.250022649765015,7.514481067657471,
1.712,11.089041709899902,3.497810602188110,2.906810760498047,8.110804557800293,,11.334093093872070,5.123618125915527,3.225044727325439,7.636762619018555,
1.716,11.431196212768555,3.571514844894409,2.801431655883789,8.211230278015137,,11.608431816101074,5.262363910675049,3.217292547225952,7.666952610015869,
1.72,11.642125129699707,3.632767677307129,2.756335735321045,8.255840301513672,,11.887833595275879,5.436634063720703,3.215829133987427,7.645771026611328,
1.724,11.849652290344238,3.699683189392090,2.758611917495728,8.281537055969238,,12.116734504699707,5.640480995178223,3.226872205734253,7.625391960144043,
1.728,12.115956306457520,3.819864511489868,2.747371196746826,8.330830574035645,,12.265718460083008,5.823905467987061,3.206922054290771,7.620679855346680,
1.732,12.400267601013184,3.958634853363037,2.748539209365845,8.411867141723633,,12.395169258117676,5.958956241607666,3.157468318939209,7.617334842681885,
1.736,12.663376808166504,4.088777065277100,2.783916711807251,8.504386901855469,,12.570089340209961,6.069433689117432,3.134444475173950,7.596459865570068,
1.74,12.915993690490723,4.245650291442871,2.805616378784180,8.586551666259766,,12.814353942871094,6.197708606719971,3.121925592422485,7.581622600555420,
1.744,13.164735794067383,4.400426387786865,2.807252645492554,8.633216857910156,,13.171039581298828,6.401380062103271,3.084807872772217,7.640299797058105,
1.748,13.436187744140625,4.514217376708984,2.807173013687134,8.654315948486328,,13.648261070251465,6.692429542541504,3.059051990509033,7.791281700134277,
1.752,13.742416381835938,4.588467121124268,2.792557954788208,8.687520980834961,,14.099545478820801,6.979811191558838,3.074014902114868,7.961620330810547,
1.756,14.028492927551270,4.626259803771973,2.746844053268433,8.719594001770020,,14.510943412780762,7.224209785461426,3.065921068191528,8.102732658386230,
1.76,14.310066223144531,4.684520244598389,2.689145088195801,8.717089653015137,,15.008264541625977,7.473583221435547,2.979692459106445,8.243041992187500,
1.764,14.638616561889648,4.818429470062256,2.654555797576904,8.736186981201172,,15.532459259033203,7.697295188903809,2.891184091567993,8.368316650390625,
1.768,15.013792991638184,4.988161087036133,2.635812759399414,8.839848518371582,,16.041429519653320,7.915694713592529,2.854722023010254,8.465433120727539,
1.772,15.430328369140625,5.127851009368896,2.617716073989868,8.973712921142578,,16.582647323608398,8.209572792053223,2.813956260681152,8.602473258972168,
1.776,15.925586700439453,5.249714374542236,2.608835458755493,9.129564285278320,,17.088682174682617,8.480389595031738,2.763429641723633,8.818325042724609,
1.78,16.498384475708008,5.386607170104980,2.598943948745728,9.367539405822754,,17.525762557983398,8.611622810363770,2.725503206253052,9.064815521240234,
1.784,17.026710510253906,5.526380062103271,2.573627710342407,9.636919975280762,,17.981439590454102,8.695337295532227,2.654954195022583,9.278574943542480,
1.788,17.522186279296875,5.668272972106934,2.550248384475708,9.870458602905273,,18.474365234375000,8.858876228332520,2.532194852828979,9.454576492309570,
1.792,18.078104019165039,5.797172069549561,2.542407035827637,10.095038414001465,,18.900348663330078,9.054780006408691,2.406522274017334,9.625131607055664,
1.796,18.583721160888672,5.897147178649902,2.545627355575562,10.314361572265625,,19.267230987548828,9.186815261840820,2.298914432525635,9.822280883789063,
1.8,18.935228347778320,5.986952304840088,2.547088861465454,10.485136032104492,,19.662736892700195,9.249664306640625,2.202050209045410,10.040592193603516,
1.804,19.230686187744141,6.071985721588135,2.495355129241943,10.630433082580566,,20.053823471069336,9.278001785278320,2.149110794067383,10.230277061462402,
1.808,19.569465637207031,6.151766777038574,2.390667915344238,10.799062728881836,,20.436491012573242,9.358528137207031,2.144824981689453,10.360630035400391,
1.812,19.889190673828125,6.192406177520752,2.307705163955688,10.958900451660156,,20.843864440917969,9.541755676269531,2.144420146942139,10.450236320495605,
1.816,20.139898300170898,6.169123649597168,2.262726783752441,11.083568572998047,,21.203966140747070,9.726523399353027,2.142665863037109,10.551561355590820,
1.82,20.347436904907227,6.149887561798096,2.238286972045898,11.199480056762695,,21.428138732910156,9.817476272583008,2.139917135238647,10.676655769348145,
1.824,20.513639450073242,6.176807880401611,2.241820812225342,11.312411308288574,,21.563711166381836,9.863224029541016,2.131065607070923,10.769856452941895,
1.828,20.655969619750977,6.204971790313721,2.259441375732422,11.421157836914063,,21.701463699340820,9.941731452941895,2.114180088043213,10.787446975708008,
1.832,20.785966873168945,6.210971355438232,2.254163742065430,11.526965141296387,,21.832395553588867,10.029431343078613,2.073895931243896,10.764004707336426,
1.836,20.865142822265625,6.214466571807861,2.225270509719849,11.589303970336914,,21.938713073730469,10.115998268127441,2.030598640441895,10.760598182678223,
1.84,20.865762710571289,6.222979545593262,2.220493555068970,11.588922500610352,,22.002607345581055,10.231389045715332,2.019728899002075,10.767932891845703,
1.844,20.827144622802734,6.255382537841797,2.257411479949951,11.556165695190430,,21.999599456787109,10.313563346862793,2.047955274581909,10.721330642700195,
1.848,20.790611267089844,6.312722682952881,2.299353599548340,11.492938041687012,,21.966672897338867,10.314879417419434,2.039757490158081,10.614927291870117,
1.852,20.769132614135742,6.352110385894775,2.337065219879150,11.419330596923828,,21.945367813110352,10.272676467895508,1.940742611885071,10.510814666748047,
1.856,20.786859512329102,6.383974552154541,2.350808620452881,11.345788955688477,,21.935987472534180,10.214056968688965,1.843859314918518,10.435652732849121,
1.86,20.838714599609375,6.426271438598633,2.337298631668091,11.249176979064941,,21.914806365966797,10.159478187561035,1.823057413101196,10.380542755126953,
1.864,20.883476257324219,6.457301139831543,2.344333648681641,11.147559165954590,,21.846826553344727,10.129993438720703,1.822265982627869,10.303135871887207,
1.868,20.885942459106445,6.486828327178955,2.354861974716187,11.060647964477539,,21.757480621337891,10.109487533569336,1.786629796028137,10.168590545654297,
1.872,20.844306945800781,6.549932479858398,2.342611789703369,10.988810539245605,,21.718917846679688,10.085584640502930,1.739933729171753,10.020962715148926,
1.876,20.799140930175781,6.641911983489990,2.315041780471802,10.922525405883789,,21.696361541748047,10.064142227172852,1.705403327941895,9.923447608947754,
1.88,20.793029785156250,6.710039138793945,2.274935245513916,10.863893508911133,,21.621372222900391,10.029123306274414,1.686724543571472,9.895395278930664,
1.884,20.818704605102539,6.721282482147217,2.230723857879639,10.809076309204102,,21.537973403930664,9.993111610412598,1.704126596450806,9.897157669067383,
1.888,20.835115432739258,6.690737247467041,2.174021959304810,10.735694885253906,,21.506452560424805,9.978553771972656,1.690098166465759,9.886746406555176,
1.892,20.834516525268555,6.671050548553467,2.116892814636230,10.658167839050293,,21.511043548583984,9.965362548828125,1.566203713417053,9.857817649841309,
1.896,20.830598831176758,6.684891223907471,2.093903064727783,10.601390838623047,,21.529497146606445,9.948812484741211,1.435744643211365,9.784709930419922,
1.9,20.828403472900391,6.708472728729248,2.088497638702393,10.559303283691406,,21.565967559814453,9.948789596557617,1.374575495719910,9.646691322326660,
1.904,20.839130401611328,6.717423439025879,2.066517353057861,10.512387275695801,,21.611391067504883,9.983695030212402,1.340989708900452,9.481165885925293,
1.908,20.817667007446289,6.698325634002686,2.036838054656982,10.438788414001465,,21.644664764404297,10.056448936462402,1.334706187248230,9.350244522094727,
1.912,20.725507736206055,6.664969444274902,2.004449844360352,10.347563743591309,,21.671146392822266,10.137488365173340,1.371838092803955,9.310482025146484,
1.916,20.653982162475586,6.620162010192871,1.965864777565002,10.274586677551270,,21.747266769409180,10.183787345886230,1.397909760475159,9.334171295166016,
1.92,20.659976959228516,6.559219360351563,1.952666282653809,10.222619056701660,,21.869215011596680,10.191218376159668,1.352185606956482,9.324113845825195,
1.924,20.661396026611328,6.492710590362549,1.951590299606323,10.178216934204102,,21.953657150268555,10.193431854248047,1.261526346206665,9.252848625183105,
1.928,20.612600326538086,6.441963195800781,1.921988844871521,10.124721527099609,,21.986656188964844,10.196027755737305,1.169735670089722,9.151865005493164,
1.932,20.569171905517578,6.423797607421875,1.878249645233154,10.045891761779785,,22.006425857543945,10.186954498291016,1.107150077819824,9.050678253173828,
1.936,20.511772155761719,6.394508361816406,1.839304447174072,9.953990936279297,,22.004819869995117,10.184509277343750,1.082044363021851,8.953987121582031,
1.94,20.402908325195313,6.317245483398438,1.800927519798279,9.851399421691895,,21.963691711425781,10.185551643371582,1.065716266632080,8.867218971252441,
1.944,20.331071853637695,6.244772434234619,1.751315116882324,9.732529640197754,,21.922811508178711,10.149810791015625,1.028000235557556,8.779171943664551,
1.948,20.326726913452148,6.221946716308594,1.679455876350403,9.586449623107910,,21.919553756713867,10.112285614013672,0.959540605545044,8.681415557861328,
1.952,20.334428787231445,6.212326526641846,1.596744179725647,9.428186416625977,,21.937276840209961,10.136278152465820,0.881051063537598,8.628928184509277,
1.956,20.336648941040039,6.185045719146729,1.552483558654785,9.346950531005859,,21.971078872680664,10.187140464782715,0.821795344352722,8.604902267456055,
1.96,20.329072952270508,6.166582107543945,1.556373476982117,9.356656074523926,,22.037454605102539,10.223924636840820,0.787400007247925,8.563325881958008,
1.964,20.314369201660156,6.192347526550293,1.572720885276794,9.342180252075195,,22.140094757080078,10.248521804809570,0.759376168251038,8.518714904785156,
1.968,20.323495864868164,6.256623268127441,1.593845725059509,9.244780540466309,,22.244609832763672,10.254707336425781,0.739024460315704,8.472006797790527,
1.972,20.375749588012695,6.309000968933105,1.588968634605408,9.132555961608887,,22.311677932739258,10.242596626281738,0.726370513439178,8.434065818786621,
1.976,20.449125289916992,6.344922065734863,1.535911321640015,9.080607414245605,,22.372266769409180,10.238768577575684,0.704377353191376,8.414344787597656,
1.98,20.523441314697266,6.393036842346191,1.471705913543701,9.081577301025391,,22.478059768676758,10.282479286193848,0.671442866325378,8.402573585510254,
1.984,20.577739715576172,6.439364910125732,1.431281089782715,9.083985328674316,,22.624626159667969,10.362419128417969,0.609102189540863,8.396669387817383,
1.988,20.620018005371094,6.457354068756104,1.400030851364136,9.072972297668457,,22.779609680175781,10.409731864929199,0.534712731838226,8.397541046142578,
1.992,20.682426452636719,6.441926479339600,1.360090613365173,9.074046134948730,,22.919637680053711,10.411952972412109,0.495498031377792,8.384113311767578,
1.996,20.747287750244141,6.429269313812256,1.357734203338623,9.076613426208496,,23.041164398193359,10.430243492126465,0.463097810745239,8.367980957031250,
2,20.800981521606445,6.445752620697021,1.386459946632385,9.038722991943359,,23.150251388549805,10.487295150756836,0.417073875665665,8.368646621704102,
2.004,20.833795547485352,6.480262756347656,1.362357854843140,8.985442161560059,,23.255603790283203,10.547168731689453,0.385298788547516,8.355591773986816,
2.008,20.825687408447266,6.527175903320313,1.286948442459106,8.969509124755859,,23.383918762207031,10.610550880432129,0.371387362480164,8.336786270141602,
2.012,20.806905746459961,6.586150646209717,1.236595273017883,8.980331420898438,,23.532627105712891,10.698276519775391,0.344541519880295,8.333861351013184,
2.016,20.805734634399414,6.608315944671631,1.225040197372437,8.956540107727051,,23.672267913818359,10.759864807128906,0.281131982803345,8.344300270080566,
2.02,20.792980194091797,6.567408561706543,1.229776740074158,8.877266883850098,,23.798627853393555,10.776721000671387,0.214353621006012,8.348853111267090,
2.024,20.759704589843750,6.531070232391357,1.252434372901917,8.799763679504395,,23.921743392944336,10.800557136535645,0.167022556066513,8.313337326049805,
2.028,20.745491027832031,6.514800071716309,1.274896979331970,8.748834609985352,,24.029222488403320,10.853729248046875,0.120396859943867,8.264430046081543,
2.032,20.755449295043945,6.478233337402344,1.282137513160706,8.704810142517090,,24.100637435913086,10.933347702026367,0.090359501540661,8.264701843261719,
2.036,20.733175277709961,6.429280757904053,1.267804861068726,8.658044815063477,,24.183347702026367,11.019973754882813,0.115482769906521,8.302196502685547,
2.04,20.644592285156250,6.387069702148438,1.211833834648132,8.601733207702637,,24.326732635498047,11.101419448852539,0.165592476725578,8.332864761352539,
2.044,20.562650680541992,6.388164520263672,1.160493254661560,8.548161506652832,,24.478887557983398,11.178553581237793,0.153970897197723,8.352072715759277,
2.048,20.564771652221680,6.454824447631836,1.158953905105591,8.495254516601563,,24.583892822265625,11.229843139648438,0.095175474882126,8.347386360168457,
2.052,20.604410171508789,6.495030879974365,1.154338002204895,8.426227569580078,,24.653532028198242,11.231232643127441,0.070881642401218,8.311129570007324,
2.056,20.618896484375000,6.465531826019287,1.136200308799744,8.378230094909668,,24.709754943847656,11.200086593627930,0.066476963460445,8.279067039489746,
2.06,20.617065429687500,6.452027797698975,1.136095404624939,8.385334968566895,,24.764080047607422,11.195592880249023,0.017633873969316,8.289575576782227,
2.064,20.605426788330078,6.459811687469482,1.135356426239014,8.401815414428711,,24.827720642089844,11.238073348999023,-0.057288996875286,8.337643623352051,
2.068,20.617345809936523,6.437368392944336,1.137758255004883,8.395051002502441,,24.906211853027344,11.294784545898438,-0.084279067814350,8.362915992736816,
2.072,20.693243026733398,6.392510414123535,1.167341351509094,8.387922286987305,,24.999336242675781,11.344473838806152,-0.066237941384315,8.321455001831055,
2.076,20.777591705322266,6.355370521545410,1.188646078109741,8.381103515625000,,25.098474502563477,11.371341705322266,-0.064989149570465,8.259285926818848,
2.08,20.817445755004883,6.358682632446289,1.161742329597473,8.376423835754395,,25.172687530517578,11.368367195129395,-0.101960189640522,8.235362052917480,
2.084,20.825304031372070,6.390319824218750,1.108251929283142,8.387785911560059,,25.211534500122070,11.361339569091797,-0.139609560370445,8.250367164611816,
2.088,20.849433898925781,6.418817520141602,1.053037285804749,8.393785476684570,,25.246780395507813,11.364302635192871,-0.160159915685654,8.270580291748047,
2.092,20.918933868408203,6.458366394042969,1.014428615570068,8.381596565246582,,25.282402038574219,11.380889892578125,-0.182052791118622,8.274603843688965,
2.096,21.012588500976563,6.512690544128418,0.996257245540619,8.373525619506836,,25.309223175048828,11.422624588012695,-0.179925903677940,8.291370391845703,
2.1,21.100023269653320,6.559687137603760,0.971739649772644,8.375946044921875,,25.349800109863281,11.457664489746094,-0.139570266008377,8.335606575012207,
2.104,21.135301589965820,6.551409721374512,0.967375814914703,8.375628471374512,,25.407390594482422,11.440631866455078,-0.141420647501945,8.355987548828125,
2.108,21.127792358398438,6.510228157043457,0.987324059009552,8.372111320495605,,25.452648162841797,11.381049156188965,-0.230825245380402,8.328989982604980,
2.112,21.145942687988281,6.527507781982422,0.982661724090576,8.380325317382813,,25.470188140869141,11.329580307006836,-0.306486964225769,8.297237396240234,
2.116,21.186895370483398,6.573828220367432,0.966471374034882,8.391295433044434,,25.490158081054688,11.345700263977051,-0.287947565317154,8.293272018432617,
2.12,21.196249008178711,6.572478771209717,0.954554378986359,8.379892349243164,,25.556608200073242,11.417184829711914,-0.222526058554649,8.323068618774414,
2.124,21.172594070434570,6.555984020233154,0.945334017276764,8.366476058959961,,25.660615921020508,11.459937095642090,-0.207479223608971,8.369947433471680,
2.128,21.152051925659180,6.577751159667969,0.948005318641663,8.372569084167480,,25.737869262695313,11.481585502624512,-0.250249773263931,8.391842842102051,
2.132,21.153917312622070,6.596473693847656,0.957313656806946,8.382872581481934,,25.757484436035156,11.541751861572266,-0.273182660341263,8.387063980102539,
2.136,21.157485961914063,6.555628299713135,0.970583200454712,8.370807647705078,,25.771478652954102,11.610301971435547,-0.282710641622543,8.408766746520996,
2.14,21.124753952026367,6.480325698852539,0.982685506343842,8.317822456359863,,25.820369720458984,11.623494148254395,-0.277814239263535,8.433401107788086,
2.144,21.070005416870117,6.441935062408447,0.981304705142975,8.242666244506836,,25.883720397949219,11.587977409362793,-0.246024191379547,8.405535697937012,
2.148,21.007450103759766,6.470685958862305,0.978453874588013,8.186570167541504,,25.931955337524414,11.567831039428711,-0.270340710878372,8.383387565612793,
2.152,20.935165405273438,6.500021934509277,0.992503464221954,8.186962127685547,,25.953783035278320,11.567502021789551,-0.339292764663696,8.407073020935059,
2.156,20.901020050048828,6.450690746307373,0.996780991554260,8.237281799316406,,25.926601409912109,11.564407348632813,-0.351099610328674,8.432749748229980,
2.16,20.917045593261719,6.361607074737549,0.970186293125153,8.274336814880371,,25.857236862182617,11.580420494079590,-0.307462394237518,8.425873756408691,
2.164,20.913125991821289,6.339154243469238,0.933147072792053,8.260431289672852,,25.811634063720703,11.634578704833984,-0.282494187355042,8.394434928894043,
2.168,20.863433837890625,6.397385120391846,0.898543536663055,8.204965591430664,,25.824216842651367,11.684952735900879,-0.296535432338715,8.358264923095703,
2.172,20.819744110107422,6.445599555969238,0.885236740112305,8.117202758789063,,25.882068634033203,11.662865638732910,-0.313104569911957,8.310786247253418,
2.176,20.785152435302734,6.446256637573242,0.897969901561737,8.044446945190430,,25.946352005004883,11.603722572326660,-0.298832476139069,8.265944480895996,
2.18,20.742679595947266,6.432491779327393,0.914784610271454,8.035257339477539,,25.962209701538086,11.590049743652344,-0.261320859193802,8.258242607116699,
2.184,20.721639633178711,6.400343418121338,0.921949088573456,8.066431045532227,,25.912065505981445,11.624154090881348,-0.248448446393013,8.281697273254395,
2.188,20.702470779418945,6.344219207763672,0.911114335060120,8.095972061157227,,25.831764221191406,11.653119087219238,-0.266183942556381,8.303878784179688,
2.192,20.661582946777344,6.309929847717285,0.898598611354828,8.114115715026855,,25.767545700073242,11.636683464050293,-0.277231842279434,8.311751365661621,
2.196,20.649812698364258,6.313406467437744,0.895637094974518,8.134696960449219,,25.778877258300781,11.598409652709961,-0.276098608970642,8.317014694213867,
2.2,20.672948837280273,6.309966564178467,0.893638849258423,8.151468276977539,,25.850475311279297,11.588238716125488,-0.282540798187256,8.338105201721191,
2.204,20.643026351928711,6.291543960571289,0.894129574298859,8.141523361206055,,25.855550765991211,11.602740287780762,-0.287919938564301,8.381427764892578,
2.208,20.534681320190430,6.279063224792480,0.887552917003632,8.127985000610352,,25.792348861694336,11.607897758483887,-0.282106012105942,8.390247344970703,
2.212,20.433589935302734,6.257571220397949,0.879194557666779,8.158493041992188,,25.750659942626953,11.605406761169434,-0.254985779523849,8.324602127075195,
2.216,20.388748168945313,6.236484050750732,0.896966278553009,8.188181877136230,,25.725509643554688,11.611399650573730,-0.192870229482651,8.272168159484863,
2.22,20.377798080444336,6.246667861938477,0.935663998126984,8.159721374511719,,25.708639144897461,11.599526405334473,-0.144536271691322,8.291317939758301,
2.224,20.369556427001953,6.268243789672852,0.960743784904480,8.129877090454102,,25.724998474121094,11.559589385986328,-0.148411229252815,8.329305648803711,
2.228,20.344581604003906,6.257763385772705,0.967711448669434,8.150449752807617,,25.762142181396484,11.543371200561523,-0.174174308776855,8.357081413269043,
2.232,20.317119598388672,6.216118335723877,0.977113246917725,8.194634437561035,,25.776029586791992,11.577475547790527,-0.197476491332054,8.386487960815430,
2.236,20.317844390869141,6.205732345581055,0.986196577548981,8.225031852722168,,25.744499206542969,11.612347602844238,-0.236322298645973,8.391606330871582,
2.24,20.320543289184570,6.244539737701416,0.990617513656616,8.232765197753906,,25.689411163330078,11.606606483459473,-0.294704228639603,8.358453750610352,
2.244,20.291732788085938,6.249925136566162,1.005656480789185,8.215690612792969,,25.648336410522461,11.580888748168945,-0.312456637620926,8.349602699279785,
2.248,20.272401809692383,6.185212135314941,1.050692558288574,8.196836471557617,,25.666711807250977,11.559741973876953,-0.243229985237122,8.381526947021484,
2.252,20.281740188598633,6.132139205932617,1.103007674217224,8.225640296936035,,25.762361526489258,11.557395935058594,-0.143219441175461,8.399224281311035,
2.256,20.288442611694336,6.155906677246094,1.136691451072693,8.289856910705566,,25.859670639038086,11.585953712463379,-0.085755094885826,8.417984008789063,
2.26,20.289916992187500,6.222877979278564,1.156580328941345,8.335707664489746,,25.871026992797852,11.619473457336426,-0.077995255589485,8.472802162170410,
2.264,20.300001144409180,6.267525672912598,1.149437308311462,8.346185684204102,,25.814023971557617,11.634312629699707,-0.112639583647251,8.531387329101563,
2.268,20.311988830566406,6.235013008117676,1.133977174758911,8.341558456420898,,25.775890350341797,11.671746253967285,-0.183836296200752,8.559147834777832,
2.272,20.296388626098633,6.150362491607666,1.145321011543274,8.350284576416016,,25.800668716430664,11.732966423034668,-0.238720893859863,8.576274871826172,
2.276,20.258501052856445,6.124871253967285,1.168794274330139,8.375474929809570,,25.850690841674805,11.750356674194336,-0.213963389396667,8.601655006408691,
2.28,20.244623184204102,6.173367977142334,1.180576443672180,8.403684616088867,,25.872894287109375,11.724659919738770,-0.136979714035988,8.613968849182129,
2.284,20.266677856445313,6.216812133789063,1.186825990676880,8.405755043029785,,25.873731613159180,11.713045120239258,-0.072214730083942,8.618601799011230,
2.288,20.300144195556641,6.204710960388184,1.198645472526550,8.368113517761230,,25.887182235717773,11.726360321044922,-0.038309287279844,8.630339622497559,
2.292,20.319786071777344,6.139645576477051,1.191908121109009,8.339688301086426,,25.912195205688477,11.749481201171875,-0.027257822453976,8.651412963867188,
2.296,20.334257125854492,6.097691059112549,1.162794947624207,8.360811233520508,,25.948520660400391,11.788216590881348,-0.022541508078575,8.690273284912109,
2.3,20.350667953491211,6.146572113037109,1.151361584663391,8.420104980468750,,26.001672744750977,11.824166297912598,-0.029757309705019,8.728742599487305,
2.304,20.350572586059570,6.251935005187988,1.160809755325317,8.483444213867188,,26.059009552001953,11.829410552978516,-0.060276042670012,8.738288879394531,
2.308,20.349361419677734,6.300359725952148,1.154052376747131,8.519411087036133,,26.112529754638672,11.825871467590332,-0.095214486122131,8.731698036193848,
2.312,20.360654830932617,6.258537769317627,1.132261633872986,8.515480995178223,,26.151893615722656,11.851183891296387,-0.107239842414856,8.729651451110840,
2.316,20.333711624145508,6.227873325347900,1.138154149055481,8.497016906738281,,26.164337158203125,11.912802696228027,-0.092643223702908,8.734494209289551,
2.32,20.239700317382813,6.227838516235352,1.174060940742493,8.502795219421387,,26.171466827392578,11.963077545166016,-0.071816593408585,8.768043518066406,
2.324,20.136940002441406,6.194597244262695,1.210044503211975,8.536757469177246,,26.193771362304688,11.948682785034180,-0.055388025939465,8.834906578063965,
2.328,20.078760147094727,6.140468120574951,1.233432173728943,8.562343597412109,,26.201513290405273,11.899088859558105,-0.031025430187583,8.878221511840820,
2.332,20.055223464965820,6.122706890106201,1.246784567832947,8.536383628845215,,26.169338226318359,11.876361846923828,0.008931553922594,8.891724586486816,
2.336,20.019960403442383,6.138571262359619,1.271871924400330,8.505250930786133,,26.114173889160156,11.876948356628418,0.048269424587488,8.943194389343262,
2.34,19.966642379760742,6.125364780426025,1.322714447975159,8.537596702575684,,26.041774749755859,11.885419845581055,0.053366772830486,8.988467216491699,
2.344,19.943264007568359,6.075258731842041,1.367943167686462,8.596089363098145,,25.958387374877930,11.900204658508301,0.023333918303251,8.948275566101074,
2.348,19.928806304931641,6.031881809234619,1.383701920509338,8.640724182128906,,25.898202896118164,11.889906883239746,0.014630764722824,8.882749557495117,
2.352,19.874225616455078,6.020906448364258,1.393383383750916,8.691017150878906,,25.849283218383789,11.865124702453613,0.050517819821835,8.865200042724609,
2.356,19.810163497924805,6.035471439361572,1.411913156509399,8.736067771911621,,25.795204162597656,11.849210739135742,0.084274053573608,8.893432617187500,
2.36,19.769865036010742,6.043836116790771,1.414791226387024,8.731365203857422,,25.749948501586914,11.826779365539551,0.094845153391361,8.938194274902344,
2.364,19.745977401733398,6.032276630401611,1.383625149726868,8.700174331665039,,25.668277740478516,11.820589065551758,0.127746939659119,8.980952262878418,
2.368,19.729486465454102,6.010777473449707,1.350558638572693,8.702806472778320,,25.534252166748047,11.832211494445801,0.193006247282028,9.008610725402832,
2.372,19.733001708984375,5.991935253143311,1.349863171577454,8.713507652282715,,25.422994613647461,11.841435432434082,0.242556273937225,9.014810562133789,
2.376,19.753860473632813,5.980569839477539,1.363769531250000,8.679004669189453,,25.379350662231445,11.879479408264160,0.249438986182213,9.022958755493164,
2.38,19.774242401123047,5.981253147125244,1.357630014419556,8.621088027954102,,25.397872924804688,11.901869773864746,0.243324562907219,9.033222198486328,
2.384,19.792356491088867,5.997670650482178,1.322752833366394,8.586844444274902,,25.429090499877930,11.838274955749512,0.271724939346313,9.023040771484375,
2.388,19.781393051147461,6.014832496643066,1.317825436592102,8.587288856506348,,25.413259506225586,11.737924575805664,0.310871154069901,9.004884719848633,
2.392,19.740335464477539,6.033398151397705,1.354557275772095,8.606481552124023,,25.375648498535156,11.673771858215332,0.329705327749252,9.014050483703613,
2.396,19.723028182983398,6.049701690673828,1.332652688026428,8.630231857299805,,25.352409362792969,11.671140670776367,0.331566154956818,9.029170989990234,
2.4,19.740158081054688,6.038109779357910,1.275582671165466,8.621958732604980,,25.328577041625977,11.707888603210449,0.309510588645935,9.026198387145996,
2.404,19.751815795898438,6.008638381958008,1.277714967727661,8.579343795776367,,25.322944641113281,11.729630470275879,0.286945998668671,9.044512748718262,
2.408,19.731163024902344,5.990895748138428,1.307639122009277,8.575354576110840,,25.354591369628906,11.711417198181152,0.287564426660538,9.069735527038574,
2.412,19.708154678344727,6.002628803253174,1.328241348266602,8.592549324035645,,25.380386352539063,11.691956520080566,0.291612654924393,9.054836273193359,
2.416,19.730047225952148,6.028633594512939,1.343210101127625,8.578131675720215,,25.384164810180664,11.717197418212891,0.264927923679352,9.022396087646484,
2.42,19.779464721679688,6.037257194519043,1.359537482261658,8.584657669067383,,25.377527236938477,11.753754615783691,0.185139939188957,9.038246154785156,
2.424,19.795038223266602,6.039656639099121,1.413610219955444,8.643560409545898,,25.354997634887695,11.739052772521973,0.109215214848518,9.101026535034180,
2.428,19.760597229003906,6.060318470001221,1.477596282958984,8.700036048889160,,25.329118728637695,11.683340072631836,0.134493783116341,9.142780303955078,
2.432,19.723562240600586,6.082280635833740,1.483488559722900,8.741090774536133,,25.302042007446289,11.640389442443848,0.227006763219833,9.145982742309570,
2.436,19.707738876342773,6.064249038696289,1.443480372428894,8.811845779418945,,25.278083801269531,11.629328727722168,0.304704934358597,9.141695022583008,
2.44,19.696058273315430,6.021648406982422,1.403209447860718,8.891038894653320,,25.277326583862305,11.621644020080566,0.370787054300308,9.136301994323730,
2.444,19.681427001953125,6.001675605773926,1.416438579559326,8.948946952819824,,25.274671554565430,11.580267906188965,0.414162695407867,9.123390197753906,
2.448,19.666849136352539,5.997590065002441,1.498711824417114,9.018086433410645,,25.208848953247070,11.523083686828613,0.418127685785294,9.150810241699219,
2.452,19.656837463378906,5.991659641265869,1.596903562545776,9.108753204345703,,25.070518493652344,11.488115310668945,0.408115774393082,9.235326766967773,
2.456,19.625789642333984,5.979646205902100,1.666148424148560,9.181524276733398,,24.939579010009766,11.482457160949707,0.394859910011292,9.296889305114746,
2.46,19.546909332275391,5.953380584716797,1.694313406944275,9.213000297546387,,24.876922607421875,11.501139640808105,0.409938424825668,9.323461532592773,
2.464,19.459356307983398,5.899735450744629,1.696371674537659,9.223222732543945,,24.855079650878906,11.521162033081055,0.489557206630707,9.386805534362793,
2.468,19.383499145507813,5.865683078765869,1.703912734985352,9.210943222045898,,24.832780838012695,11.530486106872559,0.596434414386749,9.491775512695313,
2.472,19.303617477416992,5.896108627319336,1.726445794105530,9.168242454528809,,24.800182342529297,11.523895263671875,0.675025701522827,9.581299781799316,
2.476,19.251190185546875,5.922946929931641,1.740341782569885,9.129737854003906,,24.744825363159180,11.472968101501465,0.689254403114319,9.613554954528809,
2.48,19.247688293457031,5.919766902923584,1.731559395790100,9.124062538146973,,24.657325744628906,11.379761695861816,0.668047010898590,9.597253799438477,
2.484,19.260503768920898,5.913572311401367,1.722523093223572,9.121762275695801,,24.555631637573242,11.288255691528320,0.691699385643005,9.594962120056152,
2.488,19.266632080078125,5.892551422119141,1.736270070075989,9.098484992980957,,24.430896759033203,11.241837501525879,0.748161315917969,9.643436431884766,
2.492,19.273851394653320,5.880980968475342,1.766367673873901,9.102534294128418,,24.297540664672852,11.255240440368652,0.777501761913300,9.692800521850586,
2.496,19.277282714843750,5.910332679748535,1.765298485755920,9.124848365783691,,24.236551284790039,11.286174774169922,0.786363899707794,9.712267875671387,
2.5,19.270812988281250,5.940968036651611,1.711472153663635,9.095371246337891,,24.252704620361328,11.283696174621582,0.803183495998383,9.715637207031250,
2.504,19.257156372070313,5.937625408172607,1.674173355102539,9.027435302734375,,24.263992309570313,11.240522384643555,0.819924056529999,9.707307815551758,
2.508,19.227909088134766,5.923297405242920,1.673907637596130,9.004655838012695,,24.231821060180664,11.200241088867188,0.821010768413544,9.711540222167969,
2.512,19.178432464599609,5.915774345397949,1.671149849891663,9.066513061523438,,24.204788208007813,11.195097923278809,0.827567458152771,9.741493225097656,
2.516,19.109544754028320,5.904850482940674,1.687066674232483,9.143667221069336,,24.217115402221680,11.201068878173828,0.845710456371307,9.743913650512695,
2.52,19.042680740356445,5.886810302734375,1.728205323219299,9.171041488647461,,24.233007431030273,11.217851638793945,0.855693638324738,9.706069946289063,
2.524,19.008832931518555,5.860591888427734,1.753676414489746,9.165134429931641,,24.246191024780273,11.256443977355957,0.865185320377350,9.704131126403809,
2.528,19.001693725585938,5.824663639068604,1.754547953605652,9.157986640930176,,24.289535522460938,11.288770675659180,0.881826817989349,9.757176399230957,
2.532,18.998674392700195,5.798249721527100,1.767489552497864,9.166518211364746,,24.351593017578125,11.305586814880371,0.898465216159821,9.825970649719238,
2.536,18.984928131103516,5.789705276489258,1.811529159545898,9.202211380004883,,24.393363952636719,11.334067344665527,0.898000836372375,9.865988731384277,
2.54,18.961698532104492,5.785505771636963,1.853346824645996,9.250818252563477,,24.402437210083008,11.364266395568848,0.908543527126312,9.874280929565430,
2.544,18.931921005249023,5.775151252746582,1.876256823539734,9.281630516052246,,24.389213562011719,11.373269081115723,0.961974620819092,9.879034996032715,
2.548,18.880714416503906,5.765593528747559,1.902693986892700,9.320239067077637,,24.387187957763672,11.388764381408691,1.012444496154785,9.873506546020508,
2.552,18.813264846801758,5.773612022399902,1.948925018310547,9.382730484008789,,24.418548583984375,11.399273872375488,1.027931332588196,9.891909599304199,
2.556,18.739038467407227,5.761270046234131,2.007138967514038,9.432276725769043,,24.435382843017578,11.373278617858887,1.026129722595215,9.970179557800293,
2.56,18.682880401611328,5.690450668334961,2.041759967803955,9.491175651550293,,24.391420364379883,11.338079452514648,1.047565579414368,10.066422462463379,
2.564,18.674476623535156,5.622613430023193,2.020898342132568,9.561536788940430,,24.314014434814453,11.305528640747070,1.113534808158875,10.137389183044434,
2.568,18.663314819335938,5.602089881896973,1.971738457679749,9.584895133972168,,24.255229949951172,11.287096023559570,1.195443630218506,10.211301803588867,
2.572,18.588710784912109,5.590119838714600,1.953140735626221,9.571516036987305,,24.239727020263672,11.286991119384766,1.253161907196045,10.310239791870117,
2.576,18.482086181640625,5.569704532623291,1.986535072326660,9.552538871765137,,24.229629516601563,11.259816169738770,1.264443635940552,10.362034797668457,
2.58,18.404012680053711,5.571598052978516,2.055814266204834,9.531924247741699,,24.178945541381836,11.204534530639648,1.267271280288696,10.388681411743164,
2.584,18.361938476562500,5.595361232757568,2.119925260543823,9.549122810363770,,24.101551055908203,11.147971153259277,1.317675113677979,10.492267608642578,
2.588,18.328588485717773,5.593873977661133,2.145073890686035,9.609866142272949,,24.026123046875000,11.098622322082520,1.393785238265991,10.607932090759277,
2.592,18.276054382324219,5.550226211547852,2.134504079818726,9.649458885192871,,23.955476760864258,11.081996917724609,1.438896179199219,10.663897514343262,
2.596,18.209953308105469,5.479903697967529,2.117081642150879,9.642910957336426,,23.877059936523438,11.072784423828125,1.447791695594788,10.679414749145508,
2.6,18.172615051269531,5.415213108062744,2.115425586700439,9.619238853454590,,23.779045104980469,11.016723632812500,1.461795568466187,10.663669586181641,
2.604,18.172019958496094,5.388910293579102,2.120130538940430,9.619230270385742,,23.690660476684570,10.936825752258301,1.486390471458435,10.665492057800293,
2.608,18.170532226562500,5.388588905334473,2.123385429382324,9.655368804931641,,23.651338577270508,10.898692131042480,1.494520306587219,10.721374511718750,
2.612,18.156856536865234,5.384297370910645,2.141926765441895,9.684224128723145,,23.636177062988281,10.921039581298828,1.488837242126465,10.794756889343262,
2.616,18.157341003417969,5.390139579772949,2.152073144912720,9.690415382385254,,23.595819473266602,10.948939323425293,1.507836461067200,10.834818840026855,
2.62,18.172464370727539,5.416094779968262,2.127331495285034,9.701331138610840,,23.527225494384766,10.932406425476074,1.552758455276489,10.819157600402832,
2.624,18.159254074096680,5.430587768554688,2.129722595214844,9.711160659790039,,23.456462860107422,10.889185905456543,1.568974494934082,10.769940376281738,
2.628,18.105680465698242,5.417411804199219,2.174185276031494,9.716871261596680,,23.398057937622070,10.866630554199219,1.560283660888672,10.736453056335449,
2.632,18.055566787719727,5.396902084350586,2.189543485641479,9.729123115539551,,23.352954864501953,10.881533622741699,1.582829833030701,10.759200096130371,
2.636,18.025148391723633,5.402428627014160,2.165652513504028,9.740800857543945,,23.300806045532227,10.906295776367188,1.623602509498596,10.796531677246094,
2.64,18.018222808837891,5.423913955688477,2.130370140075684,9.751674652099609,,23.242929458618164,10.904609680175781,1.638405203819275,10.786852836608887,
2.644,18.066923141479492,5.437621116638184,2.122287511825562,9.758546829223633,,23.220590591430664,10.864773750305176,1.640719294548035,10.762476921081543,
2.648,18.139165878295898,5.438072681427002,2.168524265289307,9.761950492858887,,23.207515716552734,10.812069892883301,1.646543264389038,10.740326881408691,
2.652,18.153463363647461,5.431735992431641,2.217133283615112,9.776178359985352,,23.142791748046875,10.787444114685059,1.669001579284668,10.696786880493164,
2.656,18.103054046630859,5.431892871856689,2.229994773864746,9.801521301269531,,23.065639495849609,10.788646697998047,1.718367934226990,10.660522460937500,
2.66,18.051404953002930,5.426828861236572,2.228702068328857,9.842376708984375,,23.009326934814453,10.772893905639648,1.785239219665527,10.669173240661621,
2.664,18.050325393676758,5.421413421630859,2.216837406158447,9.881321907043457,,22.954046249389648,10.719602584838867,1.827050924301147,10.711431503295898,
2.668,18.087865829467773,5.452266216278076,2.222759962081909,9.871157646179199,,22.918222427368164,10.671398162841797,1.783100366592407,10.750013351440430,
2.672,18.113933563232422,5.499570369720459,2.269157648086548,9.835705757141113,,22.899818420410156,10.682275772094727,1.711550116539001,10.752460479736328,
2.676,18.124708175659180,5.499725818634033,2.281050920486450,9.833317756652832,,22.843759536743164,10.697237968444824,1.699146509170532,10.727103233337402,
2.68,18.146232604980469,5.466928482055664,2.243272066116333,9.873269081115723,,22.729684829711914,10.651778221130371,1.726109385490417,10.686000823974609,
2.684,18.183715820312500,5.461666584014893,2.236029386520386,9.936149597167969,,22.606143951416016,10.607604980468750,1.752732753753662,10.629773139953613,
2.688,18.229846954345703,5.488018512725830,2.276593923568726,10.002230644226074,,22.509813308715820,10.594668388366699,1.753230929374695,10.584218978881836,
2.692,18.263868331909180,5.520121574401855,2.314547538757324,10.064399719238281,,22.422491073608398,10.557899475097656,1.720966100692749,10.564706802368164,
2.696,18.283655166625977,5.544877052307129,2.308345556259155,10.112912178039551,,22.320079803466797,10.486625671386719,1.682007670402527,10.543728828430176,
2.7,18.292032241821289,5.559740066528320,2.274079799652100,10.144701957702637,,22.222696304321289,10.421896934509277,1.702196359634399,10.508663177490234,
2.704,18.287099838256836,5.569972038269043,2.257288217544556,10.162367820739746,,22.157831192016602,10.392888069152832,1.796970963478088,10.505284309387207,
2.708,18.307258605957031,5.584281921386719,2.262298107147217,10.166069984436035,,22.120042800903320,10.379395484924316,1.861694693565369,10.522013664245605,
2.712,18.373279571533203,5.621238231658936,2.276491165161133,10.173764228820801,,22.105510711669922,10.357518196105957,1.856847167015076,10.496062278747559,
2.716,18.455677032470703,5.658082962036133,2.305797576904297,10.206542015075684,,22.094032287597656,10.349490165710449,1.838910818099976,10.449727058410645,
2.72,18.508218765258789,5.645272731781006,2.330867052078247,10.253002166748047,,22.068569183349609,10.356575965881348,1.849431157112122,10.449047088623047,
2.724,18.520318984985352,5.604696750640869,2.335729360580444,10.278076171875000,,22.043106079101563,10.356242179870605,1.902326941490173,10.473846435546875,
2.728,18.546676635742188,5.589581489562988,2.339836835861206,10.280422210693359,,22.019592285156250,10.348357200622559,1.935675859451294,10.480209350585938,
2.732,18.604724884033203,5.610902786254883,2.344270467758179,10.281586647033691,,21.999084472656250,10.338877677917480,1.907544732093811,10.494790077209473,
2.736,18.658302307128906,5.617157459259033,2.342657327651978,10.276091575622559,,21.961236953735352,10.352176666259766,1.879441142082214,10.514498710632324,
2.74,18.693912506103516,5.581543445587158,2.342915296554565,10.265821456909180,,21.916862487792969,10.376392364501953,1.872647881507874,10.499456405639648,
2.744,18.700712203979492,5.574069976806641,2.332477331161499,10.254866600036621,,21.922176361083984,10.373472213745117,1.852629542350769,10.474342346191406,
2.748,18.678693771362305,5.607541084289551,2.304778337478638,10.247394561767578,,21.960397720336914,10.349801063537598,1.827849268913269,10.474894523620605,
2.752,18.647405624389648,5.619796752929688,2.306242227554321,10.262957572937012,,21.989879608154297,10.325172424316406,1.826582551002502,10.459139823913574,
2.756,18.609821319580078,5.615850448608398,2.364765405654907,10.285279273986816,,21.980895996093750,10.327383041381836,1.860095977783203,10.400581359863281,
2.76,18.579399108886719,5.633335113525391,2.423906564712524,10.292874336242676,,21.941875457763672,10.373852729797363,1.899547576904297,10.371820449829102,
2.764,18.600084304809570,5.646688938140869,2.433123350143433,10.287537574768066,,21.935419082641602,10.415026664733887,1.906495928764343,10.422073364257813,
2.768,18.669145584106445,5.624408245086670,2.422910928726196,10.289132118225098,,21.965520858764648,10.405914306640625,1.905578851699829,10.491103172302246,
2.772,18.714380264282227,5.593083381652832,2.430994749069214,10.312331199645996,,21.984071731567383,10.381939888000488,1.926029443740845,10.523114204406738,
2.776,18.693548202514648,5.568276882171631,2.427552223205566,10.336845397949219,,21.968746185302734,10.363641738891602,1.930858373641968,10.541181564331055,
2.78,18.642225265502930,5.536387443542480,2.390479564666748,10.355914115905762,,21.928421020507813,10.351403236389160,1.904667139053345,10.563953399658203,
2.784,18.608652114868164,5.508103847503662,2.348882436752319,10.366207122802734,,21.899581909179688,10.354928970336914,1.893781542778015,10.575289726257324,
2.788,18.590538024902344,5.515841960906982,2.336263656616211,10.352192878723145,,21.929502487182617,10.372755050659180,1.910797357559204,10.563844680786133,
2.792,18.583074569702148,5.555886745452881,2.372739791870117,10.332202911376953,,22.004407882690430,10.419073104858398,1.918766736984253,10.551672935485840,
2.796,18.600576400756836,5.598568439483643,2.433024644851685,10.331716537475586,,22.068307876586914,10.466918945312500,1.906753063201904,10.560763359069824,