Kinvent Physio 2.25.0,Version BLE : 4,Appareils: ,D102119 (FW 3.026) (250 Hz),D102124 (FW 3.026) (250 Hz)
Poids de corps (kg),74.41
Paramètres
,Moyenne,,,,,,,Essai (1),,,,,,,Essai (2),,,,,,
,Total,,Gauche,,Droite,,Asymétrie,Total,,Gauche,,Droite,,Asymétrie,Total,,Gauche,,Droite,,Asymétrie
,Abs,Relative,Abs,Relative,Abs,Relative,,Abs,Relative,Abs,Relative,Abs,Relative,,Abs,Relative,Abs,Relative,Abs,Relative,
Hauteur de Saut TV (cm),39.008,NA,NA,NA,NA,NA,NA,38.455,NA,NA,NA,NA,NA,NA,39.562,NA,NA,NA,NA,NA,NA
Hauteur de saut (Vitesse) (cm),38.354,NA,NA,NA,NA,NA,NA,37.749,NA,NA,NA,NA,NA,NA,38.959,NA,NA,NA,NA,NA,NA
Poids de corps (kg),74.411,NA,NA,NA,NA,NA,NA,74.411,NA,NA,NA,NA,NA,NA,74.411,NA,NA,NA,NA,NA,NA
Temps de Contraction (ms),388.000,NA,NA,NA,NA,NA,NA,412.000,NA,NA,NA,NA,NA,NA,364.000,NA,NA,NA,NA,NA,NA
Temps de Mouvement (ms),896.000,NA,NA,NA,NA,NA,NA,980.000,NA,NA,NA,NA,NA,NA,812.000,NA,NA,NA,NA,NA,NA
Pic de Force Max (kg),193.645,2.602,88.744,1.193,104.901,1.410,15.402,181.533,2.440,84.986,1.142,96.546,1.297,11.973,205.758,2.765,92.503,1.243,113.256,1.522,18.324
Pic de Puissance Max (W),4219.023,56.699,2013.852,27.064,2205.172,29.635,8.676,4158.585,55.886,1981.442,26.628,2177.144,29.258,8.989,4279.462,57.511,2046.262,27.499,2233.200,30.012,8.371
Pic de Vitesse Max (m/s),2.889,NA,NA,NA,NA,NA,NA,2.856,NA,NA,NA,NA,NA,NA,2.922,NA,NA,NA,NA,NA,NA
Pic de RFD Max (kg/s),1131.066,15.200,534.501,7.183,596.565,8.017,10.404,890.018,11.961,368.661,4.954,521.357,7.006,29.288,1372.113,18.440,700.341,9.412,671.773,9.028,4.079
Impulsion Totale (kg•s),87.766,1.179,39.874,0.536,47.892,0.644,16.741,93.832,1.261,43.916,0.590,49.916,0.671,12.020,81.700,1.098,35.833,0.482,45.868,0.616,21.878
Vitesse à Puissance Maximale(m/s),2.583,NA,NA,NA,NA,NA,NA,2.559,NA,NA,NA,NA,NA,NA,2.606,NA,NA,NA,NA,NA,NA
F@0V (kg),190.231,2.556,79.850,NA,110.381,NA,27.659,177.356,2.383,74.741,NA,102.615,NA,27.163,203.106,2.730,84.959,NA,118.147,NA,28.090
Force à Puissance Maximale (kg),166.523,2.238,79.484,1.068,87.038,1.170,8.679,165.643,2.226,78.924,1.061,86.719,1.165,8.989,167.402,2.250,80.045,1.076,87.357,1.174,8.371
Pic de RPD Max (W/s),29963.770,402.677,14043.764,188.731,15920.006,213.946,11.785,25143.356,337.896,12514.263,168.177,12629.093,169.720,0.909,34784.184,467.457,15573.266,209.286,19210.918,258.172,18.935
RSI (TV/TC),1.460,NA,NA,NA,NA,NA,NA,1.359,NA,NA,NA,NA,NA,NA,1.560,NA,NA,NA,NA,NA,NA
RSI (FT/TTT),0.635,NA,NA,NA,NA,NA,NA,0.571,NA,NA,NA,NA,NA,NA,0.700,NA,NA,NA,NA,NA,NA
mRSI (JH/CT) (m/s),1.010,NA,NA,NA,NA,NA,NA,0.933,NA,NA,NA,NA,NA,NA,1.087,NA,NA,NA,NA,NA,NA
mRSI (JH/TTT) (m/s),0.440,NA,NA,NA,NA,NA,NA,0.392,NA,NA,NA,NA,NA,NA,0.487,NA,NA,NA,NA,NA,NA
Rigidité de la jambe (kg/m),560.413,7.531,234.243,3.148,326.170,4.383,28.184,503.149,6.762,211.626,2.844,291.523,3.918,27.407,617.676,8.301,256.859,3.452,360.817,4.849,28.812
Temps jusqu'au pic de force Max (ms),704.000,NA,742.000,NA,658.000,NA,11.321,808.000,NA,856.000,NA,752.000,NA,12.150,600.000,NA,628.000,NA,564.000,NA,10.191
Temps jusqu'au pic de Puissance Max (ms),826.000,NA,826.000,NA,822.000,NA,0.484,912.000,NA,912.000,NA,908.000,NA,0.439,740.000,NA,740.000,NA,736.000,NA,0.541
Force Moyenne (kg),98.368,1.322,44.562,0.599,53.807,0.723,17.182,95.925,1.289,44.900,0.603,51.024,0.686,12.002,100.812,1.355,44.223,0.594,56.589,0.760,21.853
Force Max Nette (kg),119.234,1.602,NA,NA,NA,NA,NA,107.121,1.440,NA,NA,NA,NA,NA,131.347,1.765,NA,NA,NA,NA,NA
Impulsion totale Nette (kg•s),21.391,0.287,NA,NA,NA,NA,NA,21.207,0.285,NA,NA,NA,NA,NA,21.576,0.290,NA,NA,NA,NA,NA
RFD moyenne (kg/s),182.537,2.453,71.136,0.956,111.401,1.497,36.144,136.695,1.837,55.278,0.743,81.417,1.094,32.105,228.380,3.069,86.994,1.169,141.385,1.900,38.470
Puissance Moyenne (W),422.920,5.684,204.253,2.745,218.667,2.939,6.592,362.925,4.877,163.001,2.191,199.924,2.687,18.469,482.916,6.490,245.505,3.299,237.411,3.191,3.297

Paramètres par phase
,,Moyenne,,,,,,,Essai (1),,,,,,,Essai (2),,,,,,
,,Total,,Gauche,,Droite,,Asymétrie,Total,,Gauche,,Droite,,Asymétrie,Total,,Gauche,,Droite,,Asymétrie
,,Abs,Relative,Abs,Relative,Abs,Relative,,Abs,Relative,Abs,Relative,Abs,Relative,,Abs,Relative,Abs,Relative,Abs,Relative,
Phase de Décharge,Durée (ms),508.000,NA,NA,NA,NA,NA,NA,568.000,NA,NA,NA,NA,NA,NA,448.000,NA,NA,NA,NA,NA,NA
Phase de Décharge,Force Minimale(kg),31.858,0.428,16.981,0.228,14.877,0.200,12.388,38.960,0.524,22.564,0.303,16.395,0.220,27.340,24.755,0.333,11.397,0.153,13.359,0.180,14.688
Phase de Décharge,Pic de Décharge (kg),72.914,0.980,36.346,0.488,36.568,0.491,0.606,72.723,0.977,37.126,0.499,35.597,0.478,4.120,73.106,0.982,35.567,0.478,37.539,0.504,5.255
Phase de Décharge,RFD Max Négative (kg/s),-263.859,-3.546,-130.628,-1.755,-394.488,-5.301,-201.993,-271.826,-3.653,-117.828,-1.583,-389.654,-5.236,-230.697,-255.893,-3.439,-143.428,-1.928,-399.321,-5.366,-178.412
Phase de Décharge,Impulsion Totale (kg•s),28.027,0.377,13.315,0.179,14.712,0.198,9.493,33.534,0.451,16.650,0.224,16.884,0.227,1.389,22.519,0.303,9.980,0.134,12.539,0.169,20.406
Phase de Décharge,Impulsion Nette (kg•s),-9.477,-0.127,NA,NA,NA,NA,NA,-8.434,-0.113,NA,NA,NA,NA,NA,-10.520,-0.141,NA,NA,NA,NA,NA
Phase de Freinage,Durée (ms),142.000,NA,NA,NA,NA,NA,NA,160.000,NA,NA,NA,NA,NA,NA,124.000,NA,NA,NA,NA,NA,NA
Phase de Freinage,Force de Freinage Max (kg),189.379,2.545,79.172,1.064,110.207,1.481,28.161,176.280,2.369,74.144,0.996,102.136,1.373,27.407,202.479,2.721,84.200,1.132,118.279,1.590,28.812
Phase de Freinage,Force de Freinage Moy (kg),138.493,1.861,57.417,0.772,81.076,1.090,29.181,123.907,1.665,55.226,0.742,68.681,0.923,19.590,153.079,2.057,59.608,0.801,93.471,1.256,36.228
Phase de Freinage,Puissance de Freinage Max (W),-1287.892,-17.308,-535.686,-7.199,-752.206,-10.109,-40.419,-1005.112,-13.507,-478.497,-6.430,-526.614,-7.077,-10.056,-1570.671,-21.108,-592.874,-7.968,-977.798,-13.140,-64.925
Phase de Freinage,RFD moyenne (kg/s),950.396,12.772,401.436,5.395,548.960,7.377,26.874,668.580,8.985,260.683,3.503,407.898,5.482,36.091,1232.212,16.559,542.188,7.286,690.023,9.273,21.425
Phase de Freinage,RFD 0-50ms (kg/s),946.071,12.714,367.818,4.943,578.254,7.771,36.392,557.983,7.499,259.675,3.490,298.308,4.009,12.951,1334.160,17.930,475.961,6.396,858.199,11.533,44.540
Phase de Freinage,RFD 0-100ms (kg/s),904.459,12.155,376.799,5.064,527.660,7.091,28.591,609.107,8.186,228.104,3.065,381.003,5.120,40.131,1199.810,16.124,525.494,7.062,674.316,9.062,22.070
Phase de Freinage,RFD 0-150ms (kg/s),748.017,10.052,323.978,4.354,424.039,5.699,23.597,658.922,8.855,248.872,3.345,410.050,5.511,39.307,837.111,11.250,399.083,5.363,438.028,5.887,8.891
Phase de Freinage,RFD 0-200ms (kg/s),264.983,3.561,104.762,1.408,160.221,2.153,34.614,529.966,7.122,209.524,2.816,320.442,4.306,34.614,NA,NA,NA,NA,NA,NA,NA
Phase de Freinage,RFD 50-100ms (kg/s),836.591,11.243,371.884,4.998,464.707,6.245,19.975,675.476,9.078,203.380,2.733,472.097,6.344,56.920,997.705,13.408,540.387,7.262,457.318,6.146,15.372
Phase de Freinage,RFD 100-150ms (kg/s),357.305,4.802,136.238,1.831,221.067,2.971,38.373,714.610,9.603,272.476,3.662,442.134,5.942,38.373,NA,NA,NA,NA,NA,NA,NA
Phase de Freinage,RFD 150-200ms (kg/s),NA,NA,NA,NA,NA,NA,NA,NA,NA,NA,NA,NA,NA,NA,NA,NA,NA,NA,NA,NA,NA
Phase de Freinage,Impulsion de freinage (kg•s) ,18.871,0.254,7.890,0.106,10.981,0.148,28.149,19.323,0.260,8.616,0.116,10.706,0.144,19.524,18.420,0.248,7.164,0.096,11.256,0.151,36.353
Phase de Freinage,Impulsion 50-100ms (kg•s),6.945,0.093,2.926,0.039,4.020,0.054,27.221,5.564,0.075,2.533,0.034,3.031,0.041,16.408,8.327,0.112,3.318,0.045,5.009,0.067,33.763
Phase de Freinage,Impulsion 100-150ms (kg•s),7.868,0.106,3.332,0.045,4.536,0.061,26.537,6.821,0.092,2.933,0.039,3.889,0.052,24.589,8.915,0.120,3.732,0.050,5.183,0.070,27.998
Phase de Freinage,Impulsion 150-200ms (kg•s),4.290,0.058,1.817,0.024,2.473,0.033,26.547,8.581,0.115,3.634,0.049,4.947,0.066,26.547,NA,NA,NA,NA,NA,NA,NA
Phase de Freinage,Force de Freinage Moy Nette (kg) ,64.082,0.861,NA,NA,NA,NA,NA,49.496,0.665,NA,NA,NA,NA,NA,78.668,1.057,NA,NA,NA,NA,NA
Phase de Freinage,Impulsion de freinage nette (kg•s) ,8.602,0.116,NA,NA,NA,NA,NA,7.714,0.104,NA,NA,NA,NA,NA,9.490,0.128,NA,NA,NA,NA,NA
Phase de Freinage,Déplacement Min (cm),-33.908,NA,NA,NA,NA,NA,NA,-35.035,NA,NA,NA,NA,NA,NA,-32.781,NA,NA,NA,NA,NA,NA
Phase de Freinage,Vitesse Négative Max (m/s),-1.250,NA,NA,NA,NA,NA,NA,-1.112,NA,NA,NA,NA,NA,NA,-1.387,NA,NA,NA,NA,NA,NA
Phase de Freinage,RFD Décélération (kg/s),822.298,11.051,344.926,4.635,477.372,6.415,27.745,639.847,8.599,242.780,3.263,397.068,5.336,38.857,1004.749,13.503,447.073,6.008,557.676,7.494,19.833
Phase de Freinage,RFD Excentrique (kg/s),635.094,8.535,249.610,3.354,385.483,5.180,35.247,501.434,6.739,188.159,2.529,313.275,4.210,39.938,768.753,10.331,311.062,4.180,457.691,6.151,32.037
Phase de Freinage,F@0V (kg),190.231,2.556,79.850,NA,110.381,NA,27.659,177.356,2.383,74.741,NA,102.615,NA,27.163,203.106,2.730,84.959,NA,118.147,NA,28.090
Propulsion,Durée (ms),246.000,NA,NA,NA,NA,NA,NA,252.000,NA,NA,NA,NA,NA,NA,240.000,NA,NA,NA,NA,NA,NA
Propulsion,Force Propulsive Max (kg),193.645,2.602,88.744,1.193,104.901,1.410,15.402,181.533,2.440,84.986,1.142,96.546,1.297,11.973,205.758,2.765,92.503,1.243,113.256,1.522,18.324
Propulsion,Force Propulsive Moy (kg),163.549,2.198,74.806,1.005,88.742,1.193,15.704,160.147,2.152,72.904,0.980,87.243,1.172,16.435,166.950,2.244,76.708,1.031,90.242,1.213,14.997
Propulsion,Puissance Propulsive Max (W),4219.023,56.699,2013.852,27.064,2205.172,29.635,8.676,4158.585,55.886,1981.442,26.628,2177.144,29.258,8.989,4279.462,57.511,2046.262,27.499,2233.200,30.012,8.371
Propulsion,Puissance Propulsive Moy (W),2505.221,33.667,1169.408,15.715,1335.813,17.952,12.457,2410.532,32.395,1120.708,15.061,1289.824,17.334,13.112,2599.910,34.940,1218.109,16.370,1381.801,18.570,11.846
Propulsion,RPD Moyen(W/s),25124.354,337.641,11939.328,160.450,13185.025,177.191,9.448,24408.161,328.016,11518.625,154.796,12889.537,173.220,10.636,25840.546,347.266,12360.031,166.104,13480.514,181.162,8.312
Propulsion,RPD 0-50ms (W/s),29463.151,395.949,13259.370,178.190,16203.781,217.759,18.171,24813.326,333.461,10856.272,145.895,13957.054,187.566,22.217,34112.976,458.437,15662.468,210.485,18450.508,247.953,15.111
Propulsion,RPD 0-100ms (W/s),27719.332,372.514,5779.523,77.670,6692.536,89.940,13.642,24944.118,335.219,11559.046,155.340,13385.072,179.879,13.642,30494.545,409.810,NA,NA,NA,NA,NA
Propulsion,RPD 0-150ms (W/s),25775.390,346.390,NA,NA,NA,NA,NA,24686.033,331.751,NA,NA,NA,NA,NA,26864.748,361.030,NA,NA,NA,NA,NA
Propulsion,RPD 0-200ms (W/s),17379.262,233.556,NA,NA,NA,NA,NA,19650.217,264.075,NA,NA,NA,NA,NA,15108.308,203.037,NA,NA,NA,NA,NA
Propulsion,Impulsion Propulsive (kg•s),39.810,0.535,18.223,0.245,21.587,0.290,15.586,39.972,0.537,18.210,0.245,21.762,0.292,16.321,39.647,0.533,18.235,0.245,21.412,0.288,14.839
Propulsion,Impulsion Propulsive Phase 1 (kg•s),22.392,0.301,10.002,0.134,12.390,0.167,19.276,21.691,0.292,9.607,0.129,12.084,0.162,20.498,23.092,0.310,10.396,0.140,12.696,0.171,18.113
Propulsion,Impulsion Propulsive Phase 2 (kg•s),16.684,0.224,7.878,0.106,8.805,0.118,10.528,17.556,0.236,8.264,0.111,9.292,0.125,11.071,15.811,0.212,7.493,0.101,8.318,0.112,9.922
Propulsion,Force Propulsive Max Nette (kg) ,119.234,1.602,NA,NA,NA,NA,NA,107.121,1.440,NA,NA,NA,NA,NA,131.347,1.765,NA,NA,NA,NA,NA
Propulsion,Force Propulsive Moy Nette (kg) ,89.137,1.198,NA,NA,NA,NA,NA,85.735,1.152,NA,NA,NA,NA,NA,92.539,1.244,NA,NA,NA,NA,NA
Propulsion,Impulsion Propulsive Nette (kg•s),21.802,0.293,NA,NA,NA,NA,NA,21.518,0.289,NA,NA,NA,NA,NA,22.086,0.297,NA,NA,NA,NA,NA
Propulsion,Vitesse Propulsive Max (m/s),2.889,NA,NA,NA,NA,NA,NA,2.856,NA,NA,NA,NA,NA,NA,2.922,NA,NA,NA,NA,NA,NA
Vol,Durée (ms),564.000,NA,NA,NA,NA,NA,NA,560.000,NA,NA,NA,NA,NA,NA,568.000,NA,NA,NA,NA,NA,NA
Vol,Hauteur de Saut + Temps de vol (cm),39.008,NA,NA,NA,NA,NA,NA,38.455,NA,NA,NA,NA,NA,NA,39.562,NA,NA,NA,NA,NA,NA
Vol,Hauteur du saut en fonction de la vitesse de décollage (cm),38.354,NA,NA,NA,NA,NA,NA,37.749,NA,NA,NA,NA,NA,NA,38.959,NA,NA,NA,NA,NA,NA
Vol,Vitesse au décollage (m/s),2.743,NA,NA,NA,NA,NA,NA,2.721,NA,NA,NA,NA,NA,NA,2.765,NA,NA,NA,NA,NA,NA
Atterrissage,Temps de Stabilisation (ms),NA,NA,NA,NA,NA,NA,NA,NA,NA,NA,NA,NA,NA,NA,NA,NA,NA,NA,NA,NA,NA
Atterrissage,Force Max à l'Atterrissage (kg),352.421,4.736,167.603,2.252,184.818,2.484,9.315,333.094,4.476,168.226,2.261,164.868,2.216,1.996,371.748,4.996,166.980,2.244,204.768,2.752,18.454
Atterrissage,Ratio Pic de force d'atterrissage/poids du corps (kg/kg),0.483,NA,0.230,NA,0.253,NA,9.315,0.456,NA,0.230,NA,0.226,NA,1.996,0.509,NA,0.229,NA,0.281,NA,18.454
Atterrissage,Force d'Atterrissage Moy (kg),88.218,1.186,43.912,0.590,44.306,0.595,0.890,88.000,1.183,39.540,0.531,48.460,0.651,18.408,88.435,1.188,48.283,0.649,40.152,0.540,16.842

Données brutes
Essai (1),,,,,Essai (2),,,,
temps (seconde),Phases,Force (kg),Force G (kg),Force D (kg),temps (seconde),Phases,Force (kg),Force G (kg),Force D (kg)
0,Phase de Décharge,72.1,37.1,35.0,0,Phase de Décharge,72.1,35.6,36.5
0.004,Phase de Décharge,71.6,36.8,34.7,0.004,Phase de Décharge,71.9,35.5,36.4
0.008,Phase de Décharge,71.5,36.8,34.7,0.008,Phase de Décharge,71.8,35.5,36.3
0.012,Phase de Décharge,71.4,36.6,34.8,0.012,Phase de Décharge,71.8,35.5,36.3
0.016,Phase de Décharge,71.1,36.4,34.8,0.016,Phase de Décharge,71.6,35.4,36.2
0.02,Phase de Décharge,70.8,36.1,34.7,0.02,Phase de Décharge,71.4,35.2,36.2
0.024,Phase de Décharge,70.6,35.9,34.7,0.024,Phase de Décharge,71.1,34.9,36.2
0.028,Phase de Décharge,70.4,35.7,34.7,0.028,Phase de Décharge,70.8,34.7,36.1
0.032,Phase de Décharge,70.1,35.5,34.6,0.032,Phase de Décharge,70.8,34.6,36.1
0.036,Phase de Décharge,69.6,35.1,34.5,0.036,Phase de Décharge,70.7,34.5,36.3
0.04,Phase de Décharge,69.3,34.8,34.5,0.04,Phase de Décharge,70.6,34.2,36.3
0.044,Phase de Décharge,69.0,34.5,34.6,0.044,Phase de Décharge,70.3,34.1,36.3
0.048,Phase de Décharge,68.8,34.2,34.6,0.048,Phase de Décharge,70.1,33.9,36.2
0.052,Phase de Décharge,68.6,34.0,34.6,0.052,Phase de Décharge,70.0,33.6,36.3
0.056,Phase de Décharge,68.6,33.9,34.7,0.056,Phase de Décharge,70.0,33.4,36.5
0.06,Phase de Décharge,68.7,33.9,34.8,0.06,Phase de Décharge,70.0,33.3,36.7
0.064,Phase de Décharge,68.7,33.8,34.9,0.064,Phase de Décharge,69.9,33.0,36.8
0.068,Phase de Décharge,68.7,33.6,35.1,0.068,Phase de Décharge,69.7,32.8,36.9
0.072,Phase de Décharge,68.7,33.5,35.2,0.072,Phase de Décharge,69.6,32.6,37.1
0.076,Phase de Décharge,68.8,33.4,35.3,0.076,Phase de Décharge,69.5,32.3,37.1
0.08,Phase de Décharge,69.0,33.4,35.5,0.08,Phase de Décharge,69.3,32.0,37.2
0.084,Phase de Décharge,69.3,33.6,35.7,0.084,Phase de Décharge,69.2,31.8,37.5
0.088,Phase de Décharge,69.6,33.7,35.9,0.088,Phase de Décharge,69.2,31.5,37.7
0.092,Phase de Décharge,69.8,33.7,36.0,0.092,Phase de Décharge,69.3,31.3,37.9
0.096,Phase de Décharge,69.9,33.8,36.1,0.096,Phase de Décharge,69.3,31.1,38.2
0.1,Phase de Décharge,70.0,33.8,36.2,0.1,Phase de Décharge,69.2,30.8,38.4
0.104,Phase de Décharge,70.1,33.7,36.4,0.104,Phase de Décharge,69.0,30.4,38.5
0.108,Phase de Décharge,70.2,33.6,36.6,0.108,Phase de Décharge,68.7,30.1,38.6
0.112,Phase de Décharge,70.1,33.4,36.7,0.112,Phase de Décharge,68.4,29.7,38.7
0.116,Phase de Décharge,69.8,33.2,36.6,0.116,Phase de Décharge,67.9,29.2,38.7
0.12,Phase de Décharge,69.5,32.9,36.5,0.12,Phase de Décharge,67.2,28.5,38.7
0.124,Phase de Décharge,69.3,32.7,36.5,0.124,Phase de Décharge,66.4,27.8,38.7
0.128,Phase de Décharge,69.2,32.5,36.6,0.128,Phase de Décharge,65.7,27.0,38.7
0.132,Phase de Décharge,68.9,32.2,36.7,0.132,Phase de Décharge,65.1,26.3,38.8
0.136,Phase de Décharge,68.5,31.8,36.7,0.136,Phase de Décharge,64.6,25.9,38.7
0.14,Phase de Décharge,68.0,31.4,36.6,0.14,Phase de Décharge,64.0,25.3,38.6
0.144,Phase de Décharge,67.7,31.1,36.5,0.144,Phase de Décharge,63.0,24.5,38.5
0.148,Phase de Décharge,67.4,31.0,36.4,0.148,Phase de Décharge,62.1,23.7,38.4
0.152,Phase de Décharge,67.2,30.8,36.4,0.152,Phase de Décharge,61.4,23.2,38.2
0.156,Phase de Décharge,66.7,30.4,36.3,0.156,Phase de Décharge,60.9,22.8,38.1
0.16,Phase de Décharge,66.4,30.1,36.3,0.16,Phase de Décharge,60.3,22.4,37.9
0.164,Phase de Décharge,66.0,29.9,36.1,0.164,Phase de Décharge,59.8,22.0,37.8
0.168,Phase de Décharge,65.7,29.7,36.0,0.168,Phase de Décharge,59.4,21.7,37.7
0.172,Phase de Décharge,65.3,29.5,35.8,0.172,Phase de Décharge,58.9,21.4,37.5
0.176,Phase de Décharge,64.9,29.2,35.6,0.176,Phase de Décharge,58.3,21.1,37.2
0.18,Phase de Décharge,64.3,29.0,35.4,0.18,Phase de Décharge,57.6,20.7,36.9
0.184,Phase de Décharge,63.9,28.8,35.1,0.184,Phase de Décharge,57.0,20.5,36.6
0.188,Phase de Décharge,63.6,28.7,34.9,0.188,Phase de Décharge,56.5,20.5,36.0
0.192,Phase de Décharge,63.3,28.7,34.7,0.192,Phase de Décharge,55.9,20.8,35.1
0.196,Phase de Décharge,63.0,28.6,34.4,0.196,Phase de Décharge,55.4,21.2,34.2
0.2,Phase de Décharge,62.7,28.6,34.2,0.2,Phase de Décharge,54.7,21.3,33.4
0.204,Phase de Décharge,62.5,28.5,33.9,0.204,Phase de Décharge,53.6,21.2,32.4
0.208,Phase de Décharge,62.2,28.5,33.7,0.208,Phase de Décharge,52.5,21.0,31.5
0.212,Phase de Décharge,61.9,28.4,33.5,0.212,Phase de Décharge,51.3,20.7,30.6
0.216,Phase de Décharge,61.6,28.4,33.3,0.216,Phase de Décharge,50.1,20.6,29.6
0.22,Phase de Décharge,61.2,28.2,33.0,0.22,Phase de Décharge,49.1,20.3,28.8
0.224,Phase de Décharge,60.8,28.0,32.9,0.224,Phase de Décharge,48.3,19.9,28.4
0.228,Phase de Décharge,60.5,27.7,32.8,0.228,Phase de Décharge,47.4,19.6,27.9
0.232,Phase de Décharge,60.0,27.4,32.7,0.232,Phase de Décharge,46.3,19.2,27.1
0.236,Phase de Décharge,59.5,27.0,32.5,0.236,Phase de Décharge,45.2,19.0,26.2
0.24,Phase de Décharge,59.1,26.7,32.4,0.24,Phase de Décharge,44.2,18.8,25.5
0.244,Phase de Décharge,58.8,26.5,32.2,0.244,Phase de Décharge,43.2,18.6,24.7
0.248,Phase de Décharge,58.7,26.6,32.1,0.248,Phase de Décharge,42.3,18.3,23.9
0.252,Phase de Décharge,58.6,26.8,31.8,0.252,Phase de Décharge,41.4,18.1,23.3
0.256,Phase de Décharge,58.4,26.8,31.5,0.256,Phase de Décharge,40.5,18.0,22.5
0.26,Phase de Décharge,58.3,26.9,31.3,0.26,Phase de Décharge,39.6,17.8,21.8
0.264,Phase de Décharge,58.3,27.1,31.3,0.264,Phase de Décharge,38.6,17.6,21.0
0.268,Phase de Décharge,58.4,27.2,31.2,0.268,Phase de Décharge,37.5,17.4,20.1
0.272,Phase de Décharge,58.6,27.5,31.1,0.272,Phase de Décharge,36.4,17.2,19.1
0.276,Phase de Décharge,58.7,27.7,31.0,0.276,Phase de Décharge,35.3,17.0,18.2
0.28,Phase de Décharge,58.8,28.0,30.8,0.28,Phase de Décharge,34.3,16.8,17.5
0.284,Phase de Décharge,58.8,28.2,30.5,0.284,Phase de Décharge,33.3,16.6,16.6
0.288,Phase de Décharge,58.9,28.4,30.4,0.288,Phase de Décharge,32.4,16.5,15.9
0.292,Phase de Décharge,59.0,28.6,30.5,0.292,Phase de Décharge,31.5,16.3,15.2
0.296,Phase de Décharge,59.4,28.7,30.7,0.296,Phase de Décharge,30.6,16.1,14.4
0.3,Phase de Décharge,59.9,28.9,31.0,0.3,Phase de Décharge,29.7,16.0,13.8
0.304,Phase de Décharge,60.3,29.0,31.4,0.304,Phase de Décharge,29.0,15.7,13.3
0.308,Phase de Décharge,60.8,29.0,31.8,0.308,Phase de Décharge,28.3,15.4,12.9
0.312,Phase de Décharge,61.1,28.9,32.2,0.312,Phase de Décharge,27.6,15.1,12.5
0.316,Phase de Décharge,61.4,28.9,32.5,0.316,Phase de Décharge,26.8,14.7,12.1
0.32,Phase de Décharge,61.9,29.0,32.9,0.32,Phase de Décharge,26.2,14.4,11.8
0.324,Phase de Décharge,62.3,29.0,33.3,0.324,Phase de Décharge,25.7,14.1,11.6
0.328,Phase de Décharge,62.5,29.0,33.6,0.328,Phase de Décharge,25.3,13.8,11.5
0.332,Phase de Décharge,62.6,28.9,33.7,0.332,Phase de Décharge,25.0,13.5,11.5
0.336,Phase de Décharge,62.8,29.0,33.8,0.336,Phase de Décharge,24.8,13.1,11.7
0.34,Phase de Décharge,63.0,29.2,33.8,0.34,Phase de Décharge,24.8,12.8,12.0
0.344,Phase de Décharge,63.1,29.6,33.6,0.344,Phase de Décharge,24.8,12.5,12.3
0.348,Phase de Décharge,63.0,29.8,33.2,0.348,Phase de Décharge,25.0,12.2,12.8
0.352,Phase de Décharge,62.8,30.0,32.7,0.352,Phase de Décharge,25.3,11.9,13.4
0.356,Phase de Décharge,62.6,30.3,32.3,0.356,Phase de Décharge,25.5,11.7,13.9
0.36,Phase de Décharge,62.1,30.3,31.8,0.36,Phase de Décharge,25.8,11.5,14.4
0.364,Phase de Décharge,61.4,30.2,31.2,0.364,Phase de Décharge,26.3,11.4,14.9
0.368,Phase de Décharge,60.6,29.9,30.7,0.368,Phase de Décharge,27.1,11.6,15.6
0.372,Phase de Décharge,59.6,29.5,30.1,0.372,Phase de Décharge,28.1,12.0,16.2
0.376,Phase de Décharge,58.4,29.1,29.3,0.376,Phase de Décharge,29.2,12.5,16.7
0.38,Phase de Décharge,57.4,28.9,28.5,0.38,Phase de Décharge,30.3,13.1,17.2
0.384,Phase de Décharge,56.4,28.7,27.8,0.384,Phase de Décharge,31.4,13.8,17.6
0.388,Phase de Décharge,55.3,28.4,26.9,0.388,Phase de Décharge,32.5,14.5,18.0
0.392,Phase de Décharge,54.3,28.2,26.1,0.392,Phase de Décharge,33.9,15.2,18.6
0.396,Phase de Décharge,53.5,28.1,25.3,0.396,Phase de Décharge,35.4,16.1,19.3
0.4,Phase de Décharge,52.4,28.0,24.4,0.4,Phase de Décharge,36.8,16.9,20.0
0.404,Phase de Décharge,51.3,27.9,23.5,0.404,Phase de Décharge,38.4,17.6,20.7
0.408,Phase de Décharge,50.3,27.6,22.8,0.408,Phase de Décharge,40.4,18.6,21.8
0.412,Phase de Décharge,49.2,27.2,22.0,0.412,Phase de Décharge,43.0,19.5,23.4
0.416,Phase de Décharge,47.8,26.6,21.2,0.416,Phase de Décharge,46.1,20.3,25.8
0.42,Phase de Décharge,46.3,25.9,20.4,0.42,Phase de Décharge,49.4,21.2,28.2
0.424,Phase de Décharge,45.0,25.3,19.7,0.424,Phase de Décharge,52.5,22.3,30.2
0.428,Phase de Décharge,43.8,24.8,18.9,0.428,Phase de Décharge,55.6,23.3,32.4
0.432,Phase de Décharge,42.5,24.4,18.2,0.432,Phase de Décharge,59.4,24.3,35.1
0.436,Phase de Décharge,41.4,23.8,17.6,0.436,Phase de Décharge,63.6,25.6,38.0
0.44,Phase de Décharge,40.4,23.4,17.1,0.44,Phase de Décharge,68.0,26.8,41.2
0.444,Phase de Décharge,39.6,23.0,16.6,0.444,Phase de Décharge,73.1,28.1,45.0
0.448,Phase de Décharge,39.1,22.8,16.3,0.448,Phase de Freinage,78.5,29.5,49.0
0.452,Phase de Décharge,39.0,22.8,16.2,0.452,Phase de Freinage,84.0,31.0,53.0
0.456,Phase de Décharge,39.0,22.8,16.2,0.456,Phase de Freinage,89.5,32.1,57.4
0.46,Phase de Décharge,39.1,22.7,16.3,0.46,Phase de Freinage,94.7,33.2,61.5
0.464,Phase de Décharge,39.2,22.6,16.5,0.464,Phase de Freinage,99.3,34.6,64.7
0.468,Phase de Décharge,39.2,22.6,16.6,0.468,Phase de Freinage,104.1,36.1,68.0
0.472,Phase de Décharge,39.3,22.6,16.7,0.472,Phase de Freinage,109.4,37.6,71.8
0.476,Phase de Décharge,39.6,22.7,16.9,0.476,Phase de Freinage,114.9,39.5,75.4
0.48,Phase de Décharge,40.1,23.0,17.1,0.48,Phase de Freinage,120.2,41.5,78.7
0.484,Phase de Décharge,40.9,23.5,17.4,0.484,Phase de Freinage,125.9,43.6,82.2
0.488,Phase de Décharge,41.9,24.4,17.5,0.488,Phase de Freinage,131.7,46.3,85.4
0.492,Phase de Décharge,42.9,25.1,17.7,0.492,Phase de Freinage,137.2,49.0,88.2
0.496,Phase de Décharge,43.8,25.8,18.0,0.496,Phase de Freinage,142.6,51.5,91.0
0.5,Phase de Décharge,44.9,26.4,18.5,0.5,Phase de Freinage,147.9,54.3,93.6
0.504,Phase de Décharge,46.1,27.1,19.0,0.504,Phase de Freinage,153.2,57.6,95.6
0.508,Phase de Décharge,47.2,27.7,19.5,0.508,Phase de Freinage,158.5,60.8,97.7
0.512,Phase de Décharge,48.2,28.1,20.1,0.512,Phase de Freinage,164.1,63.9,100.2
0.516,Phase de Décharge,49.3,28.6,20.7,0.516,Phase de Freinage,170.1,67.4,102.7
0.52,Phase de Décharge,50.6,29.1,21.5,0.52,Phase de Freinage,175.7,70.6,105.0
0.524,Phase de Décharge,51.9,29.7,22.3,0.524,Phase de Freinage,180.8,73.4,107.4
0.528,Phase de Décharge,53.1,30.2,22.9,0.528,Phase de Freinage,185.5,76.1,109.4
0.532,Phase de Décharge,54.4,30.5,23.8,0.532,Phase de Freinage,189.2,78.3,111.0
0.536,Phase de Décharge,55.9,30.8,25.2,0.536,Phase de Freinage,192.2,79.7,112.5
0.54,Phase de Décharge,57.8,31.2,26.6,0.54,Phase de Freinage,194.7,80.8,113.9
0.544,Phase de Décharge,59.9,31.7,28.2,0.544,Phase de Freinage,196.8,81.6,115.2
0.548,Phase de Décharge,62.3,32.2,30.1,0.548,Phase de Freinage,198.5,82.1,116.4
0.552,Phase de Décharge,64.7,32.7,32.1,0.552,Phase de Freinage,199.8,82.4,117.4
0.556,Phase de Décharge,67.3,33.4,33.9,0.556,Phase de Freinage,200.7,82.6,118.0
0.56,Phase de Décharge,70.1,34.2,35.9,0.56,Phase de Freinage,201.3,83.0,118.3
0.564,Phase de Décharge,72.7,35.1,37.7,0.564,Phase de Freinage,201.8,83.5,118.4
0.568,Phase de Freinage,75.0,35.9,39.1,0.568,Phase de Freinage,202.5,84.2,118.3
0.572,Phase de Freinage,77.0,36.7,40.4,0.572,Propulsion,203.1,85.0,118.1
0.576,Phase de Freinage,79.4,37.5,41.9,0.576,Propulsion,203.6,85.7,118.0
0.58,Phase de Freinage,82.3,38.7,43.6,0.58,Propulsion,204.2,86.4,117.8
0.584,Phase de Freinage,85.2,40.1,45.2,0.584,Propulsion,204.8,87.2,117.6
0.588,Phase de Freinage,88.1,41.3,46.9,0.588,Propulsion,205.1,87.8,117.3
0.592,Phase de Freinage,90.7,42.4,48.3,0.592,Propulsion,205.3,88.5,116.8
0.596,Phase de Freinage,93.1,43.7,49.4,0.596,Propulsion,205.5,89.4,116.2
0.6,Phase de Freinage,95.2,44.9,50.3,0.6,Propulsion,205.8,90.2,115.6
0.604,Phase de Freinage,97.2,46.0,51.2,0.604,Propulsion,205.6,90.8,114.8
0.608,Phase de Freinage,99.0,47.2,51.8,0.608,Propulsion,205.3,91.3,114.0
0.612,Phase de Freinage,100.6,48.0,52.6,0.612,Propulsion,205.0,91.7,113.3
0.616,Phase de Freinage,102.3,48.7,53.6,0.616,Propulsion,204.4,92.0,112.4
0.62,Phase de Freinage,104.0,49.4,54.6,0.62,Propulsion,203.9,92.3,111.6
0.624,Phase de Freinage,105.9,50.1,55.8,0.624,Propulsion,203.4,92.5,110.9
0.628,Phase de Freinage,108.0,50.7,57.3,0.628,Propulsion,202.7,92.5,110.2
0.632,Phase de Freinage,110.3,51.3,59.0,0.632,Propulsion,201.6,92.3,109.3
0.636,Phase de Freinage,112.7,52.1,60.6,0.636,Propulsion,200.2,91.8,108.4
0.64,Phase de Freinage,115.3,52.7,62.6,0.64,Propulsion,199.0,91.4,107.6
0.644,Phase de Freinage,117.9,53.3,64.6,0.644,Propulsion,197.6,91.0,106.6
0.648,Phase de Freinage,120.5,54.0,66.5,0.648,Propulsion,196.4,90.6,105.8
0.652,Phase de Freinage,123.2,54.7,68.5,0.652,Propulsion,195.2,90.1,105.1
0.656,Phase de Freinage,126.3,55.5,70.8,0.656,Propulsion,194.0,89.8,104.2
0.66,Phase de Freinage,129.5,56.5,73.1,0.66,Propulsion,193.0,89.6,103.4
0.664,Phase de Freinage,132.7,57.6,75.1,0.664,Propulsion,191.9,89.2,102.7
0.668,Phase de Freinage,135.9,58.7,77.2,0.668,Propulsion,190.9,88.8,102.1
0.672,Phase de Freinage,139.1,60.0,79.1,0.672,Propulsion,189.8,88.3,101.5
0.676,Phase de Freinage,142.6,61.5,81.1,0.676,Propulsion,188.9,87.8,101.1
0.68,Phase de Freinage,146.4,63.1,83.3,0.68,Propulsion,188.1,87.4,100.7
0.684,Phase de Freinage,150.1,64.6,85.5,0.684,Propulsion,187.2,87.0,100.3
0.688,Phase de Freinage,153.5,66.3,87.2,0.688,Propulsion,186.3,86.6,99.7
0.692,Phase de Freinage,156.8,67.8,89.0,0.692,Propulsion,185.4,86.2,99.2
0.696,Phase de Freinage,160.6,69.3,91.3,0.696,Propulsion,184.5,85.9,98.6
0.7,Phase de Freinage,164.3,70.7,93.7,0.7,Propulsion,183.7,85.6,98.1
0.704,Phase de Freinage,167.6,71.8,95.8,0.704,Propulsion,182.8,85.3,97.5
0.708,Phase de Freinage,170.3,72.4,97.9,0.708,Propulsion,181.8,85.1,96.7
0.712,Phase de Freinage,172.4,72.9,99.5,0.712,Propulsion,180.9,84.9,96.0
0.716,Phase de Freinage,173.9,73.4,100.6,0.716,Propulsion,180.0,84.6,95.4
0.72,Phase de Freinage,175.1,73.7,101.4,0.72,Propulsion,178.7,84.2,94.6
0.724,Phase de Freinage,176.3,74.1,102.1,0.724,Propulsion,177.1,83.6,93.5
0.728,Propulsion,177.4,74.7,102.6,0.728,Propulsion,175.2,82.9,92.3
0.732,Propulsion,178.1,75.2,102.9,0.732,Propulsion,172.9,82.0,90.9
0.736,Propulsion,178.7,75.6,103.1,0.736,Propulsion,170.3,81.1,89.1
0.74,Propulsion,179.3,75.9,103.4,0.74,Propulsion,167.4,80.0,87.4
0.744,Propulsion,179.9,76.2,103.7,0.744,Propulsion,163.9,78.5,85.4
0.748,Propulsion,180.4,76.5,103.9,0.748,Propulsion,159.8,76.8,82.9
0.752,Propulsion,180.7,76.8,103.9,0.752,Propulsion,155.2,74.9,80.3
0.756,Propulsion,180.9,77.0,103.9,0.756,Propulsion,150.1,72.3,77.8
0.76,Propulsion,180.9,77.2,103.7,0.76,Propulsion,144.3,69.5,74.8
0.764,Propulsion,180.9,77.4,103.5,0.764,Propulsion,137.1,66.2,70.9
0.768,Propulsion,181.0,77.8,103.2,0.768,Propulsion,128.8,61.9,66.9
0.772,Propulsion,181.0,78.3,102.8,0.772,Propulsion,120.1,57.5,62.7
0.776,Propulsion,181.0,78.7,102.3,0.776,Propulsion,110.8,53.4,57.5
0.78,Propulsion,181.0,79.1,101.8,0.78,Propulsion,101.1,48.9,52.2
0.784,Propulsion,181.0,79.5,101.5,0.784,Propulsion,90.3,43.3,47.0
0.788,Propulsion,181.0,79.9,101.1,0.788,Propulsion,78.4,37.6,40.8
0.792,Propulsion,181.2,80.4,100.8,0.792,Propulsion,66.1,31.6,34.5
0.796,Propulsion,181.4,81.0,100.5,0.796,Propulsion,53.2,24.5,28.7
0.8,Propulsion,181.5,81.3,100.1,0.8,Propulsion,39.0,17.1,22.0
0.804,Propulsion,181.5,81.8,99.7,0.804,Propulsion,23.0,9.8,13.2
0.808,Propulsion,181.5,82.2,99.3,0.808,Propulsion,7.4,2.6,4.8
0.812,Propulsion,181.4,82.6,98.8,0.812,Vol,-3.0,-2.3,-0.7
0.816,Propulsion,181.2,83.0,98.3,0.816,Vol,-6.1,-3.5,-2.5
0.82,Propulsion,181.2,83.3,97.9,0.82,Vol,-3.5,-2.2,-1.3
0.824,Propulsion,181.3,83.6,97.7,0.824,Vol,0.8,-0.1,0.9
0.828,Propulsion,181.2,83.9,97.3,0.828,Vol,3.0,1.5,1.5
0.832,Propulsion,181.1,84.2,96.9,0.832,Vol,2.3,1.9,0.4
0.836,Propulsion,181.0,84.4,96.7,0.836,Vol,0.4,1.1,-0.7
0.84,Propulsion,181.0,84.5,96.5,0.84,Vol,-0.7,-0.1,-0.6
0.844,Propulsion,181.1,84.7,96.4,0.844,Vol,-0.2,-0.7,0.5
0.848,Propulsion,181.3,84.9,96.4,0.848,Vol,0.9,-0.4,1.3
0.852,Propulsion,181.5,85.0,96.5,0.852,Vol,1.4,0.4,1.0
0.856,Propulsion,181.5,85.0,96.5,0.856,Vol,1.1,0.9,0.1
0.86,Propulsion,181.4,85.0,96.4,0.86,Vol,0.9,1.0,-0.1
0.864,Propulsion,181.2,84.9,96.3,0.864,Vol,0.8,0.5,0.2
0.868,Propulsion,181.0,84.8,96.1,0.868,Vol,0.4,-0.1,0.5
0.872,Propulsion,180.6,84.7,95.8,0.872,Vol,0.1,-0.2,0.4
0.876,Propulsion,180.0,84.6,95.4,0.876,Vol,0.2,0.1,0.1
0.88,Propulsion,179.4,84.4,94.9,0.88,Vol,0.6,0.5,0.2
0.884,Propulsion,178.5,84.1,94.4,0.884,Vol,1.1,0.6,0.5
0.888,Propulsion,177.6,83.8,93.8,0.888,Vol,1.2,0.5,0.7
0.892,Propulsion,176.6,83.4,93.2,0.892,Vol,0.9,0.3,0.6
0.896,Propulsion,175.3,82.9,92.3,0.896,Vol,0.5,0.2,0.4
0.9,Propulsion,173.5,82.1,91.4,0.9,Vol,0.4,0.1,0.3
0.904,Propulsion,171.4,81.2,90.2,0.904,Vol,0.7,0.3,0.4
0.908,Propulsion,168.7,80.2,88.5,0.908,Vol,1.0,0.6,0.4
0.912,Propulsion,165.6,78.9,86.7,0.912,Vol,0.8,0.6,0.3
0.916,Propulsion,162.2,77.4,84.8,0.916,Vol,0.6,0.4,0.2
0.92,Propulsion,158.2,75.8,82.3,0.92,Vol,0.4,0.2,0.2
0.924,Propulsion,153.4,73.7,79.7,0.924,Vol,0.5,0.2,0.3
0.928,Propulsion,147.9,70.8,77.1,0.928,Vol,0.6,0.3,0.3
0.932,Propulsion,141.7,67.7,74.1,0.932,Vol,0.7,0.5,0.2
0.936,Propulsion,134.3,64.1,70.2,0.936,Vol,0.6,0.5,0.2
0.94,Propulsion,125.7,59.4,66.3,0.94,Vol,0.5,0.3,0.2
0.944,Propulsion,116.6,54.6,62.0,0.944,Vol,0.5,0.2,0.3
0.948,Propulsion,106.4,49.7,56.7,0.948,Vol,0.4,0.2,0.3
0.952,Propulsion,95.4,43.9,51.5,0.952,Vol,0.4,0.2,0.2
0.956,Propulsion,84.4,38.3,46.2,0.956,Vol,0.5,0.4,0.2
0.96,Propulsion,73.3,33.4,39.9,0.96,Vol,0.6,0.4,0.2
0.964,Propulsion,61.4,27.8,33.5,0.964,Vol,0.5,0.3,0.3
0.968,Propulsion,47.0,20.6,26.4,0.968,Vol,0.5,0.1,0.3
0.972,Propulsion,30.5,12.9,17.6,0.972,Vol,0.5,0.2,0.3
0.976,Propulsion,14.9,6.0,8.9,0.976,Vol,0.6,0.3,0.3
0.98,Vol,2.6,0.1,2.5,0.98,Vol,0.6,0.4,0.2
0.984,Vol,-4.3,-3.0,-1.3,0.984,Vol,0.6,0.4,0.2
0.988,Vol,-4.8,-2.7,-2.0,0.988,Vol,0.5,0.4,0.1
0.992,Vol,-1.1,-0.7,-0.4,0.992,Vol,0.4,0.4,0.1
0.996,Vol,2.7,1.4,1.3,0.996,Vol,0.4,0.3,0.1
1,Vol,3.5,2.2,1.3,1,Vol,0.4,0.2,0.2
1.004,Vol,1.9,1.8,0.1,1.004,Vol,0.5,0.2,0.4
1.008,Vol,0.0,0.5,-0.5,1.008,Vol,0.5,0.1,0.4
1.012,Vol,-0.4,-0.5,0.1,1.012,Vol,0.3,-0.0,0.3
1.016,Vol,0.4,-0.5,1.0,1.016,Vol,0.3,0.1,0.2
1.02,Vol,1.3,0.2,1.1,1.02,Vol,0.4,0.1,0.2
1.024,Vol,1.5,0.9,0.6,1.024,Vol,0.4,0.1,0.3
1.028,Vol,1.2,1.2,0.1,1.028,Vol,0.4,0.1,0.3
1.032,Vol,0.8,0.7,0.1,1.032,Vol,0.5,0.2,0.3
1.036,Vol,0.6,0.1,0.5,1.036,Vol,0.4,0.2,0.3
1.04,Vol,0.1,-0.3,0.4,1.04,Vol,0.4,0.2,0.2
1.044,Vol,-0.2,-0.2,0.1,1.044,Vol,0.5,0.2,0.3
1.048,Vol,0.3,0.3,-0.0,1.048,Vol,0.5,0.2,0.3
1.052,Vol,1.1,0.9,0.3,1.052,Vol,0.6,0.2,0.4
1.056,Vol,1.5,1.0,0.6,1.056,Vol,0.7,0.3,0.3
1.06,Vol,1.2,0.6,0.6,1.06,Vol,0.7,0.4,0.3
1.064,Vol,0.6,0.1,0.5,1.064,Vol,0.7,0.3,0.3
1.068,Vol,0.2,-0.0,0.2,1.068,Vol,0.6,0.2,0.4
1.072,Vol,0.5,0.2,0.2,1.072,Vol,0.6,0.2,0.4
1.076,Vol,0.9,0.6,0.3,1.076,Vol,0.6,0.2,0.5
1.08,Vol,0.9,0.7,0.2,1.08,Vol,0.7,0.2,0.5
1.084,Vol,0.7,0.5,0.1,1.084,Vol,0.6,0.2,0.4
1.088,Vol,0.5,0.3,0.2,1.088,Vol,0.4,0.2,0.3
1.092,Vol,0.6,0.2,0.4,1.092,Vol,0.4,0.2,0.2
1.096,Vol,0.7,0.2,0.5,1.096,Vol,0.4,0.2,0.2
1.1,Vol,0.8,0.4,0.4,1.1,Vol,0.5,0.1,0.3
1.104,Vol,0.8,0.5,0.3,1.104,Vol,0.4,0.1,0.3
1.108,Vol,0.7,0.4,0.2,1.108,Vol,0.3,0.1,0.2
1.112,Vol,0.6,0.3,0.3,1.112,Vol,0.4,0.1,0.2
1.116,Vol,0.5,0.1,0.4,1.116,Vol,0.5,0.3,0.3
1.12,Vol,0.6,0.2,0.4,1.12,Vol,0.6,0.3,0.3
1.124,Vol,0.6,0.3,0.3,1.124,Vol,0.5,0.2,0.2
1.128,Vol,0.7,0.4,0.3,1.128,Vol,0.3,0.1,0.2
1.132,Vol,0.6,0.4,0.2,1.132,Vol,0.3,0.1,0.2
1.136,Vol,0.4,0.2,0.2,1.136,Vol,0.3,0.1,0.2
1.14,Vol,0.3,0.1,0.1,1.14,Vol,0.3,0.1,0.2
1.144,Vol,0.3,0.1,0.1,1.144,Vol,0.3,0.1,0.2
1.148,Vol,0.4,0.2,0.2,1.148,Vol,0.4,0.2,0.2
1.152,Vol,0.5,0.3,0.2,1.152,Vol,0.4,0.3,0.2
1.156,Vol,0.5,0.3,0.2,1.156,Vol,0.3,0.2,0.2
1.16,Vol,0.5,0.3,0.3,1.16,Vol,0.3,0.1,0.2
1.164,Vol,0.7,0.3,0.4,1.164,Vol,0.2,0.1,0.2
1.168,Vol,0.8,0.4,0.5,1.168,Vol,0.3,0.1,0.2
1.172,Vol,1.0,0.5,0.5,1.172,Vol,0.3,0.1,0.2
1.176,Vol,0.9,0.5,0.4,1.176,Vol,0.2,0.0,0.2
1.18,Vol,0.7,0.4,0.3,1.18,Vol,0.1,0.0,0.1
1.184,Vol,0.5,0.2,0.2,1.184,Vol,0.2,0.1,0.1
1.188,Vol,0.5,0.2,0.2,1.188,Vol,0.2,0.2,0.1
1.192,Vol,0.6,0.3,0.3,1.192,Vol,0.3,0.2,0.1
1.196,Vol,0.6,0.3,0.3,1.196,Vol,0.2,0.2,0.1
1.2,Vol,0.6,0.3,0.3,1.2,Vol,0.2,0.2,0.1
1.204,Vol,0.5,0.2,0.3,1.204,Vol,0.4,0.2,0.2
1.208,Vol,0.5,0.2,0.3,1.208,Vol,0.5,0.2,0.3
1.212,Vol,0.4,0.2,0.2,1.212,Vol,0.4,0.2,0.2
1.216,Vol,0.4,0.2,0.2,1.216,Vol,0.3,0.2,0.2
1.22,Vol,0.3,0.3,0.0,1.22,Vol,0.4,0.2,0.2
1.224,Vol,0.3,0.3,0.0,1.224,Vol,0.4,0.2,0.2
1.228,Vol,0.3,0.3,0.1,1.228,Vol,0.4,0.2,0.2
1.232,Vol,0.3,0.3,0.0,1.232,Vol,0.3,0.2,0.2
1.236,Vol,0.3,0.2,0.0,1.236,Vol,0.3,0.2,0.1
1.24,Vol,0.4,0.3,0.1,1.24,Vol,0.3,0.2,0.1
1.244,Vol,0.5,0.3,0.2,1.244,Vol,0.3,0.2,0.2
1.248,Vol,0.6,0.3,0.2,1.248,Vol,0.4,0.2,0.2
1.252,Vol,0.6,0.4,0.2,1.252,Vol,0.6,0.3,0.3
1.256,Vol,0.6,0.4,0.2,1.256,Vol,0.6,0.3,0.3
1.26,Vol,0.6,0.4,0.2,1.26,Vol,0.6,0.3,0.3
1.264,Vol,0.5,0.3,0.2,1.264,Vol,0.5,0.3,0.2
1.268,Vol,0.5,0.3,0.3,1.268,Vol,0.4,0.2,0.2
1.272,Vol,0.5,0.2,0.2,1.272,Vol,0.3,0.2,0.1
1.276,Vol,0.3,0.2,0.1,1.276,Vol,0.4,0.2,0.2
1.28,Vol,0.2,0.1,0.1,1.28,Vol,0.4,0.2,0.3
1.284,Vol,0.2,0.1,0.1,1.284,Vol,0.3,0.2,0.2
1.288,Vol,0.2,0.1,0.1,1.288,Vol,0.2,0.1,0.1
1.292,Vol,0.2,0.1,0.1,1.292,Vol,0.2,0.1,0.0
1.296,Vol,0.3,0.1,0.2,1.296,Vol,0.2,0.2,0.0
1.3,Vol,0.5,0.2,0.2,1.3,Vol,0.3,0.2,0.1
1.304,Vol,0.5,0.3,0.2,1.304,Vol,0.4,0.1,0.3
1.308,Vol,0.6,0.4,0.2,1.308,Vol,0.4,0.1,0.3
1.312,Vol,0.5,0.4,0.2,1.312,Vol,0.4,0.1,0.3
1.316,Vol,0.5,0.3,0.1,1.316,Vol,0.4,0.1,0.3
1.32,Vol,0.4,0.2,0.2,1.32,Vol,0.3,0.1,0.2
1.324,Vol,0.3,0.1,0.2,1.324,Vol,0.2,0.1,0.1
1.328,Vol,0.3,0.1,0.2,1.328,Vol,0.2,0.1,0.1
1.332,Vol,0.2,0.1,0.2,1.332,Vol,0.2,0.0,0.1
1.336,Vol,0.3,0.1,0.2,1.336,Vol,0.3,0.1,0.3
1.34,Vol,0.3,0.1,0.2,1.34,Vol,0.5,0.2,0.3
1.344,Vol,0.4,0.1,0.3,1.344,Vol,0.6,0.3,0.3
1.348,Vol,0.4,0.1,0.3,1.348,Vol,0.4,0.2,0.2
1.352,Vol,0.4,0.1,0.3,1.352,Vol,0.3,0.1,0.2
1.356,Vol,0.4,0.2,0.2,1.356,Vol,0.3,0.1,0.2
1.36,Vol,0.5,0.3,0.2,1.36,Vol,0.4,0.2,0.2
1.364,Vol,0.7,0.4,0.3,1.364,Vol,0.5,0.2,0.2
1.368,Vol,0.6,0.3,0.3,1.368,Vol,0.4,0.2,0.2
1.372,Vol,0.4,0.2,0.1,1.372,Vol,0.3,0.2,0.1
1.376,Vol,0.2,0.2,0.0,1.376,Vol,0.3,0.2,0.1
1.38,Vol,0.3,0.3,0.0,1.38,Atterrissage,0.2,0.1,0.1
1.384,Vol,0.4,0.3,0.1,1.384,Atterrissage,5.8,-0.0,5.9
1.388,Vol,0.4,0.2,0.2,1.388,Atterrissage,28.1,-0.2,28.3
1.392,Vol,0.4,0.2,0.2,1.392,Atterrissage,69.8,2.6,67.2
1.396,Vol,0.5,0.2,0.3,1.396,Atterrissage,120.3,15.2,105.1
1.4,Vol,0.5,0.2,0.3,1.4,Atterrissage,149.8,42.0,107.8
1.404,Vol,0.6,0.3,0.2,1.404,Atterrissage,136.7,72.2,64.5
1.408,Vol,0.5,0.3,0.2,1.408,Atterrissage,98.7,79.8,18.9
1.412,Vol,0.4,0.3,0.2,1.412,Atterrissage,67.8,54.4,13.4
1.416,Vol,0.4,0.3,0.1,1.416,Atterrissage,63.6,22.8,40.8
1.42,Vol,0.3,0.3,0.0,1.42,Atterrissage,80.7,15.7,65.1
1.424,Vol,0.3,0.3,0.0,1.424,Atterrissage,105.9,32.2,73.7
1.428,Vol,0.3,0.2,0.1,1.428,Atterrissage,134.4,51.8,82.6
1.432,Vol,0.3,0.2,0.2,1.432,Atterrissage,157.0,61.1,95.9
1.436,Vol,0.4,0.2,0.2,1.436,Atterrissage,169.5,64.5,105.0
1.44,Vol,0.4,0.2,0.2,1.44,Atterrissage,189.9,73.6,116.4
1.444,Vol,0.3,0.2,0.1,1.444,Atterrissage,239.6,92.5,147.1
1.448,Vol,0.2,0.2,0.0,1.448,Atterrissage,308.3,118.0,190.4
1.452,Vol,0.3,0.3,-0.0,1.452,Atterrissage,360.3,143.3,216.9
1.456,Vol,0.4,0.4,-0.0,1.456,Atterrissage,371.7,161.7,210.1
1.46,Vol,0.4,0.3,0.1,1.46,Atterrissage,351.0,167.0,184.0
1.464,Vol,0.4,0.3,0.1,1.464,Atterrissage,314.5,159.0,155.4
1.468,Vol,0.3,0.2,0.1,1.468,Atterrissage,272.5,144.9,127.6
1.472,Vol,0.3,0.3,0.0,1.472,Atterrissage,234.5,128.7,105.8
1.476,Vol,0.3,0.3,0.0,1.476,Atterrissage,204.6,110.6,94.0
1.48,Vol,0.3,0.3,0.1,1.48,Atterrissage,183.5,94.2,89.3
1.484,Vol,0.3,0.3,0.0,1.484,Atterrissage,168.3,82.4,86.0
1.488,Vol,0.2,0.2,0.0,1.488,Atterrissage,155.2,74.3,80.9
1.492,Vol,0.3,0.2,0.0,1.492,Atterrissage,144.5,68.9,75.6
1.496,Vol,0.3,0.3,-0.0,1.496,Atterrissage,137.6,64.9,72.8
1.5,Vol,0.3,0.3,-0.1,1.5,Atterrissage,134.4,61.5,72.9
1.504,Vol,0.2,0.3,-0.1,1.504,Atterrissage,133.0,59.4,73.6
1.508,Vol,0.2,0.3,-0.0,1.508,Atterrissage,131.3,58.3,73.1
1.512,Vol,0.3,0.2,0.1,1.512,Atterrissage,128.7,56.8,71.9
1.516,Vol,0.4,0.2,0.2,1.516,Atterrissage,125.4,54.4,71.1
1.52,Vol,0.5,0.3,0.2,1.52,Atterrissage,122.5,52.0,70.4
1.524,Vol,0.5,0.3,0.2,1.524,Atterrissage,120.4,50.3,70.1
1.528,Vol,0.5,0.3,0.2,1.528,Atterrissage,119.4,48.7,70.6
1.532,Vol,0.4,0.3,0.2,1.532,Atterrissage,119.7,47.6,72.0
1.536,Vol,0.4,0.1,0.2,1.536,Atterrissage,120.9,47.1,73.8
1.54,Atterrissage,1.7,0.0,1.6,1.54,Atterrissage,122.3,46.9,75.4
1.544,Atterrissage,17.6,1.0,16.6,1.544,Atterrissage,123.8,46.8,77.0
1.548,Atterrissage,68.0,12.5,55.6,1.548,Atterrissage,126.0,46.7,79.3
1.552,Atterrissage,141.9,43.0,98.9,1.552,Atterrissage,128.3,46.7,81.6
1.556,Atterrissage,186.1,78.0,108.0,1.556,Atterrissage,130.3,46.8,83.5
1.56,Atterrissage,166.4,92.8,73.6,1.56,Atterrissage,132.3,47.0,85.3
1.564,Atterrissage,110.4,74.6,35.8,1.564,Atterrissage,134.7,47.6,87.1
1.568,Atterrissage,71.4,38.2,33.1,1.568,Atterrissage,137.2,48.6,88.6
1.572,Atterrissage,75.1,17.4,57.6,1.572,Atterrissage,139.5,49.9,89.6
1.576,Atterrissage,101.6,24.1,77.5,1.576,Atterrissage,141.6,51.1,90.4
1.58,Atterrissage,124.3,41.4,82.9,1.58,Atterrissage,143.4,52.4,91.1
1.584,Atterrissage,142.3,52.4,89.9,1.584,Atterrissage,144.5,53.4,91.1
1.588,Atterrissage,165.2,60.2,105.0,1.588,Atterrissage,144.8,54.0,90.7
1.592,Atterrissage,189.9,73.7,116.3,1.592,Atterrissage,144.8,54.5,90.2
1.596,Atterrissage,209.4,86.8,122.7,1.596,Atterrissage,144.9,55.0,89.9
1.6,Atterrissage,229.9,92.9,137.0,1.6,Atterrissage,145.0,55.5,89.5
1.604,Atterrissage,262.5,102.3,160.2,1.604,Atterrissage,144.7,55.8,88.9
1.608,Atterrissage,304.4,126.0,178.5,1.608,Atterrissage,144.3,56.1,88.2
1.612,Atterrissage,333.1,153.8,179.3,1.612,Atterrissage,143.8,56.3,87.5
1.616,Atterrissage,332.7,168.2,164.5,1.616,Atterrissage,143.0,56.3,86.6
1.62,Atterrissage,309.3,164.4,144.9,1.62,Atterrissage,142.0,56.1,85.9
1.624,Atterrissage,276.4,150.3,126.0,1.624,Atterrissage,141.1,55.9,85.3
1.628,Atterrissage,241.2,132.2,109.0,1.628,Atterrissage,140.5,55.8,84.7
1.632,Atterrissage,208.1,111.2,96.9,1.632,Atterrissage,140.1,55.9,84.2
1.636,Atterrissage,182.8,92.8,90.0,1.636,Atterrissage,140.0,56.0,84.0
1.64,Atterrissage,165.8,81.2,84.5,1.64,Atterrissage,139.9,56.1,83.8
1.644,Atterrissage,154.4,74.8,79.6,1.644,Atterrissage,140.1,56.3,83.8
1.648,Atterrissage,146.7,70.5,76.2,1.648,Atterrissage,140.5,56.5,84.0
1.652,Atterrissage,141.9,67.1,74.8,1.652,Atterrissage,140.9,56.7,84.2
1.656,Atterrissage,139.0,64.4,74.7,1.656,Atterrissage,141.2,56.8,84.4
1.66,Atterrissage,136.8,62.1,74.7,1.66,Atterrissage,141.5,56.9,84.6
1.664,Atterrissage,134.9,60.5,74.4,1.664,Atterrissage,142.0,57.1,84.9
1.668,Atterrissage,133.4,59.5,73.9,1.668,Atterrissage,142.6,57.4,85.2
1.672,Atterrissage,131.9,58.3,73.5,1.672,Atterrissage,143.3,57.8,85.5
1.676,Atterrissage,130.6,57.2,73.4,1.676,Atterrissage,143.8,58.4,85.4
1.68,Atterrissage,129.8,56.5,73.3,1.68,Atterrissage,144.0,58.9,85.1
1.684,Atterrissage,129.1,55.6,73.4,1.684,Atterrissage,143.9,59.4,84.5
1.688,Atterrissage,128.3,54.6,73.7,1.688,Atterrissage,143.9,60.0,83.8
1.692,Atterrissage,127.7,53.6,74.1,1.692,Atterrissage,143.7,60.6,83.0
1.696,Atterrissage,127.4,52.9,74.5,1.696,Atterrissage,143.3,61.2,82.1
1.7,Atterrissage,127.5,52.3,75.2,1.7,Atterrissage,142.9,61.8,81.1
1.704,Atterrissage,128.0,51.7,76.3,1.704,Atterrissage,142.3,62.4,79.9
1.708,Atterrissage,128.8,51.1,77.7,1.708,Atterrissage,141.2,62.7,78.5
1.712,Atterrissage,129.2,50.4,78.8,1.712,Atterrissage,140.0,62.9,77.1
1.716,Atterrissage,129.6,49.8,79.8,1.716,Atterrissage,139.2,63.1,76.1
1.72,Atterrissage,130.2,49.5,80.8,1.72,Atterrissage,138.6,63.4,75.2
1.724,Atterrissage,131.2,49.4,81.7,1.724,Atterrissage,137.6,63.5,74.1
1.728,Atterrissage,132.4,49.7,82.7,1.728,Atterrissage,136.4,63.4,73.0
1.732,Atterrissage,133.7,49.9,83.7,1.732,Atterrissage,135.1,63.2,71.9
1.736,Atterrissage,134.6,50.1,84.5,1.736,Atterrissage,133.5,62.9,70.6
1.74,Atterrissage,135.1,50.2,85.0,1.74,Atterrissage,131.8,62.5,69.4
1.744,Atterrissage,135.6,50.3,85.3,1.744,Atterrissage,130.3,62.1,68.2
1.748,Atterrissage,136.2,50.5,85.7,1.748,Atterrissage,128.8,61.8,67.0
1.752,Atterrissage,136.8,50.7,86.1,1.752,Atterrissage,127.3,61.4,65.8
1.756,Atterrissage,137.0,50.8,86.2,1.756,Atterrissage,125.7,61.0,64.7
1.76,Atterrissage,136.7,50.9,85.8,1.76,Atterrissage,124.0,60.5,63.5
1.764,Atterrissage,136.2,50.9,85.2,1.764,Atterrissage,121.9,60.0,61.9
1.768,Atterrissage,135.5,50.9,84.6,1.768,Atterrissage,119.7,59.4,60.3
1.772,Atterrissage,134.6,50.9,83.8,1.772,Atterrissage,117.7,58.8,58.9
1.776,Atterrissage,133.9,50.8,83.1,1.776,Atterrissage,115.8,58.4,57.3
1.78,Atterrissage,133.3,50.8,82.5,1.78,Atterrissage,113.8,58.0,55.9
1.784,Atterrissage,132.7,50.8,81.9,1.784,Atterrissage,111.9,57.5,54.4
1.788,Atterrissage,132.0,50.8,81.2,1.788,Atterrissage,109.7,57.1,52.6
1.792,Atterrissage,131.5,50.9,80.6,1.792,Atterrissage,107.5,56.6,50.8
1.796,Atterrissage,131.2,51.0,80.1,1.796,Atterrissage,105.5,56.2,49.3
1.8,Atterrissage,130.8,51.2,79.6,1.8,Atterrissage,103.5,55.7,47.8
1.804,Atterrissage,130.5,51.3,79.2,1.804,Atterrissage,101.2,55.4,45.8
1.808,Atterrissage,130.3,51.3,78.9,1.808,Atterrissage,99.0,55.0,44.0
1.812,Atterrissage,130.0,51.4,78.6,1.812,Atterrissage,96.9,54.7,42.3
1.816,Atterrissage,129.6,51.4,78.2,1.816,Atterrissage,94.5,54.2,40.4
1.82,Atterrissage,129.2,51.3,77.9,1.82,Atterrissage,92.1,53.6,38.5
1.824,Atterrissage,128.8,51.1,77.7,1.824,Atterrissage,89.6,52.9,36.7
1.828,Atterrissage,128.3,50.8,77.4,1.828,Atterrissage,87.0,52.4,34.6
1.832,Atterrissage,127.6,50.6,77.1,1.832,Atterrissage,84.5,51.8,32.8
1.836,Atterrissage,127.0,50.3,76.7,1.836,Atterrissage,82.0,51.0,31.0
1.84,Atterrissage,126.4,50.1,76.3,1.84,Atterrissage,79.2,50.2,29.0
1.844,Atterrissage,125.7,49.8,75.9,1.844,Atterrissage,76.4,49.2,27.2
1.848,Atterrissage,125.0,49.7,75.3,1.848,Atterrissage,73.6,48.0,25.6
1.852,Atterrissage,124.3,49.6,74.7,1.852,Atterrissage,70.9,46.8,24.0
1.856,Atterrissage,123.4,49.3,74.1,1.856,Atterrissage,68.0,45.7,22.3
1.86,Atterrissage,122.3,48.9,73.5,1.86,Atterrissage,65.2,44.5,20.7
1.864,Atterrissage,121.3,48.4,72.9,1.864,Atterrissage,62.6,43.3,19.3
1.868,Atterrissage,120.5,48.1,72.3,1.868,Atterrissage,60.2,42.5,17.8
1.872,Atterrissage,119.6,47.8,71.9,1.872,Atterrissage,58.0,41.5,16.4
1.876,Atterrissage,118.8,47.4,71.4,1.876,Atterrissage,55.6,40.3,15.3
1.88,Atterrissage,117.9,47.1,70.8,1.88,Atterrissage,53.2,39.1,14.1
1.884,Atterrissage,116.9,46.7,70.2,1.884,Atterrissage,50.9,37.9,13.0
1.888,Atterrissage,115.8,46.3,69.5,1.888,Atterrissage,48.7,36.7,12.1
1.892,Atterrissage,114.7,46.0,68.8,1.892,Atterrissage,46.9,35.5,11.4
1.896,Atterrissage,113.8,45.7,68.0,1.896,Atterrissage,44.9,34.4,10.6
1.9,Atterrissage,112.9,45.4,67.5,1.9,Atterrissage,42.9,33.1,9.8
1.904,Atterrissage,111.8,45.0,66.8,1.904,Atterrissage,41.0,31.8,9.2
1.908,Atterrissage,110.6,44.6,65.9,1.908,Atterrissage,39.4,30.8,8.6
1.912,Atterrissage,109.3,44.2,65.1,1.912,Atterrissage,38.1,29.9,8.2
1.916,Atterrissage,108.0,43.8,64.2,1.916,Atterrissage,36.7,28.9,7.8
1.92,Atterrissage,106.7,43.5,63.3,1.92,Atterrissage,35.3,27.8,7.5
1.924,Atterrissage,105.4,43.1,62.3,1.924,Atterrissage,34.1,26.9,7.2
1.928,Atterrissage,103.9,42.6,61.3,1.928,Atterrissage,33.2,26.0,7.2
1.932,Atterrissage,102.3,42.0,60.2,1.932,Atterrissage,32.4,25.2,7.1
1.936,Atterrissage,100.8,41.6,59.2,1.936,Atterrissage,31.6,24.7,7.0
1.94,Atterrissage,99.6,41.1,58.5,1.94,Atterrissage,31.0,24.2,6.8
1.944,Atterrissage,98.3,40.6,57.7,1.944,Atterrissage,30.6,23.8,6.8
1.948,Atterrissage,96.9,40.1,56.8,1.948,Atterrissage,30.1,23.4,6.7
1.952,Atterrissage,95.3,39.5,55.8,1.952,Atterrissage,29.5,22.8,6.7
1.956,Atterrissage,93.8,38.9,54.9,1.956,Atterrissage,29.0,22.4,6.6
1.96,Atterrissage,92.3,38.3,54.0,1.96,Atterrissage,28.4,21.8,6.6
1.964,Atterrissage,90.8,37.6,53.2,1.964,Atterrissage,27.8,21.3,6.6
1.968,Atterrissage,89.5,37.1,52.4,1.968,Atterrissage,27.2,20.7,6.5
1.972,Atterrissage,88.2,36.6,51.6,1.972,Atterrissage,26.6,20.3,6.3
1.976,Atterrissage,86.8,36.0,50.8,1.976,Atterrissage,26.1,19.9,6.2
1.98,Atterrissage,85.4,35.3,50.1,1.98,Atterrissage,25.7,19.6,6.1
1.984,Atterrissage,84.1,34.7,49.4,1.984,Atterrissage,25.4,19.2,6.2
1.988,Atterrissage,82.8,34.2,48.7,1.988,Atterrissage,25.2,18.8,6.3
1.992,Atterrissage,81.6,33.6,48.0,1.992,Atterrissage,25.0,18.4,6.6
1.996,Atterrissage,80.4,33.0,47.4,1.996,Atterrissage,25.0,18.2,6.8
2,Atterrissage,79.3,32.5,46.8,2,Atterrissage,25.0,18.1,7.0
2.004,Atterrissage,78.2,32.0,46.2,2.004,Atterrissage,25.1,17.9,7.1
2.008,Atterrissage,77.1,31.6,45.6,2.008,Atterrissage,24.9,17.7,7.3
2.012,Atterrissage,75.9,31.2,44.7,2.012,Atterrissage,24.6,17.3,7.3
2.016,Atterrissage,74.8,30.9,43.8,2.016,Atterrissage,24.4,17.0,7.4
2.02,Atterrissage,73.8,30.6,43.2,2.02,Atterrissage,24.4,16.9,7.5
2.024,Atterrissage,72.8,30.2,42.6,2.024,Atterrissage,24.4,16.8,7.6
2.028,Atterrissage,71.4,29.6,41.8,2.028,Atterrissage,24.4,16.6,7.8
2.032,Atterrissage,70.0,29.0,40.9,2.032,Atterrissage,24.4,16.4,8.0
2.036,Atterrissage,68.7,28.5,40.2,2.036,Atterrissage,24.6,16.3,8.3
2.04,Atterrissage,67.5,28.1,39.4,2.04,Atterrissage,25.0,16.3,8.7
2.044,Atterrissage,66.4,27.8,38.7,2.044,Atterrissage,25.4,16.2,9.1
2.048,Atterrissage,65.3,27.3,37.9,2.048,Atterrissage,25.6,16.2,9.4
2.052,Atterrissage,64.1,27.0,37.2,2.052,Atterrissage,25.9,16.2,9.7
2.056,Atterrissage,63.2,26.6,36.6,2.056,Atterrissage,26.5,16.4,10.1
2.06,Atterrissage,62.4,26.3,36.1,2.06,Atterrissage,27.2,16.8,10.5
2.064,Atterrissage,61.7,26.0,35.7,2.064,Atterrissage,28.2,17.3,10.9
2.068,Atterrissage,60.9,25.8,35.1,2.068,Atterrissage,29.2,17.8,11.4
2.072,Atterrissage,59.9,25.4,34.5,2.072,Atterrissage,30.3,18.4,11.9
2.076,Atterrissage,59.0,25.0,34.0,2.076,Atterrissage,31.6,19.2,12.5
2.08,Atterrissage,58.0,24.5,33.5,2.08,Atterrissage,33.0,20.0,13.0
2.084,Atterrissage,56.9,24.0,33.0,2.084,Atterrissage,34.4,20.9,13.6
2.088,Atterrissage,55.7,23.4,32.4,2.088,Atterrissage,35.9,21.9,14.0
2.092,Atterrissage,54.5,22.9,31.6,2.092,Atterrissage,37.4,23.0,14.4
2.096,Atterrissage,53.3,22.5,30.8,2.096,Atterrissage,39.0,24.0,15.1
2.1,Atterrissage,52.2,21.9,30.3,2.1,Atterrissage,41.0,25.2,15.8
2.104,Atterrissage,51.2,21.4,29.8,2.104,Atterrissage,43.0,26.5,16.6
2.108,Atterrissage,50.2,21.0,29.2,2.108,Atterrissage,45.3,27.7,17.5
2.112,Atterrissage,49.2,20.5,28.7,2.112,Atterrissage,47.5,29.0,18.5
2.116,Atterrissage,48.3,20.0,28.2,2.116,Atterrissage,49.8,30.4,19.4
2.12,Atterrissage,47.3,19.6,27.7,2.12,Atterrissage,52.2,31.7,20.5
2.124,Atterrissage,46.3,19.2,27.1,2.124,Atterrissage,54.6,33.0,21.7
2.128,Atterrissage,45.5,18.8,26.6,2.128,Atterrissage,57.2,34.5,22.7
2.132,Atterrissage,44.7,18.6,26.1,2.132,Atterrissage,59.9,36.2,23.8
2.136,Atterrissage,44.1,18.3,25.8,2.136,Atterrissage,63.0,37.9,25.1
2.14,Atterrissage,43.4,18.0,25.4,2.14,Atterrissage,66.3,39.9,26.4
2.144,Atterrissage,42.7,17.6,25.0,2.144,Atterrissage,69.5,41.9,27.6
2.148,Atterrissage,41.9,17.3,24.6,2.148,Atterrissage,72.3,43.5,28.8
2.152,Atterrissage,41.2,16.9,24.3,2.152,Atterrissage,75.2,45.2,30.0
2.156,Atterrissage,40.7,16.7,24.0,2.156,Atterrissage,78.5,47.3,31.3
2.16,Atterrissage,40.1,16.4,23.7,2.16,Atterrissage,81.8,49.2,32.6
2.164,Atterrissage,39.8,16.3,23.5,2.164,Atterrissage,84.8,51.0,33.8
2.168,Atterrissage,39.5,16.2,23.3,2.168,Atterrissage,87.7,52.8,34.8
2.172,Atterrissage,39.1,16.1,23.0,2.172,Atterrissage,90.4,54.6,35.8
2.176,Atterrissage,38.7,16.0,22.7,2.176,Atterrissage,93.1,56.0,37.1
2.18,Atterrissage,38.3,15.9,22.5,2.18,Atterrissage,95.9,57.5,38.3
2.184,Atterrissage,38.2,15.8,22.4,2.184,Atterrissage,98.4,58.9,39.5
2.188,Atterrissage,38.1,15.8,22.4,2.188,Atterrissage,100.5,59.8,40.6
2.192,Atterrissage,38.1,15.8,22.3,2.192,Atterrissage,102.3,60.7,41.7
2.196,Atterrissage,38.1,15.8,22.3,2.196,Atterrissage,104.2,61.5,42.7
2.2,Atterrissage,38.3,15.9,22.4,2.2,Atterrissage,105.9,62.3,43.6
2.204,Atterrissage,38.4,15.9,22.4,2.204,Atterrissage,107.1,62.9,44.3
2.208,Atterrissage,38.5,16.0,22.5,2.208,Atterrissage,108.1,63.3,44.8
2.212,Atterrissage,38.9,16.1,22.8,2.212,Atterrissage,108.9,63.6,45.3
2.216,Atterrissage,39.2,16.1,23.1,2.216,Atterrissage,109.6,63.7,45.9
2.22,Atterrissage,39.8,16.3,23.5,2.22,Atterrissage,110.0,63.7,46.3
2.224,Atterrissage,40.5,16.6,23.9,2.224,Atterrissage,110.2,63.7,46.5
2.228,Atterrissage,41.2,16.9,24.3,2.228,Atterrissage,110.1,63.5,46.5
2.232,Atterrissage,41.7,17.2,24.5,2.232,Atterrissage,109.6,63.2,46.4
2.236,Atterrissage,42.2,17.5,24.7,2.236,Atterrissage,108.8,62.7,46.1
2.24,Atterrissage,42.9,17.9,25.0,2.24,Atterrissage,107.9,62.2,45.8
2.244,Atterrissage,43.9,18.5,25.4,2.244,Atterrissage,106.9,61.4,45.5
2.248,Atterrissage,44.8,19.0,25.8,2.248,Atterrissage,105.7,60.5,45.2
2.252,Atterrissage,45.6,19.4,26.2,2.252,Atterrissage,104.3,59.5,44.9
2.256,Atterrissage,46.3,19.8,26.5,2.256,Atterrissage,102.7,58.4,44.3
2.26,Atterrissage,46.9,20.2,26.7,2.26,Atterrissage,100.7,57.2,43.5
2.264,Atterrissage,47.6,20.6,27.1,2.264,Atterrissage,98.6,55.9,42.8
2.268,Atterrissage,48.7,21.1,27.6,2.268,Atterrissage,96.5,54.6,41.9
2.272,Atterrissage,50.0,21.9,28.1,2.272,Atterrissage,94.3,53.3,41.0
2.276,Atterrissage,51.3,22.7,28.6,2.276,Atterrissage,91.9,51.7,40.2
2.28,Atterrissage,52.4,23.3,29.1,2.28,Atterrissage,89.4,50.1,39.3
2.284,Atterrissage,53.7,24.0,29.7,2.284,Atterrissage,87.0,48.7,38.3
2.288,Atterrissage,55.2,24.9,30.4,2.288,Atterrissage,84.5,47.2,37.3
2.292,Atterrissage,56.8,25.6,31.2,2.292,Atterrissage,82.2,45.9,36.3
2.296,Atterrissage,58.3,26.4,31.9,2.296,Atterrissage,79.8,44.7,35.2
2.3,Atterrissage,59.9,27.3,32.6,2.3,Atterrissage,77.4,43.3,34.1
2.304,Atterrissage,61.6,28.2,33.4,2.304,Atterrissage,75.2,42.0,33.1
2.308,Atterrissage,63.1,29.0,34.1,2.308,Atterrissage,73.2,41.0,32.2
2.312,Atterrissage,64.3,29.7,34.7,2.312,Atterrissage,71.3,40.0,31.2
2.316,Atterrissage,65.4,30.3,35.1,2.316,Atterrissage,69.1,38.8,30.3
2.32,Atterrissage,66.7,31.0,35.7,2.32,Atterrissage,67.0,37.7,29.3
2.324,Atterrissage,68.1,31.8,36.3,2.324,Atterrissage,65.3,36.7,28.6
2.328,Atterrissage,69.2,32.7,36.6,2.328,Atterrissage,63.8,35.8,28.0
2.332,Atterrissage,70.0,33.3,36.7,2.332,Atterrissage,62.4,34.9,27.5
2.336,Atterrissage,70.7,33.9,36.7,2.336,Atterrissage,60.9,34.1,26.8
2.34,Atterrissage,71.4,34.6,36.8,2.34,Atterrissage,59.4,33.3,26.1
2.344,Atterrissage,72.1,35.1,37.0,2.344,Atterrissage,58.3,32.8,25.6
2.348,Atterrissage,73.0,35.7,37.3,2.348,Atterrissage,57.6,32.5,25.2
2.352,Atterrissage,74.0,36.3,37.7,2.352,Atterrissage,57.0,32.2,24.8
2.356,Atterrissage,75.2,37.0,38.2,2.356,Atterrissage,56.4,31.9,24.5
2.36,Atterrissage,76.4,37.6,38.8,2.36,Atterrissage,56.0,31.7,24.3
2.364,Atterrissage,77.5,38.2,39.4,2.364,Atterrissage,55.7,31.5,24.2
2.368,Atterrissage,78.6,38.7,39.9,2.368,Atterrissage,55.3,31.3,24.0
2.372,Atterrissage,79.7,39.0,40.6,2.372,Atterrissage,54.9,31.1,23.8
2.376,Atterrissage,80.7,39.4,41.3,2.376,Atterrissage,54.7,31.1,23.6
2.38,Atterrissage,81.7,39.9,41.8,2.38,Atterrissage,54.6,31.1,23.4
2.384,Atterrissage,82.6,40.2,42.4,2.384,Atterrissage,54.5,31.2,23.4
2.388,Atterrissage,83.3,40.5,42.8,2.388,Atterrissage,54.6,31.2,23.4
2.392,Atterrissage,83.7,40.7,43.0,2.392,Atterrissage,54.8,31.4,23.4
2.396,Atterrissage,83.9,40.7,43.2,2.396,Atterrissage,55.1,31.7,23.4
2.4,Atterrissage,83.8,40.6,43.2,2.4,Atterrissage,55.3,31.9,23.4
2.404,Atterrissage,83.6,40.4,43.2,2.404,Atterrissage,55.4,32.0,23.4
2.408,Atterrissage,83.5,40.3,43.1,2.408,Atterrissage,55.7,32.2,23.5
2.412,Atterrissage,83.3,40.3,43.0,2.412,Atterrissage,56.0,32.4,23.6
2.416,Atterrissage,83.2,40.2,43.0,2.416,Atterrissage,56.3,32.7,23.6
2.42,Atterrissage,82.9,40.1,42.8,2.42,Atterrissage,56.8,33.1,23.7
2.424,Atterrissage,82.5,39.9,42.5,2.424,Atterrissage,57.5,33.7,23.8
2.428,Atterrissage,82.0,39.8,42.2,2.428,Atterrissage,58.2,34.2,24.0
2.432,Atterrissage,81.6,39.6,42.0,2.432,Atterrissage,58.9,34.6,24.3
2.436,Atterrissage,81.0,39.4,41.6,2.436,Atterrissage,59.6,35.1,24.5
2.44,Atterrissage,80.1,39.2,40.9,2.44,Atterrissage,60.5,35.6,24.9
2.444,Atterrissage,79.2,39.0,40.2,2.444,Atterrissage,61.6,36.3,25.3
2.448,Atterrissage,78.4,38.8,39.6,2.448,Atterrissage,62.7,37.0,25.7
2.452,Atterrissage,77.6,38.6,39.0,2.452,Atterrissage,63.8,37.6,26.2
2.456,Atterrissage,76.8,38.5,38.4,2.456,Atterrissage,64.9,38.1,26.8
2.46,Atterrissage,75.8,38.1,37.7,2.46,Atterrissage,66.2,38.8,27.4
2.464,Atterrissage,74.7,37.8,37.0,2.464,Atterrissage,67.5,39.6,27.8
2.468,Atterrissage,73.6,37.3,36.3,2.468,Atterrissage,68.7,40.4,28.2
2.472,Atterrissage,72.5,36.7,35.8,2.472,Atterrissage,69.8,41.2,28.6
2.476,Atterrissage,71.7,36.2,35.5,2.476,Atterrissage,71.2,42.1,29.1
2.48,Atterrissage,71.2,35.9,35.4,2.48,Atterrissage,72.5,43.0,29.5
2.484,Atterrissage,70.7,35.5,35.2,2.484,Atterrissage,73.8,43.9,29.9
2.488,Atterrissage,70.1,35.0,35.1,2.488,Atterrissage,75.1,44.9,30.2
2.492,Atterrissage,69.5,34.5,34.9,2.492,Atterrissage,76.4,45.9,30.4
2.496,Atterrissage,69.0,34.2,34.8,2.496,Atterrissage,77.5,46.9,30.6
2.5,Atterrissage,68.5,33.9,34.7,2.5,Atterrissage,78.7,47.9,30.8
2.504,Atterrissage,68.2,33.6,34.6,2.504,Atterrissage,79.8,49.0,30.8
2.508,Atterrissage,67.9,33.4,34.5,2.508,Atterrissage,80.4,49.9,30.5
2.512,Atterrissage,67.5,33.1,34.4,2.512,Atterrissage,81.0,50.8,30.2
2.516,Atterrissage,67.0,32.7,34.4,2.516,Atterrissage,81.5,51.8,29.7
2.52,Atterrissage,66.5,32.3,34.2,2.52,Atterrissage,81.9,52.8,29.0
2.524,Atterrissage,66.0,32.0,34.0,2.524,Atterrissage,82.1,53.9,28.2
2.528,Atterrissage,65.6,31.7,33.9,2.528,Atterrissage,82.5,55.1,27.4
2.532,Atterrissage,65.4,31.5,33.9,2.532,Atterrissage,82.5,56.0,26.5
2.536,Atterrissage,65.6,31.6,34.0,2.536,Atterrissage,82.3,57.0,25.3
2.54,Atterrissage,65.9,31.8,34.1,2.54,Atterrissage,82.3,58.1,24.3
2.544,Atterrissage,66.3,32.0,34.3,2.544,Atterrissage,82.4,59.2,23.3
2.548,Atterrissage,66.8,32.4,34.4,2.548,Atterrissage,82.0,60.1,21.9
2.552,Atterrissage,67.5,33.0,34.5,2.552,Atterrissage,81.5,61.1,20.4
2.556,Atterrissage,68.1,33.5,34.6,2.556,Atterrissage,81.1,62.1,19.0
2.56,Atterrissage,68.7,34.0,34.7,2.56,Atterrissage,80.5,63.0,17.5
2.564,Atterrissage,69.3,34.5,34.9,2.564,Atterrissage,79.9,63.8,16.1
2.568,Atterrissage,70.0,34.9,35.0,2.568,Atterrissage,79.6,64.7,14.9
2.572,Atterrissage,70.6,35.3,35.3,2.572,Atterrissage,79.1,65.5,13.5
2.576,Atterrissage,71.2,35.7,35.5,2.576,Atterrissage,78.2,66.3,11.9
2.58,Atterrissage,71.8,36.2,35.6,2.58,Atterrissage,77.4,67.1,10.4
2.584,Atterrissage,72.5,36.6,35.9,2.584,Atterrissage,76.8,67.9,8.9
2.588,Atterrissage,73.2,36.9,36.3,2.588,Atterrissage,76.1,68.7,7.4
2.592,Atterrissage,73.8,37.3,36.5,2.592,Atterrissage,75.4,69.4,6.0
2.596,Atterrissage,74.3,37.6,36.8,2.596,Atterrissage,74.9,70.0,4.9
2.6,Atterrissage,74.9,37.9,37.1,2.6,Atterrissage,74.2,70.4,3.8
2.604,Atterrissage,75.6,38.1,37.5,2.604,Atterrissage,73.6,70.8,2.9
2.608,Atterrissage,76.3,38.3,37.9,2.608,Atterrissage,73.3,71.3,2.0
2.612,Atterrissage,76.8,38.4,38.4,2.612,Atterrissage,73.0,72.0,1.0
2.616,Atterrissage,77.2,38.5,38.8,2.616,Atterrissage,72.6,72.5,0.1
2.62,Atterrissage,77.8,38.5,39.2,2.62,Atterrissage,72.6,72.8,-0.2
2.624,Atterrissage,78.5,38.6,39.9,2.624,Atterrissage,73.1,73.1,0.0
2.628,Atterrissage,79.3,38.9,40.4,2.628,Atterrissage,73.8,73.3,0.5
2.632,Atterrissage,80.2,39.4,40.8,2.632,Atterrissage,74.1,73.5,0.6
2.636,Atterrissage,81.1,40.0,41.0,2.636,Atterrissage,73.9,73.5,0.4
2.64,Atterrissage,82.2,40.8,41.4,2.64,Atterrissage,73.8,73.5,0.3
2.644,Atterrissage,83.6,41.7,41.9,2.644,Atterrissage,73.7,73.3,0.4
2.648,Atterrissage,85.0,42.6,42.4,2.648,Atterrissage,73.7,73.1,0.6
2.652,Atterrissage,86.0,43.2,42.8,2.652,Atterrissage,73.3,72.7,0.5
2.656,Atterrissage,86.8,43.7,43.1,2.656,Atterrissage,72.7,72.3,0.5
2.66,Atterrissage,87.3,44.1,43.2,2.66,Atterrissage,72.2,71.6,0.5
2.664,Atterrissage,87.5,44.3,43.2,2.664,Atterrissage,71.6,71.0,0.6
2.668,Atterrissage,87.3,44.3,43.0,2.668,Atterrissage,71.0,70.5,0.6
2.672,Atterrissage,86.9,44.1,42.9,2.672,Atterrissage,70.4,69.9,0.5
2.676,Atterrissage,86.4,43.7,42.7,2.676,Atterrissage,69.6,69.2,0.3
2.68,Atterrissage,85.5,43.2,42.3,2.68,Atterrissage,68.8,68.5,0.2
2.684,Atterrissage,84.3,42.5,41.8,2.684,Atterrissage,68.1,67.8,0.2
2.688,Atterrissage,83.1,41.9,41.3,2.688,Atterrissage,67.4,67.1,0.3
2.692,Atterrissage,82.0,41.3,40.7,2.692,Atterrissage,66.7,66.3,0.4
2.696,Atterrissage,81.0,40.8,40.2,2.696,Atterrissage,65.9,65.6,0.3
2.7,Atterrissage,79.8,40.2,39.6,2.7,Atterrissage,65.1,64.7,0.3
2.704,Atterrissage,78.6,39.7,38.9,2.704,Atterrissage,64.2,63.8,0.4
2.708,Atterrissage,77.5,39.1,38.3,2.708,Atterrissage,63.4,62.9,0.5
2.712,Atterrissage,76.3,38.5,37.8,2.712,Atterrissage,62.4,62.0,0.4
2.716,Atterrissage,75.2,37.8,37.3,2.716,Atterrissage,61.5,61.1,0.4
2.72,Atterrissage,74.0,37.3,36.7,2.72,Atterrissage,60.9,60.5,0.4
2.724,Atterrissage,73.0,36.9,36.2,2.724,Atterrissage,60.3,59.8,0.5
2.728,Atterrissage,72.2,36.5,35.7,2.728,Atterrissage,59.4,58.9,0.5
2.732,Atterrissage,71.4,36.1,35.3,2.732,Atterrissage,59.1,58.1,1.1
2.736,Atterrissage,70.6,35.7,34.9,2.736,Atterrissage,61.1,57.3,3.8
2.74,Atterrissage,69.9,35.3,34.6,2.74,Atterrissage,65.6,56.5,9.0
2.744,Atterrissage,69.2,34.9,34.2,2.744,Atterrissage,70.5,55.8,14.7
2.748,Atterrissage,68.5,34.6,33.9,2.748,Atterrissage,73.3,55.0,18.3
2.752,Atterrissage,68.1,34.3,33.8,2.752,Atterrissage,72.7,53.8,18.8
2.756,Atterrissage,68.0,34.0,34.0,2.756,Atterrissage,69.8,52.8,17.1
2.76,Atterrissage,68.4,34.1,34.4,2.76,Atterrissage,67.3,52.1,15.1
2.764,Atterrissage,69.0,34.2,34.7,2.764,Atterrissage,66.3,51.4,14.9
2.768,Atterrissage,69.6,34.5,35.1,2.768,Atterrissage,66.5,50.1,16.4
2.772,Atterrissage,70.3,34.9,35.4,2.772,Atterrissage,68.1,48.8,19.3
2.776,Atterrissage,70.9,35.3,35.6,2.776,Atterrissage,71.5,47.9,23.6
2.78,Atterrissage,71.4,35.7,35.7,2.78,Atterrissage,75.3,46.9,28.4
2.784,Atterrissage,71.8,36.1,35.7,2.784,Atterrissage,78.5,45.8,32.7
2.788,Atterrissage,72.5,36.7,35.8,2.788,Atterrissage,80.8,44.6,36.2
2.792,Atterrissage,73.2,37.2,36.0,2.792,Atterrissage,81.8,43.2,38.5
2.796,Atterrissage,73.8,37.7,36.1,2.796,Atterrissage,81.9,41.9,40.0
2.8,Atterrissage,74.2,37.9,36.3,2.8,Atterrissage,82.4,40.7,41.6
2.804,Atterrissage,74.6,38.2,36.4,2.804,Atterrissage,83.5,39.7,43.7
2.808,Atterrissage,74.8,38.4,36.4,2.808,Atterrissage,85.1,38.8,46.3
2.812,Atterrissage,74.9,38.4,36.4,2.812,Atterrissage,87.3,37.9,49.4
2.816,Atterrissage,74.9,38.4,36.5,2.816,Atterrissage,90.2,37.1,53.0
2.82,Atterrissage,75.1,38.5,36.6,2.82,Atterrissage,92.5,36.2,56.2
2.824,Atterrissage,75.3,38.5,36.7,2.824,Atterrissage,94.0,35.4,58.6
2.828,Atterrissage,75.5,38.6,36.8,2.828,Atterrissage,95.1,34.7,60.5
2.832,Atterrissage,75.6,38.6,36.9,2.832,Atterrissage,95.8,33.8,62.0
2.836,Atterrissage,75.5,38.6,36.9,2.836,Atterrissage,96.3,33.0,63.3
2.84,Atterrissage,75.4,38.5,36.9,2.84,Atterrissage,96.7,32.2,64.5
2.844,Atterrissage,75.3,38.4,36.9,2.844,Atterrissage,96.7,31.2,65.6
2.848,Atterrissage,75.2,38.3,36.9,2.848,Atterrissage,96.1,29.8,66.3
2.852,Atterrissage,75.3,38.2,37.1,2.852,Atterrissage,95.2,28.4,66.8
2.856,Atterrissage,75.4,38.2,37.3,2.856,Atterrissage,94.3,27.2,67.1
2.86,Atterrissage,75.5,38.1,37.4,2.86,Atterrissage,93.3,26.0,67.3
2.864,Atterrissage,75.5,38.0,37.5,2.864,Atterrissage,92.4,24.9,67.5
2.868,Atterrissage,75.5,38.0,37.5,2.868,Atterrissage,91.4,23.8,67.6
2.872,Atterrissage,75.4,37.9,37.5,2.872,Atterrissage,90.1,22.6,67.5
2.876,Atterrissage,75.2,37.7,37.6,2.876,Atterrissage,88.8,21.5,67.3
2.88,Atterrissage,75.1,37.4,37.7,2.88,Atterrissage,87.7,20.6,67.1
2.884,Atterrissage,75.0,37.2,37.9,2.884,Atterrissage,86.8,19.9,66.8
2.888,Atterrissage,75.1,37.1,38.0,2.888,Atterrissage,85.7,19.1,66.6
2.892,Atterrissage,75.2,37.1,38.2,2.892,Atterrissage,84.6,18.3,66.3
2.896,Atterrissage,75.2,37.0,38.2,2.896,,83.3,17.5,65.8
2.9,Atterrissage,74.9,36.7,38.1,,,,,
2.904,Atterrissage,74.6,36.6,38.0,,,,,
2.908,Atterrissage,74.5,36.5,38.0,,,,,
2.912,Atterrissage,74.4,36.4,38.0,,,,,
2.916,Atterrissage,74.5,36.3,38.1,,,,,
2.92,Atterrissage,74.5,36.3,38.2,,,,,
2.924,Atterrissage,74.6,36.3,38.3,,,,,
2.928,Atterrissage,74.7,36.3,38.4,,,,,
2.932,Atterrissage,74.7,36.3,38.4,,,,,
2.936,Atterrissage,74.7,36.2,38.5,,,,,
2.94,Atterrissage,74.8,36.3,38.6,,,,,
2.944,Atterrissage,75.1,36.4,38.7,,,,,
2.948,Atterrissage,75.2,36.4,38.9,,,,,
2.952,Atterrissage,75.2,36.3,38.9,,,,,
2.956,Atterrissage,75.2,36.2,39.0,,,,,
2.96,Atterrissage,75.1,36.0,39.2,,,,,
2.964,Atterrissage,75.1,35.8,39.3,,,,,
2.968,Atterrissage,75.0,35.7,39.3,,,,,
2.972,Atterrissage,75.0,35.7,39.3,,,,,
2.976,Atterrissage,74.9,35.6,39.3,,,,,
2.98,Atterrissage,74.7,35.5,39.3,,,,,
2.984,Atterrissage,74.6,35.3,39.2,,,,,
2.988,Atterrissage,74.4,35.2,39.2,,,,,
2.992,Atterrissage,74.2,35.0,39.1,,,,,
2.996,Atterrissage,74.1,34.9,39.2,,,,,
3,Atterrissage,74.2,34.8,39.3,,,,,
3.004,Atterrissage,74.2,34.8,39.3,,,,,
3.008,Atterrissage,74.2,34.8,39.4,,,,,
3.012,Atterrissage,74.2,34.7,39.5,,,,,
3.016,Atterrissage,74.3,34.6,39.6,,,,,
3.02,Atterrissage,74.2,34.5,39.7,,,,,
3.024,Atterrissage,74.2,34.4,39.8,,,,,
3.028,Atterrissage,74.3,34.3,39.9,,,,,
3.032,Atterrissage,74.3,34.2,40.1,,,,,
3.036,Atterrissage,74.3,34.1,40.1,,,,,
3.04,Atterrissage,74.2,34.1,40.1,,,,,
3.044,Atterrissage,74.1,34.1,40.1,,,,,
3.048,Atterrissage,74.2,34.1,40.1,,,,,
3.052,,74.4,34.1,40.3,,,,,

Données brutes du canal

Répétition:,1
,K-Delta Left,,,,,K-Delta Right,,,
temps (seconde),CHANNEL_1,CHANNEL_2,CHANNEL_3,CHANNEL_4,,CHANNEL_1,CHANNEL_2,CHANNEL_3,CHANNEL_4
0,13.456199645996094,8.092100143432617,5.894050121307373,9.683799743652344,,14.436900138854980,10.152999877929688,3.123100042343140,7.288149833679199,
0.004,13.469099998474121,7.950699806213379,5.845950126647949,9.576499938964844,,14.413399696350098,10.032099723815918,3.049000024795532,7.216050148010254,
0.008,13.441797672944588,7.929858281276028,5.841551939992150,9.566553207126631,,14.434953601761608,10.017471646619459,3.068023636032570,7.204449009261470,
0.012,13.342134449317381,7.912485588504151,5.823210919871928,9.545622159711797,,14.476410747282744,10.005231138809334,3.129938830325475,7.175895860258764,
0.016,13.211098966823469,7.884855968566521,5.773076949443691,9.483203008682214,,14.486408328610533,9.996619815457427,3.168385367763236,7.129736180274706,
0.02,13.131330094633624,7.824077248602197,5.719813662615442,9.393022538951495,,14.479159426293762,10.009929059437262,3.156401039849929,7.073341814253058,
0.024,13.088787500697819,7.760014927392357,5.691099487305086,9.320020453509260,,14.487245307816622,10.048189002422401,3.126045245688455,7.029025719339135,
0.028,13.023443511862736,7.728359687257837,5.656774123942858,9.282834240951829,,14.499232692880888,10.092658477629527,3.075586786327527,7.012291674362251,
0.032,12.916184199583688,7.720764789032934,5.581287386893264,9.235564394248239,,14.509016173457086,10.123057724089982,3.016663773711936,6.964303774645032,
0.036,12.797858191891279,7.708215965762044,5.481633380573777,9.130925618032391,,14.523470665740110,10.126126225562702,2.981664735687826,6.882519716729687,
0.04,12.726897311524120,7.654934179550372,5.400494460546586,8.995530974275907,,14.554547182683507,10.137535352600949,2.971906112934531,6.828719679150819,
0.044,12.688551554305736,7.560536603087929,5.354314125025498,8.879322155990481,,14.593123805299527,10.173964755213088,2.974813622150973,6.819351884252848,
0.048,12.636190395802199,7.480253572964912,5.306802210882706,8.787263482426059,,14.603685284449130,10.191652224883137,2.978397375183114,6.822189347357813,
0.052,12.589938123120678,7.468028100931764,5.236579335810069,8.715154016727208,,14.619595674249835,10.204520188594982,2.972361977208243,6.810636544177814,
0.056,12.564494529716658,7.504683663956294,5.196622008103630,8.654094866327055,,14.687724004600017,10.271618336942822,2.945365965995118,6.801936140334460,
0.06,12.539149893573949,7.545800372251488,5.205055052951131,8.572748695645885,,14.767627920825088,10.374807010164471,2.892801074401736,6.799343970684742,
0.064,12.513873601489930,7.570062630063623,5.189763808057161,8.481435583466862,,14.849097097909956,10.440101043949280,2.844374368817955,6.814699522282600,
0.068,12.503684755289079,7.560518346967823,5.126160177045085,8.426593815624226,,14.960470601003752,10.454170955744930,2.830114722764451,6.849146475036365,
0.072,12.530988359420869,7.523392755475425,5.053887137325733,8.387839006710086,,15.090608787788161,10.469027305613386,2.818779496951974,6.845379206667415,
0.076,12.595935902328829,7.500597160713570,5.007072706984763,8.315313497370671,,15.205754293766585,10.519308305484044,2.787609386069963,6.831928971475099,
0.08,12.658263409115273,7.530291734935356,5.000168256258914,8.259240692146347,,15.288856349563188,10.603115653326554,2.771254032424435,6.857616963027519,
0.084,12.693347914856297,7.600765220718497,5.019125602603721,8.251649215380429,,15.363642375090675,10.721558766244778,2.782666730323719,6.847731011023323,
0.088,12.696610240756517,7.660747983620691,5.043966814745035,8.258080244429777,,15.452088966471162,10.834029714921289,2.808947833286577,6.799182223754097,
0.092,12.692938489086707,7.701497570207867,5.051532917413817,8.290114903159393,,15.555932902818478,10.898570746500313,2.804349599711855,6.780778987475683,
0.096,12.699027915492564,7.711747601155577,5.048630692371320,8.345391712196285,,15.659267410473211,10.960145165732195,2.749167471494089,6.769225515121138,
0.1,12.695868659495142,7.662939776808495,5.057040039985560,8.389361971822893,,15.737229096437705,11.044748581118258,2.713107346105226,6.737779021809817,
0.104,12.681391729421083,7.605130870742524,5.061619127454133,8.396792379859978,,15.824478224309090,11.126558004391946,2.712584216934545,6.713615663830534,
0.108,12.642538015320342,7.559287515071510,5.051233025072144,8.357186776872148,,15.942388282709187,11.188517183848495,2.706177590387805,6.725056421141881,
0.112,12.555636834507965,7.518672506121653,5.032692545510725,8.295132732008332,,16.024460337117194,11.223040834030460,2.683212038980972,6.735187109772395,
0.116,12.419888278229049,7.504868589006561,5.007935999324092,8.244048469006788,,16.047252185752406,11.238101076195957,2.632936479139699,6.692148650540293,
0.12,12.276256546714658,7.488041899084833,4.982805027436311,8.200174329716170,,16.062508733537804,11.242924325885578,2.566944667439640,6.638637928299108,
0.124,12.168073772208446,7.455233747098517,4.959630034211286,8.157854496523681,,16.112976086448572,11.251625920520453,2.530338077597910,6.629602571621917,
0.128,12.093693042196199,7.412908613369203,4.925245802226724,8.103919212718068,,16.192035812546742,11.278121717452958,2.534904048108918,6.632924416950212,
0.132,12.040922944576895,7.323461560219548,4.873283598031007,7.987850279137114,,16.231842892203638,11.315312171412687,2.560831762198179,6.599083000448704,
0.136,11.959911518729051,7.197823492343741,4.823866108824525,7.833271279954627,,16.205162982478853,11.355800016276463,2.565817968273576,6.539213763602811,
0.14,11.816555722673190,7.106468157450082,4.795502328120649,7.706756172176219,,16.182456274769880,11.393976531846052,2.512842454481136,6.487114443744820,
0.144,11.668655932501533,7.082732039316120,4.777273070025016,7.616155003593539,,16.212932148613952,11.424913421569709,2.423696998848613,6.449828997953999,
0.148,11.565862764543834,7.109348183007736,4.755096773882532,7.565445114978829,,16.265537286730122,11.433028466513260,2.341230378146597,6.405377696119732,
0.152,11.479019762997826,7.118055012524541,4.700919922489431,7.504550071892316,,16.288357440719725,11.421236744043412,2.294784595017856,6.350623986307916,
0.156,11.390367831797162,7.062621857673312,4.602572939775198,7.373295881355857,,16.279249408059641,11.414862346983936,2.278301897605193,6.331589080378867,
0.16,11.331244304775508,6.993749363392327,4.538347393637126,7.225496554908807,,16.253409813018440,11.390266866309979,2.272527908615253,6.348083633883327,
0.164,11.298152519131037,6.938107360427340,4.508916669732797,7.124592313990210,,16.206711106209386,11.347276804098534,2.271564578433142,6.323597549038756,
0.168,11.287636391791434,6.875100419002369,4.436622985313152,7.057070913489309,,16.148675174115429,11.336785940670470,2.263894523133614,6.249394465837128,
0.172,11.302858931741168,6.813475747508458,4.374415991488525,6.972955899008809,,16.091610569477449,11.333453332547494,2.250085514330559,6.168855124567938,
0.176,11.285776822948208,6.783291097291399,4.328868987287942,6.850105231022457,,16.030719132217005,11.282411020694758,2.226298357165190,6.085504634418598,
0.18,11.205211272969725,6.804330950428639,4.256480312851274,6.704032970446288,,15.942480598091027,11.210044175852008,2.192608684346098,6.013834479452703,
0.184,11.134165248898450,6.856171515416237,4.211290982366647,6.582496859187289,,15.802381575243066,11.145784180797000,2.185913513552078,5.966068593985527,
0.188,11.130969667146124,6.909455780006243,4.165198032596344,6.530813049230122,,15.634390579607816,11.091905082452925,2.205281137590411,5.930109682899574,
0.192,11.161467708419377,6.944686404919450,4.080773840606590,6.499398564120666,,15.496081194974890,11.061096919083621,2.191215432676989,5.905485272862338,
0.196,11.200582052110441,6.957140386271097,4.021923681229236,6.424798040167723,,15.393893443599238,11.013974284686476,2.137908955348812,5.884479233077553,
0.2,11.236902768073247,6.955821567205842,4.013977708170065,6.358566530235765,,15.312536725445792,10.916523613529629,2.109677169370288,5.830128118210821,
0.204,11.229976889886984,6.962597278969390,4.030241187330725,6.324157301756141,,15.236675081357323,10.820373742022850,2.133037579949834,5.720383434517305,
0.208,11.188852227052825,7.008124183331431,4.030390819925392,6.262852267652987,,15.142080030293709,10.771564199771968,2.174009955507070,5.592283269586231,
0.212,11.173948436277684,7.076288284176381,4.011772347245629,6.177709311689425,,15.033358965690974,10.755396013913121,2.185330931532573,5.506418987456882,
0.216,11.172864245827117,7.096967913298991,4.000891126790751,6.097645381130050,,14.940513824090191,10.706003215513773,2.144317219457843,5.469795882985217,
0.22,11.127374934587479,7.042356888070839,3.992180126633204,6.023577836312407,,14.903338216121881,10.606719542785585,2.086777714372797,5.442759550412339,
0.224,11.049596921844079,6.973570321582729,3.966868998138040,5.963158965234790,,14.870437852757114,10.548934079218728,2.047979596061263,5.428225333430326,
0.228,10.941544718180106,6.929188689678933,3.918427213698934,5.916366801235039,,14.760971329214108,10.550965159802885,2.026517992282254,5.452963488053532,
0.232,10.762924139868678,6.879173939715502,3.882926015399446,5.846561949635732,,14.641131405889622,10.532244319659073,2.019711471610825,5.481222238304551,
0.236,10.551507994410290,6.800218700229097,3.873206848381714,5.750392772289509,,14.593618023119905,10.484854866940388,2.015714465002902,5.449664367202202,
0.24,10.415416794113931,6.712936591767789,3.851249579912407,5.674050492294637,,14.577225268317637,10.450982071826349,2.014078445339676,5.359036125457118,
0.244,10.400767982163616,6.665404705471271,3.835761063370525,5.638110469801058,,14.513603843286509,10.424607954548259,2.017709845288048,5.283866548059664,
0.248,10.454778010495792,6.683300861010510,3.855231428598820,5.643207567473466,,14.397472210249903,10.388388621656839,2.005348907730856,5.272555251563974,
0.252,10.507924137298879,6.726327056998231,3.859734247294982,5.670348719170550,,14.280818998425875,10.321229220383975,1.955840430378063,5.271042573529583,
0.256,10.568016800502189,6.757293430981051,3.818493837960414,5.693790809788376,,14.203909786353933,10.217734422182518,1.888392525221790,5.214622030676935,
0.26,10.670449248590288,6.818388208048321,3.759547038932483,5.680580381606677,,14.173296574228857,10.132508805250929,1.857224128615850,5.165582686785112,
0.264,10.793687281390735,6.924284568610819,3.711227781569125,5.621851359894695,,14.137881240155728,10.089842009343965,1.866401686910794,5.187792686953243,
0.268,10.908635770504819,7.017670665882905,3.712877188943460,5.580935761602835,,14.059267034946036,10.066971025007968,1.878996331808285,5.216442036143294,
0.272,11.020149559747965,7.088385317015380,3.773231027952404,5.574801183293128,,13.973304452164573,10.051925768343860,1.885681880259284,5.219882243618137,
0.276,11.159614598196288,7.178405801969240,3.838706344639804,5.556107644691978,,13.901355929985415,10.020307051917225,1.890666466158900,5.183828630240873,
0.28,11.317789106098155,7.305095079238789,3.849927849396528,5.536835063984217,,13.839142000887330,9.952716087130421,1.892461966309947,5.074828784889036,
0.284,11.471438250799791,7.432173359072930,3.793871274604843,5.548123138661612,,13.802400363433259,9.881864818933771,1.888172364791451,4.966313552962270,
0.288,11.629961230840955,7.517421703253072,3.718069740687078,5.559724499751547,,13.787028421483859,9.834219798369963,1.879205293977828,4.928414133208140,
0.292,11.777821453275505,7.577998842705019,3.686173179136696,5.534796879580065,,13.815354781298954,9.833714467307903,1.857749291803708,4.954894980543282,
0.296,11.878744498299493,7.649598131963071,3.711281237418835,5.495233379080032,,13.920798865869774,9.891816483803243,1.827469220147067,5.038437461222760,
0.3,11.933099948977945,7.714974353577652,3.750900827686318,5.474065123166168,,14.058679832020900,9.948706566604073,1.825992875783336,5.164650270050541,
0.304,12.001724923368979,7.744804058017917,3.756858434750177,5.467752520517926,,14.201553772952231,10.025873652260564,1.852747415541716,5.297404847644878,
0.308,12.097286934211930,7.758410077222292,3.707865400386271,5.446994418999521,,14.375465023860066,10.166065787807348,1.862971030295192,5.401202879426602,
0.312,12.176600974053651,7.781712751044733,3.608095382218514,5.380327411465592,,14.580872404662308,10.270844374184609,1.838167037263118,5.485071501987400,
0.316,12.255733011880636,7.827760471908492,3.513971282311958,5.290420078974488,,14.768137680538530,10.339613667085338,1.837095310515418,5.556599843751092,
0.32,12.353950427186774,7.900294597864766,3.498008323839579,5.222588250217986,,14.922323842508476,10.467560188165365,1.918679785465924,5.585129441599602,
0.324,12.415863574134287,7.953150805533815,3.506980936853980,5.172332164382436,,15.086672879432786,10.610822263634379,2.006082323581651,5.588908935877554,
0.328,12.414805771125469,7.940251127722726,3.467951760614034,5.132542176194496,,15.255397702886953,10.695690922250533,2.004519067913397,5.607637894138822,
0.332,12.421782631270204,7.908851484933474,3.423245070472121,5.111119926642322,,15.401387527178102,10.736692782523154,1.949782058818449,5.646314698070430,
0.336,12.481914582808793,7.953400219614654,3.415329676780321,5.109263242631505,,15.508081238335658,10.755876972673340,1.899201249515107,5.675107902919362,
0.34,12.588826723912527,8.096218276971882,3.433295180987323,5.124287070305868,,15.538467323530043,10.733241047199758,1.862047491205344,5.661624440739441,
0.344,12.740648534137399,8.243096908959508,3.452266903936763,5.127283924500746,,15.484815128653020,10.661427732972836,1.814075222020027,5.607484511020587,
0.348,12.905836738790821,8.304174279186041,3.473365753198624,5.114466714261734,,15.381063535084994,10.555975539238924,1.732329756481506,5.509756372494934,
0.352,13.053836689407680,8.334183088234070,3.500274967334650,5.138890309959657,,15.251590903429065,10.433179993195855,1.675123291054858,5.389316063834022,
0.356,13.165661211660495,8.396269778410504,3.500028835590854,5.198260578391836,,15.041314294735489,10.330310646370084,1.672010810394031,5.268064650630377,
0.36,13.200754853292787,8.427510146406863,3.469550443802361,5.233184218433964,,14.735838047836253,10.239732432748189,1.684739388898769,5.133170273553700,
0.364,13.144775101011247,8.398346479928312,3.415798180366608,5.226648320415788,,14.445888217307523,10.109088667751726,1.700904232602503,4.990563473182855,
0.368,13.030316552863136,8.347820620205496,3.332177882341777,5.157187226156106,,14.207207743951422,9.971890091018818,1.699342485412306,4.864932811784977,
0.372,12.890632106620169,8.284309432295178,3.275191054728968,5.020321402475132,,13.911683087612325,9.827660384666768,1.631672709447860,4.752940279903830,
0.376,12.739405873930826,8.208470058528066,3.261418137830699,4.908655147742031,,13.512933374659285,9.617657279535686,1.528080184625177,4.627300112769672,
0.38,12.601753974076924,8.131710748675342,3.240227666342281,4.888544106995818,,13.117119057442794,9.396883431683676,1.493185118233339,4.491872285036344,
0.384,12.481484602423224,8.071642074346592,3.205015885650117,4.893858200205707,,12.713593732043945,9.177220176584166,1.521734108181899,4.349059126163358,
0.388,12.374369278061621,8.038789386271890,3.167854610096330,4.845270824135900,,12.233794068380845,8.927501576684291,1.541401461460289,4.197564049326901,
0.392,12.302717721684408,8.013200871140398,3.136887738693548,4.781637208475061,,11.782724957541769,8.713473258316395,1.551808636756941,4.065618443075907,
0.396,12.255505283719724,7.953974445092800,3.130069894346556,4.778169611809618,,11.363534900471098,8.510383778334390,1.554554619870914,3.911103781058387,
0.4,12.199246160088867,7.852465821839480,3.153335804191144,4.812894507180975,,10.887454594335036,8.246094769348296,1.541258141173782,3.703910998295771,
0.404,12.087025497401505,7.751352850297374,3.203307192481026,4.813319253971494,,10.433096428424237,7.967191542607791,1.535222711992697,3.535000218570548,
0.408,11.890310432279019,7.683694745618078,3.248534790471101,4.764750871438142,,10.075077605344930,7.716663985206527,1.539910894599991,3.421964824371354,
0.412,11.638929747244179,7.618305929917502,3.234532164077093,4.700906320496877,,9.739763544827152,7.479198185032914,1.522802887898181,3.291500394325613,
0.416,11.325118894200788,7.456991508379757,3.189612910255483,4.647337034780695,,9.356281550862647,7.242189148870747,1.483528676152323,3.117017618671053,
0.42,10.969869768709868,7.176336257554143,3.167805364406610,4.610071681924264,,8.962958879105265,7.040098200931380,1.478740891192377,2.942283425910227,
0.424,10.682910344064840,6.900989727542646,3.154353851231169,4.572023511587822,,8.561990640069412,6.823494381391788,1.517517555930870,2.821076821716077,
0.428,10.461071473759803,6.724292075503516,3.138384903073079,4.508495437008838,,8.129938335886212,6.515816022528469,1.543200449835678,2.741640405244618,
0.432,10.169664595966548,6.616668546813252,3.139640258493821,4.429790567528396,,7.747680678235218,6.243720061468009,1.523847816383057,2.668210678555492,
0.436,9.785531787658092,6.519047620066244,3.155742010292791,4.369382764091347,,7.440467460818005,6.068782706698979,1.497431856625888,2.580353347232180,
0.44,9.453254954246258,6.413985877428037,3.165884536133001,4.330863422994026,,7.153749788940942,5.892449186607472,1.520230890827195,2.485474911439959,
0.444,9.245851469410162,6.303213349531181,3.183769994892793,4.300016936882647,,6.899793122085142,5.712079207274499,1.560751475084504,2.407485785142034,
0.448,9.144700638700900,6.198228622286797,3.218984803564949,4.286651235312101,,6.730752162975390,5.602668023470374,1.574599397970893,2.363067846534762,
0.452,9.129603900217909,6.120588865504651,3.253210408672616,4.305657160070731,,6.658510218934172,5.571131400197537,1.581295776922200,2.339644278896183,
0.456,9.111737328075449,6.074390413946912,3.274125663357800,4.344303970569776,,6.651681111683406,5.581018164236198,1.612615194698550,2.318225329794500,
0.46,9.028047452136169,6.039563036526824,3.277286758269403,4.381660220700180,,6.663911322313798,5.636646323020123,1.698618335586582,2.338988560542778,
0.464,8.922165634914723,5.993195643321281,3.294908422840548,4.419855413120747,,6.648206500924752,5.687170225960609,1.782679966320853,2.411066604891299,
0.468,8.840363178336833,5.935719501071749,3.355399864394161,4.441170994035950,,6.611848190675845,5.684972284533927,1.797095701842363,2.493504306480742,
0.472,8.791880401920860,5.892032046330903,3.422509520394131,4.457981831238930,,6.622777187533316,5.680420249559385,1.809031106815608,2.577483684700840,
0.476,8.804141019911661,5.894033210252689,3.447971164670879,4.526833246262914,,6.719791962238818,5.674427572920246,1.836320851396979,2.679807512061230,
0.48,8.913345370048120,5.971084832199292,3.451421067166899,4.623567788207113,,6.865414690381847,5.652846325837393,1.837568113196336,2.785187876515341,
0.484,9.139147784698338,6.126020103345861,3.514022451156306,4.755505893852482,,7.009617695661358,5.649630798715781,1.858722348562726,2.832717814629457,
0.488,9.444377229145395,6.315614226639878,3.645542673258199,4.963452144084746,,7.124065989081927,5.661246015320419,1.896665871852909,2.846660763600713,
0.492,9.711865562868843,6.482995589446984,3.773039355078295,5.169276146552925,,7.234693975434006,5.691436832102080,1.889552460707739,2.904146094187512,
0.496,9.918333818776642,6.625234279998629,3.896002214224493,5.329821053235806,,7.411063855779716,5.766399752508672,1.853016198790046,3.001128106953489,
0.5,10.131363051062504,6.787528596252166,4.041508359116508,5.487439627838484,,7.635259785506454,5.877700744984113,1.838611077439150,3.122466057099170,
0.504,10.343086538072985,6.974775625931747,4.165186222799430,5.628466065012048,,7.862374004062946,5.990366646868071,1.860077472807498,3.272088736088805,
0.508,10.523600498592279,7.152550473068658,4.247958980807677,5.726081685756656,,8.094036359060441,6.089572115621920,1.909132112204150,3.428080922735388,
0.512,10.682283118235706,7.316095741946824,4.317920662741653,5.809430153624008,,8.315326214372252,6.200957351610958,1.978270741491532,3.574820358459052,
0.516,10.838109080524060,7.479856955640601,4.408559286168028,5.891124383402517,,8.564053406506885,6.368441539592160,2.063597373990510,3.719392220159987,
0.52,10.972917699975156,7.640480220785541,4.536645189416584,5.968133457594448,,8.875662483330558,6.598880944103146,2.158965987092974,3.873038610776298,
0.524,11.059893949137473,7.810686416265192,4.688430685998126,6.097419824595650,,9.170946166000455,6.817624295647241,2.249339908488367,4.026895939533413,
0.528,11.115294812858734,7.970580540273556,4.846657785076165,6.263689868641618,,9.435386051878476,6.993182046243496,2.339439101788063,4.157946406838574,
0.532,11.155116433964395,8.067889631535602,4.965027649346009,6.356841519577151,,9.783558077854444,7.248070210872556,2.455620890451989,4.335926900966844,
0.536,11.190290007986585,8.104122694336251,5.045517058571924,6.438938106325587,,10.268403051002970,7.655385162967409,2.591063744844431,4.648433062938519,
0.54,11.253812629782464,8.113375961606444,5.164202412259524,6.628654933314357,,10.801509331125141,8.089623675282274,2.726680212613389,5.012528931145502,
0.544,11.358346879292387,8.145822006277580,5.319923523821489,6.851477293269991,,11.403473266669733,8.500368185475748,2.883121921363646,5.406168644140356,
0.548,11.471406299861451,8.204272079691682,5.449267138128092,7.036246626607669,,12.178290202734392,8.968358783547593,3.058269975477939,5.895741670733912,
0.552,11.604162257944148,8.288868794948112,5.544618153514996,7.235371847591559,,13.002992805936376,9.462280166138253,3.218503218762590,6.370025333677901,
0.556,11.798331867202744,8.458038676312379,5.658848910301241,7.480341378421507,,13.826861719537503,9.936599053028747,3.376779067619291,6.779159530543938,
0.56,12.010309606186429,8.684873943040643,5.816966398290392,7.714282728285436,,14.699212070368080,10.416757756225547,3.559278906162747,7.197199311644364,
0.564,12.225624883807367,8.888238395006217,6.005684689956222,7.930540703977193,,15.454487090466491,10.895049585152124,3.745641098635370,7.577444581396431,
0.568,12.467766841774912,9.054893246959661,6.204312592372448,8.169237133094711,,15.964818745538405,11.346116615099776,3.918144769924417,7.854669775784326,
0.572,12.698068435604895,9.205283560788354,6.366739933482578,8.390474886921478,,16.384470885167907,11.790413618092542,4.105591468919998,8.102142995567704,
0.576,12.980561746995564,9.392642415405545,6.501050335205577,8.643040094589377,,16.890632859797460,12.264379821175822,4.363894089695198,8.409440044162912,
0.58,13.400535571746619,9.661705385471240,6.670665307258608,8.996860424089137,,17.409750282323291,12.735270475019963,4.681428234393208,8.728352713158545,
0.584,13.858059656545750,9.965804143469111,6.892285368556166,9.351174093308281,,17.926048814029958,13.208065116808152,4.970178889247653,9.063548725754652,
0.588,14.252005085482885,10.241087218661512,7.129567900296538,9.652176480781325,,18.497510109564509,13.696700969581872,5.198458147097758,9.458314740724923,
0.592,14.620471020445194,10.502876969718859,7.360635956282927,9.955564796059408,,18.973742101454015,14.099990540540505,5.399737104261878,9.810409477171172,
0.596,15.009549119923227,10.793795613147079,7.602649579918887,10.270881321713301,,19.282501638352837,14.384705767741902,5.615787503195812,10.099294800812080,
0.6,15.372390512603022,11.106042707753449,7.827370843571511,10.572050706693835,,19.502626848075863,14.616812344865538,5.850230024391747,10.376151140299488,
0.604,15.695825887108031,11.402710271777739,8.024555770970924,10.901477111491356,,19.642897269522109,14.833082912320593,6.074810081768503,10.603538422092551,
0.608,15.993528657563733,11.640777440286119,8.236645272355805,11.279720369506078,,19.732945311768226,15.029477919263513,6.293385015271936,10.785132998585684,
0.612,16.180543218932034,11.812634654766409,8.455290800424148,11.592609166012490,,19.869760127597409,15.223281530625401,6.536601324142996,10.973109952736156,
0.616,16.251484164038185,11.952948108831475,8.693577697604359,11.813864408597475,,20.094995885903241,15.461043174337021,6.807089725188763,11.191415993924492,
0.62,16.332015901674673,12.072021733142087,8.952893369614998,12.042366220215671,,20.376559288728792,15.718400306471420,7.056268790155086,11.444531625465181,
0.624,16.465391210816222,12.158044016905666,9.154760771992819,12.293356466298057,,20.755967489489070,16.002601447604142,7.274644079395711,11.764151518906402,
0.628,16.605061883286094,12.238113635418671,9.294321924968530,12.530182066935957,,21.298094155371448,16.369136349565569,7.478304276570042,12.184016342387952,
0.632,16.733747936641763,12.364353772088270,9.453036116890909,12.776793052356442,,21.909479694755134,16.750009936931420,7.641184268773383,12.653434322909071,
0.636,16.842333788016258,12.513716563123797,9.638063125361494,13.059506200627094,,22.578106859571086,17.125428892298345,7.816313871013017,13.120545395877548,
0.64,16.914894504639822,12.610113815355401,9.812526781991933,13.352100960663602,,23.353392987214821,17.560753488513569,8.084994707643254,13.598467251669323,
0.644,16.986921765623325,12.665725251706764,10.006147821680978,13.652075440153922,,24.089163870794536,18.019601450772626,8.412841391159828,14.095791257964231,
0.648,17.092765862946102,12.732993515881745,10.239485680987350,13.953595631923660,,24.696316342990393,18.459870569184879,8.731160211981379,14.592012858774517,
0.652,17.215754998995504,12.803274268697065,10.476593844359201,14.218631618261032,,25.360987653073529,18.956843447714107,9.032467779794654,15.122510674808073,
0.656,17.394342909059798,12.887313323928739,10.695665569762120,14.499647953238945,,26.207838030554143,19.549768239881455,9.332752102026740,15.732416590328731,
0.66,17.670868297825507,13.015385879976693,10.913614259836109,14.876098958510569,,27.015796778483232,20.098880122201532,9.605668997776785,16.340198267983304,
0.664,17.985298484652208,13.191444421676019,11.142851514033843,15.276141499805307,,27.681311067787394,20.550238899405628,9.895204839966258,16.947858872078925,
0.668,18.296576528057994,13.404294312856878,11.375281035924699,15.630484123224640,,28.325178000381889,20.986662236148796,10.248962060713250,17.623254057811959,
0.672,18.659544298746752,13.647451561206118,11.618787564851177,16.049264197460985,,28.917293536603129,21.404020196749720,10.577995403469560,18.245469158110286,
0.676,19.115202192479657,13.923683746192987,11.875798365788892,16.597700965424146,,29.486312019858055,21.833057848538083,10.920742146195398,18.824146139367727,
0.68,19.598721248971401,14.201989490247083,12.121346542381639,17.137324934529794,,30.141326853562120,22.304408894102632,11.360238453857278,19.504078676436524,
0.684,20.100796060587289,14.501273730155379,12.371777831842504,17.611608917679224,,30.807121277152731,22.713266220736656,11.755733288595849,20.194837466339902,
0.688,20.659164143809669,14.844226739887180,12.649578799557336,18.103513002866571,,31.378628417662497,23.024909553865324,12.009909941925693,20.792354461084315,
0.692,21.168457770938577,15.149676044043067,12.920128136565740,18.600406549207023,,31.957647157222727,23.353916666085134,12.277955332474820,21.409394915411902,
0.696,21.577895239171426,15.410267756614410,13.192277618529802,19.083160216239612,,32.677976983961315,23.774689042529079,12.693104794064519,22.148885144054351,
0.7,21.953754319233809,15.661280338952388,13.473246640916944,19.570336702001399,,33.411246849265247,24.214650151218912,13.138066044940837,22.900775107544298,
0.704,22.257930167547212,15.833946512537459,13.692014261553945,19.988319589286796,,34.052588886177176,24.609380513094113,13.541087313529355,23.625139519567686,
0.708,22.429952469626674,15.884226269291217,13.844847129565366,20.275503710344289,,34.607920034850565,24.957640073449141,13.958101583548750,24.366316622724909,
0.712,22.498330697073271,15.874041026945836,13.994025207568981,20.531376343588114,,34.958245937509751,25.217759154925872,14.340994974379312,24.981341171298272,
0.716,22.505706575883917,15.848104378086997,14.149401395106583,20.848326833016635,,35.097212369786838,25.354462182168902,14.673962415193248,25.430596290794618,
0.72,22.482780836846118,15.790964447107489,14.294190788676232,21.156891085817144,,35.151717872164397,25.389328097208640,15.002489046691956,25.867767326310872,
0.724,22.462676640699527,15.735532936540945,14.468814720338329,21.476765189061389,,35.154732868772918,25.359002107587767,15.306711502320324,26.315322232724952,
0.728,22.478263355540616,15.710251386099378,14.671076070258472,21.881348147186721,,35.079631307687222,25.265241794896795,15.588526054160102,26.681213541982551,
0.732,22.517876238687109,15.656282350287690,14.812202498348544,22.259261692250575,,34.874443878020642,25.116566302783021,15.880247353850111,27.021389062980727,
0.736,22.512414721326536,15.540996035911855,14.938670697432570,22.574004352430457,,34.564368197594767,24.947823297056008,16.182533688509420,27.437326750562150,
0.74,22.452602796220503,15.405635080006210,15.131509995782146,22.902868024121748,,34.310293577300335,24.773566010967983,16.470165162225857,27.849736984966036,
0.744,22.408613619058219,15.282303674198777,15.312351277622751,23.208747915131344,,34.143819130563536,24.576653686117854,16.747533412846501,28.201546267210745,
0.748,22.384623156292186,15.189244253102943,15.445942310919250,23.471186672809548,,33.954562605769212,24.341770031019479,17.030864727166559,28.535113438372179,
0.752,22.341720016073161,15.128854764220826,15.577196978263867,23.732873809987453,,33.719195241594534,24.111738143010239,17.265433851236818,28.836474363226653,
0.756,22.282044925072491,15.074422554534262,15.678190022787206,23.993400252296826,,33.410011610336703,23.882165427883720,17.459295166319858,29.138919467286069,
0.76,22.217786105583361,15.019743135799157,15.727736632904566,24.233220021167647,,32.989129640908146,23.583002999292241,17.682088218441297,29.492327643937074,
0.764,22.187000939924619,14.950835579053372,15.803526598890452,24.475915844840699,,32.531842481118382,23.250319928003822,17.907782837381909,29.808808433176601,
0.768,22.204388051931467,14.853961539158302,15.981205400516131,24.761426378983575,,32.108591491580512,22.954132760062873,18.098432735998667,30.011078533555370,
0.772,22.214944423363534,14.784049498778474,16.208188827658390,25.048832726918342,,31.673044272886777,22.645475494862360,18.274136232162640,30.158321799850007,
0.776,22.214472101203942,14.747152086192578,16.402558189544564,25.332058199347713,,31.180465913573610,22.295981892461196,18.465102019332598,30.324718874531520,
0.78,22.227723258491455,14.666223982358986,16.561605032637974,25.665334863357980,,30.698892434853121,21.982407018909946,18.664239145486196,30.491930767788492,
0.784,22.224349647093071,14.558044813452039,16.706785198556034,26.007260554707475,,30.259597455556580,21.658292152989247,18.858735757981030,30.677444036510327,
0.788,22.217827943395854,14.497254081066570,16.862387757947701,26.334061493097355,,29.840002471187791,21.253750483729952,19.054606822954959,30.933552133257948,
0.792,22.247159390542851,14.479428042112245,17.034395379455038,26.684729347359255,,29.456981594202773,20.869208509043315,19.245334622576152,31.196846326889222,
0.796,22.275603101262359,14.460913846785397,17.200099151062421,27.021452071564646,,29.099729925585716,20.549182900947784,19.419913621756226,31.407918290024490,
0.8,22.284011756285501,14.424927838633145,17.334199642008439,27.305446005426358,,28.740909592955273,20.251432221472378,19.560577510832267,31.581606371291272,
0.804,22.315455862213021,14.384496736996509,17.455079833072624,27.596565813140970,,28.395978663444779,19.962426463278135,19.650957749012314,31.724547739862707,
0.808,22.357325246119014,14.339794779406267,17.599775979110799,27.931093216173089,,28.075600600893878,19.675220401532538,19.709339306779448,31.844490939917712,
0.812,22.369235338735244,14.281970569783713,17.740772367354172,28.233048247390652,,27.709464546750262,19.359435083251981,19.786781500924555,31.955151380800306,
0.816,22.370142353943287,14.211061169388790,17.865990604339196,28.504005791006946,,27.280550057801033,19.005838833422153,19.931322238393598,32.058094141666267,
0.82,22.373651875820919,14.124977628290321,18.004441961616116,28.799425179817220,,26.926461877056969,18.721859029509794,20.123744639547468,32.149795025690224,
0.824,22.365459642849871,14.070128325606014,18.141796415565988,29.043473274077591,,26.649334449275205,18.537343941559698,20.260787190462324,32.236104087869890,
0.828,22.343315713875064,14.066775317460971,18.263187131884518,29.226161627381142,,26.332023566934886,18.331547893242291,20.303218462664123,32.338301111018133,
0.832,22.317677508020680,14.050879223036837,18.378017989583682,29.416183669041303,,26.032966009647584,18.091382691426418,20.332095854898739,32.459281343889380,
0.836,22.289950648068530,14.014315051062404,18.481263014290779,29.586717921570958,,25.814226900477436,17.903913637635380,20.383376088190740,32.572112842589277,
0.84,22.230571950373857,13.999496469297652,18.555504352485151,29.732151043275245,,25.633319732379373,17.787046689797858,20.434749732381036,32.651052767273612,
0.844,22.133368032154195,14.003783271411697,18.625402562361899,29.905791991913585,,25.487451144082520,17.674464168620425,20.522730197602904,32.705941367007306,
0.848,22.036104091597451,13.995065455547691,18.738383693903842,30.092443842629933,,25.398620433102984,17.564476398878440,20.651100470945174,32.782410737776168,
0.852,21.933909453902011,13.961346181144037,18.872294465412821,30.213145633692683,,25.338996977320466,17.501468238827339,20.742322241522579,32.913153484884099,
0.856,21.800933899200015,13.916583787105617,19.006753474205137,30.262129417148941,,25.250658111842522,17.433160760647716,20.779359114861499,33.069431314748655,
0.86,21.634639000868169,13.885224684938347,19.143486588140071,30.312675834732662,,25.134281705249787,17.332413033462466,20.803943297477016,33.169393768711871,
0.864,21.460464990070225,13.874687155375366,19.224812418984587,30.374285858420741,,25.024578509865549,17.259727447397253,20.850952998838686,33.168529068181670,
0.868,21.316712400793165,13.842358970593933,19.274130557022183,30.401621319587704,,24.914236862318447,17.220049380597025,20.901288354396307,33.091732786005764,
0.872,21.200995014146592,13.770410554926363,19.364045218982625,30.395718586548149,,24.780760850623697,17.164706176136932,20.907696112516970,32.974310245796836,
0.876,21.091011962323858,13.711602338503571,19.423778727887335,30.390914882497761,,24.622602244590272,17.083549974499292,20.882742790665354,32.823048878365995,
0.88,20.960538213630819,13.678741078130749,19.408114576445776,30.388145712487201,,24.429344006049387,16.996618484615652,20.863172525928121,32.630264471551413,
0.884,20.780776572025282,13.615749587915657,19.387728453278719,30.353239066774741,,24.195329168461530,16.927176929510708,20.854501009331180,32.407632611751040,
0.888,20.570122359934466,13.524085125412965,19.384360956947667,30.288633682318743,,23.966667110100509,16.872461942659115,20.825336025312403,32.185044208943481,
0.892,20.387941937063488,13.451938435687399,19.366415623986381,30.214123224455143,,23.736316118295825,16.781596416342850,20.743680113597801,31.943457135372658,
0.896,20.193517696341686,13.366186712350126,19.317006227680071,30.061303616071527,,23.444116991092002,16.626900842361316,20.617158724318429,31.641616853763885,
0.9,19.914135603485597,13.205113159576401,19.228873343661764,29.793844488614511,,23.113330486330401,16.452484494519581,20.483282904589242,31.310180433832151,
0.904,19.605142536542360,13.021579370753981,19.106598303428655,29.493460871944105,,22.725796843092752,16.226539641005918,20.306260309949952,30.904048841913571,
0.908,19.291818761270321,12.884654065880017,18.923883530869322,29.124835465206079,,22.227726757066115,15.888158747828946,20.033814425376065,30.352903741994645,
0.912,18.920959531626742,12.734818873867775,18.668290616627864,28.599980487327787,,21.689174483497759,15.543000998129052,19.738298223057619,29.748712610422796,
0.916,18.492896019160035,12.516727492580513,18.393735529548390,28.013014385171346,,21.083203978913271,15.199182732322026,19.422984756771953,29.079912777596739,
0.92,18.020479168376433,12.260175079586954,18.092530703748348,27.455507269826370,,20.338284882978620,14.744400366199558,19.008040132661023,28.243866418807183,
0.924,17.409720682475466,11.912174021123668,17.668540459432638,26.737120221077639,,19.578143959324215,14.243254792481281,18.512926310775622,27.337379015800931,
0.928,16.628125802603940,11.414380807743187,17.091313448111322,25.678533447047712,,18.866340852969078,13.763521734051221,17.982659452060894,26.479101507711121,
0.932,15.839765589023552,10.891417786053468,16.451393725366060,24.477527613818001,,18.001760541569823,13.201179842539711,17.385662691522732,25.474149239480674,
0.936,14.948166690847334,10.326199368386080,15.652724990271352,23.139187545837661,,16.871482029917299,12.504509617269528,16.692855704172221,24.146812126494847,
0.94,13.766026064569632,9.586231507193137,14.577867043803501,21.481024227474464,,15.713691896692044,11.804974850884165,15.995832646830124,22.744252931793916,
0.944,12.542394038421518,8.799805044035606,13.474588732308238,19.759910321347391,,14.512616459249688,11.084085387162364,15.187932536762446,21.219476186393852,
0.948,11.341717402279976,7.990914118837508,12.356415425060655,17.963933948304714,,13.071479115014625,10.225511596261144,14.102631055417978,19.349758293652194,
0.952,9.996430108183608,7.061844809555605,11.020963405523474,15.848021690896317,,11.651568889909957,9.352729498875872,12.970487210865031,17.482424559082595,
0.956,8.689148351234010,6.165349956705175,9.670251207182432,13.756066805155470,,10.276882019488854,8.461706151142081,11.796962766056136,15.626755620301807,
0.96,7.550005373239099,5.392457243000664,8.495461915573674,11.949156389857933,,8.714434267736033,7.432354753535868,10.357670992735667,13.437804232509503,
0.964,6.277964977630727,4.521521178085542,7.157524712630380,9.891731943249018,,7.178607504255016,6.389854835958498,8.822650147640468,11.145134541792356,
0.968,4.672416692110351,3.399273537612527,5.328513348340183,7.158706244439942,,5.596180078052479,5.194499876543442,7.056823795804990,8.600383418962975,
0.972,3.044044669605181,2.226156879698516,3.329366963223910,4.342915592647090,,3.719524182751245,3.619174101476611,4.788430139516384,5.460242964976547,
0.976,1.528719604964208,1.144781778250124,1.428266501329049,1.911186696706807,,1.948240778124191,1.975382725991703,2.554991787378949,2.436422609583503,
0.98,0.115047812242703,0.226299573582387,-0.240874725063786,0.033782665546576,,0.678369886359444,0.578400315302926,0.929649407933598,0.265257558494101,
0.984,-0.777023200569911,-0.306797618172131,-1.183863940232982,-0.705603999267626,,-0.039277457855732,-0.439656409772284,0.056087936107657,-0.884714326226511,
0.988,-0.852323165006375,-0.369837591982860,-1.152869154424874,-0.355720514568613,,-0.192775279693331,-0.804788067082855,-0.023187721215059,-1.009591167465884,
0.992,-0.337512931343145,-0.025804552583554,-0.438510297385283,0.147464544530339,,0.129347888506372,-0.433066073054038,0.395866523119793,-0.489413061076262,
0.996,0.277943346198542,0.504151306857587,0.368821341544419,0.200225662237476,,0.523388055532651,0.096505394725176,0.691080731832051,-0.006068251824627,
1,0.584710839325853,0.809536138303880,0.775703040751984,0.064992230261761,,0.523467029369091,0.130588641294558,0.601724992953439,0.001166050982795,
1.004,0.456728139547832,0.653293410232266,0.630222007989146,0.054439832570144,,0.204376831023225,-0.211846085947943,0.409813635512288,-0.321453893673521,
1.008,0.104985374993085,0.240032778049596,0.114003213288898,0.060631978620401,,0.040477830587532,-0.372326374751725,0.329399555038830,-0.499834381174294,
1.012,-0.127772353856637,-0.054720601716990,-0.353902374550855,0.050790294647341,,0.208243243155015,-0.127009926167059,0.388145686524059,-0.352963254337067,
1.016,-0.134940623945321,-0.077806805160886,-0.431533440922657,0.102000355788896,,0.400547511461133,0.193311034851476,0.532393857480819,-0.150012831612299,
1.02,-0.021535952120410,0.127372351271845,-0.103309260242399,0.147617024906718,,0.402461588738677,0.225535112256018,0.596093754174715,-0.106955548051018,
1.024,0.117753854813894,0.400051602694369,0.283340224230787,0.128137924107124,,0.314396676188782,0.003304306000829,0.467898658391135,-0.198174810963708,
1.028,0.171785409356379,0.481879443072735,0.399451998253726,0.100247543054276,,0.246044254782917,-0.181577000921332,0.286994088848229,-0.297923324006448,
1.032,0.063295230790892,0.313900761994502,0.238889152731260,0.091297480780711,,0.251885789132726,-0.144794097863344,0.315533623802215,-0.282260981513489,
1.036,-0.090928781813876,0.120148340067362,-0.023110822776937,0.055611522982769,,0.323284298849772,-0.041291326843858,0.455358073914466,-0.219975911459952,
1.04,-0.159638988142861,0.035974424032679,-0.211397974160923,0.001494650862057,,0.356524029914263,-0.066578984294365,0.411648022293197,-0.257016762829501,
1.044,-0.130355248867311,0.070493760682618,-0.187818339129809,0.007597482458450,,0.287282794532309,-0.159429933374641,0.263577477529301,-0.335078951589032,
1.048,-0.020116018484607,0.213326876010541,0.051429406616015,0.067859885226286,,0.240390139478208,-0.192924680794343,0.248856145580680,-0.328909191179739,
1.052,0.124055135671350,0.353516147357247,0.287674925981482,0.098260434122634,,0.321304191522748,-0.146805007211618,0.354593822002734,-0.267158999328422,
1.056,0.178726497025014,0.370364378730778,0.294180948885293,0.106775109064022,,0.416299337222902,-0.065077525275093,0.438411769579843,-0.232373054784832,
1.06,0.079132633944929,0.260522421371606,0.087659805583200,0.129590781254811,,0.424588832109028,-0.033288360183935,0.474035468178691,-0.240306170677382,
1.064,-0.049895609273357,0.128590329368308,-0.104956932585534,0.128876009940680,,0.369656820292550,-0.083513119161585,0.452280059293652,-0.272671667404594,
1.068,-0.077825473470004,0.102492944326323,-0.128532213381695,0.090494540242554,,0.300975393843429,-0.128126787102329,0.354483288053965,-0.286608552756921,
1.072,-0.003570127786712,0.202294849387430,-0.023269562099106,0.066036949208388,,0.281667616193820,-0.111018805681583,0.310260808860399,-0.258643584436643,
1.076,0.093357319110091,0.291033924699514,0.108530323840497,0.075047011347674,,0.300902055254295,-0.072973814965954,0.365454439482743,-0.278564615024256,
1.08,0.132915630377093,0.277644049860958,0.191409190158142,0.068490113155638,,0.290951054661184,-0.063629545458259,0.398991157446041,-0.378337858080139,
1.084,0.091728534017228,0.222942174419179,0.154969717195385,0.049445029465738,,0.268405613507253,-0.094312749940661,0.388378270588038,-0.424537232380738,
1.088,0.020065634035745,0.191756029284022,0.010019667132194,0.063127919254690,,0.275627903851343,-0.114846892704446,0.401381722781488,-0.354062921525388,
1.092,-0.024114310077733,0.202507111375312,-0.102391395047380,0.087708985025960,,0.310065514839077,-0.073411085518599,0.424367716037442,-0.249175163340793,
1.096,-0.020614836160071,0.234643546906591,-0.078394236370861,0.080214408997312,,0.335919689618173,-0.015419073932667,0.396126478815018,-0.211341269633877,
1.1,0.037601339143436,0.249132926465851,0.031119676673283,0.042962316893089,,0.332007544625085,-0.006728758158428,0.346479643488987,-0.257718305725712,
1.104,0.100203597490904,0.247409259886987,0.098163317733535,0.030237108241440,,0.321490179274525,-0.045572281778810,0.335294077762042,-0.319868698228526,
1.108,0.099931711659242,0.225653853383651,0.072734949314544,0.049155825230859,,0.326532169195366,-0.086371050910011,0.348970173980388,-0.342871522336369,
1.112,0.035699140341684,0.179007395377785,0.003133641070759,0.048263129915694,,0.348588302171249,-0.084792025367449,0.377045155334003,-0.317518634777038,
1.116,-0.029617274692256,0.149137775025551,-0.040694999534198,0.050021480789166,,0.344029481178111,-0.058302390581345,0.405272720418799,-0.276146180829859,
1.12,-0.032068795882387,0.158395059341701,-0.021419853142543,0.079871140617393,,0.280795880706547,-0.049542929711065,0.404240387763011,-0.256410215211287,
1.124,0.020433827250871,0.185757126192581,0.040647133593619,0.086424538035464,,0.229217878632510,-0.076046820526717,0.402817023102435,-0.253074587654731,
1.128,0.061483665333326,0.206015463377262,0.094324654691637,0.048698934943479,,0.237507994481254,-0.122291475663612,0.401171589540262,-0.251144674336664,
1.132,0.039109791547459,0.199668996684774,0.107875774047372,0.013299203186035,,0.251915597939720,-0.151889409020118,0.384352002595769,-0.265625454643282,
1.136,-0.024711800985556,0.154687566807787,0.085698335789255,0.027711525735483,,0.245568457399605,-0.155077913036031,0.375074793489300,-0.310731939071552,
1.14,-0.055739267335638,0.109802946049898,0.035614142935956,0.059730282975018,,0.238101225758992,-0.140302875095614,0.357938119084660,-0.349255402358483,
1.144,-0.032933731948589,0.132700562787235,-0.030041546784375,0.064904128939365,,0.248930919908615,-0.117732365408928,0.352739420135348,-0.345985535894241,
1.148,0.001106374376457,0.196147326095255,-0.052976435576472,0.076651947407905,,0.280629635001827,-0.100645165245758,0.389415742253327,-0.353605299145945,
1.152,0.011102303796888,0.217017619247639,-0.018372917800487,0.114568026717874,,0.304600993397465,-0.094768277494064,0.393915697400851,-0.401051219489989,
1.156,-0.003939607988467,0.190684322984054,-0.015974913605453,0.147113839380795,,0.303837189370937,-0.091830147380235,0.347663167675570,-0.390568847158478,
1.16,-0.009695496704928,0.167489171799155,-0.050699341911996,0.145961486474464,,0.305577062429895,-0.082012817150610,0.323720105487771,-0.290153261338001,
1.164,0.007611999206795,0.167590929677455,-0.036881927095802,0.124287949892326,,0.342774817186846,-0.073827525913535,0.348241003235825,-0.224222146198701,
1.168,0.034934498858946,0.190487633464865,0.024794011634528,0.110438483063014,,0.389780383493408,-0.079613331281296,0.415038268649535,-0.238826436422163,
1.172,0.066273226345757,0.228791932055915,0.085624879231880,0.099443680928295,,0.400869933332284,-0.100320750781886,0.472589336459247,-0.256852927280805,
1.176,0.082466909706438,0.243666262585273,0.090963921197222,0.074214868796441,,0.372646186661234,-0.122422326598655,0.456380233085323,-0.257093044002454,
1.18,0.077657783994911,0.217446447367272,0.021485001062396,0.045758843635835,,0.319076040050388,-0.137326489221315,0.404019571336190,-0.269549098133840,
1.184,0.063442191613836,0.176050899661266,-0.042247547646048,0.047321183586522,,0.274004940400300,-0.146386380539950,0.378756257499507,-0.298203545470142,
1.188,0.060319713314681,0.154137226530153,-0.048210871965579,0.077484494729726,,0.288295106583929,-0.154478413609745,0.383098153277492,-0.305307269939679,
1.192,0.076285937765701,0.161012141461876,-0.028038105648530,0.099955529590312,,0.328500439337332,-0.182755953765287,0.395032430783912,-0.274016153293353,
1.196,0.075782942277095,0.173344229673432,-0.000557898044295,0.085711561845621,,0.322442597777625,-0.192478392118475,0.395539334778369,-0.240469806486079,
1.2,0.043904906203707,0.177262850961522,0.036423164299484,0.042136305605685,,0.287967568208641,-0.131311789106614,0.393983659737831,-0.246196490262675,
1.204,-0.000583783907082,0.167967542482403,0.057087219509801,0.016612293166199,,0.271967272254127,-0.069469618602644,0.392671892728206,-0.286963049544869,
1.208,-0.036989469503724,0.170289755434172,0.024103980752309,0.021558628632325,,0.284530012768259,-0.068042917203685,0.389238667162082,-0.321313681762006,
1.212,-0.044624452591198,0.206896365286329,-0.027425082979704,0.040884131184920,,0.285281839725466,-0.084256063023812,0.388679676756432,-0.341962202078203,
1.216,-0.021176250016676,0.232629009353870,-0.043561262127150,0.070616578331199,,0.238819880300201,-0.093077732031688,0.366479209549552,-0.358200276382260,
1.22,0.005472320791420,0.238159011533016,-0.044092332322502,0.070262817039304,,0.197828484852530,-0.117251283287706,0.337638347823326,-0.375561851053560,
1.224,0.020597209158878,0.267536121260709,-0.028611181559638,0.005028683688449,,0.216489181634031,-0.143984555498406,0.346383117633720,-0.389783373686161,
1.228,0.035321775651931,0.285126694997145,0.002299728820639,-0.057733455438861,,0.257155541362278,-0.158191374318272,0.372035916724192,-0.401127313132574,
1.232,0.044277925779951,0.253396109991990,0.003143140574907,-0.049862125926714,,0.259176902708335,-0.184776952394732,0.391781941681373,-0.422476117640750,
1.236,0.037329549541541,0.226497318381016,-0.002789871781615,-0.011839272426238,,0.233726291333068,-0.202999529891743,0.407928706053576,-0.415184461756386,
1.24,0.017450456975211,0.226242053713074,0.012075319221568,0.010737719970940,,0.220999974188179,-0.180028569409580,0.410359165759682,-0.340957880985226,
1.244,0.002801243301340,0.225764077357359,0.007491426926612,0.041041077552639,,0.216145736614593,-0.144322492799990,0.411062588445232,-0.261073177263178,
1.248,0.007809251795469,0.238252215371400,-0.015893063303691,0.102832074668111,,0.202155908346999,-0.125098136403829,0.427935401504911,-0.269103126740380,
1.252,0.009957425263752,0.271788880449389,-0.024148734415782,0.147843618680472,,0.206824198735277,-0.117011996695549,0.447671832765293,-0.348842222003738,
1.256,-0.000804352481200,0.292053127184077,-0.006520711595904,0.122792023088286,,0.251927222601122,-0.120123351838579,0.440450117366947,-0.388737515597457,
1.26,0.001274232627610,0.280105291525371,0.028807886981908,0.057383546198351,,0.277192573729532,-0.134251831792425,0.416938653082733,-0.357400412748860,
1.264,0.019501646643881,0.246917146072273,0.025155672249067,0.017298313995923,,0.249201779708837,-0.133981782954533,0.416315105631927,-0.306548321216558,
1.268,0.034550052458867,0.214089058545742,-0.010711962372539,0.025537741469118,,0.223001887467227,-0.109563362805050,0.413861129733565,-0.268893320747281,
1.272,0.028801773121805,0.185635979347913,-0.022056983830308,0.056648712407031,,0.222367184584723,-0.100949987547724,0.380355038276146,-0.275349861845986,
1.276,0.003085881323941,0.154446253597421,-0.035117294398025,0.072234800434245,,0.230706790552588,-0.127923474668668,0.349369575864131,-0.314064952288015,
1.28,-0.015449375020401,0.148419445105094,-0.061436873549419,0.051386988944590,,0.268156974888932,-0.158275221158909,0.338954709054487,-0.338299991332011,
1.284,-0.028906859019103,0.175212393705461,-0.073001988605905,0.016851933608765,,0.330466555371606,-0.190223363604149,0.323068345061408,-0.348688976246919,
1.288,-0.052307756797220,0.194275373519554,-0.064146349578111,-0.002952387729665,,0.358107170383453,-0.207145207192282,0.293477967799686,-0.348034690364683,
1.292,-0.049189266970668,0.187205352578060,-0.050485763862537,-0.002169075225877,,0.343444071691853,-0.168152712353486,0.276676972176679,-0.326575482418629,
1.296,-0.018985121834215,0.182939286123600,-0.049420582720116,0.029030832991352,,0.323514886861869,-0.099901621468796,0.285883809090655,-0.308836640739787,
1.3,-0.005674610711719,0.222734841696816,-0.038656660238586,0.064645769385189,,0.299286746474996,-0.061609453119320,0.315541315298874,-0.318227834316923,
1.304,0.007551392959397,0.270123173604047,-0.014027380102429,0.068635785200212,,0.279040200916731,-0.069098637164486,0.348508913729337,-0.346349794512565,
1.308,0.031342652229550,0.288564170133298,0.003141687153441,0.053502902947630,,0.283363210017593,-0.083653152885169,0.357847158734682,-0.377178561149076,
1.312,0.039790613994027,0.294079617342813,0.028080381073172,0.022710633047080,,0.291597136336517,-0.082159719307308,0.338448267812045,-0.392206842261035,
1.316,0.038424974224489,0.249178497508948,0.056814866772180,-0.023259361578802,,0.295136074225124,-0.089604061267115,0.312510645375563,-0.374885371221585,
1.32,0.017688201475097,0.176215504642333,0.052218843254589,-0.049617819860013,,0.311834422165840,-0.125478711268300,0.304346581959224,-0.335654734846439,
1.324,-0.025352299247324,0.159772332215335,0.015830550620145,-0.041599221009813,,0.326637971748163,-0.155816091611297,0.299620946094065,-0.294161558044270,
1.328,-0.054690774172312,0.182472202971739,-0.000180721817103,-0.036775054930041,,0.313745852999822,-0.149404718606711,0.279609574156784,-0.270897187415407,
1.332,-0.067441483374893,0.186701124094386,0.021821908508963,-0.057905739041360,,0.298335688164746,-0.132471531687440,0.291314073094042,-0.294823549824511,
1.336,-0.070202896889434,0.179132650839439,0.045820971214034,-0.067898572627822,,0.307663060860470,-0.125520298951504,0.346664381147495,-0.351316861092837,
1.34,-0.057025290354566,0.181208632274481,0.027794102287022,-0.041636799040219,,0.326417692984253,-0.113964904033489,0.399265165271613,-0.393497272830138,
1.344,-0.045966275252093,0.178878161012056,-0.023707862066946,-0.004054475174133,,0.323995022252103,-0.108034516652401,0.444884212535695,-0.384228849702707,
1.348,-0.054666186330714,0.177928873928728,-0.047824807142765,0.013276362687231,,0.294111301886660,-0.128413640856859,0.485041720727845,-0.333475745583095,
1.352,-0.061823612789877,0.188406250434706,-0.029007202027852,0.007501019258898,,0.268413022293179,-0.152743632253631,0.481620791653473,-0.311402237499267,
1.356,-0.039080934132593,0.183846649532334,0.013454644794754,0.012850734619507,,0.264641387664170,-0.133848887792073,0.431280539328054,-0.336237083466241,
1.36,0.011400025880081,0.182874914037867,0.070303828484010,0.043985656365553,,0.274343097314947,-0.068686791419975,0.393201070145265,-0.359332366478957,
1.364,0.029854360724323,0.210214663433899,0.100929469469702,0.065131354575643,,0.285286856631579,-0.036159276321686,0.397009872445391,-0.355132139001921,
1.368,-0.023909138119648,0.233561899132265,0.069914713305118,0.066140210322190,,0.290210060143305,-0.071210181310830,0.403234928471947,-0.366697924776871,
1.372,-0.076113396471214,0.239415337391230,0.026516534012829,0.050591629262134,,0.282780157114085,-0.117157463168366,0.366976032091376,-0.415274141793499,
1.376,-0.049794327522482,0.229506109572505,0.013752240850964,0.022418020103488,,0.260946122777185,-0.144066455324194,0.319388036967247,-0.420468142001616,
1.38,0.034731295794253,0.212969289355811,0.011236433960580,0.017189366438938,,0.246189719098646,-0.161294256558373,0.300453122551279,-0.355112056244293,
1.384,0.095950350233531,0.195281139752834,0.002018385279122,0.007520839789286,,0.268045420981328,-0.181107083024567,0.315624174100831,-0.303113730309315,
1.388,0.093288968088876,0.183206813494760,-0.022342251939734,-0.027449597844182,,0.315694195772590,-0.204347947848560,0.356144948893754,-0.294591058453273,
1.392,0.055736961344776,0.190797107598960,-0.051571289881126,-0.035724363240415,,0.361077682329598,-0.195865296355662,0.376994384824928,-0.297190955213067,
1.396,0.021265989225789,0.193518339415213,-0.039044513241786,-0.011021620770945,,0.386260869338486,-0.157144306048986,0.374207378025635,-0.304420723652860,
1.4,0.007355399300926,0.195718403535329,0.018768889224347,0.019404768879005,,0.368840905982978,-0.136979468840460,0.368843698116330,-0.312278738810997,
1.404,-0.008149956527447,0.210878751443493,0.063406533501368,0.044533145707635,,0.326223907280673,-0.122604010015273,0.369971212017476,-0.329166142672278,
1.408,-0.045925895192791,0.206426180032593,0.075725032262238,0.063572405165665,,0.288126114417069,-0.096748997064993,0.382353332542249,-0.353844262065409,
1.412,-0.058046086165521,0.198919464015531,0.056834731584229,0.069693972662410,,0.265931812371306,-0.098218507718147,0.376931715848322,-0.367748425560423,
1.416,-0.025052859326235,0.212256230676360,0.035721077881948,0.062535659015609,,0.264524835825331,-0.123925641571332,0.340050325087352,-0.381700307117454,
1.42,0.003871521225778,0.201181949290780,0.050359761844352,0.057022408203339,,0.255831993967012,-0.130805701926732,0.302773679632557,-0.396966843107026,
1.424,0.007633436497758,0.155978418819835,0.041623356967359,0.052338989119660,,0.247372556120871,-0.117927246387928,0.296347514865970,-0.392301972310494,
1.428,0.007715853590017,0.125368918052431,-0.008676797654564,0.053382393195074,,0.260127942680079,-0.116314703930707,0.318821619973830,-0.361046538274034,
1.432,0.024834236062874,0.124289526756843,-0.039190468147867,0.071691063062121,,0.256603446718715,-0.130480744280043,0.359028414704323,-0.321633184960640,
1.436,0.026588929412056,0.138122406462647,-0.036506465365940,0.076750574354176,,0.249049124582355,-0.137148777946783,0.391168020576628,-0.304022870629012,
1.44,-0.004330012099489,0.162970134941952,-0.015329794841613,0.037732479443693,,0.258196360622973,-0.130749935320976,0.374309824100052,-0.314643460625818,
1.444,-0.013457537893196,0.182866302578355,-0.009592779416885,0.001391874702407,,0.241184027744108,-0.130736688282578,0.338334697683094,-0.341898084831881,
1.448,0.020904639998283,0.191392121746384,-0.022916236825849,0.017515812402982,,0.200427406426087,-0.139582560958348,0.334420837035748,-0.371336536919474,
1.452,0.036896942994590,0.213677343451132,-0.008668125578499,0.067592184483242,,0.177160091974973,-0.140238915778197,0.334333075554271,-0.395775114983084,
1.456,0.004440659086771,0.235993061061963,0.023739723583955,0.112299334579787,,0.207862495769958,-0.139990323004521,0.335253493841434,-0.412099198156939,
1.46,-0.017827293656540,0.219193160294928,0.035505342725937,0.109372053555345,,0.283367414415017,-0.146349092121211,0.367188072621481,-0.406744634693000,
1.464,0.002936816567485,0.180926323326296,0.026449272209688,0.064560318958082,,0.329377473916507,-0.156694510471386,0.387065675082607,-0.410206043763219,
1.468,0.025448795588594,0.167190491331785,0.008581222225298,0.044981312831227,,0.307177225304400,-0.178893754952399,0.368088209478562,-0.434816596725873,
1.472,0.028703487110179,0.188335933362573,-0.022797429238667,0.070505107061392,,0.252534605886931,-0.189207001827498,0.357292923069127,-0.419560111814685,
1.476,0.044525464035868,0.221995233526061,-0.062194314026636,0.087419664416165,,0.218284443079251,-0.176176421726660,0.359691736700589,-0.364774495239401,
1.48,0.055723114680296,0.236591374137012,-0.063994376409848,0.064295888526754,,0.221180056126616,-0.177008387872520,0.344496529988256,-0.336646861374526,
1.484,0.020802416607091,0.218576479388947,-0.015026729997015,0.032555507357693,,0.229056258062631,-0.186410894738547,0.326465058245119,-0.348862199648561,
1.488,-0.029135313605631,0.196366017917722,0.037623946977838,0.021991376149062,,0.218887218290783,-0.163396999082079,0.332834093013328,-0.368465329106477,
1.492,-0.046511184108141,0.191621967573824,0.066465364166598,0.035486873587309,,0.201405505843479,-0.134715069194533,0.343958268228674,-0.372944200142412,
1.496,-0.023304001366201,0.201535318281923,0.063883641752250,0.058322432053423,,0.179430010502467,-0.146235660534874,0.323155082840562,-0.360349244784030,
1.5,0.013615078350940,0.214474078139644,0.043136988224825,0.071944801207347,,0.167146867211571,-0.157328027337748,0.289385142792693,-0.367611922767925,
1.504,0.010783033957005,0.206052484803319,0.025213063049454,0.085099847587557,,0.188135111149486,-0.158425814899346,0.274564161229940,-0.387389921190398,
1.508,-0.022857481928822,0.195359006493221,-0.012902885331451,0.092777290261064,,0.231479583143875,-0.179230553824217,0.275315892042016,-0.357722866036165,
1.512,-0.019238838873718,0.215076268039489,-0.060265787283471,0.079808365489367,,0.262093904781811,-0.170798817065469,0.285200558735198,-0.312135843937755,
1.516,0.015142103184247,0.233438298731101,-0.069261978384401,0.062969563270426,,0.269184597044143,-0.111467666431350,0.317059156590754,-0.314281945687036,
1.52,0.023529955890879,0.222022117194795,-0.036579096720431,0.060624693036507,,0.258603194531885,-0.062833920948738,0.377241123449125,-0.348422627476546,
1.524,0.000758063873932,0.224013501592606,0.003300105874664,0.075201867573386,,0.249692750301667,-0.075155068875736,0.420830436723379,-0.391981798125633,
1.528,-0.024710839769615,0.253318829277930,0.021257507787699,0.083598642075038,,0.278249542616445,-0.126299107999508,0.418814766379152,-0.416870477392307,
1.532,-0.050318722380878,0.244089715654839,0.012507901794930,0.058451610967666,,0.316926590933724,-0.161103797649945,0.417278360821856,-0.401333320922278,
1.536,-0.060458719567213,0.197514098964577,-0.010236898873918,0.000713312925365,,0.321670568359468,-0.149699690137560,0.443098766014357,-0.383883730744985,
1.54,-0.067024679173314,0.190833631972266,-0.021757395274688,-0.069698446296972,,0.431872113669320,0.243917450829042,0.965367123963347,-0.020063140103189,
1.544,0.118862108099937,0.252354035208694,0.208085876861226,0.391994999496479,,2.908304197677210,4.379161915975684,5.563646745993512,3.764104973061083,
1.548,2.735507655793105,1.599220262479941,3.006998863723846,5.132912341445297,,10.432997941604533,15.072437683422232,16.576920104917498,13.491113036102188,
1.552,9.670413040559788,6.335891856369854,10.587033597181980,16.408322749205851,,19.887788012462352,26.913087134580547,27.901299421524829,24.203331051978083,
1.556,17.257346640769406,13.391230814748415,19.631599794896342,27.749685020949048,,22.571154463792517,29.923673693016109,29.719747101380086,25.828201434957862,
1.56,19.728193635040483,17.871165501430994,24.046718148445066,31.175356628810480,,15.483408136229176,21.914685270427242,20.304975250787944,15.869386801334574,
1.564,15.431102099189358,15.323235292524750,19.725239820785049,24.144223648320640,,7.692283876737758,12.940276572211506,9.852841030708198,5.291340617093196,
1.568,9.164436816671174,7.589241139258565,9.194119462394129,12.284524117156419,,8.432453386059276,12.782486247250924,7.743849335848656,4.159050950430982,
1.572,7.600130461225314,2.242543906522100,1.620134567437629,5.978008922581302,,15.551708033821507,19.822203185477282,12.407939696252331,9.855162210881666,
1.576,10.956778384467148,3.587680728838506,2.152601991335794,7.388490513153499,,20.594516317280885,26.057848490735292,16.847149853084122,13.970217128510347,
1.58,14.835492251390074,8.407095608923305,6.982935877575760,11.161509729112950,,21.384818401602967,28.593348954901892,18.496460216864470,14.427018459829849,
1.584,16.915553467244489,11.324088192774303,10.162043023956773,14.016663082315366,,23.044414278198250,31.150707763177401,20.229317145596838,15.484103628580749,
1.588,18.653460963058343,12.696440363158805,11.786144090739292,17.089628759504784,,27.938753212741080,35.593795667423173,22.968698064293232,18.462787485095674,
1.592,21.863511241322186,15.542339296265006,14.565541780764619,21.701217414869138,,32.872500013088974,39.303835275627840,23.899410026105308,20.195120522280877,
1.596,25.417698391694358,18.782317476761673,17.148178487622580,25.421003009234376,,38.406428594365146,42.282380309977206,21.868590753414605,20.109524862820276,
1.6,28.725624600811528,20.750910319460644,17.249264337126696,26.134934603881746,,49.241180815597893,47.490864428828665,18.709915099755044,21.566441605229102,
1.604,37.071762218483613,23.722322634328673,15.045399664593164,26.450085151098364,,63.914987997895850,54.184148671200134,16.233180126610673,25.875812649187861,
1.608,53.369509375059167,30.375699840091201,12.895977086455121,29.342747003940048,,74.685806842039199,58.662548502903604,15.004809489666066,30.109816950216686,
1.612,69.324333784992959,38.700452219216231,12.902167209751532,32.866696637946099,,75.478106589825003,58.291211755137454,14.648771162232286,30.882538056260785,
1.616,76.010624357948956,44.389106765567306,14.293759924723904,33.532331791788344,,67.469785843348632,53.583373718004566,14.895044493606449,28.541276401714043,
1.62,72.507018393383873,45.270069987055898,15.419352781716007,31.212526268755262,,56.077785455639543,47.191683758417298,15.969974554189502,25.645666661983807,
1.624,63.332901143552789,42.342789979977660,16.250739806256618,28.392573195845912,,44.541186526157603,40.543507720897011,17.662750512177599,23.292670684682498,
1.628,51.959201871480872,36.933129968598585,17.043455536693852,26.291940486416021,,34.361596326431766,34.136381743084542,19.112380875082092,21.346013624607878,
1.632,39.907749885087526,29.822316552637055,17.208130519872469,24.303493490362662,,27.664019890783180,29.416360186508449,19.740910797178106,20.051434613122112,
1.636,30.535860645410224,23.323309708520963,16.464193668695902,22.476063626190182,,24.588796962817177,26.519125678667582,19.381720712958607,19.464119745259453,
1.64,25.442148395723223,19.100363130876609,15.386677626221857,21.312507737427875,,23.090396929143637,24.194649415605134,18.197100283650286,19.029068131885431,
1.644,22.974937528085267,16.642508433770544,14.492089138482402,20.729166147637955,,21.959566612536634,22.283053193022717,16.894441140604076,18.432625608429809,
1.648,21.469581246030984,15.003030405596860,13.763112268265811,20.306226120427414,,21.090517048494345,21.021959709114199,16.080510035110706,17.970339704630273,
1.652,20.396553595316412,13.855929037996976,13.083743552845693,19.811684831327149,,20.618076245577647,20.320557392544032,15.831824810576684,17.995123021827855,
1.656,19.620765026888435,13.065292884574916,12.471978472675916,19.219826697465422,,20.450859862150754,20.037687796125741,15.912864770386925,18.269396219867168,
1.66,18.954762817091801,12.483389988353427,12.019762997750004,18.605413753346340,,20.377746954209933,19.953345020367507,15.988000036187367,18.390562181780346,
1.664,18.402203229946238,12.202651871036840,11.802042608304287,18.130869514039336,,20.296822478020079,19.844932753163256,15.875219195894271,18.353474454800448,
1.668,17.911548451849097,12.135364754634871,11.740198695669477,17.707586312716629,,20.248308517959508,19.666693597154488,15.641386442687148,18.304912783376775,
1.672,17.395217397056335,12.045550598623604,11.703995092672052,17.182865614431819,,20.292691338334073,19.556445343476273,15.448301915474786,18.239855377616429,
1.676,16.960908984629835,11.924515791345787,11.661333314469772,16.699250314427189,,20.349015285357204,19.589270427458978,15.331626641434074,18.101876855865996,
1.68,16.650420209034436,11.836971012789572,11.608604993991023,16.368545621424786,,20.373101937415029,19.713083913399675,15.270006202535829,17.938473672684438,
1.684,16.294455441939125,11.760567785732645,11.539195316635814,16.045479944593417,,20.444472581558504,19.857820147160233,15.283693956074902,17.844541253988499,
1.688,15.826978944703479,11.662475968844346,11.473416989160903,15.609595432435929,,20.568268776165812,20.003380011058521,15.350346480466047,17.814566305686903,
1.692,15.413072901423725,11.549702466657530,11.431136648316938,15.211212039196447,,20.673735403001270,20.163607997666645,15.416698960256971,17.818218774222888,
1.696,15.106563432985308,11.440004529056315,11.411963306166854,14.953580756899520,,20.769076642616909,20.320542384740389,15.493892234318789,17.922019552141585,
1.7,14.798970896694259,11.353998560836086,11.391564732491613,14.738696846018176,,20.937547966481777,20.498074808797028,15.633018203877461,18.161234654567693,
1.704,14.493928236041828,11.280836856025200,11.367717409860804,14.542537878261882,,21.226211355933124,20.741811539709953,15.876741672750372,18.504335231543138,
1.708,14.221439424695607,11.163437327735652,11.343934417180625,14.374108435849942,,21.600460167313834,20.998451611424919,16.177185470751702,18.895378007025688,
1.712,13.963737021747228,10.993651038686613,11.280292578151167,14.198546903358093,,21.977884818920799,21.158330597188119,16.393422704299894,19.277836724404331,
1.716,13.749321731264839,10.837923760385564,11.174080267959280,14.053212417505975,,22.324109018605235,21.251297500409130,16.514006196184059,19.673520366976096,
1.72,13.594683680327934,10.769353205348402,11.107474833907233,13.982928379548976,,22.642038122018818,21.410528576944646,16.626909077919535,20.081784698383178,
1.724,13.504975928686475,10.787420092189874,11.144527582179583,13.988447302171338,,22.938262393228364,21.614062234859254,16.749759107633029,20.430874294893194,
1.728,13.496523791421389,10.835252248185920,11.254619239961908,14.065048167683349,,23.252395376492686,21.794474564402904,16.908951592044616,20.751919686051352,
1.732,13.519620866661125,10.889937310527163,11.354026433031875,14.159880595412293,,23.584157305477881,21.950427087646293,17.127564570149620,21.080242451999272,
1.736,13.516488848789436,10.928521486815427,11.414517993148730,14.216978026138026,,23.855354057825352,22.027938580828817,17.333027946621677,21.326774510452484,
1.74,13.495089545413766,10.943995715155017,11.470753066861375,14.257431560503736,,24.013349285476565,22.033459927041893,17.451439757896935,21.484299026231273,
1.744,13.475055523746093,10.985616495512158,11.509115095505807,14.324938312622210,,24.085903618151928,22.064709863462177,17.539971748141568,21.627140894373493,
1.748,13.491177423746249,11.016868030591997,11.545240293816700,14.421537625433244,,24.133376047804390,22.149444350786322,17.687068881144484,21.750523557758239,
1.752,13.566722606445047,10.967020230750180,11.620302553827758,14.517809356770869,,24.155341312177448,22.265180004292034,17.841298728223652,21.828848635891472,
1.756,13.645457303054993,10.909488740211522,11.667231287030056,14.577830772177288,,24.072094204129463,22.325844469870866,17.921626871659122,21.844289074526241,
1.76,13.683201923491243,10.924819383453777,11.664601810530964,14.602942454106246,,23.864882292920395,22.246856156901728,17.916782361612793,21.774294000170055,
1.764,13.676589893904694,10.966799120545582,11.660354690879965,14.630436838996623,,23.621675238438453,22.093076859035975,17.841949031304772,21.668877027033371,
1.768,13.636296070246381,10.975815936879252,11.642389189784623,14.671502215026157,,23.357222622760929,21.909020808973125,17.735571709346772,21.555254989468892,
1.772,13.622632768198390,10.941487787004167,11.612189552073817,14.677255510015716,,23.068428152312030,21.679141096068097,17.632594015906555,21.400766141572152,
1.776,13.658104417642196,10.898905875170385,11.586203859867599,14.640433839676462,,22.844146586674867,21.460937103372185,17.536374747152134,21.248618936565634,
1.78,13.691447179736993,10.916136758233677,11.539524157896359,14.624956239161186,,22.670000732642766,21.286296228659488,17.438812877960856,21.130741916559565,
1.784,13.697960504788149,10.977416551245074,11.460965502114131,14.631595843357665,,22.454302214933772,21.101590217388019,17.332678751394123,20.995159158358415,
1.788,13.726797699784797,10.992961297732545,11.433766814254909,14.629742785516513,,22.213081526908919,20.881888365809370,17.216557753558657,20.856461389636028,
1.792,13.810100791676632,10.953688553241449,11.514084348441667,14.621978684113941,,22.028288425214555,20.662143943353136,17.101514476853833,20.791873261616445,
1.796,13.899143069446218,10.918214713647473,11.608155026722116,14.623750840154125,,21.890951399864118,20.463589815814895,16.988869184106846,20.765978519494581,
1.8,13.929529205015212,10.929468171629390,11.660248641642632,14.646929834711811,,21.753826281330003,20.306201784923843,16.875911741226798,20.692325905638985,
1.804,13.905325698971408,10.992556763917214,11.686694217181680,14.675502072424035,,21.641623722912957,20.224359543600041,16.770895251403651,20.589254608744035,
1.808,13.904256719683243,11.060491338415462,11.684615688735281,14.697903307624948,,21.566719944762831,20.153671185744457,16.688327610956563,20.506805320011878,
1.812,13.957845737746316,11.077478421309213,11.667585694718325,14.727601298286061,,21.511184815258037,20.025942503800302,16.608244338358805,20.427514379959813,
1.816,14.006218157801333,11.033488195012799,11.623072551819556,14.755695035370715,,21.457497789630011,19.902252601282434,16.500475741415173,20.343647592439535,
1.82,13.996363374640246,10.982373585179236,11.544086738648744,14.735468724996535,,21.409955240570469,19.796763962169159,16.398005057169470,20.315998674803271,
1.824,13.961305936167879,10.960136210464908,11.461613536463270,14.669447004608843,,21.377041396586343,19.690425116997648,16.297703875066059,20.342269403872006,
1.828,13.936501398204957,10.889739603977095,11.382197611845584,14.620028127502010,,21.326792423174819,19.610908451315701,16.165725292989009,20.334343835977030,
1.832,13.888367847420030,10.744810448323172,11.315357514586958,14.605047173716493,,21.250788316828569,19.526422206609183,16.042563614392893,20.270745625603364,
1.836,13.804975202217070,10.613033573042937,11.265302144772200,14.609018931101627,,21.192768426483752,19.377361485995536,15.957088778119486,20.186283303386876,
1.84,13.730590724719843,10.503532355475903,11.201716098286463,14.622354743183120,,21.145481187336234,19.182745242241651,15.894756154670219,20.108628581158989,
1.844,13.695208131126462,10.402026411212397,11.114666060509396,14.629761193377639,,21.026490341192307,18.996498276844385,15.819305773978165,20.058632927346093,
1.848,13.671289005893625,10.345760980221680,11.046226106670936,14.633360618988949,,20.825066608645649,18.802971546099830,15.690517721104788,20.024790758968010,
1.852,13.617936968251630,10.314005045433980,11.036140318952777,14.625950230405060,,20.623186740338578,18.586671334701244,15.521631038173636,19.966840698465845,
1.856,13.495679189421111,10.260215135427261,11.042293514816258,14.548407384331622,,20.469760635054435,18.377446376332220,15.335869090735692,19.874261097072516,
1.86,13.302053187216265,10.166772624360418,11.015782490955512,14.398908871668166,,20.360955395724503,18.183820797730196,15.150090605841129,19.764730460493915,
1.864,13.129013663177167,10.044606254241909,10.980445045521106,14.291600909139552,,20.220303797239836,18.014406518978479,15.021217780062113,19.637432246032859,
1.868,13.021864257219621,9.930236077902860,10.920286689494391,14.260252267617028,,19.994643812378897,17.881628518788983,14.972046505155079,19.493721819124715,
1.872,12.911111945275302,9.835347940911202,10.814492832812441,14.217127321016218,,19.791116032828189,17.778031187742585,14.949607997164671,19.350329166167754,
1.876,12.774197023642230,9.749561477166246,10.727571489512066,14.139047046838364,,19.646015675097249,17.656998545416887,14.884288212518648,19.230345508284906,
1.88,12.659208083175823,9.655255068147593,10.700390421184201,14.042766152361228,,19.476388347875492,17.474179706686702,14.760270523459079,19.133042786086936,
1.884,12.563053310778788,9.538217363103080,10.686292037805858,13.913895616838118,,19.283698177528162,17.277723148074671,14.633099239621359,19.015189076473924,
1.888,12.460219123508850,9.429545131067716,10.630073667793656,13.780544511325701,,19.063252182994894,17.100769124519392,14.529025019038647,18.839343293872624,
1.892,12.369806518946508,9.366323793512953,10.547088973447124,13.692462386396077,,18.792519542115748,16.917959046183181,14.424147928899687,18.624332614762981,
1.896,12.273209071130481,9.313066659863487,10.483571007897792,13.644565346193549,,18.530001339797277,16.762571876268453,14.327127525995554,18.422934262111397,
1.9,12.153420115532152,9.217625896659406,10.425174570081882,13.586037239629517,,18.322845889951864,16.656485969996226,14.261901257047434,18.241550868387925,
1.904,12.056374551327998,9.101323261213526,10.348013726363224,13.504727470312377,,18.086363113232323,16.523799973100804,14.167059674308279,18.053454146225707,
1.908,11.958425532446141,9.006306252292079,10.267592783457818,13.413599907076353,,17.762164141518141,16.325789502243214,13.999071527403373,17.855499107292360,
1.912,11.813243990633946,8.929846797471201,10.163743021901382,13.319891496388234,,17.460963899018488,16.117165909957976,13.830780256064061,17.644255671336094,
1.916,11.675890287612146,8.833957497794648,10.028160946303053,13.260756495229177,,17.218895641803719,15.890997317768171,13.695197189264480,17.392434576896374,
1.92,11.614971127970932,8.726631624653088,9.910372385208943,13.211996194944856,,16.973646228501501,15.630213714733934,13.553457239573902,17.102642156055619,
1.924,11.566440417765374,8.638400828511678,9.813772468906889,13.096390030012575,,16.715264244546795,15.394223197308767,13.381203959387740,16.834816195497609,
1.928,11.443257620491625,8.543763871556639,9.690141483188009,12.921259655461320,,16.408862433374615,15.167194991142249,13.177733874089586,16.586705921653181,
1.932,11.297938648769234,8.428796836301757,9.559506757423490,12.757129419989333,,16.045660444616043,14.903930193775137,12.956090167498200,16.324001527697892,
1.936,11.185641736114206,8.294112935442376,9.445263872577142,12.638217001726051,,15.713414894702487,14.652707660566540,12.758207807553728,16.091521508677921,
1.94,11.082210320663247,8.134792653728526,9.333685278140550,12.539957681320836,,15.468171868582221,14.445014690301880,12.635166161212988,15.911123325685535,
1.944,10.963529906406238,8.004295556291272,9.229168346883432,12.418724936805681,,15.259439645127941,14.233121941900578,12.533847222686648,15.704352505257823,
1.948,10.851370318002033,7.918047871488262,9.088701650624731,12.228829447055325,,15.014359013475730,13.999195537047086,12.365819575925096,15.411552898976923,
1.952,10.753611802177881,7.828732306201880,8.894140554943675,11.977563258712124,,14.754588507756427,13.783966436291898,12.165992477919808,15.110729080560173,
1.956,10.631807254228617,7.741244836495823,8.721626473486355,11.760673782337669,,14.506518250574658,13.572676629863881,11.973990765964720,14.858903034280621,
1.96,10.486709876384529,7.605746808497916,8.588379254888993,11.601530740304574,,14.248398650192838,13.348721766408113,11.783850520112551,14.605958811954334,
1.964,10.353344683043582,7.406614251313988,8.441923550517034,11.445344404548660,,14.017862588478804,13.175026613405278,11.627424338545739,14.341318423200962,
1.968,10.237955404900154,7.268143015440732,8.290261044084913,11.277731337038212,,13.821413962190757,13.048454185962674,11.484609654198151,14.075937820541688,
1.972,10.132135477789962,7.199460499626468,8.153140918214596,11.090241691070483,,13.616870817311826,12.888358618371509,11.322169817117185,13.796949584306791,
1.976,9.990491631590135,7.102214683732769,8.012337816315886,10.883415925470032,,13.419681076606286,12.694289106833377,11.184979744221019,13.531554398736333,
1.98,9.797866626655994,6.964542643928043,7.863670743746367,10.678018957737036,,13.236908948351227,12.523390285923089,11.061636439885227,13.319473590901342,
1.984,9.656643037805592,6.833837303378441,7.710633679262859,10.496926998023499,,13.031082183558905,12.394471300560379,10.888158749134096,13.124239715119945,
1.988,9.568810846552077,6.705433165221875,7.552580511461568,10.328746788748758,,12.812759531608378,12.278821822893462,10.674844214186038,12.912833228403453,
1.992,9.440382661030364,6.552169133856259,7.404687717853121,10.153951867581737,,12.640735012104464,12.138630138925009,10.486259655840058,12.743862121288956,
1.996,9.313617722200371,6.421474480261796,7.269841904274799,9.987963191978498,,12.476100130626868,11.999406490593877,10.352924281039833,12.589800423186553,
2,9.205972003708190,6.329632849225876,7.141161496200661,9.829893833703093,,12.278326873476654,11.895081987770336,10.254599704001862,12.385291636519026,
2.004,9.056493036670828,6.238852747819311,7.021545046651974,9.683505586874137,,12.117017649085403,11.794007796776349,10.152962017307031,12.177934878939606,
2.008,8.907070364474137,6.148615368513922,6.920771896110328,9.576822071687936,,11.947583957705302,11.631477494926097,10.020244641793264,11.967639809838259,
2.012,8.820796763464394,6.046393085908631,6.859850941590952,9.496330549259557,,11.693940036916953,11.374395809482420,9.866186628962744,11.740432537491881,
2.016,8.783424599503782,5.939861514271371,6.812898884264875,9.406254794693179,,11.461313806606066,11.096198028202604,9.722166852795414,11.542278603097532,
2.02,8.740081437497983,5.862021677853866,6.712242080624996,9.288190440328924,,11.317878614249288,10.902981267986993,9.601671041209876,11.385985300863346,
2.024,8.642571096707783,5.803131272482521,6.572963379814864,9.138424190630918,,11.146409850047089,10.770060170737764,9.445646085546802,11.237518370391580,
2.028,8.489436573877201,5.700668387681480,6.432331011993038,9.000054371371352,,10.886406209073710,10.608067095945067,9.210234247636523,11.070029495084452,
2.032,8.321279192366067,5.529018550498268,6.284931105771589,8.895798502841647,,10.644549885132136,10.425459641706247,8.977885159571066,10.888001230494819,
2.036,8.189413826794727,5.375588584593203,6.170901583982371,8.785155416451442,,10.444755007568114,10.230125573696101,8.823392673439525,10.677980574626227,
2.04,8.090196819766787,5.284346780324269,6.085216184128382,8.679618584480496,,10.213313702214398,10.021119108544944,8.730776567569789,10.444922077816011,
2.044,7.977605891153098,5.204608236454995,5.976576845259908,8.609180879998515,,9.968913917321661,9.832912066244614,8.640767168424233,10.225081119647978,
2.048,7.859874367751875,5.088265814922334,5.871457313711328,8.521888863286964,,9.721253288386658,9.634812422053214,8.538025511459583,10.034276522255450,
2.052,7.779775950506258,4.962629747636612,5.810648923671737,8.399145808000494,,9.450874693369840,9.416627768965460,8.447434657307266,9.875445024281161,
2.056,7.709024029859564,4.884514857847805,5.771145417905919,8.279299256655255,,9.238475324037381,9.233156969249816,8.341806801579967,9.755074005267224,
2.06,7.606951624349713,4.822531517491763,5.717835225974090,8.178828967253615,,9.127246825892311,9.092101537767055,8.222783208230188,9.662621237334236,
2.064,7.503352393358682,4.742366522729105,5.669719239037196,8.121986011461551,,9.033209291201274,8.952337776719002,8.120165214232106,9.555771892015496,
2.068,7.386432457750530,4.680527206165344,5.634820510579051,8.059448951842434,,8.878863638934726,8.793260489586389,8.033246881834641,9.419280920072378,
2.072,7.231619160850435,4.663487125235529,5.574861374510906,7.932561751909402,,8.664575743360098,8.629355218205728,7.969335143370157,9.282756600863241,
2.076,7.073930934690540,4.636537055375555,5.474855281592115,7.819998545937917,,8.441101756433559,8.477808369178131,7.905015427128093,9.157706603350290,
2.08,6.932026823258244,4.541268316000081,5.341557694207602,7.728456538138687,,8.267824541577699,8.335073508214075,7.823651303981146,9.025738517022015,
2.084,6.792099118602678,4.398978950767960,5.188939036489991,7.574021753386874,,8.151772515355301,8.195493823588293,7.738204152052450,8.881285479172012,
2.088,6.659676715762465,4.265713229820705,5.042820647857898,7.402849146607815,,8.006186388963057,8.039325768000356,7.614720049402337,8.701682246773315,
2.092,6.554352723528430,4.160447508760338,4.924984465075027,7.279945023492628,,7.784451520633399,7.857669366752210,7.444988225029468,8.471618916057515,
2.096,6.447243594979362,4.045053199292855,4.841984790481125,7.127294104315692,,7.568909046184916,7.709359980625335,7.288923124622857,8.250288065893033,
2.1,6.314201375622499,3.923428734960897,4.779020810969978,6.891995840865368,,7.413235384288306,7.618832708700451,7.175127611239989,8.096892896055010,
2.104,6.175053173745605,3.855393219633601,4.719529489310323,6.679531620578758,,7.258550560705255,7.505473409458424,7.046827617155099,7.994924117410990,
2.108,6.017592809673608,3.803243675893143,4.631102443720591,6.556051240989807,,7.082522351228144,7.327041003058981,6.887034497559338,7.898461936542359,
2.112,5.830162364680830,3.704420841933175,4.512246920005246,6.462355437962682,,6.956619636609259,7.158423531067097,6.778272783668381,7.786515220988757,
2.116,5.661633536318862,3.615359932007626,4.425806245709900,6.332475635275920,,6.848976584440127,7.044184985372867,6.710918764706657,7.636354891540151,
2.12,5.531098364179704,3.535318383307457,4.393722833477749,6.165320849627048,,6.688110504634339,6.940210724538803,6.612099201893727,7.461893138261841,
2.124,5.417650423773056,3.419094868152075,4.362908208429835,6.010695285233257,,6.522502749477759,6.807018671216387,6.485000848837521,7.320159443331126,
2.128,5.304242069115603,3.347112331143721,4.296742180874428,5.900089047660478,,6.386857483299032,6.660745801168096,6.369427430992316,7.190639626137022,
2.132,5.171308500753858,3.347388085520630,4.236365083976082,5.822674401012359,,6.270100463650310,6.534881555324473,6.292028664807169,7.038483219619734,
2.136,5.031658864941662,3.338619491028744,4.204959328347019,5.729449353001499,,6.169072425330560,6.431741236869602,6.237623322211774,6.922340080117587,
2.14,4.912848492543510,3.312486526641067,4.158880812497308,5.599650045232604,,6.061803212499481,6.336187264275528,6.187386032512696,6.844670646726699,
2.144,4.818816496807205,3.283301480218691,4.056187156436669,5.474627979916805,,5.934719883367974,6.239081033675673,6.121990589369311,6.742777178301971,
2.148,4.732938802760525,3.224742692403510,3.936746612588130,5.370494348859093,,5.827994062723499,6.148959241457836,6.018113759626588,6.642464860967014,
2.152,4.645378417978126,3.158753978511032,3.873592453794700,5.256930020070442,,5.754475598744722,6.054922883112342,5.918753800216207,6.583530977484505,
2.156,4.564611880190180,3.116775904339260,3.840335388898616,5.132841091378602,,5.693435034999897,5.949646906145313,5.846200013768691,6.526809007646635,
2.16,4.509176851416667,3.064357365854780,3.801314077738186,5.050314194190610,,5.652321084344750,5.865207871214535,5.769627165485957,6.423720911233307,
2.164,4.488220791579329,2.990809713397710,3.768312027218990,5.034756903016460,,5.626871134246002,5.823637373052803,5.716914471604074,6.316448836931007,
2.168,4.490712325276568,2.946001630962890,3.736492668001233,5.040741623788088,,5.572344770744839,5.779477198274973,5.707769296096593,6.237858679408244,
2.172,4.502665783641231,2.916920166623812,3.713490085286185,5.012365866862190,,5.465305218169283,5.691664655969096,5.690193763186953,6.140636666653262,
2.176,4.484985645040322,2.871013728907257,3.712330976476034,4.942714483346690,,5.342857107909983,5.614649120809886,5.642286868968538,6.059732410165081,
2.18,4.436554406195452,2.831900130589939,3.711504178331246,4.884109465507382,,5.245139476428489,5.563173384800397,5.604244563598303,6.054357773553470,
2.184,4.420431158283440,2.799424099232535,3.686664960176357,4.880796429666069,,5.187638241339303,5.521328998284734,5.599323849479067,6.083625387848421,
2.188,4.439415324046645,2.762499262583770,3.654727052343161,4.906275283391449,,5.157421340104920,5.525846483408765,5.610304275510034,6.082049156257867,
2.192,4.461366143226932,2.741327924800484,3.641689202419697,4.918811324317135,,5.156855286558910,5.546793229274392,5.608374255950485,6.026914340563305,
2.196,4.483758564341377,2.759863287066092,3.650927344123638,4.926762081140602,,5.196974939655179,5.551646489311681,5.584555078756456,5.989040342357185,
2.2,4.484565304737651,2.802295352335430,3.672914090356749,4.947612686242521,,5.235881789258150,5.552413411212597,5.553870990351134,6.024692649223842,
2.204,4.449054821464609,2.826082419665417,3.683442142187301,4.989259961003967,,5.235358350539648,5.532503994378848,5.568463659248338,6.074802889722802,
2.208,4.427946299219368,2.829430886266645,3.689097495123561,5.050891836893132,,5.240043245363086,5.527093414834294,5.648018766418970,6.113785956418423,
2.212,4.451670918613885,2.818409708532541,3.703244593164480,5.092206725269939,,5.319568957749987,5.579033617031993,5.721714575906104,6.168455686970903,
2.216,4.494255385845037,2.808724510243541,3.714139950747679,5.118614785482377,,5.459054150788281,5.654547911551146,5.754112538382757,6.232175082196266,
2.22,4.537301304341919,2.852184705689391,3.757118517728684,5.189796772342770,,5.593916377797775,5.738478393344684,5.793001545259516,6.326650447567871,
2.224,4.576232352753581,2.934216641146643,3.826131708939030,5.287746962090809,,5.699499726178898,5.828561566987188,5.891742715602051,6.468075146499408,
2.228,4.636503276441855,2.996808947383284,3.884314194471066,5.367786678700660,,5.774078951059137,5.899414611412182,6.030620544759747,6.582446282593049,
2.232,4.744613115516379,3.034077884147860,3.963944663302130,5.437244454547457,,5.823651183277709,5.940043729075903,6.114018780910463,6.633193778478550,
2.236,4.865013737024722,3.068245273671904,4.060720267715485,5.511228404095211,,5.891788064649993,5.968160848943708,6.131990689794758,6.688869169855227,
2.24,4.976792784986221,3.158557860873221,4.153798362506381,5.636001108461135,,5.999102652428233,6.033477793677299,6.175791313368005,6.789119699137597,
2.244,5.097599282041974,3.316270574116323,4.252738474812976,5.819962879405631,,6.098334460100324,6.163078682845861,6.255842670559691,6.878892491908233,
2.248,5.205485657716257,3.461849275062026,4.370428989554404,5.978913592398790,,6.167196448828000,6.328045597004194,6.353565234788725,6.935023094105733,
2.252,5.275763034631924,3.570870414626725,4.505677522502379,6.087073693394014,,6.233505839581483,6.472547010859317,6.458593093857615,7.000341573158185,
2.256,5.333761018777518,3.667712817943927,4.640163478066299,6.173651166606895,,6.312886360297035,6.563492993932741,6.516998623003105,7.060859226603935,
2.26,5.410936943530914,3.755559371887676,4.760683465378332,6.249848576325126,,6.427567375286735,6.639548929897461,6.542246689854895,7.100420551510551,
2.264,5.508747908332221,3.828734118440370,4.862430029967640,6.354194267680938,,6.588076752114594,6.761150731088868,6.595214301783284,7.149786488206230,
2.268,5.659183272819260,3.935586324267047,4.997673372791684,6.527739586459215,,6.750560370816938,6.918396290670794,6.693340635165089,7.218439694196737,
2.272,5.865228264927572,4.106715876398254,5.194662597406730,6.752129339792869,,6.868021867606699,7.082933350566039,6.822584906627823,7.306870957612428,
2.276,6.053697634571042,4.263379114709884,5.386053270666174,6.962867497262477,,6.969410520227199,7.274203136476986,6.950277467935234,7.397805021349522,
2.28,6.214158488087635,4.403538788706462,5.537286266821026,7.152364986461228,,7.108074165577174,7.512620031372628,7.051094892398543,7.467244547064503,
2.284,6.403620219451439,4.590613657305699,5.680620913065848,7.362114264746810,,7.248278726544176,7.760879541704079,7.151143765663442,7.548254049121205,
2.288,6.635719390739812,4.800585845271325,5.826084359446983,7.587822506227095,,7.412046636985649,7.983895516797384,7.307465844018963,7.673249959459038,
2.292,6.861215470873048,4.998750599744823,5.962049803245449,7.804905321846035,,7.655942845445026,8.196735253488281,7.515259868842104,7.807533629045438,
2.296,7.081678907971945,5.176051675668165,6.109784567266065,8.029022350470298,,7.874661722632891,8.394911576916741,7.712072890258859,7.925612309857527,
2.3,7.344631623059051,5.335669852942425,6.304748477471986,8.284294519813665,,8.043502078068213,8.590231017747824,7.888182052050924,8.077206734353961,
2.304,7.610371996574066,5.483941011306430,6.529197288742013,8.543257279945445,,8.249244761673166,8.804204502192601,8.060308257817971,8.288544637076706,
2.308,7.849558170371951,5.631512637889177,6.711948655017644,8.772141594149570,,8.445935516934128,9.004849148926805,8.204501544603167,8.480104324856562,
2.312,8.086814625857656,5.788515043212191,6.833342850124224,8.960898226102337,,8.588441175503707,9.184274604587408,8.310868152448467,8.576067042575119,
2.316,8.304700017589699,5.938940216597836,6.937666996798146,9.123366109858184,,8.743094059792291,9.383677638039341,8.393592530349510,8.622523341222317,
2.32,8.516642811920908,6.097889989181200,7.045200503619393,9.333023029973823,,8.938609366844037,9.581668330496015,8.488573808836165,8.720310749161536,
2.324,8.774009304299323,6.282577576955637,7.148692376869633,9.627632080370818,,9.113236372928823,9.695779843393501,8.594902204806512,8.866018385856480,
2.328,9.057847844550455,6.449156924860726,7.242968308776010,9.913226471447356,,9.233606021185409,9.755513874557595,8.621487435751623,8.967847628442273,
2.332,9.308529834011487,6.569819507852040,7.340541730881542,10.112738938825727,,9.325745105532272,9.830153793073013,8.533212190450067,9.001256143638003,
2.336,9.554304842897928,6.673761120406898,7.443038674448699,10.275207054069563,,9.407703010668415,9.893343029420199,8.419148007670596,8.994110585407942,
2.34,9.828938977146162,6.799559155110664,7.515605957359048,10.443783983785915,,9.497150608039957,9.945619373169315,8.374135094787034,8.958915438603743,
2.344,10.052769663789929,6.944836294485235,7.554468319272502,10.589895381047715,,9.619682204063542,10.013717916887485,8.420240811148588,8.929995172789688,
2.348,10.237043524747985,7.080202725272246,7.603804460693000,10.738709381467045,,9.770239602146361,10.083343208127783,8.518865489077795,8.941424720468586,
2.352,10.473455948881991,7.194849814698003,7.697916009204393,10.926306087036085,,9.923283579404391,10.172225619214883,8.618377209759052,9.004354132600502,
2.356,10.732025607737874,7.300673914759976,7.827812771542336,11.101042818189775,,10.086611720443896,10.342089684721257,8.671960713674897,9.140757608392965,
2.36,10.981961885452108,7.424028693416673,7.939083114755775,11.241250766812334,,10.270569751664418,10.578284361481964,8.668699372949018,9.320540718409390,
2.364,11.230153261739726,7.556739294967073,7.998516151863756,11.387308311712456,,10.453344687863437,10.776550647378329,8.674990854643301,9.459553275535718,
2.368,11.443302871437272,7.658074457710671,8.030694168788836,11.530621125904373,,10.664062765294641,10.928610294181469,8.766894627993903,9.553155525167497,
2.372,11.612360309343106,7.733366812002934,8.070490138658847,11.622532156252170,,10.929499935585824,11.102849268472681,8.928915275849894,9.656518453701619,
2.376,11.774615103017183,7.826579457737212,8.119603844819554,11.705799390541245,,11.160067121942813,11.273731749944538,9.059478046062683,9.787723476754783,
2.38,11.930105332273026,7.953372508549388,8.156137203172330,11.834468943047700,,11.329053052722280,11.443685586374981,9.137325937429146,9.912174934664332,
2.384,12.044222295303479,8.081419282525816,8.167603493973512,11.943999583778620,,11.494802606733582,11.653529346290629,9.215123766829352,10.000940507954489,
2.388,12.148832446304990,8.189843258032118,8.163927087298450,11.983626147801203,,11.609192038311877,11.824462785929457,9.280401308240791,10.076167029221574,
2.392,12.245689658274735,8.270743974822397,8.167951563239621,11.983468778194643,,11.662947591619668,11.893430601259258,9.317073605404238,10.159985825754399,
2.396,12.269046757273060,8.283097651277805,8.170170651922298,11.973911069492962,,11.716837518251619,11.895756491610225,9.317196148329636,10.247249292377308,
2.4,12.266561191079159,8.249423414249316,8.123337887296723,11.928240388839802,,11.773325762805680,11.870455029670893,9.291586854325582,10.288115269014332,
2.404,12.317437720161658,8.248218710167166,8.030120650747127,11.818262591157431,,11.830700460695091,11.850192809366986,9.297394551500773,10.224706542035761,
2.408,12.389587623552114,8.273632751836729,7.964425389743615,11.702159277935845,,11.861449975157395,11.854624557008165,9.296279693817866,10.125454658293613,
2.412,12.424858537916473,8.281255662919616,7.947423555311938,11.642819437370324,,11.856433020388209,11.874391190802941,9.218054662138929,10.093831903587089,
2.416,12.411471499746154,8.276508557277145,7.923345487211630,11.613412479448694,,11.856881067628581,11.886703596226587,9.141095779793082,10.096244644304589,
2.42,12.358252802094604,8.291551415697590,7.879918211005838,11.559835032653581,,11.836657917151886,11.834373151974265,9.107413771304113,10.064870880544532,
2.424,12.272355212876446,8.326267055506799,7.852140450711041,11.480488204395414,,11.775520957352109,11.713453892597506,9.021252561690194,10.025088132779389,
2.428,12.195740069560919,8.357093774705655,7.851506769562063,11.373497664463907,,11.726744337981099,11.629793115316534,8.869224041657255,9.997227842096549,
2.432,12.154605701410786,8.359846016998867,7.852611508810003,11.240137944659297,,11.672625773892054,11.621995642334920,8.757422455852407,9.925453624221978,
2.436,12.119521351143232,8.312043685510751,7.814269158785134,11.140755164145679,,11.569639948253164,11.568473160794069,8.692904433833863,9.758422032659753,
2.44,12.071898230922677,8.265132072447450,7.735458188967293,11.081830738693130,,11.438256061023171,11.391496178007099,8.582730075793869,9.529318424547558,
2.444,12.026688743829375,8.244955053912552,7.674671808091859,11.004674198349397,,11.275479791538384,11.195304919107780,8.435547477457915,9.339982792989629,
2.448,11.988845758295001,8.190338581793196,7.676587058273553,10.916777249029868,,11.076290520341889,11.045140990819100,8.303599870978797,9.191779305170140,
2.452,11.936083134366209,8.145816278241808,7.706560764617342,10.850433540378704,,10.876445197359505,10.896294872459762,8.182353803020348,9.027459510564771,
2.456,11.850532518477051,8.155512404358266,7.698910669512600,10.756959654741616,,10.705608058519797,10.728978000006510,8.046896777009675,8.872470170790674,
2.46,11.745469272452752,8.146135674012275,7.637534519041369,10.602026615060726,,10.530680032189830,10.567786167563359,7.879366831369785,8.715882226231834,
2.464,11.632260565596498,8.095972751391614,7.566560454886070,10.462361294134411,,10.310899357193891,10.441345364699016,7.709178455557535,8.491896766106048,
2.468,11.464668832649950,8.012384481389303,7.478961902117160,10.339614805230628,,10.093070386137459,10.334816921111788,7.596872697644678,8.234521996096044,
2.472,11.260979604482706,7.892556808448949,7.342839821472006,10.177266356068221,,9.932749758401716,10.247220715218933,7.549168014521028,8.052862185307422,
2.476,11.124624036517178,7.793570216572046,7.210782570562746,10.046803157053974,,9.848305363225478,10.204552289007299,7.510581322244962,7.967286636599816,
2.48,11.048647110523399,7.736831606551487,7.112047131081640,9.961488085777683,,9.834430308126917,10.190025356751040,7.444020178179781,7.910167717355223,
2.484,10.953391120173935,7.661925482259252,7.021912778806238,9.834048909461854,,9.842632232656028,10.189369910790541,7.366896783508954,7.847513473067803,
2.488,10.833907978774727,7.555122760435143,6.917514140433070,9.673103585773832,,9.817352839343222,10.191162389631806,7.307226072139592,7.790267943360082,
2.492,10.748798756770746,7.455943898580770,6.807284509175086,9.530626295797063,,9.742098268402833,10.172877414302391,7.256616182012294,7.753778763716850,
2.496,10.693345538160521,7.362822086271665,6.719831140255023,9.419174664373372,,9.665570158823291,10.147619034607827,7.200444327511982,7.758867270231733,
2.5,10.603706205109031,7.270089091758521,6.657436880876674,9.336452164462901,,9.642736733197376,10.096220997434996,7.159407513645716,7.779100789668296,
2.504,10.510680830179252,7.200220628892967,6.632172096925748,9.278450413579201,,9.670178518592577,10.002414783215439,7.140981377334290,7.757719959686532,
2.508,10.449296911693308,7.138968004123774,6.604844810738676,9.220773579889478,,9.722719797531207,9.929133320235483,7.105526191269459,7.703565407169664,
2.512,10.367923141681370,7.063189104070317,6.503595629518355,9.130699072076837,,9.772807520109234,9.917514247293902,7.056558212529012,7.667777162764105,
2.516,10.261989964476538,6.978276253671460,6.382885458450210,9.029291672833175,,9.761138551657577,9.914276984781747,7.020376727539810,7.680189352571492,
2.52,10.164240996537426,6.899559420967873,6.307293393417372,8.931659449959497,,9.685863533198241,9.854009549749431,6.981206103211600,7.707730856323964,
2.524,10.076019128886943,6.838598303041312,6.246038518953446,8.819590365380897,,9.639348361933544,9.753460342080029,6.939986926958235,7.684303207664056,
2.528,10.014547758878066,6.793693847500577,6.179379635945477,8.702397544890514,,9.647583680628141,9.694327694854159,6.903509045388262,7.623732382574618,
2.532,10.015504683590109,6.788571544201661,6.118277019913861,8.603162369351228,,9.686574354102703,9.719586843618030,6.874426358867783,7.604503345739986,
2.536,10.087717535772278,6.846154614823579,6.081101045291466,8.554803925017559,,9.748446312218013,9.770948491889531,6.859407583585904,7.636699457005257,
2.54,10.197571219327241,6.920857323347595,6.074745506596472,8.582475013616907,,9.801557256738665,9.785676895761100,6.862857993985966,7.685042894972390,
2.544,10.298944481378250,6.976817020243366,6.078708639756883,8.684802122277642,,9.843711152370352,9.784811850302290,6.888182382509067,7.745071679201727,
2.548,10.411958731208673,7.048787097556394,6.124050058452451,8.832283922411204,,9.901707922258009,9.806672032992163,6.920658372993580,7.789339580811761,
2.552,10.579101464234700,7.151917013267758,6.240139582544360,8.985777469241018,,9.955153800887041,9.834307874090101,6.931008637033950,7.795255142880930,
2.556,10.752352488105839,7.261326989686355,6.343971891847778,9.127292378777089,,10.002509211742339,9.887918607208167,6.913744904438747,7.779821484009601,
2.56,10.927473478167141,7.379817440033151,6.400075766901314,9.253905919782978,,10.083942845153389,9.993367498406485,6.897095090765948,7.750921066241307,
2.564,11.143544954931670,7.504738401446434,6.459938608380267,9.363213519573865,,10.178103458748435,10.074689224107180,6.886361173198035,7.735735852764106,
2.568,11.328631983981612,7.609783889897646,6.526877512510028,9.460420131679742,,10.267618738431580,10.122064283336336,6.882939544097040,7.764589756873890,
2.572,11.462044011435868,7.695111676734009,6.574633222957679,9.564052993460054,,10.352183163442039,10.202438931351750,6.899949099611305,7.811643916791467,
2.576,11.634211679437392,7.789247918723690,6.616965974624650,9.664552437133029,,10.408712524211875,10.304952563459489,6.905958657063477,7.836028877784257,
2.58,11.859246800917646,7.910990669330172,6.670727841142008,9.744085615268048,,10.467818002320778,10.408390217131867,6.907393167019094,7.852811060237411,
2.584,12.048332262138754,8.038786166071253,6.707082039954940,9.820064999855353,,10.558424586818122,10.523516113985114,6.951294927564154,7.901558623840556,
2.588,12.188166203804105,8.140861479589532,6.708446742312501,9.909474387833287,,10.657884629391447,10.644902862863805,7.006787457084190,7.962942954103379,
2.592,12.340895875491228,8.219204284832456,6.693726635886170,9.999164864450162,,10.766841350040512,10.735159288219336,7.037435881434540,7.995832477131347,
2.596,12.485369731034808,8.302105166958738,6.708047585340241,10.061671724688775,,10.901348634186956,10.810702488407482,7.038635290805799,8.012737920150146,
2.6,12.647766749762356,8.400952054970087,6.725668470497340,10.081900700941176,,11.066280468867330,10.930552254648148,7.022432708972772,8.056440280315654,
2.604,12.881660424777284,8.488552105870390,6.698093130095101,10.067320349134791,,11.250956516550382,11.053857016146326,7.035346351914404,8.141020085281340,
2.608,13.088151842115582,8.556569613368396,6.667835875614395,10.009308377280146,,11.439500963162217,11.162006847762914,7.081316041409801,8.247324640271598,
2.612,13.220649922831011,8.638766852344858,6.625479979278379,9.914762411817298,,11.637588950360433,11.295599659182482,7.112237030217962,8.340403793998087,
2.616,13.354941091165495,8.722405053991146,6.548717635240071,9.834167342863086,,11.845331401312823,11.432281323161082,7.099341397097597,8.395775514718908,
2.62,13.508296034892107,8.782473524145667,6.465695040573527,9.779600448720540,,12.131140902015833,11.578644214995515,7.062207860251970,8.448129409152916,
2.624,13.660727337586920,8.851476171032967,6.370652616698222,9.743987551483952,,12.539255453643870,11.758392612444535,7.014804475510281,8.537752676653568,
2.628,13.885522143823939,8.970236985082444,6.282250349422971,9.743271050113634,,12.939886909236169,11.915614508373846,6.938929324903193,8.631877707180690,
2.632,14.247768574615314,9.136196180638962,6.235477700248826,9.776087412218713,,13.223874877887495,12.005986838703947,6.842338683370364,8.696805429705806,
2.636,14.668111386171194,9.322078218115454,6.215922759573703,9.819395527199866,,13.463319663304356,12.104536494340634,6.728191861602363,8.736900871247615,
2.64,15.127938647037048,9.543997556189350,6.207874539407182,9.908317163389224,,13.765495049174511,12.294996627093767,6.596490193184697,8.766015320438871,
2.644,15.633048324259251,9.815120403904626,6.206696851721402,10.069714208747079,,14.081685639593314,12.507215256143471,6.516833803439930,8.801924199912047,
2.648,16.026093556999918,10.100586829334299,6.232066251326791,10.228480623848075,,14.350629427675917,12.664289330102577,6.498764056968001,8.856591375608147,
2.652,16.248820711627619,10.327236318695348,6.322253123296234,10.335053778242997,,14.590013932977673,12.784557326092612,6.469714985145332,8.931198761250130,
2.656,16.434436652892661,10.460773746317050,6.407505108158391,10.417835321907118,,14.763832304244128,12.865580990766407,6.439738525507809,8.993242269964750,
2.66,16.638216953841255,10.547908293046040,6.409572007432709,10.493604724866779,,14.847873535350539,12.904965516068575,6.432529732309436,9.009436224231514,
2.664,16.784838689391158,10.580615737753270,6.386744792588521,10.534171459310299,,14.877424774729477,12.931230911761595,6.414759543715281,8.954965508554848,
2.668,16.809832084560533,10.550222286182272,6.380762681491555,10.522703344320208,,14.866666462953965,12.956732929627480,6.385456501948921,8.827846849306241,
2.672,16.725334543279647,10.514351665166556,6.370154218270767,10.451167500271849,,14.820583698894239,12.965485607084595,6.361428952010363,8.717539435135592,
2.676,16.591807259868229,10.468255956541851,6.346378001776183,10.320896660286637,,14.722698646222341,12.939630407450379,6.336813774189133,8.654400211057077,
2.68,16.392601831846822,10.358202255433028,6.296312111226891,10.170453891269222,,14.550147954493195,12.885575036213801,6.302889651334968,8.543977024089585,
2.684,16.095943184921072,10.194575619637638,6.212394346493398,10.035610808909922,,14.343775167996819,12.810772581027503,6.255490634396095,8.376644179822014,
2.688,15.794248940301493,10.045901356538529,6.121402317175196,9.912154337233117,,14.132686916387829,12.698646104429434,6.199556728486352,8.225468948582886,
2.692,15.553723732178549,9.957872450593134,6.053608310410848,9.768438035389638,,13.915736642506698,12.552893126543889,6.131393662159082,8.111225937861732,
2.696,15.315109009318999,9.899934090649666,6.009529601125295,9.587747967245413,,13.702811910789201,12.426629136243445,6.045794075496660,7.993947108866434,
2.7,15.052366208158148,9.811521019896063,5.977434512970413,9.393599464348238,,13.462373425425199,12.309941896359318,5.961964481351974,7.845304382998297,
2.704,14.824646430316216,9.675139066709683,5.949382411397544,9.247728576550404,,13.189559669735962,12.144884639741118,5.890666315215896,7.700993404340799,
2.708,14.604035599643712,9.493503583454920,5.909806383225135,9.138719329075215,,12.953168306445626,11.959843938319699,5.814585606703408,7.601387906501971,
2.712,14.344758113069766,9.306439479761941,5.842787836839782,8.989904863176323,,12.774623111854147,11.796006982942963,5.743305954574987,7.529537841817037,
2.716,14.104536668957293,9.161872604078560,5.758174709892690,8.813226517300127,,12.608192996517738,11.615507359035355,5.676076605878743,7.421412098131575,
2.72,13.894412999366704,9.055371209767435,5.689493913372788,8.670191475940765,,12.433283763448790,11.410908969985938,5.580070080223156,7.275808058497153,
2.724,13.677489435164199,8.959606924987094,5.662377803494185,8.577700448431894,,12.271880032910358,11.256985709915302,5.452842804415592,7.181227209523092,
2.728,13.482575651498825,8.857464571249846,5.636249248507784,8.504569597573811,,12.140484692171482,11.140562309220424,5.318357224751140,7.117511902537127,
2.732,13.361742610123953,8.764100030783808,5.540787661702893,8.417574933372299,,12.035442185443278,11.000458618391558,5.226350719327767,7.007616408376348,
2.736,13.281892979063393,8.686967003125641,5.405911271367069,8.310747103891325,,11.938729595055673,10.880189684498525,5.198886888079900,6.899440233915424,
2.74,13.179235627892458,8.612128586471059,5.304416795903414,8.193915038685585,,11.853217954791635,10.806018326559624,5.142562776941568,6.813812347904750,
2.744,13.070911988189980,8.542445801011498,5.233448065911567,8.088749902108974,,11.829839955114815,10.739677217710602,4.968124469626066,6.702840138149972,
2.748,13.006031445478342,8.458482935048565,5.139008347165344,7.992346500909958,,11.877003538046099,10.682482447612067,4.767853898596496,6.600760215758294,
2.752,12.987126475865503,8.341603139276526,5.024808203127330,7.900338539666214,,11.930929437249116,10.677442078593002,4.676067343387420,6.545155216540219,
2.756,12.990137973771283,8.253837834202111,4.973885333863491,7.831388621154686,,12.030556232314717,10.737950423472725,4.689028232142499,6.533063061620254,
2.76,13.061744383492149,8.267438922223837,4.967342664491481,7.765345885762598,,12.230142031732916,10.817671762568196,4.739147298381130,6.578142895363841,
2.764,13.241232405883007,8.369974072858744,4.928367846743047,7.698095661282152,,12.434624382105110,10.871652296219569,4.782148527137676,6.649322911732291,
2.768,13.458423301857264,8.503283411491752,4.873811730432435,7.684912429505896,,12.601563374470825,10.935002341898073,4.799704312507238,6.723638098422907,
2.772,13.653945046705189,8.637398113872390,4.830103825457263,7.738710733393279,,12.754876933285392,11.038312493907288,4.790080940567403,6.809711223723217,
2.776,13.870679991584462,8.745217771393911,4.810996654174884,7.825271738641042,,12.870579852933474,11.101820688131511,4.757936087415383,6.877140709959820,
2.78,14.140809857721646,8.821836103468435,4.805238424985523,7.925917430826763,,12.954413768584519,11.086578585861574,4.726511472497123,6.895136930947264,
2.784,14.381264560660966,8.917120916943206,4.792642498716913,8.047360010099590,,13.033458242609948,11.066982147231265,4.716440583143078,6.887632989442432,
2.788,14.596709711898200,9.043550972109070,4.816252327898978,8.198380882913536,,13.103894962362849,11.097264087768449,4.703203818700175,6.919604369152446,
2.792,14.852543618395504,9.157875715065700,4.904491492067351,8.332062975465337,,13.167764444858605,11.149053125913538,4.667076021586229,6.987138962046147,
2.796,15.067305500468596,9.233205462225445,4.996052715286881,8.373992873031209,,13.262737977498723,11.193497076286151,4.638813692154333,7.027978996998941,
2.8,15.210132124647370,9.300663470319387,5.032430829305787,8.375205737874737,,13.388578930155786,11.245672213945731,4.651427317381387,7.032847012912868,
2.804,15.340791167478141,9.386127774779840,5.018551607570120,8.428214317494939,,13.465626360039780,11.285528536471539,4.675451402886006,7.013767226163406,
2.808,15.465218741984009,9.437421400240403,4.970957077731200,8.488542406582972,,13.496150062707702,11.307670361638124,4.641719882880801,6.985623917220654,
2.812,15.561877092563606,9.415648929499127,4.931815913245088,8.520046030237296,,13.569452343540423,11.337264532737416,4.555429188064602,6.968198200514918,
2.816,15.623950017308765,9.378217087728832,4.926594272005490,8.520507208455363,,13.669194605888656,11.356093735604166,4.510088953339755,6.952715740742164,
2.82,15.674299569787848,9.385900296330766,4.923464669658344,8.488265726733083,,13.755538863229255,11.357553219323000,4.514443224801193,6.954389893460735,
2.824,15.717483037845764,9.421114880172260,4.920512443825120,8.490888280821284,,13.852975485165622,11.361379411245274,4.491348816676414,7.000388069502558,
2.828,15.752298621853242,9.461388352708514,4.897345220726229,8.528805102278106,,13.952499038145305,11.381231272082152,4.443384460720071,7.053467152638461,
2.832,15.781154671732729,9.508020698243502,4.826988468793593,8.530092517802990,,14.026899136557518,11.412995702394616,4.412066615969338,7.061110745074243,
2.836,15.784308380931435,9.532323272257820,4.769199515933005,8.503287436407497,,14.067935214624823,11.441864807873676,4.389131748234719,7.027088021294789,
2.84,15.777040769165005,9.507629012526152,4.762314265246204,8.460913982474491,,14.088698138091237,11.471453859484088,4.359972324895899,6.981559341239552,
2.844,15.776261361710345,9.456746497171471,4.771492439746187,8.379068967177446,,14.126403697055517,11.492278679035307,4.329769675454805,6.941182225540286,
2.848,15.781048048926918,9.421320045210717,4.760573706315302,8.294950482091897,,14.223580880739121,11.500293717446924,4.283913966872428,6.930444373678674,
2.852,15.792351207453693,9.422778278381529,4.733548820597052,8.252480429176734,,14.363979952812532,11.527108069315970,4.226267024725236,6.969325667036094,
2.856,15.807493268130374,9.441870680500827,4.689649303843995,8.230396646514116,,14.457591994333759,11.577315378921504,4.196731628068123,7.026098943330957,
2.86,15.814852239273582,9.457204790077665,4.634095781539588,8.185097958628289,,14.503520539572431,11.630339540716957,4.198436955360537,7.062875623865411,
2.864,15.781095654017724,9.486440275271104,4.636505304793923,8.136512307944784,,14.571910309240465,11.667526464074093,4.195398692231530,7.060770394551144,
2.868,15.743860557189986,9.506670315947275,4.661492536539430,8.101656280750527,,14.656972353856087,11.682706878038342,4.169839207245134,6.987101181702779,
2.872,15.764169154250393,9.472031788994141,4.593688762840957,8.054650582302996,,14.743194826800575,11.713145058166964,4.150555194092577,6.870488332096922,
2.876,15.790811656612833,9.391036143971297,4.486743653008377,8.003563964223403,,14.840126445878267,11.794243543384455,4.128570515068733,6.800067297593500,
2.88,15.752036120180076,9.311898481138670,4.435030531822115,7.928460927270315,,14.927935994790344,11.902956363631919,4.085040604921604,6.794535840149997,
2.884,15.683177314360291,9.283777972295283,4.417102854744700,7.811884906609015,,14.982963833764030,12.000339879795662,4.055348717669756,6.811842214610023,
2.888,15.672259603117070,9.297263336738588,4.399592728800189,7.719031514660495,,15.059629626801581,12.068411367237079,4.037515686567662,6.836861312485195,
2.892,15.705021738041916,9.305106372037876,4.389248281045068,7.685349347051360,,15.205426665429709,12.104011025129870,4.009286885368268,6.835795046445596,
2.896,15.698711198592271,9.285192276222732,4.346062434521427,7.656512367209156,,15.329551216599423,12.118409796707425,3.974707028675777,6.776752312236834,
2.9,15.668552941419344,9.252876026768650,4.234247718323239,7.593672119326295,,15.365802158580806,12.124868051252102,3.941889641661469,6.690110521410995,
2.904,15.675237926567208,9.230503143285908,4.132293986368095,7.512189498360250,,15.382869305826148,12.131652213202848,3.901010134904797,6.616810307270333,
2.908,15.698518754236227,9.223022338620394,4.091310396300986,7.441711885075300,,15.431791574997595,12.146220667762469,3.835905702502354,6.587521438380383,
2.912,15.697697770985110,9.231535464949674,4.072568608366037,7.395166401596408,,15.490748152670067,12.179525536122775,3.762749932249305,6.611896801535506,
2.916,15.695144237914848,9.260069102568334,4.043703419308883,7.337472399862952,,15.525518818879160,12.219382629701713,3.731136245010066,6.663455303204408,
2.92,15.726264445536906,9.287408491029879,4.011868648124123,7.268532977607307,,15.526900750735624,12.245680894071207,3.759253457878673,6.688630894625438,
2.924,15.773517344953790,9.291790491376760,4.003508693808901,7.245115538266710,,15.539355301764612,12.265334772190636,3.783897090425218,6.697716859062560,
2.928,15.818174341726248,9.288080998819298,3.986725425106352,7.248492199468850,,15.601132062402462,12.301764647646520,3.752350530595928,6.715369261033924,
2.932,15.886300147037785,9.281803426156870,3.909263758890746,7.196318880432892,,15.678010975816791,12.353997730664606,3.699035916793715,6.704600372282409,
2.936,15.972384552407876,9.264298723073404,3.836716338266127,7.134792356913797,,15.742757757536566,12.382107203850410,3.668321785012957,6.672846296728268,
2.94,16.021305546676015,9.238570963968147,3.850804102935133,7.163761303618418,,15.829751006007912,12.388642124180308,3.685157791267368,6.652971697194571,
2.944,16.012597199145354,9.222423848897286,3.909550594875519,7.212296034031156,,15.940312731632689,12.409341096204550,3.730902589640018,6.647818573111383,
2.948,15.963984415000011,9.216272682855458,3.957466169125893,7.227774380763838,,16.021271504941840,12.443758016957469,3.743692053586898,6.648538171605757,
2.952,15.883145088650391,9.195473459839743,3.971695151910698,7.253164869396223,,16.060304814894018,12.484503537972135,3.725535808734749,6.659836221423275,
2.956,15.796111027193664,9.142804904792978,3.936825608846853,7.281263783439027,,16.090329052088389,12.556826011379489,3.710528344838085,6.678656852308941,
2.96,15.723274096360502,9.059903907644076,3.882203455033924,7.290385201742133,,16.138313863759045,12.664986640429589,3.691296272791004,6.684085539071652,
2.964,15.657237912331977,8.994340453146190,3.865593648309704,7.279816771090353,,16.200660096171365,12.730580349327875,3.651175902362464,6.697258180230495,
2.968,15.609778808687391,8.967524022649105,3.909363112512288,7.258798162683810,,16.267686671828265,12.716010442624860,3.600231308904955,6.718846975080933,
2.972,15.565696336453740,8.957940605803834,3.953183893683290,7.224085880034134,,16.341602075505484,12.681021364790679,3.559581221019373,6.716849145954827,
2.976,15.495471820860958,8.963736660415258,3.946668957560638,7.186554241818313,,16.391739431531043,12.655961483435114,3.528083001651441,6.721345605597269,
2.98,15.399688356478471,8.968267635688218,3.912853811205830,7.172856263880855,,16.391869632151757,12.641753154525773,3.496434983890599,6.751601374907541,
2.984,15.311124004675889,8.959877520888661,3.883771176816479,7.182745995117489,,16.360489196167372,12.647726472070282,3.467817357831751,6.767917444085185,
2.988,15.261281125120064,8.929276304005668,3.857175408811153,7.173538993038965,,16.321002455036261,12.660753906843873,3.450432940015062,6.733483842780736,
2.992,15.230020004459755,8.865741552596544,3.811465830882257,7.126414356892967,,16.319835658507394,12.681398511307023,3.459239853226738,6.668094461414230,
2.996,15.191062908109787,8.795046300314404,3.773994893962001,7.110309713609376,,16.392449654479314,12.713530827897852,3.486158513937331,6.637531789857191,
3,15.135943228282873,8.756094017046845,3.790833860012116,7.149292478165812,,16.473570870450821,12.731599396605665,3.473480368455879,6.666531256206745,
3.004,15.075219432734702,8.758596155464506,3.835061726189170,7.174696921663812,,16.500865671680110,12.729845272143729,3.405854877435989,6.712743943260974,
3.008,15.027436666443856,8.773139582631973,3.848619397508554,7.141483493363583,,16.516535719512568,12.746617065777965,3.365291422306579,6.747633680357747,
3.012,15.001770399683137,8.780019764375524,3.836250184697582,7.089131601647198,,16.557050485732301,12.794705871682837,3.373489849691182,6.791456762131129,
3.016,14.984692026302703,8.751637294458229,3.838018951778071,7.057599294473608,,16.605541482789498,12.816794478489927,3.379113042136918,6.823207897444441,
3.02,14.951792852820407,8.667845609635236,3.857140365597935,7.030972725048725,,16.648137204563426,12.807851598818161,3.394694167766698,6.831514909224151,
3.024,14.924120102110059,8.584303117743026,3.876757909486202,7.007228007353696,,16.694280577941242,12.825206015482275,3.426440268077062,6.853196417520276,
3.028,14.892958209532036,8.571682228987846,3.866092565765267,6.986984960735347,,16.754395654502090,12.872865989995187,3.457722727195041,6.864741890796778,
3.032,14.831343974833800,8.622531451047932,3.810848030124284,6.962948414506775,,16.814619533198293,12.919575352115158,3.486348555238560,6.839953045600664,
3.036,14.793989592234210,8.657051154900920,3.760840710412714,6.935105392591213,,16.866779261547787,12.953401734479490,3.493921879740737,6.809062194051855,
3.04,14.801105359243454,8.624885009264487,3.750950859043361,6.918642121033011,,16.899287521558506,12.967999794825644,3.459908170838798,6.793389463057565,
3.044,14.811165161275945,8.544998031092634,3.770027622825391,6.935664704385013,,16.908353635311670,12.957694726286409,3.404092781840688,6.784271771854467,
3.048,14.809618309018342,8.490477142907334,3.796526182952009,6.979327761012081,,16.943804478477254,12.968198041777576,3.387556162639275,6.806156040893285,
3.052,14.819572895265564,8.502402260056197,3.805986696118806,6.984360772174277,,17.011263699658752,13.019268464739337,3.414632433498491,6.884044149651825,

Répétition:,2
,K-Delta Left,,,,,K-Delta Right,,,
temps (seconde),CHANNEL_1,CHANNEL_2,CHANNEL_3,CHANNEL_4,,CHANNEL_1,CHANNEL_2,CHANNEL_3,CHANNEL_4
0,14.442099571228027,7.767700195312500,4.470650196075439,8.886199951171875,,14.001299858093262,11.275099754333496,4.331299781799316,6.925549983978271,
0.004,14.396300315856934,7.817500114440918,4.404049873352051,8.892200469970703,,13.999899864196777,11.288999557495117,4.167699813842773,6.895750045776367,
0.008,14.389025713384388,7.824836189582685,4.422787140189021,8.876153445890331,,13.993557308159195,11.290635052944246,4.150885904536688,6.882621273711986,
0.012,14.370394897783632,7.821715523269413,4.469768460819237,8.832704298046671,,14.016060773978536,11.275022678405360,4.136140232693953,6.838906424581956,
0.016,14.339678938892639,7.796256472753871,4.475771437561566,8.781851153191793,,14.113123371981091,11.239686317804836,4.095594400170027,6.784695842127753,
0.02,14.286130215319149,7.751360712601026,4.414596562630281,8.721098452096445,,14.222935219689177,11.225578374048268,4.019779952921795,6.758921947702233,
0.024,14.201035554217277,7.706399261853297,4.336370378567462,8.651091551569760,,14.271802548212305,11.231966218448788,3.926791148246372,6.735114170008493,
0.028,14.141680101370051,7.695372061502050,4.295104450211003,8.598584834644104,,14.302636412012017,11.235815795170680,3.855149588202009,6.692210408699969,
0.032,14.112393147154187,7.690994577627993,4.279171807178744,8.552514792987038,,14.372186655151113,11.249206761505720,3.837179625029347,6.665358265734149,
0.036,14.064956282404983,7.648898846488085,4.244430757843202,8.493105178244562,,14.466764797397795,11.280551673350779,3.843276096798733,6.674566717438196,
0.04,14.012689690770996,7.609241855135037,4.193031912171653,8.423812377573688,,14.574229425786694,11.302436685452097,3.802915605662967,6.666705366757943,
0.044,13.972445823947155,7.584556051997436,4.152031575927785,8.344854750708290,,14.675386885974060,11.291478047903126,3.714587544642137,6.597748243357195,
0.048,13.940966950714408,7.552055970462438,4.123616307131172,8.236557003202909,,14.723750532747925,11.303553281790862,3.672097463617710,6.530637286683519,
0.052,13.910948651496499,7.512462442295609,4.098140529772859,8.106835624507150,,14.745938888729651,11.373267969232085,3.697200278047440,6.525500122330396,
0.056,13.890609893092586,7.462904400690546,4.058535765257275,8.021981060957485,,14.809767219507910,11.469200994752597,3.692523370395433,6.558758512715024,
0.06,13.876451511997285,7.445753635518967,3.991442476794516,7.950500185018599,,14.905952778303460,11.552408334877256,3.627749560784483,6.611664322457736,
0.064,13.839345078372538,7.477272703944333,3.910429949256446,7.813924924089199,,14.997943481718588,11.587028414750890,3.551265390450477,6.683010836171746,
0.068,13.799719829834679,7.486919144733113,3.824605120714968,7.669702767488804,,15.100451644697465,11.607762121149783,3.486168650844645,6.736136262796563,
0.072,13.781596181002239,7.466908647537991,3.744549251126250,7.560504928176932,,15.223167331409828,11.671923573151176,3.432040454269676,6.728723651106626,
0.076,13.761892206544065,7.448031990779555,3.674281444601265,7.432207428336609,,15.354334508488570,11.746554613824285,3.381089529788629,6.658994193207247,
0.08,13.724013898545181,7.418311398001048,3.601463098106567,7.283176647408076,,15.510167360201407,11.811307292434899,3.332261104598339,6.584644867148080,
0.084,13.677347492097359,7.382783014590379,3.535112397316009,7.159165691181212,,15.697426527770677,11.907110055856943,3.279440865597134,6.573244126112132,
0.088,13.624058119495160,7.353235828713560,3.499047252470278,7.056464808973641,,15.869038311685378,12.019069190319851,3.210068073328447,6.608449099023937,
0.092,13.571952575752224,7.332672026550414,3.492918762201695,6.948960187012836,,16.013108987241679,12.128172752444915,3.169434128383441,6.612439892394512,
0.096,13.525392837601000,7.311456587036787,3.458296103172986,6.830886553608441,,16.164556814972553,12.240984106096722,3.214025933111662,6.561258454999380,
0.1,13.465362113345348,7.267167831041212,3.357869114827930,6.702781079250610,,16.308221354322086,12.324260037552712,3.290910448498002,6.491715288330628,
0.104,13.386151003935140,7.213762895285711,3.260918909109775,6.567137593648142,,16.423341873178714,12.381011765849506,3.291966580632562,6.444617397677628,
0.108,13.268516419823946,7.175164932443160,3.227144772873259,6.457586831694250,,16.530666765612178,12.453103255777711,3.174194186997255,6.447094495496266,
0.112,13.043250286277036,7.101337503709907,3.218644998957091,6.386273424781487,,16.638584841261221,12.550281079972292,3.026760258721447,6.457490362532351,
0.116,12.715409251061253,6.957686786488135,3.180797766392224,6.306514685849178,,16.710517648233200,12.644945955732219,2.960053026239991,6.407987031811954,
0.12,12.412977560429679,6.796503473748215,3.089931507582976,6.181306752710818,,16.747415262607863,12.720539662485949,2.940874256892424,6.303827767870970,
0.124,12.146361687347024,6.628755268948314,2.980164436310571,5.996358364586566,,16.795597229922201,12.799176630968338,2.906211869149364,6.194770029051736,
0.128,11.850386098128563,6.433291636027517,2.898050641127033,5.791284083063752,,16.863757419795885,12.866570957041876,2.867092623902785,6.124462440768706,
0.132,11.567855978464493,6.246296357033986,2.855212665730771,5.663347356336447,,16.909297225736434,12.909380021144749,2.837490790293273,6.096566225925207,
0.136,11.324993426904127,6.087126743806287,2.850474787141628,5.613704603482320,,16.889226241872215,12.950537087226158,2.816927361769364,6.071292149540662,
0.14,11.039747778860791,5.911902787565447,2.821275256299695,5.547390738444701,,16.857063743402605,12.966498928337620,2.794534143155100,6.016107643367322,
0.144,10.671193400525310,5.686705367757829,2.727140850292130,5.442599778204650,,16.886389693793515,12.943559537213659,2.740723081815542,5.936928554421566,
0.148,10.309258213208818,5.448551779182276,2.630784888614055,5.349708254812947,,16.927893500624538,12.929843363473978,2.672094765443355,5.853045907920805,
0.152,10.016419779322991,5.269022291799784,2.587661433132936,5.285254683029031,,16.907167857718076,12.943276706169092,2.632023440719260,5.767492296188475,
0.156,9.788597898507962,5.164703405246325,2.583951085742445,5.219606282404066,,16.853052366282959,12.973851920533782,2.600745845145423,5.668032834823236,
0.16,9.589949038048291,5.077708940677642,2.585505437450377,5.130144229536468,,16.807104223496641,13.001251055296976,2.564165856510836,5.572667616501019,
0.164,9.407006891994524,4.970891624670902,2.594147413727567,5.012815921861430,,16.762278665567941,12.994201986048751,2.542557901046496,5.526897879095395,
0.168,9.279008243806008,4.885789394250361,2.612541588166372,4.893019005193466,,16.712510186247631,12.960290616395113,2.499808444727727,5.510628306448972,
0.172,9.174296432465704,4.832219793500556,2.591980561058746,4.811010864065072,,16.652182174439989,12.909093725924013,2.420750856355920,5.474092332046467,
0.176,9.024159519027602,4.756097824151435,2.514374971403290,4.766494484790505,,16.576526661815706,12.839997004257048,2.376287800467512,5.396809817499477,
0.18,8.861003391338702,4.666010987120681,2.447430279118897,4.716004367330497,,16.483071456797052,12.759773672902556,2.392099942416990,5.272520838192182,
0.184,8.779880009134505,4.624093437570020,2.430315444099042,4.657943305458657,,16.345408208087754,12.663615440656281,2.404160067679926,5.140556597961893,
0.188,8.790880726173919,4.647684088967742,2.444024051163697,4.657180662511875,,16.115446105782286,12.486152644567508,2.340741168516067,5.012925001879012,
0.192,8.845339608255932,4.735343663921996,2.513532542047750,4.718131940291751,,15.803989664009936,12.200577968288389,2.210392914135187,4.865455840433254,
0.196,8.893982592591776,4.855948795242853,2.636467397455261,4.782179270819270,,15.472416752676139,11.933509557465646,2.098883934611314,4.718773235596439,
0.2,8.860416585286647,4.930417678685253,2.729877958500096,4.813231355839282,,15.072803330268577,11.702330327681089,2.034833970134460,4.576078032919087,
0.204,8.739017108135986,4.925380764785558,2.759964175630579,4.792230838736555,,14.568670657043718,11.406928951526922,2.001668709117911,4.435803323119007,
0.208,8.597073179088682,4.871675167030196,2.759090399813900,4.733100891331235,,14.081043142343546,11.069293093210153,2.008381439644703,4.331090937439206,
0.212,8.465195752267739,4.819722902269217,2.764929301794779,4.694816549890128,,13.626645696990620,10.703277578818179,1.999557710494265,4.246623125718330,
0.216,8.326124951388753,4.761441816925763,2.770143720198601,4.703966648440694,,13.145556338420221,10.315061002557917,1.948415727559401,4.166608542734364,
0.22,8.151721664197677,4.665311157691979,2.763085491429394,4.707264640156924,,12.745835722199224,10.004165254401737,1.938703594093877,4.120483637553020,
0.224,7.955440859074166,4.555350034683862,2.759650642905573,4.654096331070459,,12.505135999796341,9.803596503212439,1.982024398594647,4.082105743815056,
0.228,7.777635510567714,4.459010628657465,2.751091372926677,4.570188407072195,,12.273388586825387,9.601862308116514,1.996831805352091,4.005660283832347,
0.232,7.592905137993839,4.391620621739240,2.761854155705114,4.495088852790074,,11.915348554604272,9.335470695147343,1.946267488076606,3.888724972042982,
0.236,7.389726514101856,4.339553618814897,2.805559339902330,4.444993054000876,,11.533302864052152,9.068361951810868,1.866112664130183,3.773498459710391,
0.24,7.233233597341135,4.276642586820614,2.828245625367458,4.439191391419000,,11.186962862967125,8.790817471962299,1.805093799491901,3.685189257720571,
0.244,7.106300017975596,4.191395055412997,2.833793577752622,4.450722879107583,,10.813634845491929,8.477988180361901,1.767469634772475,3.593249187521114,
0.248,6.970377072414505,4.093635732784466,2.859694469693489,4.424507776640345,,10.471608186691487,8.233000418072798,1.717302613375286,3.511879485560304,
0.252,6.875154212383039,4.016505873510525,2.880780838935662,4.372993415370324,,10.149126465232825,8.033344824559222,1.650819744622378,3.465068424368685,
0.256,6.798191664527380,3.959355882905667,2.895721721236311,4.348236588758229,,9.744238870302720,7.765716910166089,1.611930135035017,3.418206962033938,
0.26,6.663239945645391,3.920319629930537,2.901286504446686,4.342612318043045,,9.317429531570649,7.492044760456807,1.621387881125699,3.326194020860044,
0.264,6.506694266010280,3.889153603238893,2.859719652412953,4.332755581878018,,8.953191055145986,7.248418159687864,1.640205432635266,3.163438009455094,
0.268,6.396280289076298,3.828797447906455,2.822813732224386,4.338821092865120,,8.589271760264579,6.965002058135649,1.605951046663921,2.953842149869500,
0.272,6.318850509028003,3.762438555187817,2.835970835125626,4.320589866139129,,8.155467219968656,6.643712156504096,1.533562202725904,2.780065047397763,
0.276,6.235064847135573,3.711202078243638,2.850501749141730,4.228723943230699,,7.712469212942929,6.336841916515118,1.511447599424809,2.675418676676914,
0.28,6.157823318630616,3.666246484813017,2.847747872476268,4.134714652722577,,7.292655591609773,6.043223252040614,1.546877753691928,2.580754046955211,
0.284,6.088778381958177,3.628489750531410,2.843311467519160,4.087336113534653,,6.868545557891276,5.755375534376329,1.571518387823967,2.453978284014872,
0.288,5.979709656215307,3.608844711697525,2.829685413169370,4.047785604220237,,6.494189260994093,5.500993756781247,1.565564641115094,2.326245083056498,
0.292,5.849497989160657,3.615652697753983,2.819429429423471,4.000995187821913,,6.153405998875446,5.244038707274621,1.566672395504512,2.205700520156190,
0.296,5.755877203550090,3.592891671414176,2.834260022312598,3.962928660613021,,5.775643934029913,4.986491267947365,1.602976602456632,2.043593786149152,
0.3,5.653141244882016,3.534978169708893,2.846624709645567,3.931214620697050,,5.418166614652442,4.823389212264235,1.655433885372202,1.866765308890354,
0.304,5.489552145977745,3.499632482262979,2.824466943216825,3.881195711415352,,5.145372721415294,4.725797725598818,1.688872530497583,1.760221812291420,
0.308,5.338194460333788,3.459460862728921,2.774456689580816,3.814164486273435,,4.932415438636090,4.572365943174061,1.691688905100457,1.733619868690223,
0.312,5.236418954164967,3.381732444226822,2.716374677470021,3.731553565691214,,4.722989588602276,4.374614870680444,1.683083767159935,1.719929887233745,
0.316,5.136563307409456,3.295116752783943,2.662512562734732,3.628462003033268,,4.518524657493814,4.215667086697090,1.693938722220503,1.681200941662564,
0.32,5.016474080107994,3.226711575566426,2.608982783685085,3.539413627819695,,4.337253290983730,4.098924575428018,1.731020656705968,1.653412968003353,
0.324,4.889655291997286,3.175312562651355,2.572789537824897,3.461362444483053,,4.179240984329170,4.021958294577291,1.772636012474158,1.658275167276636,
0.328,4.777862368956627,3.129317502213055,2.558905332472829,3.349779010475165,,4.085338319746286,3.990011634324764,1.806858261285484,1.645096310315407,
0.332,4.660425552046368,3.069254689003758,2.524339235571877,3.227225738731121,,4.071079158700399,3.984941288322601,1.866087406721301,1.607779789708506,
0.336,4.532996551152630,2.975769474935739,2.466043350748297,3.147005302416175,,4.105403913156207,4.018122996019398,1.966659253753594,1.608043976966145,
0.34,4.411722185182181,2.893735220176350,2.409656631084634,3.077755610148887,,4.158885788737940,4.099822080597844,2.052239792715406,1.651625285455970,
0.344,4.272805165324948,2.868410491361481,2.365495625375353,2.973417056920032,,4.240839244377965,4.232533927813359,2.106194684958609,1.719517640924243,
0.348,4.144755662181323,2.835694408181167,2.333305700722027,2.870017105143534,,4.384330939876753,4.383472977812391,2.173653972236396,1.845496953183090,
0.352,4.056800727776350,2.759588367683276,2.292332527899873,2.801901821471315,,4.571546143974714,4.505560912685542,2.257705640139869,2.021096189272816,
0.356,3.975928354874476,2.691905608493527,2.236929072985640,2.771420988119916,,4.749903701534080,4.618776208050139,2.348011042469694,2.147898783089049,
0.36,3.903723596568536,2.647185595650143,2.182770760795619,2.747535391429520,,4.912260524533209,4.762858390556312,2.451928155707357,2.229021628223582,
0.364,3.908132302231356,2.638881802629372,2.148788546288777,2.700880900383697,,5.071920322358345,4.964447755769533,2.546621702918003,2.347834292838279,
0.368,4.033710949679628,2.687501185879738,2.166863317399731,2.682770240399315,,5.223723931312110,5.209318371339757,2.621569102034702,2.496583144744073,
0.372,4.222273051523536,2.780160429493116,2.238514955180734,2.736646139999810,,5.388809993931895,5.411984713323911,2.733294225041757,2.616917802933496,
0.376,4.412717337547061,2.907017131506572,2.326041813710198,2.848254839470155,,5.592862732650550,5.540330366280326,2.868603550517374,2.687168855911481,
0.38,4.620042019253556,3.061716938785164,2.419378974240086,3.016379515399125,,5.812882149857177,5.685123307502033,2.909758324084863,2.748924656001966,
0.384,4.857795209535614,3.238601643732193,2.527492977852647,3.217175792037488,,6.003213815546538,5.871894553718914,2.870119899583040,2.816457595536711,
0.388,5.073541076624084,3.437203181694885,2.633880677515381,3.383309736850551,,6.184907328361692,6.050982220697374,2.884108385619507,2.890966102168796,
0.392,5.297537300402704,3.643701452945280,2.745748558404557,3.556680652632508,,6.413960839833009,6.233012996193069,2.977097306158289,3.011660215764906,
0.396,5.603742078253759,3.810600275616485,2.880696690899566,3.805273171823392,,6.652817098782676,6.424594206188793,3.087532641018140,3.137454894532094,
0.4,5.912320607972006,3.919711814968044,3.000307090795099,4.045545254568490,,6.892405208494392,6.655357976220689,3.201967204337313,3.202225731287026,
0.404,6.209197135875573,4.057601530287130,3.124711197420158,4.252740358812284,,7.196466163975749,6.964339156998619,3.333370736129751,3.254471704336709,
0.408,6.552605035166510,4.272914339599233,3.300050689747500,4.487675554134361,,7.570622687785328,7.314925644357225,3.488337754232394,3.406071136444643,
0.412,6.877436614186276,4.476896372636679,3.463244070708912,4.727769523066351,,8.124513173083827,7.779571336553255,3.732861144572481,3.768092844445678,
0.416,7.159585427655243,4.635354531214988,3.581043599041405,4.955980614593277,,8.935655583151121,8.432585426965002,4.096468318292319,4.321085639003055,
0.42,7.479122261024227,4.818075786434835,3.704515409208204,5.214266681003012,,9.771741707087424,9.111970668065979,4.469825748113678,4.871348413315605,
0.424,7.851882467175958,5.048806727168064,3.854877120241809,5.505653009156742,,10.447538013017311,9.714743283546429,4.769412394975698,5.305003738752664,
0.428,8.207777057790761,5.284090453571856,4.012695392731711,5.763542873459953,,11.176559429634892,10.382395182233108,5.064473745356176,5.733665663999001,
0.432,8.576244606644964,5.524157509185518,4.190055041164358,6.012625322626144,,12.178773056779480,11.211825683986135,5.433312506014178,6.271047315704950,
0.436,9.006230767416140,5.810810503003736,4.414257442671074,6.331087584237862,,13.278290008934380,12.093234357214083,5.812614936239017,6.832596495161903,
0.44,9.409935147693764,6.112535030967903,4.646202706685031,6.667070039312995,,14.490549606707191,13.118881984659057,6.173428039354457,7.386496519776588,
0.444,9.816507395876366,6.396186266056378,4.866046972339434,6.994674672593989,,16.011430347864085,14.441121486200954,6.578068353885181,8.002040796316006,
0.448,10.335488012999591,6.698536634518710,5.117394677721340,7.370687284567370,,17.580097591465439,15.785441096751976,7.019364622288682,8.610295963229110,
0.452,10.842172397855091,7.000746274860201,5.389835068378922,7.755858586016477,,19.135235468912207,17.101308410811743,7.498866212603758,9.246822747709341,
0.456,11.186178419765620,7.234201089299876,5.628736936611777,8.066444446713188,,20.850663971118038,18.556736021168177,8.017172997511011,9.990234697785908,
0.46,11.505767196900972,7.466171835248920,5.830042148237045,8.392558097528534,,22.400227804200874,19.906693811248974,8.487469338845981,10.684886323297185,
0.464,11.967874945904594,7.777690381696769,6.040190946718186,8.843231722108174,,23.566992540941015,20.997736991212051,8.875589765306559,11.266227890506290,
0.468,12.471270416184737,8.064420774974037,6.273542265696186,9.303330527175831,,24.738774154916985,22.088627767381663,9.292986050477149,11.865938205644888,
0.472,12.992985112495621,8.325396606008628,6.516145622679929,9.778513500102580,,26.145555814086272,23.304769825198530,9.828398923841366,12.543519116712549,
0.476,13.646886307873379,8.679577630379981,6.777231548201732,10.390276103528127,,27.462417089374377,24.376857026596642,10.381662275656794,13.207838430949778,
0.48,14.356683155258880,9.063404013371949,7.041479557101852,11.038735299196661,,28.619719257828727,25.292658039148492,10.905547349160759,13.898385113898708,
0.484,15.140568644857867,9.438727501958461,7.335526021176356,11.725890133866255,,29.810040089051469,26.255235654779305,11.473677030490723,14.697499983755630,
0.488,16.111976338507443,9.886867005575242,7.709902387749660,12.565270072085800,,30.859190480338107,27.120550506099725,12.024122138248391,15.427038516801360,
0.492,17.130604063225913,10.405269586021886,8.086252647916412,13.421241647953055,,31.722637436594681,27.875036186083882,12.532408188984101,16.059448349395701,
0.496,18.049755367603911,10.947275077823141,8.402710864364856,14.148126110591239,,32.574235214158634,28.651453599762903,13.064087108126021,16.747364416770171,
0.5,19.064863165190143,11.581316330015635,8.741345624693540,14.884528892881431,,33.331051782484117,29.325206190802017,13.545641434668601,17.419673382327620,
0.504,20.332025019087805,12.342799791232812,9.144999556765720,15.767774350632628,,33.950913229137356,29.815218944442314,13.902900962358061,17.965611634206038,
0.508,21.565061917992395,13.048882584780117,9.538649047977266,16.658754465856266,,34.633632276640448,30.286552504482234,14.245245907960525,18.518677255353495,
0.512,22.740559022476354,13.688099469721799,9.939116845766129,17.543431304974114,,35.457539540843690,30.861890386060423,14.674697150739288,19.218904057413859,
0.516,24.094940617683317,14.399870787335946,10.388663779630225,18.503453629949917,,36.251280931513179,31.422721036008994,15.111654321834227,19.944974601896991,
0.52,25.413953579250133,15.084695301130321,10.779112726072105,19.363434978334517,,36.958400993324275,31.886975769828926,15.533952444161164,20.666477855065864,
0.524,26.539859350946308,15.670149897925935,11.086122394726585,20.138764069040679,,37.646924235371088,32.285045321992904,15.991432827117615,21.455132158998499,
0.528,27.534908296679667,16.175496010456353,11.393628049282974,20.985181047314413,,38.229382860035251,32.571647612012768,16.410618065432498,22.180222341662088,
0.532,28.277274090003822,16.514218184276629,11.698993811265577,21.762266245612427,,38.680971807059080,32.725726948427926,16.749753051203669,22.832490753149877,
0.536,28.715453508269235,16.692043255958360,11.978507519491622,22.337242445044254,,39.101637927691769,32.809149757862066,17.048674371794235,23.532642611121439,
0.54,28.929065601834203,16.804781583624326,12.234217040311503,22.815571869004543,,39.485222504405876,32.902640578800565,17.334847567674103,24.204308160189136,
0.544,28.963774561331583,16.841459917354999,12.468605173814737,23.298340549762052,,39.788173529890400,33.051378793767839,17.644542976096385,24.753336800922575,
0.548,28.881971265593492,16.777884344503789,12.695488390059808,23.716148748556282,,40.024962062752621,33.156185877344718,17.983059728786667,25.262606239546162,
0.552,28.733124558657366,16.642480800091242,12.935324617318942,24.061273306439013,,40.186909296135298,33.105134341379383,18.306430281807849,25.803631263595751,
0.556,28.547960373158340,16.484515705245805,13.187367405314712,24.422797413345659,,40.218878216487013,32.946794250176190,18.578018348255757,26.293224591297804,
0.56,28.405270868681175,16.371100931964591,13.419275608372436,24.770013465439732,,40.044709021636422,32.725576194066448,18.849582698645644,26.695007905900983,
0.564,28.382747050690515,16.306875994769086,13.631740357882180,25.146739761734157,,39.674344147548815,32.466946588385262,19.154405679729020,27.060115964887181,
0.568,28.464975409809032,16.271179596260357,13.848110762679557,25.616073047230227,,39.276285552645703,32.218791637450359,19.399583069315486,27.383928791268293,
0.572,28.592783994641032,16.273270438258496,14.065698187125315,26.027390062862398,,38.924145723688859,31.912373756056731,19.599032366350134,27.711434324071117,
0.576,28.758898160066501,16.297994901907405,14.293003086073167,26.325544168082423,,38.553351404041024,31.503719507061192,19.832114576622576,28.082100136971874,
0.58,28.950066545397242,16.317781159863451,14.520401233860680,26.653216466842295,,38.191789023710086,31.110955191369182,20.058591595483524,28.401337758920366,
0.584,29.081862529340832,16.323433585202419,14.719947470835862,27.049230075171884,,37.874012487732941,30.814701524938179,20.252923414769377,28.640713089541386,
0.588,29.119359897870634,16.336186229326916,14.919165317209695,27.422121807430916,,37.493074034099450,30.517842301710040,20.421379050722972,28.880831598490182,
0.592,29.163818295238421,16.404176911914551,15.135649831478503,27.789454744027857,,36.973564243885114,30.128874238437469,20.550355790954477,29.131695698316040,
0.596,29.292103801946574,16.532032034796469,15.331382007890964,28.211571143551474,,36.428801349068614,29.712479557171655,20.687987358481347,29.351438452627651,
0.6,29.437797238492777,16.650286970252761,15.488983441058885,28.605647609616817,,35.876586451427322,29.284023990534855,20.889956760642352,29.524950964507017,
0.604,29.526670313245241,16.704353296921717,15.651637608256420,28.928903974615402,,35.237108762621254,28.806735881990683,21.117294102627358,29.646798210315374,
0.608,29.560457541409782,16.702415546589094,15.852320155609195,29.210008209626420,,34.607558372382151,28.369057236330054,21.315313688156337,29.730998767538303,
0.612,29.567751845398952,16.675387130363987,16.055879786792012,29.424314580606381,,34.005391243655893,27.979026378658627,21.492474480356314,29.793827637316944,
0.616,29.578621785905089,16.654394307609540,16.204350170930084,29.577680934544791,,33.354656784470222,27.555354807072238,21.665403450454761,29.841088557714610,
0.62,29.562643964520657,16.649766785484566,16.306276335798053,29.751834361793712,,32.728176886889109,27.156873371744233,21.827172383889376,29.871021608162756,
0.624,29.465490638309952,16.618314268381731,16.418875705502781,29.973742473720066,,32.189258043296618,26.845110763946348,21.977521852367289,29.893904695197989,
0.628,29.311512821471041,16.524301266224111,16.533032681459026,30.133726656728307,,31.621591653391452,26.501432758356682,22.130529399017369,29.939257341652198,
0.632,29.075373513513437,16.392670737236561,16.613799463783874,30.187787311272476,,30.944232184904717,26.036815257167127,22.306655725664502,29.994996255409529,
0.636,28.733958575093368,16.269380541461974,16.636214895549418,30.197553078166553,,30.327834126458132,25.572887077437841,22.493123768334772,30.017916107485306,
0.64,28.414880263632593,16.176753370063910,16.616096489079606,30.178428636045183,,29.813100702627970,25.143796716466724,22.602900933021608,30.021808740892990,
0.644,28.150378970554463,16.061703510393983,16.636168189418562,30.147364599471935,,29.277933739707034,24.697303952450419,22.602916823723213,30.047675581725656,
0.648,27.857165480516905,15.867267037466840,16.715161827697131,30.121538154441776,,28.786424897952955,24.318984104836524,22.613853932643586,30.079074679586896,
0.652,27.561441074096713,15.682499186401602,16.808027430499557,30.084366073148693,,28.311911053633416,23.982864530009216,22.682456760849526,30.094270237637033,
0.656,27.317311986894651,15.592167773856771,16.884113616014705,30.051464836143200,,27.756232484327406,23.597352289328924,22.749368113993640,30.087466495941463,
0.66,27.099481882173020,15.532100896689112,16.920718908869439,30.026663872161151,,27.258426846125815,23.237292510885919,22.820577617063815,30.059849453618071,
0.664,26.877695752112224,15.434588494937461,16.923340862403101,29.975635486153283,,26.894490145073391,22.923727399222578,22.877802710139143,30.027604903781402,
0.668,26.645133721296837,15.287558500368968,16.932369774328311,29.920854259619322,,26.571303084399325,22.619744030833267,22.879776573543705,30.003859970143072,
0.672,26.361528998898045,15.123572560190208,16.950675391795567,29.885515067157264,,26.286230601634649,22.367600601257301,22.858474068391125,29.978377002244304,
0.676,26.043929447403240,14.985647270892699,16.950165880047773,29.838310098847810,,26.097697068626744,22.172290721132818,22.847215295522339,29.947587469794293,
0.68,25.768549586533670,14.864813251788316,16.953478938057465,29.782294182801923,,25.964055659829917,22.003436433254006,22.837879657729090,29.912414822947504,
0.684,25.510171366629756,14.731451588652657,16.970308951864901,29.748437312013969,,25.808716479416994,21.845079929646957,22.798218058335635,29.829480393207373,
0.688,25.241703694506757,14.598394488383704,16.968702033384684,29.743070788282257,,25.633814843054417,21.701145859773955,22.713850340956562,29.689842985620697,
0.692,25.008458742325178,14.512859640544862,16.960156794164906,29.733887967255107,,25.390514236657349,21.575398885538569,22.669218591623618,29.534559523155401,
0.696,24.814680148312281,14.458214336165327,16.983308574201839,29.681550442774451,,25.042521577546498,21.463205884508284,22.728292435470355,29.376067708344515,
0.7,24.614283791911575,14.378438183587345,17.029324294979197,29.594194859926091,,24.712452236073759,21.381726899073019,22.789190973857725,29.209749357743391,
0.704,24.399924603656743,14.296074834597002,17.077180727820242,29.517134836731813,,24.448410134020957,21.275636659303121,22.759924379957233,29.011098155729016,
0.708,24.220440374388094,14.258219449441890,17.130776101549717,29.455790306013775,,24.196482941656374,21.105957096460987,22.675202159317177,28.766812851957074,
0.712,24.057761219715271,14.250748548369783,17.167288410728698,29.381394803920010,,23.968630350114019,20.958829792725822,22.578163132473541,28.532945430302089,
0.716,23.859764911838603,14.233166337539187,17.162340471287695,29.306421779155041,,23.744476440032557,20.837133167482715,22.474221111563114,28.337285795448533,
0.72,23.662529002196667,14.162359761062886,17.111601083487994,29.243513744789215,,23.432305436176950,20.678163716821519,22.365642121791900,28.090894966576034,
0.724,23.465002990458821,14.029212789333261,17.027224749317430,29.111719571224441,,23.035820177776412,20.478169859693654,22.239013082182296,27.729591327911812,
0.728,23.199673168104113,13.874619463906679,16.941586953792893,28.848938056877568,,22.640114386929131,20.245384123529362,22.063778733287840,27.341379767529979,
0.732,22.874335526883023,13.724109504768592,16.861683866681066,28.531552987581851,,22.204012723731910,19.953685659548213,21.803983708203013,26.932773244191182,
0.736,22.549468677590326,13.587681236796895,16.770975467958834,28.219100928601470,,21.680597476057805,19.584558824535812,21.471814169183880,26.406891697379017,
0.74,22.176850782661532,13.415174082749504,16.621859310721415,27.830888398643108,,21.152882949986310,19.202566417523066,21.156160743417932,25.845712005818459,
0.744,21.667730838014485,13.155491617393787,16.386553974675294,27.296734771258372,,20.565432387976756,18.792750131134138,20.807813733273981,25.249859992480427,
0.748,21.099118668040635,12.904259138748204,16.118121686427823,26.705639585221839,,19.809792337527782,18.300610954377781,20.340757659051032,24.490528420787413,
0.752,20.467241103154642,12.640308004617674,15.790468346525412,26.013479559262322,,19.015326805778031,17.770129431015789,19.859519448234309,23.666070705215340,
0.756,19.675802328220328,12.228805126402154,15.348114249214980,25.082959765679700,,18.302961720649357,17.199150644696065,19.406681552893623,22.891376513454134,
0.76,18.821356378976446,11.735538354185341,14.869621026806554,24.057690929783107,,17.467727181417025,16.506812417992641,18.838929529177438,21.972890222276320,
0.764,17.847185445982340,11.169841007198295,14.284177611366893,22.895088959856942,,16.348259906778921,15.695198489938040,18.084621716372361,20.751024821906878,
0.768,16.608877392032706,10.464622942200982,13.470777296501295,21.401401508449574,,15.206785667466399,14.898618641733936,17.294425467194365,19.481581017967990,
0.772,15.296040075156178,9.735878533127199,12.593550443334182,19.831505144027897,,14.032129942300859,14.026889365295499,16.437005990704943,18.171287719891424,
0.776,14.079169301669280,9.059064624248922,11.796166736526649,18.430654495257635,,12.595517308154069,12.930673339523437,15.341172260391515,16.600467446903288,
0.78,12.773567048213629,8.282326026482417,10.925932459649843,16.887906273872350,,11.175944636239233,11.828318755589729,14.179781702065666,15.023633867100255,
0.784,11.245405236653104,7.302805942795649,9.824276714975879,14.926861732775116,,9.839583664355819,10.735718921307555,12.963950409573666,13.414505712505424,
0.788,9.754705551731229,6.305488795726740,8.638896521414129,12.877776092449979,,8.372501104429340,9.435200780043445,11.462174508211895,11.517984175176826,
0.792,8.258096108984532,5.315496751635538,7.323847806524375,10.726862965102930,,6.953029552088658,8.066829144096875,9.832260635943936,9.630581179684274,
0.796,6.469309720911008,4.149492961203401,5.673091962667805,8.167150825840423,,5.706963688773510,6.813541739817017,8.274471101865132,7.939874465368479,
0.8,4.611412207922348,2.920190415880689,3.943454806297511,5.585560829072717,,4.340586696868718,5.316932158370033,6.361671806139332,5.960601170402080,
0.804,2.730631999171328,1.723096797158961,2.201845313469287,3.123462731574952,,2.679636337985587,3.267024693414661,3.818499247300789,3.434006522086126,
0.808,0.787178139340974,0.598680316608432,0.395458321006033,0.791665409881569,,1.122572353861180,1.199121800974920,1.409649819422959,1.064970675645535,
0.812,-0.618411904309788,-0.145407454100543,-0.921531864506407,-0.609863427955553,,0.081781842415229,-0.247064475190096,-0.040319831577585,-0.469907609811169,
0.816,-1.084860665999833,-0.393979665271431,-1.368893502367061,-0.682208047339563,,-0.349491508863798,-0.827197857839693,-0.329629669760767,-1.020780481494276,
0.82,-0.804885292278141,-0.277745667584072,-1.054695502752878,-0.107467756590946,,-0.175510223357987,-0.567658921283142,0.184788338452737,-0.704129237721180,
0.824,-0.182741226140766,0.132958657079830,-0.285282752271735,0.222339657830043,,0.314253286584505,0.000447095679676,0.666717309642819,-0.106169058025481,
0.828,0.324225429309309,0.624384292039727,0.429148606322433,0.114497712004741,,0.535631145927673,0.207962934417180,0.652527585233880,0.071895803013057,
0.832,0.420588165452912,0.787246001510237,0.682344158847358,-0.000432818197059,,0.263746465498986,-0.048084416518134,0.431415330434086,-0.255057803505981,
0.836,0.138941009966850,0.509471996890774,0.428320195119803,0.030331534880558,,-0.065472294453315,-0.385050557089159,0.321797450512481,-0.592633821509371,
0.84,-0.183530684137581,0.126777765940518,-0.024392429571103,0.007714793854443,,0.001718497148174,-0.400338754299004,0.341359607126507,-0.553744046376903,
0.844,-0.269672793675251,-0.069509345397648,-0.316420483386348,-0.023969483137737,,0.340369741818240,-0.064791095165247,0.462077202691824,-0.246590809369295,
0.848,-0.138743200110389,-0.011401877382825,-0.265217968048027,0.055610835331259,,0.517606676087797,0.195896330383521,0.608874063813066,-0.040347548787690,
0.852,0.036674387119916,0.224002700107389,0.032095242817370,0.098719316248692,,0.415309989953688,0.089942424235071,0.582360346094063,-0.114054689333614,
0.856,0.160545885712053,0.462719657900217,0.279977488386498,0.036821844796352,,0.246705227197259,-0.175990002651630,0.365827784791217,-0.301394587699370,
0.86,0.180203138928824,0.517362452257521,0.287381397390398,0.011730754922889,,0.204638814437768,-0.252936302476622,0.247263611138534,-0.342513424988372,
0.864,0.055605394579607,0.355416341556634,0.075636430571376,0.045194348520955,,0.291270481741960,-0.137321380720004,0.321945003145768,-0.247391563727010,
0.868,-0.099369078345879,0.167747599918065,-0.168720325240255,0.046142861214656,,0.384479561032341,-0.089096230913230,0.403890358574624,-0.202053976834900,
0.872,-0.135312255725166,0.099025724336955,-0.230719365937071,0.039092629841298,,0.379678996423865,-0.171850839076859,0.408284136993797,-0.247811160947504,
0.876,-0.038128622926314,0.123208306117260,-0.067307368956757,0.057364156764164,,0.283067534002057,-0.230853032695366,0.379006785172987,-0.289809828175692,
0.88,0.089295204635474,0.174633087066795,0.138929912971535,0.048160993817068,,0.249503156868101,-0.174684127376607,0.357692528534759,-0.260217279607690,
0.884,0.143603050058006,0.213476652914049,0.210317419513812,0.043169111168970,,0.347390502321826,-0.061970288624816,0.372140297682598,-0.197835089371653,
0.888,0.106229888722821,0.212142723299804,0.145996581377977,0.083201262494285,,0.408989043927411,-0.004109210587785,0.427178823216177,-0.181447102377682,
0.892,0.029218382725008,0.180408477831543,0.044517477616752,0.093772066135768,,0.363428573908767,-0.036394832231017,0.461626044384273,-0.235802145538363,
0.896,-0.033702567816538,0.153712809845571,-0.018504875823568,0.049687276120950,,0.324287537518773,-0.100990944385063,0.423065664950869,-0.295357109956392,
0.9,-0.048836935909038,0.172333017493744,-0.001252375531469,0.005108265491278,,0.323439298059425,-0.137006572430367,0.377773386835188,-0.279779692294588,
0.904,-0.015144715280995,0.254031088503721,0.099577903815828,-0.003601710455083,,0.322010326411298,-0.131018752736101,0.387531267617173,-0.217257417024707,
0.908,0.012533460083674,0.332211021930717,0.208171227973611,0.012455151391051,,0.292509741294802,-0.122541705833530,0.415083458283793,-0.194102536899958,
0.912,0.011709465601780,0.329260753056846,0.206872063294178,0.027292410953482,,0.235144747073656,-0.152210755359279,0.421260103478786,-0.229647481246732,
0.916,0.020352805311335,0.247475308862214,0.088909759122658,0.043242051109350,,0.217318497887546,-0.184010298663782,0.413206944324564,-0.276435077395519,
0.92,0.029397876256180,0.158375609670187,-0.005340994498977,0.046042245629932,,0.258180434912730,-0.158792715412085,0.396609914523463,-0.283523983878807,
0.924,0.010256861311016,0.150863669534751,-0.004802780118332,0.041198886950755,,0.289671159325707,-0.099608569865260,0.365751421438121,-0.269214007690608,
0.928,-0.008564253494996,0.227634298790332,0.053421394715024,0.054953571892632,,0.295903075148220,-0.077013622726868,0.349457097800591,-0.295414230597084,
0.932,-0.007578223981795,0.296369501235944,0.121557968254920,0.058640852015676,,0.277705893155234,-0.107265880714674,0.371581564056140,-0.334368022678221,
0.936,-0.025582937724175,0.319884836225111,0.139037875864552,0.035882855185953,,0.254357554017500,-0.165179607244056,0.392046849838736,-0.324176052667356,
0.94,-0.050932813013285,0.284790401618954,0.074213129637167,0.023498274001206,,0.276333082805911,-0.203994348816447,0.380214878571435,-0.263375795924279,
0.944,-0.036636100479771,0.195870970897047,-0.012501989317496,0.042390691896219,,0.306581792263516,-0.176007261785432,0.348923001456113,-0.205637964608025,
0.948,-0.019243495422697,0.141494971767637,-0.036830856867843,0.074448860992081,,0.302537285817631,-0.107919452442668,0.295913665056321,-0.211249480363445,
0.952,-0.007441555729671,0.154322751017365,0.002884238384393,0.095913833869356,,0.285429390979346,-0.082391899771543,0.269280767333275,-0.269097072664469,
0.956,0.036273019213168,0.190697415875645,0.057528794713435,0.078642476519590,,0.274420215476679,-0.120950221308645,0.344370514823915,-0.326772594553095,
0.96,0.081999209784313,0.187653012163132,0.090400586051403,0.018557756917480,,0.263132498259147,-0.140705833330791,0.430732334488057,-0.329246052111191,
0.964,0.091132968006684,0.130740555121739,0.065519100871893,-0.033489739751823,,0.248020888228527,-0.101090160588396,0.416434369770164,-0.269374719991543,
0.968,0.083798343261853,0.095504387846999,-0.008626367674058,-0.038873615362477,,0.237381503430520,-0.061588784059143,0.370907100056470,-0.225439221791714,
0.972,0.083471653882142,0.119003482174803,-0.032198947747376,-0.011316568601413,,0.230804183457226,-0.057133268537793,0.368991866297930,-0.238061583882327,
0.976,0.081962894844640,0.173731008960712,0.015825616411128,0.014711014425150,,0.236373951442140,-0.066812450274330,0.376741665651208,-0.271802623097620,
0.98,0.077380825797537,0.214563748781205,0.062172663068086,0.025426196651634,,0.253240414101646,-0.082240043996675,0.368363346315364,-0.301597877478495,
0.984,0.082840524868689,0.215199260710231,0.085363949934118,0.031510413228773,,0.270134090146391,-0.113268241583525,0.358211048824933,-0.333076203368249,
0.988,0.078189849188968,0.213259116284675,0.074314956905442,0.045193774865086,,0.275555646569457,-0.139407901711597,0.338156923958839,-0.377174793055104,
0.992,0.055622760033516,0.203882246732365,0.024610376897726,0.070498572687873,,0.264867728043180,-0.128099349434244,0.322223375836478,-0.408847569842339,
0.996,0.047545979557603,0.147556277832544,-0.019441515196881,0.087154661029558,,0.272902313050927,-0.115500041073065,0.349574833635948,-0.410912618075128,
1,0.055775118688766,0.101550245135564,-0.015992513400395,0.071483641555842,,0.310170635614828,-0.133493457918014,0.402472656964069,-0.362940415450520,
1.004,0.030294732380523,0.115105124302138,-0.010893054413743,0.044396010116119,,0.347425306471663,-0.144333878295502,0.425027371868698,-0.265559677422389,
1.008,-0.052895281704259,0.134582571901189,-0.056511782793550,0.037492159739258,,0.366177736506739,-0.163115285134962,0.398620941679665,-0.201321831230898,
1.012,-0.094859624902431,0.138580721009330,-0.091285086052221,0.037073497240400,,0.348106297012029,-0.181169984721813,0.350886703128150,-0.214034825393598,
1.016,-0.047089433953370,0.153350057982975,-0.070621592761267,0.030127181006027,,0.307187842102741,-0.133452821046271,0.325182603719941,-0.274791755588145,
1.02,0.002943637660206,0.153523107921395,-0.047572863645941,0.026054923152316,,0.282555106896876,-0.067765272040281,0.340659478896178,-0.329898425122563,
1.024,0.007369350356940,0.141576230448178,-0.046398011716942,0.018421771328322,,0.273864885116995,-0.052990090638403,0.372974928248595,-0.323458361786860,
1.028,-0.003378618223661,0.156262085809117,-0.028055386643295,0.005370105704430,,0.267031949695833,-0.061841790005614,0.382918352315212,-0.272182683459824,
1.032,-0.014541390348893,0.182178451978173,0.020901053139676,-0.007287417000894,,0.266440636920626,-0.070844415923683,0.359290838251762,-0.246444314025074,
1.036,-0.042412184682410,0.194976872243550,0.053355002384575,-0.017565332965504,,0.265869486140912,-0.104639505599120,0.333129485406884,-0.236363469276130,
1.04,-0.050177017498117,0.190810617395154,0.030184370963840,0.006716753177197,,0.265757187255468,-0.149330950088774,0.344669587148488,-0.229144307128028,
1.044,-0.047699799021666,0.194960746191721,-0.011965401280481,0.059121373542684,,0.296732647718386,-0.156622359464728,0.387517063614709,-0.252562348109726,
1.048,-0.092763091991014,0.232188828549368,-0.019461500876153,0.079801226687769,,0.356580687759713,-0.132998126909952,0.397881113030529,-0.273046027360589,
1.052,-0.124846228103916,0.276598905805567,0.007402971815006,0.072925514422345,,0.382337444725078,-0.115281584360904,0.367051872219473,-0.280758756079820,
1.056,-0.072546596754902,0.295181842256076,0.039928455452087,0.079195192348380,,0.361575097884964,-0.115645256128299,0.369896167700770,-0.306873583441022,
1.06,0.002776947822989,0.269549375687213,0.043377712563229,0.082394873212338,,0.346819518924179,-0.134652639225990,0.435244268554943,-0.339929746822759,
1.064,0.025773712518049,0.209791844571991,0.016707614834285,0.050844228667076,,0.336100342935159,-0.142312902682467,0.493809730583830,-0.338705737108897,
1.068,0.022257673441731,0.162674668985129,0.002977220212237,-0.000868785227560,,0.307130657897719,-0.111505770042161,0.483400309491455,-0.302682488475743,
1.072,0.007509648818186,0.168861364184230,0.012503238068934,-0.035547690227181,,0.292526707992627,-0.062550697098498,0.435908452065638,-0.261636378458845,
1.076,-0.038285086537399,0.211991858421307,0.025128612652328,-0.026516084623547,,0.309810341730563,-0.022984573600499,0.409300259568977,-0.226422197266662,
1.08,-0.086491108252632,0.239107138114995,0.037264221378335,-0.003537562806451,,0.322824145037828,-0.016787912103996,0.399715534379236,-0.222888368390755,
1.084,-0.114194602951248,0.247809483752409,0.044826786975604,-0.006398051386604,,0.317714588166658,-0.040854583474108,0.366643653033209,-0.250735372623081,
1.088,-0.116729149613595,0.259440907749667,0.029303480516446,-0.010307256244295,,0.301451447521358,-0.069355110398632,0.312067062040986,-0.277269197020822,
1.092,-0.094233880962486,0.249939119198648,-0.001400128332764,0.015851574112296,,0.282239865488000,-0.079390688090349,0.289472967081821,-0.294489920907847,
1.096,-0.082512932654898,0.209384559480515,-0.021718884705706,0.056581879280234,,0.277587270349908,-0.058510086186306,0.330304796675028,-0.301010929199753,
1.1,-0.076855407557531,0.187137974705722,-0.037174914551794,0.061096354775181,,0.283613614443589,-0.037490033494465,0.383971164027373,-0.297881141203167,
1.104,-0.057078841470800,0.213246892748515,-0.062494602736232,0.011287821181406,,0.299303983563172,-0.075853393638942,0.389709283060022,-0.285262333445275,
1.108,-0.056054056933853,0.244149815099481,-0.078667417347241,-0.027276802960501,,0.319488538609185,-0.160999277344998,0.361232346903344,-0.270133029848021,
1.112,-0.067557703010248,0.257501422450997,-0.041427982689968,-0.017070569402233,,0.336482788503751,-0.196808039671798,0.354064743779518,-0.273427051970739,
1.116,-0.050414715427313,0.282577635538363,0.028162698071420,-0.008219328919565,,0.353900327770046,-0.163418777296292,0.383940325408822,-0.290824868869458,
1.12,-0.010488591305954,0.292817085547414,0.039876019262389,-0.015699404566246,,0.342094557526547,-0.147147097022419,0.409130041993357,-0.298571041931543,
1.124,0.007064536551807,0.263240369027004,-0.017076776006327,-0.019992047071670,,0.302128539309745,-0.173785014970365,0.404258125282913,-0.288084974761959,
1.128,-0.011602120781409,0.234658308936203,-0.063728278063455,-0.018952107922729,,0.274346088088917,-0.188360911857862,0.387010350392159,-0.286597114744716,
1.132,-0.052620246162433,0.215053495569035,-0.058263699627868,0.003080738590079,,0.290605264941752,-0.185578841827829,0.373583588043161,-0.310508198148333,
1.136,-0.107167801819905,0.185394945953430,-0.033421220558650,0.032805998250621,,0.347668066991949,-0.180968896969463,0.350261279403379,-0.316673984724974,
1.14,-0.120435477852789,0.161308949271744,-0.031016695113491,0.050219540756308,,0.350394093445942,-0.165291602087076,0.315626888464543,-0.300176757697581,
1.144,-0.063347005239005,0.168368181523465,-0.042469985880040,0.070466627601503,,0.275886801371669,-0.124627041729278,0.300219736713791,-0.287777479729473,
1.148,-0.007106974915379,0.205938618925789,-0.041291555769430,0.083624077112666,,0.229778714514240,-0.073637222910469,0.309346188329535,-0.291070974299609,
1.152,-0.008175987810374,0.223972561400883,-0.033586718678032,0.068321174035551,,0.241236280285324,-0.062608834260777,0.337443824077508,-0.325305007677680,
1.156,-0.052248944883694,0.188498048645860,-0.021258986930263,0.035618236969992,,0.236150012767465,-0.073930358546295,0.390159465181172,-0.353369755131919,
1.16,-0.092365147057299,0.147405708266727,0.005397471853558,0.017662702582845,,0.204618893947497,-0.082354126343411,0.419106923431551,-0.345728565113410,
1.164,-0.081726471146100,0.134953894783111,0.000657976843219,0.033755561361731,,0.201075336018729,-0.097806439436551,0.376969823262427,-0.327092438262167,
1.168,-0.037491803992993,0.141643186891197,-0.053681605512449,0.049628442272517,,0.220300364813993,-0.100041740932200,0.340633132968841,-0.309376230168995,
1.172,-0.037712535288597,0.159115078707551,-0.081016969652616,0.019032284119285,,0.241941607625022,-0.094725429093371,0.350647268882211,-0.296907158408293,
1.176,-0.093227247732832,0.169037765068743,-0.049656483365769,-0.018000942470302,,0.256873425355108,-0.106281891110403,0.320754051848498,-0.287655032530318,
1.18,-0.117183943235172,0.159664415459585,-0.009037968787284,-0.007228740994684,,0.252616090923465,-0.142861925054789,0.271538653568384,-0.278887992851620,
1.184,-0.086628699320069,0.143523502143679,0.013600782280765,0.027855540460232,,0.244133600686433,-0.174401096301060,0.278551660521109,-0.289735328273951,
1.188,-0.056979599459758,0.137439421799381,0.013099501986210,0.058106627861976,,0.253059804884615,-0.152733853062693,0.295456850850810,-0.313785654320886,
1.192,-0.053815781936912,0.149037377618727,-0.001450946601037,0.065724734429350,,0.275670831016680,-0.113493168042833,0.279369064263830,-0.325348200055373,
1.196,-0.068192886162834,0.166474985104947,-0.003856205489369,0.056038449091930,,0.278575242403759,-0.122991632360033,0.267591521109757,-0.332919042942392,
1.2,-0.053665665435524,0.162796680795698,0.003583178459758,0.069396544194741,,0.274337966230422,-0.145061944642996,0.286172170752022,-0.351263165925709,
1.204,-0.016758373005921,0.147545262317459,0.012378668545245,0.083418972848549,,0.312330588313886,-0.111458406613260,0.319197809076958,-0.362237147894114,
1.208,-0.007785400139170,0.145078073202447,0.020773358003294,0.051780846863256,,0.351491648325575,-0.062425156590609,0.339713068960210,-0.359484935174575,
1.212,-0.027557501800108,0.150246225531675,0.034526418902348,0.011343134826410,,0.328854762106964,-0.054548776746866,0.330410208458265,-0.357895355147066,
1.216,-0.069578288853136,0.168995060402355,0.055259132443794,0.004596609688338,,0.279915928167398,-0.062838790679108,0.317697237167513,-0.351006251271007,
1.22,-0.095140705310245,0.201343352308919,0.053365181770926,0.018140574263608,,0.277482486689213,-0.074143606637914,0.332632431522282,-0.343568321792617,
1.224,-0.072031477185309,0.208215995938556,0.017523211666281,0.041621045988840,,0.303859139125530,-0.088703895949386,0.357826651217054,-0.337708066614467,
1.228,-0.046469210978354,0.182313379773889,-0.022251597185957,0.063075822624392,,0.302097312844384,-0.098253477663437,0.352843808999104,-0.318111181316515,
1.232,-0.041159225402784,0.174416605636570,-0.033366098141252,0.064665458771263,,0.282868987856292,-0.126803134476715,0.308243396537902,-0.307663148810511,
1.236,-0.030366116113466,0.180439427602422,0.006022019520369,0.041095938851755,,0.256435398339252,-0.175686520388019,0.302343558270701,-0.315299557203252,
1.24,-0.027514652973692,0.169395648708608,0.064170843442887,-0.005166083889775,,0.234374372295428,-0.209813011953156,0.362537626242353,-0.304312784508598,
1.244,-0.032194848350961,0.169582187448562,0.071566580781256,-0.026058520040776,,0.227033484020653,-0.201817883279145,0.400733259798340,-0.272353465585223,
1.248,-0.015829431810069,0.183859691281565,0.046486020584490,0.014682137211650,,0.204875366161997,-0.141922939481236,0.396667977556396,-0.240797386534562,
1.252,-0.004600653205202,0.198559373022692,0.051030215947417,0.055620042998315,,0.196679517582783,-0.093399899922597,0.394752882946819,-0.230509563158416,
1.256,-0.022307439300152,0.218869915129020,0.062647883728089,0.048348919331543,,0.238360845064244,-0.124101802012816,0.414141178632477,-0.242491355255136,
1.26,-0.031620757836065,0.229821687862199,0.041769986163820,0.045802025164217,,0.271016343314878,-0.172880784646304,0.418210935419838,-0.251729520303547,
1.264,-0.014761438585838,0.213520450527193,0.012866159749568,0.055649819393074,,0.273802251294765,-0.179014456476640,0.377146507936987,-0.267206992361027,
1.268,0.003110416159998,0.196783147899552,-0.017958284783173,0.037623049278128,,0.293643057740526,-0.170818022112844,0.332950738968864,-0.298268294915015,
1.272,0.009621988465698,0.213552427845542,-0.058035319751312,0.023192153038074,,0.322983341948552,-0.176150755262455,0.323551485877025,-0.324366649284363,
1.276,-0.011540229361974,0.245666022033282,-0.078038037362489,0.032399479222785,,0.335608837817033,-0.177874017496465,0.359818442018503,-0.320496697149444,
1.28,-0.054301835186442,0.261945910864172,-0.079299886875495,0.048036206497088,,0.331006561950376,-0.172499671495132,0.401474912324243,-0.301106985396024,
1.284,-0.060839304730070,0.252326243052976,-0.092624096945027,0.053915694765127,,0.300822801204058,-0.185445889315785,0.386717356739484,-0.317687105508106,
1.288,-0.025351221029658,0.224752220238933,-0.114400782877742,0.049198979455633,,0.263287739322019,-0.191772736470013,0.334994701963055,-0.354643732159533,
1.292,0.000479761365744,0.193380246032413,-0.107436739581098,0.061710706052680,,0.263887619608742,-0.185850145555078,0.296292397306782,-0.366432146470412,
1.296,-0.020945423860864,0.185706957379560,-0.070553855090775,0.083438536413643,,0.302625050707187,-0.182244535920203,0.286392392015951,-0.367019638790136,
1.3,-0.079634566746076,0.207739407478766,-0.032752629625613,0.077563974016053,,0.338667429041813,-0.150978187597138,0.305749611677843,-0.364255870314302,
1.304,-0.112509154626203,0.213270538890954,-0.001948835386144,0.044976817407653,,0.341616842461220,-0.090044502001559,0.336669964776807,-0.336814225407682,
1.308,-0.097767818496919,0.183303017395714,0.003794595638626,0.008171312366775,,0.308591238433605,-0.025315337740502,0.355786361558091,-0.304698471216580,
1.312,-0.075293224324995,0.159825269230330,-0.009992141277844,-0.012040740666864,,0.269081472662436,0.011028779570353,0.374508337380924,-0.308503083236692,
1.316,-0.060798193342410,0.154814446893696,-0.016189793903338,-0.013952769281972,,0.244371220823107,-0.003900847664189,0.398719150707543,-0.327306945891385,
1.32,-0.035685886818575,0.144919015817558,-0.021610854708539,-0.023315374967730,,0.229748162660611,-0.051508611865949,0.395715463801800,-0.338375102748702,
1.324,-0.016067064241490,0.151130028587305,-0.025386778011900,-0.026288157725710,,0.217083721308150,-0.093888386850555,0.362209780100446,-0.349646905177282,
1.328,-0.045472820101479,0.171158396372834,-0.031064737507543,-0.001980136959753,,0.201848349571543,-0.112709554497119,0.342132996511848,-0.351719919198311,
1.332,-0.106741743889344,0.171956207769481,-0.033853727686266,0.016992062784427,,0.211224240305241,-0.110764287866971,0.367540463667556,-0.335452289140390,
1.336,-0.134516485694171,0.168679023858219,-0.003164554299643,0.028793935372482,,0.261918646364622,-0.101415481799715,0.421641749846550,-0.316190190293728,
1.34,-0.101300772629129,0.179824402991997,0.041430367797606,0.060562410531936,,0.318805004054822,-0.103498310481352,0.455667855123842,-0.321638159003812,
1.344,-0.058299276594135,0.182486321774630,0.046106455028389,0.091705126601858,,0.319329415654192,-0.122265554064924,0.447793125640798,-0.324978423477016,
1.348,-0.068374817317934,0.151909573742243,0.011497448078106,0.093626234416250,,0.256000329452769,-0.141458525484512,0.425488831355717,-0.303518282299098,
1.352,-0.099772458942045,0.127193725779550,-0.012529158267039,0.070990867556233,,0.213041849006982,-0.137153431579846,0.399504612866661,-0.286941958962579,
1.356,-0.095575924281553,0.160442135618525,-0.013260325424703,0.053768935280709,,0.231711477225805,-0.125503921264837,0.367422606574430,-0.272883408935284,
1.36,-0.069893580403911,0.221723518462585,-0.018984700640375,0.064237340449244,,0.281417648224604,-0.131889605963971,0.348629331920201,-0.265594918892190,
1.364,-0.060886360754009,0.235828577314062,-0.030921564977044,0.090074339825489,,0.310755922152982,-0.144351492424586,0.347440390538762,-0.294607311453180,
1.368,-0.077143164049602,0.188447431342286,-0.026445162242061,0.106184395304324,,0.287581119797502,-0.148116004264752,0.354054440253403,-0.327464072042503,
1.372,-0.095117199576182,0.164661139013532,-0.011841821049989,0.104443485480947,,0.260829557285286,-0.150966858902650,0.354440855103396,-0.328520211157105,
1.376,-0.086299878463279,0.195780969017583,-0.022461074514079,0.090523392377136,,0.269134012358203,-0.173178182990405,0.347816370087689,-0.327756564519721,
1.38,-0.071080058547880,0.211038164501990,-0.075034003678872,0.063113789560022,,0.277427857794745,-0.196291767716702,0.346631061079817,-0.348061417454941,
1.384,-0.090535021566869,0.196000094009266,-0.143778812141580,0.013047946895914,,0.370602768744125,1.425563034598819,3.162447506337627,0.913897953744136,
1.388,-0.108863240736473,0.179519548823187,-0.182507931902801,-0.080581635468904,,1.563813313981927,7.913763819760091,13.046298329217436,5.775113740675421,
1.392,0.528848834835507,0.402928806316481,0.526680609921554,1.102535664414476,,5.696648699048411,19.549586405544343,27.832089796720602,14.119755025571164,
1.396,3.412626677420700,1.886828708404317,3.651822805778937,6.259533764025487,,12.071693279766919,31.146052897201645,39.603900300506346,22.238813609033620,
1.4,9.624644956959596,6.334862662973743,10.150035330889244,15.864646403201895,,14.284534569261986,32.408419675568602,38.558824189573713,22.568058704777151,
1.404,16.200074532130991,13.152113672035519,17.850251535237287,24.950773394076606,,8.610657237340645,20.061227294338686,23.457039442504076,12.383780533646323,
1.408,16.803935315843969,16.767067718041204,20.747576463901840,25.456522817250157,,1.517541242786716,7.048027111033189,8.902051564028692,1.421156957456716,
1.412,10.365142920521599,12.877731193625635,15.157041486143720,15.982669019269194,,1.509764830007079,5.730368112688367,6.333486684118562,-0.186936076549445,
1.416,5.102818094122853,5.560394139141962,6.004789246278698,6.089326061442080,,8.214708685832488,14.061649910413513,12.439111007681019,6.125231993571716,
1.42,7.406902078171849,2.317469590416894,1.546662230790485,4.406267948363642,,12.465970167817924,22.249042046556632,19.419714034796613,10.932102651350908,
1.424,13.269416019664618,5.833810648099775,4.513206329585979,8.583104678596541,,11.727232521152178,26.410907315751349,24.064301931875978,11.450085947013250,
1.428,17.283614945860528,11.963399222122778,10.125986969176985,12.434651544600548,,12.209585299786861,30.043395142692948,27.801016469684757,12.508779579256695,
1.432,18.954005604321694,15.223943571543378,12.702468078180614,14.197867193406477,,15.230854315578618,34.636182714389271,31.434593085624567,14.640034645377368,
1.436,20.081816559133706,15.997647220440509,12.773363893354439,15.628610982623835,,18.270578282996006,38.585025198261292,33.073210807286017,15.062265732034929,
1.44,23.300675576587494,17.901969043728890,13.588145641961932,18.776496035199020,,25.006213708256858,45.426184087295240,32.163291693531505,13.785514747641807,
1.444,31.902623733363818,22.488089426596297,14.743835637359973,23.359029050948699,,40.742556769888445,60.453721884115922,31.932734600962672,13.934955687367035,
1.448,47.109383044815836,29.026670670775655,14.047405388087579,27.781878665693611,,60.031959646028874,78.523622660863509,34.575457709079970,17.234209211408327,
1.452,64.352020491485462,35.164109866697871,11.971931475996080,31.837608588001128,,71.092555434124691,88.899405828630236,37.111440692617236,19.835982187503586,
1.456,76.799950995843616,39.183284743243668,10.654045530612901,35.016839909500881,,68.499976867794118,86.819363277468256,36.523742257413353,18.250624519485331,
1.46,80.152129644597551,40.413241625758417,10.677520190316336,35.737357419568404,,57.160539046867527,76.424325528844534,34.975546544314199,15.433584316044669,
1.464,74.533545248084266,38.712394995492275,11.568238743926106,34.208459228365555,,43.345876103276353,63.023014308106269,34.594462595523865,14.467503216542159,
1.468,63.930605782044481,35.468268728820249,13.319748799392922,32.142072893384245,,29.843757358494820,49.036391642274992,34.197091466037676,14.572100179797463,
1.472,51.391336536723372,31.452874672545789,15.630482913588814,30.239071912528775,,19.989915879486070,38.010813294635675,33.034315170606845,14.717107695129702,
1.476,38.817434727349166,26.387799875725477,17.270961848470947,28.129513354075780,,15.328409530657501,31.928869235618521,31.762587800387792,14.954435929486866,
1.48,29.557202656925519,21.410777591436325,17.290042226873272,25.895274239992094,,14.250302632991435,29.159699970767477,30.477124353583907,15.415007111223225,
1.484,24.746981302533847,17.677093064956310,15.997393126283109,23.932604532236532,,14.357250237333151,27.282987396274642,28.611198425673734,15.715727956503134,
1.488,22.477861840626371,15.161101410743306,14.365754579543029,22.260945577269759,,13.955782511264466,25.226380160937151,26.328033585089258,15.418663336159408,
1.492,21.170422872719875,13.618444860714529,13.134333061526366,20.930949331597887,,13.043098341182468,23.264425191057267,24.403909956608175,14.890864568115628,
1.496,20.077516340195807,12.505082303609036,12.281034453356854,19.987133113775968,,12.468333640098908,22.000304847556659,23.444639705460691,14.863817136440469,
1.5,19.039722591505040,11.479147126911599,11.589182981979622,19.389627876570444,,12.466708811364114,21.659921523816379,23.448588315674542,15.314824380983913,
1.504,18.242653444606827,10.790776096798147,11.223742048072621,19.113865402415961,,12.532808238692525,21.650091105361387,23.710101712412936,15.689946220027796,
1.508,17.688124033370766,10.499672960770527,11.149787895914166,18.930759109041443,,12.372358932489059,21.385565875905698,23.612327387979079,15.711329441050674,
1.512,17.096609124829289,10.208966062890498,10.971301209733209,18.500358227749899,,12.202330695299644,21.012466596492285,23.218434439964064,15.503229447154709,
1.516,16.352700664731866,9.692211317118328,10.511653629148441,17.801346314407528,,12.150246122578036,20.799748691717287,22.847687654318182,15.253180493881624,
1.52,15.706434705315768,9.172766062119830,10.008221690209540,17.132643240443095,,12.113122772774069,20.806127542062818,22.594333016316199,14.926139855721708,
1.524,15.230880406399134,8.832517330202196,9.634961345687122,16.559360566688536,,12.079249541707153,21.069988541534258,22.488673608149881,14.512065593169240,
1.528,14.757038326276101,8.622395900212563,9.376034835732407,15.989202137103570,,12.160414706996075,21.560920708589229,22.680981927678665,14.238648622169841,
1.532,14.330039785778686,8.514454042697785,9.256949574408631,15.539572626151378,,12.395861248603698,22.334486496496741,23.205819746566242,14.104375014084894,
1.536,14.066908291470185,8.497831928149626,9.268496139423746,15.275421614276020,,12.669127646086638,23.398159617384326,23.868087053296662,13.877176055288313,
1.54,13.942087793731440,8.527399802418124,9.310235216016750,15.118812072922047,,12.873549289323455,24.453683696465429,24.475857205043916,13.567774575617449,
1.544,13.870598864882108,8.575754392295114,9.326333291867412,15.001064577622000,,13.087627883608231,25.499101779293120,25.116211295001726,13.339328729851857,
1.548,13.791875714788434,8.642008738349126,9.364502043079803,14.899716465553663,,13.406173518252643,26.724796961312784,25.910997137937024,13.250252062891860,
1.552,13.741292212884185,8.746133864482463,9.424501978197695,14.812341112966212,,13.790267780613318,27.903448726230788,26.681371595726262,13.213842348502570,
1.556,13.783575544639383,8.881354527548339,9.437623147654685,14.731870204535390,,14.197302936539227,28.817206977109901,27.276793078478477,13.177854358187973,
1.56,13.892400044764017,9.009879627343381,9.442961432593970,14.682223162763286,,14.652228337865267,29.638406663133427,27.784156744632099,13.182699726425948,
1.564,14.092324919834759,9.184546378086218,9.555589920990148,14.732467023803999,,15.155133553586868,30.494239715877814,28.259955097693144,13.215512759304804,
1.568,14.434508465134778,9.489781349400111,9.784194982213101,14.925002149544856,,15.604878868224205,31.145021446027670,28.577070751677908,13.253780102286447,
1.572,14.818033114712204,9.881978239433469,10.033820650065357,15.165670008780838,,15.988757979799267,31.476470122656846,28.700439384963708,13.394635391589214,
1.576,15.200623687723063,10.277882599112990,10.278329624473223,15.384276262962340,,16.369881189410822,31.629922400896142,28.740975738008238,13.694529660060930,
1.58,15.623111308670179,10.627749775017829,10.511910929123328,15.619350169012321,,16.682924133307623,31.651451587892272,28.712257421504031,14.007674099802438,
1.584,16.001556382794512,10.882069484360212,10.672155139759647,15.829872989491346,,16.845683825352477,31.514859722234700,28.561322531195582,14.206535800594056,
1.588,16.265635270766197,11.049897603384442,10.774846493566988,15.955200826911318,,16.874301989685971,31.258737832700351,28.325163398804325,14.271400535606233,
1.592,16.472247974733182,11.193869254127492,10.850014383681517,16.026015571651140,,16.834685138191453,31.015329402654700,28.139515255397374,14.249064388804969,
1.596,16.676722136902576,11.354095166040882,10.885150826347500,16.097462348776268,,16.760380560786313,30.871524990833514,28.042054380038682,14.226888948696292,
1.6,16.851505939950290,11.509308070578507,10.898584709262357,16.192316221964930,,16.649081972522517,30.768215736310026,27.927842942177445,14.172896650539043,
1.604,16.968294294420581,11.627501791658133,10.925729711176190,16.271936605657356,,16.494917725542319,30.644291401271495,27.752071292237893,14.011844867573300,
1.608,17.059823852010375,11.725647725455627,10.985084314138479,16.286804004031801,,16.299833971454529,30.518742429086881,27.609983529980205,13.792412267281529,
1.612,17.136059828971490,11.821781553498729,11.050521851734521,16.259089962468313,,16.035114613107517,30.398329791891459,27.529754097893928,13.536750100655439,
1.616,17.145072680980046,11.892309484274650,11.081329728035735,16.196361400520722,,15.707966712302881,30.263538099322616,27.423723042064811,13.243334275771499,
1.62,17.073421128325524,11.927728777045974,11.063470744833726,16.053356128147875,,15.445520890923351,30.099446173909485,27.308069926942956,13.012890059722189,
1.624,16.998429858420653,11.957503810899736,11.044611283132920,15.874351900553899,,15.300838267282069,29.907933774476909,27.175414276605498,12.890787673224629,
1.628,16.986139867072346,11.983868257770505,11.071326024723852,15.773348417089387,,15.215748039261841,29.700589449402223,26.956964224690203,12.835439280052517,
1.632,17.023963323646225,12.016496319024377,11.112446383516662,15.746722955231704,,15.171831229754051,29.502233399034893,26.735258013724412,12.829092814854626,
1.636,17.060682487753294,12.088379885440617,11.145682899770735,15.709734080460240,,15.174073391882388,29.346379361710909,26.586574251213534,12.858455074692799,
1.64,17.068508728364520,12.172982126054523,11.174281488332966,15.680043846888481,,15.232169335760723,29.241110263125712,26.455403577972213,12.906318373601708,
1.644,17.081715787133696,12.268861804885933,11.204596361651479,15.698864122623183,,15.366057549950016,29.174100168231877,26.314828177405690,12.976332020946838,
1.648,17.118215477270585,12.409022128870646,11.248428603154824,15.723746325055671,,15.546155551776597,29.144365532308733,26.217272195266567,13.062669565223013,
1.652,17.136897526740530,12.528631777557388,11.297097857182408,15.721369550891007,,15.727263158921144,29.155315931059469,26.169899871926951,13.136777106638839,
1.656,17.160143987343563,12.563752602360410,11.344868303871127,15.713320190514091,,15.894507373217786,29.191113834905156,26.141775756213203,13.176047556509724,
1.66,17.236805460351849,12.567346586590082,11.386496708771183,15.730086662027473,,16.023805347958092,29.249024227548261,26.124125315574123,13.195138085857572,
1.664,17.320425162547554,12.622755651781635,11.422395076863701,15.778471417240038,,16.171183998054612,29.366506798714376,26.079817917701888,13.236834501542992,
1.668,17.380557459846059,12.714798178110595,11.478220602513247,15.845928784687022,,16.411555478006537,29.510398754554796,25.978276534079427,13.325129362271150,
1.672,17.476122358021609,12.816206240500780,11.564592253140766,15.949878863429072,,16.658808548064133,29.568712199236245,25.818040047860201,13.427084843124240,
1.676,17.628533643341839,12.955545776243719,11.657009466416177,16.111076898849333,,16.812302072944259,29.531199971223771,25.601099277120490,13.469371033245423,
1.68,17.772126308297999,13.080984945002482,11.746590407221902,16.277976497142404,,16.864713472786480,29.391331276389167,25.371009915571339,13.446590120194394,
1.684,17.889771476939298,13.174800769791094,11.851902805269120,16.458576068878607,,16.832684853220826,29.100771483535148,25.162547586919402,13.421815799077557,
1.688,18.032191142079981,13.288556931965664,11.976000943066822,16.712368101742488,,16.727629973788524,28.752321684660586,24.965998907950706,13.399466554069882,
1.692,18.201895168109825,13.372884860746371,12.101284547811012,16.961235854769686,,16.541786040162346,28.388612234833932,24.753189279335491,13.365265991455537,
1.696,18.389949509240598,13.428134966223988,12.229952367244536,17.151702446110960,,16.281422655215053,27.946772814566359,24.508584475001591,13.332726170870345,
1.7,18.598069825891102,13.526776131026899,12.365475885174785,17.345096753667114,,15.988274012205915,27.493935427450239,24.282083335983113,13.288380282776265,
1.704,18.768953069739478,13.609778546776885,12.470374196757868,17.546071939141864,,15.635782119827068,27.024941026844594,24.045615914291965,13.195499176331129,
1.708,18.861092768688664,13.590513680643159,12.518388574278953,17.732507494205230,,15.196199876046414,26.470846476600904,23.728856356285899,13.054296878198912,
1.712,18.892294140239507,13.517459821042749,12.533441255923371,17.934294598885074,,14.787514004660430,25.952292383956767,23.422027461024662,12.924239444127045,
1.716,18.898378621359033,13.498748442165923,12.556846361219204,18.147211719662323,,14.496213242448095,25.565568708801418,23.196719675763283,12.845714423359919,
1.72,18.919911774344122,13.525946172689345,12.613367226064527,18.299197765775794,,14.253713451240525,25.217336704367003,22.972068812316117,12.772414773819328,
1.724,18.913569368935153,13.504060029275221,12.697699911155638,18.375989835902320,,13.983495608368955,24.801979846825230,22.694414761057654,12.641704730242147,
1.728,18.830781156639155,13.414482720802901,12.747656860838068,18.428432772971579,,13.716382105788949,24.348384703818365,22.434505259337207,12.491823617994447,
1.732,18.741657762397125,13.290741525537676,12.717804419486001,18.465865058089097,,13.455231559306620,23.900711997626296,22.166868190471906,12.360115072321944,
1.736,18.633924355542245,13.143248899952784,12.655452097898916,18.459318681356983,,13.168533071704772,23.440691710465924,21.799718266469561,12.212491695855061,
1.74,18.442505522941918,12.993026174492304,12.610043821310828,18.411697782554157,,12.912504027956713,22.982360917803778,21.438320766337604,12.056224837711396,
1.744,18.243568718724543,12.883386332865228,12.565023773406152,18.368218256550868,,12.676397197678346,22.536266645687277,21.134605544305568,11.902681892415316,
1.748,18.108874874767352,12.801532323289328,12.506927626935264,18.348094554094569,,12.400803092891159,22.079300643613550,20.811957816232336,11.724989345278733,
1.752,18.008816361499683,12.688077071407028,12.461900401799028,18.286353329717475,,12.115705501988167,21.650133210396888,20.514725103823377,11.525717354269844,
1.756,17.879038663543270,12.536874809150946,12.429620954662216,18.140874032264797,,11.850360243210199,21.286243530332555,20.275802277822091,11.329733697198257,
1.76,17.700155518498534,12.401988953672243,12.401094545440872,17.982064738613460,,11.549395428689349,20.873830647384491,19.958091437857540,11.118385846180152,
1.764,17.477567096104949,12.268620006523454,12.378950851829238,17.843434907160361,,11.183956515574740,20.326218148247570,19.479628949174806,10.892291144925931,
1.768,17.237335169109912,12.093158615570344,12.333668083436015,17.703999379428772,,10.842583895792579,19.774147974626128,18.980371512257861,10.710976812833216,
1.772,17.041530840695437,11.957251072147619,12.254213444109975,17.590855888900883,,10.546186780471746,19.280119195967693,18.533636698318503,10.522569251926690,
1.776,16.868605051046519,11.876075691536689,12.178236414802447,17.503986306751791,,10.251929569863949,18.766026971705408,18.087845227423802,10.243534752953735,
1.78,16.687421609750892,11.758067905972776,12.105447204599004,17.402301309247839,,9.996828218466657,18.254771810283010,17.675996729836218,9.953085721558123,
1.784,16.543346671603135,11.611493704796089,12.012984557238473,17.295676376045080,,9.730061123689453,17.733950050118235,17.241471289623341,9.695077667065227,
1.788,16.438280815676748,11.487192305523660,11.921276922806614,17.207659995090363,,9.365465818933853,17.152601902205795,16.681945329943673,9.409190846473361,
1.792,16.315473508494271,11.382188828643098,11.833304673928007,17.105743229421638,,8.991433042230170,16.583207936080875,16.116106741121573,9.134946619742717,
1.796,16.165435696161968,11.281556767705696,11.726149767506348,16.979937902599708,,8.688845924204916,16.059131349339971,15.662368916450079,8.930772128450844,
1.8,16.039391441986652,11.219976993430080,11.613986674992276,16.862975715435883,,8.395237250626288,15.500186845380451,15.194791520443246,8.683822301744039,
1.804,15.941911885855864,11.191172059930242,11.527405550899964,16.735933543756406,,8.058646974646694,14.867142721139526,14.600281153815594,8.321605067703031,
1.808,15.839728116480913,11.135101887185126,11.470318755857518,16.590160956779570,,7.729063715421002,14.253363128352488,14.024885569071426,7.979380751609451,
1.812,15.727000976246870,11.044043243184490,11.410117753904334,16.469931967279418,,7.401368825165174,13.667141469437329,13.500266003303716,7.694385169608029,
1.816,15.617787905974897,10.910622625071561,11.297345705325318,16.354248468653431,,7.015487964315581,13.033749584367786,12.926412042569485,7.384076357795625,
1.82,15.508907457197832,10.740301480582586,11.126309128726120,16.189875704836727,,6.622486572019794,12.421157080823857,12.385511862094555,7.065434567327901,
1.824,15.381317906912651,10.593159870225547,10.938155599428409,16.012403903774359,,6.256038650556549,11.825639808939163,11.836696113874559,6.732315740768059,
1.828,15.240713445951586,10.473658582201487,10.791580794566542,15.855140176101452,,5.904494800639186,11.189558997599436,11.195470175958956,6.354869843339713,
1.832,15.062847255389798,10.331540154238843,10.685832450986874,15.682615605243097,,5.605295595906925,10.595355952216966,10.593740274946725,5.989668683022870,
1.836,14.832654226368604,10.164544018629783,10.550404958082453,15.467918686834095,,5.303044074603547,10.021075516234767,10.034282724961692,5.644673348141314,
1.84,14.598189043304188,9.996255447219390,10.378521767354332,15.220508716383675,,4.928239531067450,9.399771561084201,9.416698873035244,5.289118323868729,
1.844,14.331461329860588,9.790961755033351,10.173086901153971,14.941637952134485,,4.558580668236450,8.827118071266623,8.825772778862255,4.946241922771263,
1.848,13.988926420509046,9.509572825532953,9.918626343021657,14.627819265065225,,4.254055666437496,8.353919122336698,8.353527525208985,4.630391815264001,
1.852,13.641311134923079,9.194594059887590,9.680812731851203,14.320798083171248,,3.986137894324400,7.852102729006107,7.907724396229024,4.302660731821629,
1.856,13.287229028608714,8.883716180080262,9.483527297479487,14.022573487245682,,3.732006598840865,7.254160924678512,7.400046110086619,3.932190193062749,
1.86,12.871811561980717,8.601761783130691,9.276954723010906,13.704137471713302,,3.490710210046226,6.713198455680199,6.918317320221157,3.597525100288053,
1.864,12.472838242657222,8.386495317420462,9.078897843570234,13.407355084473259,,3.225160402806455,6.234446719484450,6.458565807194992,3.364617037051613,
1.868,12.163724199683552,8.221956231724091,8.932645225453935,13.152108953291071,,2.933852779961283,5.704561539081531,5.944842673728036,3.190875017056106,
1.872,11.860284230750670,8.045763505661165,8.783005368944064,12.840646404404197,,2.693462074298774,5.242620829561183,5.490798439415327,3.017873283103052,
1.876,11.475229008165735,7.808689146352959,8.560711050942773,12.440726971005384,,2.502577790624882,4.892176965350078,5.133161084971366,2.796243225012813,
1.88,11.082946638133588,7.538177041630436,8.343581280323914,12.087885376310371,,2.309328288620758,4.526289668260036,4.773513247918938,2.514200135009411,
1.884,10.700299285647207,7.260813290743032,8.174575168281297,11.781035894893877,,2.125676073730781,4.152872073342361,4.449461023158809,2.225654400003819,
1.888,10.284013951995275,6.967046322527116,7.980601521901370,11.423929250384871,,1.986181037602039,3.863010120486856,4.222672404579543,2.020936839395658,
1.892,9.920786647940197,6.690387048177358,7.758583706407437,11.086639823284358,,1.867082127510039,3.638052785358066,3.997432342661533,1.891384666643650,
1.896,9.600571679564805,6.447444281318480,7.525959198099216,10.776129450358106,,1.716413160673401,3.398912593429682,3.711950986797889,1.749515864098738,
1.9,9.233448580047659,6.222577173426668,7.267228957895490,10.385705739832794,,1.566212369508972,3.169726964792628,3.455996236662771,1.611218208612515,
1.904,8.870275670325666,6.010288926651003,7.001252152590354,9.967713940744861,,1.471706417498649,2.961022416261277,3.263998668719394,1.498097162518342,
1.908,8.572849846116188,5.812338439064961,6.783688461165962,9.656399042612101,,1.404678334137742,2.734292496869403,3.089218537286345,1.396412322403394,
1.912,8.279585516008751,5.606665073957299,6.629387189164839,9.399782680280422,,1.330589477974083,2.563937531300549,2.938423914996186,1.336656729186154,
1.916,7.934464260172225,5.374753580742232,6.491427241795314,9.073552821237081,,1.255902771304910,2.481467974317560,2.816224647733312,1.273187230906973,
1.92,7.604379114586911,5.159936752123581,6.335514711464686,8.725160721304237,,1.190251763722132,2.419942395307664,2.711017702203835,1.155144172457921,
1.924,7.319666414821026,4.985802837784518,6.148640328442800,8.429714668799976,,1.142448910805487,2.365206326462519,2.668172732895953,1.073231894361350,
1.928,7.048042087720400,4.834254632788794,5.943621488546364,8.171264987948671,,1.112822756590220,2.306210013245472,2.689376589890236,1.084309860166051,
1.932,6.808365516778798,4.711942425208774,5.770395530027930,7.950476961732126,,1.104481988254576,2.234856733078607,2.679261955223450,1.094615263194169,
1.936,6.601855893291212,4.616076243968967,5.665856852592398,7.780414890544661,,1.113425748374545,2.172111384189433,2.613987100968228,1.050718128282322,
1.94,6.431133059447692,4.529001007231408,5.618280462826033,7.640892542235209,,1.100832540756408,2.140469726858441,2.567357388641896,1.021722558324681,
1.944,6.310300765847274,4.443993476416356,5.575132204470746,7.490773640904379,,1.060121234759159,2.148203104716942,2.551371843022519,1.025222463423930,
1.948,6.199358377856319,4.344300779396874,5.499473585115416,7.308365956060749,,1.022319528033937,2.147577219386415,2.535359109190640,1.038299739908430,
1.952,6.066479388791674,4.248739345872956,5.385419241030753,7.139855641802451,,0.993527095679979,2.112820091788175,2.516640853335639,1.055696578603081,
1.956,5.905347873859817,4.183745165069624,5.245924626440970,7.020156776908109,,0.992895627890612,2.075092548626224,2.499020848357540,1.043415459126035,
1.96,5.731417331276331,4.118532261933082,5.103750638778052,6.890585260333189,,1.027558805726028,2.048096374433491,2.489562361092402,1.009947812598023,
1.964,5.570348753105594,4.034585375904911,4.959047439918924,6.693435423978562,,1.067415016001161,2.017400204199258,2.479633621582042,0.986136249423716,
1.968,5.426476050695866,3.952856651040795,4.836644410245835,6.466908831249152,,1.080888300780479,1.993152129946240,2.446812792328918,0.949203023186802,
1.972,5.312467151239638,3.871382891239771,4.786751317648736,6.283297283347677,,1.051948439324538,2.021544926967568,2.384648532907272,0.873876679396596,
1.976,5.211933900776660,3.790212046469937,4.776799484379469,6.134843395957250,,1.004474245378930,2.086658835049621,2.306289939899102,0.786939983485625,
1.98,5.098736935183005,3.738255374688110,4.732513088765469,5.995982116746702,,0.976228784857343,2.088775414968564,2.276740457553655,0.763103306273253,
1.984,4.981171177674944,3.680147767598831,4.649785644762249,5.887386352512906,,0.978462955342376,2.043710079847150,2.330157192049886,0.819041067391183,
1.988,4.868166176184228,3.580464945540126,4.562141070290542,5.793215080299657,,0.986523398565147,2.059482500985265,2.421084933433804,0.879442624787018,
1.992,4.787536256197624,3.483216649703714,4.484250148887259,5.694632945033959,,0.999758678779610,2.115256801188970,2.519992731784481,0.925528348398968,
1.996,4.753434806185751,3.413231005884706,4.430972726271204,5.612878008023559,,1.025847107625766,2.147915093524954,2.603274269367661,0.995270678829625,
2,4.744572255508783,3.367325231477740,4.406457450111020,5.566582192470688,,1.046241214668755,2.173096632984405,2.655125068350196,1.086608851658360,
2.004,4.714925354298709,3.343177285476510,4.353852647739459,5.535815198551916,,1.070524052311515,2.217257412042675,2.687075343022379,1.160771621358707,
2.008,4.618958556984817,3.301409410664804,4.246828651619602,5.485852014631675,,1.087611980586775,2.245938438746982,2.726798383134557,1.198688181576404,
2.012,4.504241813330953,3.215108262832278,4.142375440587125,5.427620954555586,,1.091054107661277,2.233077871723890,2.753740436096081,1.248656807595064,
2.016,4.463192132162471,3.130552534191043,4.063033978302378,5.383708858936366,,1.128187877628912,2.218779585191528,2.732940583265139,1.321057211697133,
2.02,4.501924962325254,3.081765624062495,3.988390850856719,5.358434708732323,,1.191219582193142,2.223638337633034,2.721575047375270,1.364691622662499,
2.024,4.535373082252376,3.024858074167438,3.918712740332325,5.347749920778352,,1.238516353440118,2.228995039185155,2.758268527873021,1.388563756029670,
2.028,4.521897188929997,2.930877709354875,3.864653327304422,5.331412785007337,,1.284097477144572,2.224904724405650,2.825174376962672,1.425641482107768,
2.032,4.478019775115629,2.859341549318392,3.827361726948135,5.280436600781093,,1.343092393842888,2.232664584710809,2.921725255686388,1.476751216032830,
2.036,4.428672320062660,2.861251025783159,3.807255436575501,5.206893845052956,,1.391364442131848,2.311159312971625,3.045721659702839,1.561864264574492,
2.04,4.421393847669302,2.893138925229915,3.785161772746165,5.156959469298554,,1.430762559877626,2.471599380210635,3.160790743999891,1.677495233571675,
2.044,4.451648864755493,2.890920874749920,3.738285078154948,5.146633935885525,,1.488495787225655,2.630447499317649,3.232694878198730,1.773307120348115,
2.048,4.473870780522640,2.858735282946964,3.695328406140625,5.163875697171578,,1.539425765149439,2.719772092104709,3.310572239825485,1.838149468383287,
2.052,4.487515342499224,2.852289399239179,3.681516889026043,5.196523886005022,,1.572630336488022,2.778079334634417,3.451321097608718,1.890396483189318,
2.056,4.532173996908011,2.898120781044913,3.691683339195193,5.272863232199009,,1.619702887166751,2.864530246015636,3.634841494760237,1.953610038553804,
2.06,4.632627645356679,2.968934544835533,3.734579055125070,5.431839520613313,,1.664458008489533,2.943615181852258,3.835116181508262,2.037196966091708,
2.064,4.769970809930280,3.037644403512685,3.828358056065039,5.633773713389138,,1.706161548400952,3.015769206686854,4.040133803709667,2.130711534497464,
2.068,4.896334149203614,3.111406394557584,3.976401800973077,5.814134210775614,,1.783479731789611,3.152536599589642,4.215492631613929,2.241210369701742,
2.072,5.054154408091915,3.213584792250152,4.148836104658978,5.985546744855505,,1.882665764108689,3.342513872633162,4.348260384264647,2.356913763052628,
2.076,5.315376868361531,3.358743814584760,4.321527856828484,6.174501263627644,,1.952442681349678,3.529099930453189,4.506355402553894,2.482056473892766,
2.08,5.593164609639135,3.533239389011566,4.498981945682587,6.354954422569230,,1.981240269179751,3.694587261100118,4.730094259063098,2.641455315858293,
2.084,5.835910919907873,3.730676067507666,4.696358026780321,6.592106163018390,,2.007990956743494,3.856519947010301,4.938698475025553,2.768726252781300,
2.088,6.104033448440068,3.951617980833217,4.919124541303081,6.945137303688750,,2.053056980252229,4.024980712183087,5.077347808301502,2.805673121727722,
2.092,6.387181945919747,4.151697491931821,5.147317440861887,7.275992096472724,,2.116444471239410,4.220014716585891,5.237285459543672,2.831108249684906,
2.096,6.673467146086584,4.364266491102329,5.386524730829652,7.551262209586486,,2.205888300667283,4.460518610049520,5.482993558183677,2.917335879671319,
2.1,6.982817039442909,4.645820457128989,5.656363440604877,7.888142036963393,,2.299394177458620,4.709620885723385,5.749431632458333,3.023979073748729,
2.104,7.315414949286502,4.938072497175147,5.942939694882416,8.260924203240556,,2.399904007877044,4.986841380689749,6.037753133985277,3.148759762777603,
2.108,7.672169055932271,5.204778309579842,6.214746782742334,8.615524364985962,,2.531501725239874,5.318591695842501,6.376143019085075,3.317679487587281,
2.112,8.058635409781511,5.470671912112295,6.482200738128220,9.008208549993196,,2.665045310803256,5.646833600606543,6.695873720224231,3.476024300258957,
2.116,8.476923977857636,5.727052123364938,6.764237214901677,9.462923423291207,,2.803936636607173,5.980336157764084,7.019958697436087,3.610248040433238,
2.12,8.862903066833272,5.933600266744315,7.011491686312263,9.897376913096970,,2.957201446330533,6.364312344314900,7.429125407474022,3.774037981720569,
2.124,9.236001673242880,6.156129971935890,7.265778933301856,10.302068767296445,,3.083430124802232,6.757981669702724,7.831520656694704,3.991473190493503,
2.128,9.688324144057185,6.470660850617559,7.607919472544089,10.763650398515617,,3.203381681026995,7.124653819709492,8.134113750042044,4.214974957530578,
2.132,10.163407435897263,6.806191156433561,7.952102424799894,11.268212307737903,,3.374235644594233,7.502840510384014,8.474071477956512,4.402300631686696,
2.136,10.665495865564289,7.160198249377263,8.264490893607491,11.826623417010039,,3.598657399210283,7.922895355510267,8.962943218591047,4.573357449894425,
2.14,11.261772598964448,7.584714497822020,8.613630472716334,12.475766279382237,,3.824716432046093,8.350665177106523,9.453047657361905,4.738866049838603,
2.144,11.860980186511357,7.989903614826500,8.956131657934320,13.100638994859112,,4.014874186117163,8.760488532858460,9.852275482052235,4.940011556380968,
2.148,12.386485789634888,8.289060876104102,9.234724180089266,13.621559555538512,,4.187011666089949,9.163206548731011,10.240740531685297,5.214341149839958,
2.152,12.938638874880452,8.566033699948527,9.524657086825112,14.185602421921800,,4.367871167772801,9.555199531655436,10.595894037603786,5.510942127098771,
2.156,13.587416052785271,8.913797611749803,9.870186234721473,14.899885389811411,,4.587360375875295,9.935808936399411,10.937495187498470,5.793158080649786,
2.16,14.205060542013005,9.261107037255158,10.173697675820819,15.584205232186461,,4.840182823169973,10.325031316626056,11.365633162414646,6.057028188150019,
2.164,14.781331521420928,9.580903417470036,10.425443206927044,16.184150637119345,,5.080498023224536,10.692174942046782,11.785446865059509,6.287067547617144,
2.168,15.432613741564346,9.911818004434332,10.690359464068042,16.812569403457339,,5.286543100127387,10.958534830880851,12.098448676093861,6.498680766838838,
2.172,16.065095047796280,10.187231740914488,10.909953582994875,17.390545690554621,,5.512043673131386,11.175722828110551,12.381260269796137,6.770120008194771,
2.176,16.614620041825837,10.380681859818708,11.095230621309417,17.921646578723898,,5.809540118636414,11.446647520808732,12.692518373156219,7.130687660399301,
2.18,17.143685962197313,10.551423609196728,11.323190128671961,18.508703604577544,,6.105420748337412,11.742962111745573,13.003358884958757,7.474524691827371,
2.184,17.597446831608128,10.717501254684592,11.535660999020143,19.026585915428431,,6.351503022871524,12.042975210932465,13.318480081622177,7.770051383834645,
2.188,17.936656488402797,10.858814632204401,11.697640337608977,19.351645383387407,,6.572955807112019,12.354926947779212,13.649322920662115,8.072596395345029,
2.192,18.234957060207130,10.984926587182013,11.835891855178552,19.596082395882242,,6.752806249453776,12.654896383875510,13.947845151938989,8.339663181050755,
2.196,18.531730569572545,11.130525915191752,11.940791592241272,19.895033583337693,,6.933888928338185,12.940547772639476,14.222805402834059,8.572474902851321,
2.2,18.789544972388533,11.278956665716676,11.995270338550672,20.201954548743437,,7.158017846189287,13.172875979918333,14.487868371084186,8.799485948634150,
2.204,19.013392874908767,11.385224140632930,12.025466911256785,20.426887583168721,,7.346635233768597,13.307082130355628,14.685732611643251,8.947574551369772,
2.208,19.200591333254245,11.445657782332733,12.076271972082818,20.582763930663852,,7.477877547014701,13.427117433276361,14.828332445677365,9.038941442617793,
2.212,19.294182897531186,11.468938996065823,12.120443394015876,20.700716413752605,,7.604879379761146,13.584544046417175,14.958987664600770,9.180419116323147,
2.216,19.338122904461923,11.454681407748131,12.116645791833298,20.794426045821368,,7.715794877560732,13.709751110290146,15.071135042752008,9.357242899871347,
2.22,19.380394794556054,11.427188551640107,12.088465949283870,20.853550359725013,,7.792492340623670,13.791204434284277,15.170926250694572,9.496237862779280,
2.224,19.362520830110114,11.428693496364183,12.064610931075283,20.850388030616248,,7.843639028200821,13.853426161061641,15.248747043897485,9.565543524923502,
2.228,19.267715890992491,11.450967376224828,12.029592715725821,20.789005501530113,,7.847477391457429,13.892881682054973,15.237241353921391,9.569586335920514,
2.232,19.145906771715708,11.412693784804357,11.983471797673399,20.683487187158740,,7.820261447373764,13.895111410618387,15.117458342848733,9.538040673109009,
2.236,18.994985432359705,11.281558812434735,11.941579363429989,20.524753260960686,,7.788330224744806,13.836641664426534,14.991780892509729,9.465258204277099,
2.24,18.796905510557892,11.149974877664237,11.892130439042701,20.315572804960912,,7.728692882391786,13.724956195208442,14.943764649134938,9.354049219502972,
2.244,18.554149751141502,11.028764139760431,11.796339033527703,20.069306647411256,,7.656598911139023,13.592657033980108,14.933700267438326,9.269475073358583,
2.248,18.249792432359541,10.848242913657607,11.614754018236882,19.791174993317693,,7.581438123804920,13.494991675205412,14.893057115836168,9.238969573659015,
2.252,17.914820853541514,10.649814382115959,11.412418623287936,19.502947806972557,,7.461356848601800,13.417896114395507,14.791506497108927,9.197170340496381,
2.256,17.549550486897999,10.445758781076659,11.272061332561393,19.157288480427876,,7.282520836214517,13.282861674878161,14.638653050600038,9.065854319436259,
2.26,17.105709644101960,10.190053965368273,11.160718739918821,18.713297816475112,,7.095555255573315,13.104883286889244,14.477628502404663,8.871844096296760,
2.264,16.644882378788370,9.913327635189180,11.012914148974875,18.280366847367919,,6.917336122994691,12.903102601182947,14.286038507626314,8.675756481264445,
2.268,16.224146451664861,9.669119577151758,10.818114399736489,17.933101830485409,,6.717487667605548,12.654909136327889,14.016758889754104,8.482246232202810,
2.272,15.762869534696486,9.418401009609688,10.585996746087506,17.559485854878059,,6.534960292271085,12.394646258799181,13.741568057200153,8.317751894163610,
2.276,15.215762142030167,9.115086863095151,10.300545160359377,17.065330115600414,,6.366947942775330,12.143210940998985,13.507768675177978,8.163689271952114,
2.28,14.702876604476963,8.836827394829363,10.001932986290262,16.564103265216868,,6.160548931234896,11.857877751260110,13.267761903513374,7.973051491000988,
2.284,14.260356058640218,8.589051472766595,9.754123078392549,16.090207786211213,,5.962617668138593,11.532669575197978,12.983328578587848,7.795550547697296,
2.288,13.811612536731076,8.306789759024930,9.546557580234623,15.569137988415672,,5.810215807162605,11.210616058189421,12.645638768363353,7.643583249027142,
2.292,13.380279217652934,8.055094393135958,9.363845555901751,15.102549709020563,,5.630644780509618,10.905915377025019,12.284066454571931,7.460937233686608,
2.296,12.946017006280902,7.841869274028864,9.183453095684683,14.703727239404188,,5.382769700226897,10.613566547452553,11.922346336663569,7.242382709358680,
2.3,12.480633132611935,7.591162587500662,8.970042172618319,14.262492039988155,,5.149371879508191,10.330274155253186,11.598216860000587,7.020412009200473,
2.304,12.074075480874912,7.348926107125326,8.759172746227488,13.846170547652960,,4.977894649290594,10.024118320854246,11.329211280458235,6.805003776047084,
2.308,11.755580997626643,7.164390493170414,8.587282619654850,13.532481459796712,,4.824634317234542,9.691780070916639,11.070262116796457,6.583454137829404,
2.312,11.411701063485776,6.996040335124055,8.411719617909274,13.216103666719793,,4.677228658814052,9.382258997166877,10.792355370361834,6.363793640110071,
2.316,10.984130923011016,6.824146251608687,8.203428090485858,12.807978951273423,,4.527430578118954,9.081703345911141,10.487018142339121,6.166384390338382,
2.32,10.605965802677137,6.657087632473126,8.020583605868307,12.406686449184242,,4.357977916074321,8.771336463533110,10.198907704722588,5.991469968149696,
2.324,10.297328491571468,6.482052748518329,7.883847657567552,12.076828213699844,,4.194905300963366,8.524913397557341,9.996686338169667,5.838800149696736,
2.328,9.971487905786269,6.296598749893461,7.741383924407216,11.764310458416574,,4.063612867790891,8.375935988641203,9.863422566598450,5.725365023055392,
2.332,9.686512685189276,6.118864301677259,7.602023420369794,11.459439183007119,,3.946457212310719,8.233190630841134,9.706023112404329,5.634458538028523,
2.336,9.460091752175666,5.955987587051996,7.461708156380030,11.173461463788184,,3.817262142668999,8.023593093549392,9.459836915771566,5.526311773517808,
2.34,9.260972124862311,5.820462417657484,7.291284784186719,10.926796040492697,,3.701147002323792,7.812105308403314,9.188522067692944,5.400340760607957,
2.344,9.100854783098189,5.735779923926521,7.143575794215952,10.779388636783214,,3.641420964660916,7.652430636367663,9.002183805840806,5.274253563929376,
2.348,8.973818728542552,5.692507546498053,7.068411166244131,10.715523353088397,,3.612217213614555,7.503428492274653,8.902250928118480,5.177702003002820,
2.352,8.862961682954321,5.654904696106993,7.035851989622707,10.628289553699259,,3.545896339060038,7.359312188351623,8.806780805851487,5.130803351596906,
2.356,8.746427025068645,5.615158318363129,7.019979050477922,10.496066567129903,,3.443416133927095,7.235551200381627,8.728275743595271,5.098268286541888,
2.36,8.652756507546284,5.590881379237488,7.043850374217095,10.389637164898126,,3.359791178672994,7.136685357227450,8.727880904752771,5.055885920478624,
2.364,8.576053919218831,5.584034286664555,7.055883831229965,10.318132541963609,,3.320948183592806,7.108540826080149,8.735092693339793,5.009712059887468,
2.368,8.479777468578581,5.558972627580360,6.999994989142357,10.266442832073707,,3.294734065870964,7.130199889821899,8.673661824054854,4.919110965908192,
2.372,8.436497975063173,5.502202761604204,6.940722941626509,10.250975605203420,,3.255696611917860,7.114988749202073,8.586085790176105,4.808374889097943,
2.376,8.469361037484553,5.479142905636200,6.922975043611016,10.243790360752300,,3.229911463919560,7.052969540478220,8.533397381545949,4.751115484019198,
2.38,8.505210785079525,5.504228486316913,6.919486411388275,10.219331487530452,,3.202959941970771,6.997400331493237,8.510763761830512,4.730690517721112,
2.384,8.505347230087793,5.510473484012639,6.936433454437296,10.210354461890905,,3.158124137838509,6.985499153907799,8.494195933204809,4.744040595415083,
2.388,8.497355951739191,5.492363864645405,7.002509985104594,10.237240858284022,,3.123198752267890,6.984865198652106,8.489841532545210,4.792414735921326,
2.392,8.538284401081381,5.506267318745431,7.073238325995868,10.313393401369630,,3.108770163456562,6.949347582281677,8.507563567136128,4.830531419176039,
2.396,8.605573006678334,5.560933849045048,7.099486199929157,10.429736530838628,,3.104373168539546,6.916188793538904,8.528032908088873,4.829482813231788,
2.4,8.640625245992798,5.612580665210802,7.111997371587917,10.511121127164664,,3.096669272929061,6.948790890917283,8.535490130924270,4.799289057877504,
2.404,8.678358798723279,5.645980510956173,7.135136419175375,10.548295862011708,,3.098641108289211,7.017344788862381,8.545410742244702,4.775898621127563,
2.408,8.758038053709814,5.664310148036738,7.153990336021894,10.613077134770995,,3.121497613159525,7.059118267981652,8.554827827813874,4.776911424695417,
2.412,8.840035703831719,5.684824272840962,7.169386862808350,10.716050074021910,,3.155626942750131,7.073653006844459,8.555407513515274,4.783890966468272,
2.416,8.937479331439940,5.722667260691936,7.208255271730851,10.833834675388330,,3.200012504151281,7.069985824295216,8.567557825147199,4.786654250859598,
2.42,9.093387265502630,5.783429989995257,7.290352678332932,10.976946601264737,,3.251267016190829,7.056244637422688,8.589122558191580,4.799752391919187,
2.424,9.248160476710961,5.883953901552466,7.403140174492922,11.153527051340200,,3.293229603612097,7.079310769382708,8.609138073605436,4.828732809466594,
2.428,9.357312797890881,6.001462671298805,7.502766136704820,11.330299608579542,,3.333571316344199,7.158904677074029,8.659317905034550,4.871645385252696,
2.432,9.466684283832880,6.100862023316616,7.555208770266574,11.505422115092156,,3.378517915075671,7.238898319848243,8.722511914645981,4.925163509037796,
2.436,9.615449639987744,6.171245270687844,7.593357818820941,11.727660306151240,,3.419721075883950,7.314910968040492,8.790206644528595,4.995249666635055,
2.44,9.794054624681070,6.200882859200017,7.688351639172302,11.965591621846219,,3.479252978385786,7.424914437095293,8.913015856644085,5.083190689953121,
2.444,9.999054635627433,6.245806916642730,7.861211557406488,12.165396754104506,,3.560508003111591,7.517258165131659,9.073988876152232,5.171698661092089,
2.448,10.235184731360130,6.364894343661785,8.032876017789043,12.345836415217232,,3.625372709325860,7.575963531466587,9.236229422001262,5.269368650222564,
2.452,10.461375390770325,6.485271254581578,8.129095987557044,12.515161820070640,,3.692011872142309,7.665420121002729,9.400041805716894,5.402501363694714,
2.456,10.659533571375562,6.581055665284908,8.222143137782158,12.684050878297267,,3.821896687972275,7.794807419682300,9.577013624401340,5.564780708041838,
2.46,10.862157864053499,6.718196757771552,8.375491322836009,12.890033819442344,,3.969742780442428,7.915504979293183,9.751422778473422,5.732580850657438,
2.464,11.082975022518875,6.890181971145434,8.533714514719374,13.137039740757352,,4.056637857796760,8.017523405856190,9.898206263282386,5.872985121050579,
2.468,11.300245043560082,7.046951355885605,8.674294113329447,13.389786576979574,,4.112186840783142,8.134745810627212,10.021528615228894,5.971814385204539,
2.472,11.523237646559554,7.191753338712070,8.822024370273825,13.659098301028926,,4.189056321357352,8.242653014162281,10.128983194943746,6.079366185968878,
2.476,11.794990400305151,7.354644802461196,8.984568880766895,13.977302517315508,,4.291856305975253,8.329299500509897,10.236023822617785,6.227901615370250,
2.48,12.072776585305975,7.521549812328197,9.128527087918942,14.280121516990036,,4.393889952783878,8.417550868070141,10.350069890446647,6.382263762691497,
2.484,12.347287404309398,7.691794605877068,9.262273196207786,14.585075437422033,,4.468502108425398,8.474905849085301,10.462869465102488,6.503600630950983,
2.488,12.679620220580070,7.871313628810931,9.432199520264300,14.958927157950017,,4.534197897646705,8.511567980653362,10.558727682076579,6.581157270621238,
2.492,12.997719197392319,8.031551387977695,9.610500095986707,15.298033622230278,,4.594896576411871,8.566886472662404,10.625899615901908,6.630878378085512,
2.496,13.273835448879785,8.192161712797844,9.791325931952445,15.595542121669359,,4.641586749334194,8.618405135888549,10.685552368631997,6.676866141845499,
2.5,13.590230616509368,8.385129988558447,9.994461226454350,15.940241176722008,,4.703585466331996,8.632561879716704,10.739678849505005,6.714706894164147,
2.504,13.922950075911427,8.581336126041018,10.194631497936475,16.276781454551674,,4.731989822483611,8.587144369243781,10.729403922744345,6.742691891847373,
2.508,14.214484024980436,8.744101111092542,10.369506100865056,16.566993816007351,,4.661831005090133,8.486535590272377,10.617645214431459,6.770900691956189,
2.512,14.515316912269840,8.907596518480590,10.525901128919525,16.846115410234532,,4.565306551306052,8.382404786508662,10.455014867195864,6.765914953532794,
2.516,14.880505305021860,9.118988332272044,10.666066048184611,17.143663295199527,,4.484746522889131,8.281899015338906,10.269847116836136,6.669400286348616,
2.52,15.237910723795897,9.334655059694448,10.786398297087938,17.474722429299426,,4.380356497755466,8.133598412260724,10.035142348254794,6.467464301521971,
2.524,15.547205566108691,9.528009143589355,10.966153226644575,17.855271484835587,,4.247429668762889,7.947387558994593,9.783884931792974,6.219439272308988,
2.528,15.841305706995035,9.723535307245317,11.225211992611410,18.260081023335573,,4.087852716219825,7.756257444180359,9.553967625876018,6.008991661894742,
2.532,16.109249628665676,9.901459029501403,11.423614956134184,18.602110535117731,,3.890498317023320,7.489045409872007,9.280477929120989,5.810519514180871,
2.536,16.421101550430457,10.085714857295493,11.553971393140014,18.895597174552488,,3.688495824581326,7.121715022772346,8.933333473581627,5.554371194118042,
2.54,16.829251512487602,10.317150602249498,11.718726610735885,19.227112822494085,,3.547659671526201,6.812161063795827,8.592638832763097,5.304312675762418,
2.544,17.198920284080941,10.518708329443893,11.890169017183593,19.566964703734680,,3.426241802408242,6.549534515469767,8.218757678469100,5.066189568354603,
2.548,17.475474638984384,10.662195284260067,12.060179468931469,19.891619454836544,,3.236406662681321,6.168381210814362,7.744701896034519,4.751200522646257,
2.552,17.744302925135489,10.830398333711802,12.292875082706034,20.230384820689807,,2.985560753117037,5.746075999825480,7.276493629467425,4.413893172452533,
2.556,18.019675239732184,11.037610322062655,12.565234853275911,20.523018280201519,,2.705991326465507,5.376651981318008,6.824388973799310,4.084913023916265,
2.56,18.263617044510394,11.242117194037727,12.784382381432524,20.722827870560884,,2.440891242717862,5.014722094070708,6.324523077301683,3.702962893890420,
2.564,18.502441573394307,11.457296604392646,12.937731731750411,20.923619811854628,,2.240582029940216,4.660206123662827,5.852332639713731,3.342432242840878,
2.568,18.755005992374560,11.692363314226027,13.075801373852183,21.205935851944581,,2.084276782495583,4.315278428151737,5.430352187972994,3.068774562338628,
2.572,18.964207776181958,11.896139682174798,13.193766228305442,21.479124475882411,,1.900940728638883,3.901409630316920,4.960791131562091,2.784714726487148,
2.576,19.165246191968535,12.080406444499721,13.321371825320830,21.688227865172383,,1.664348018873866,3.383191773145900,4.431666986502158,2.436371589183266,
2.58,19.436625357715460,12.289358186752231,13.488360649796626,21.873556077804441,,1.434163184407006,2.881378173116295,3.945123300104724,2.097886357273913,
2.584,19.720174451564755,12.500304295505615,13.657215177564876,22.028668608485688,,1.229623841624686,2.443539953347022,3.483258373551281,1.777282511821463,
2.588,19.944447133898606,12.710768494117270,13.848061031186949,22.169324557632880,,1.019939294948246,2.024695107255666,2.953539530674011,1.424415536559712,
2.592,20.107927806655340,12.919236073258812,14.055433825336944,22.326561071944443,,0.835933239307839,1.672875656924311,2.438659022765493,1.088768944044454,
2.596,20.236732537743720,13.074058149428387,14.187626090692817,22.474530802058489,,0.707768898042730,1.359500354052979,2.029434454614586,0.801894826297008,
2.6,20.372105119659860,13.162476611512298,14.227914341793447,22.594653837728846,,0.618327153218904,1.007349025351994,1.684269004342377,0.526440643133442,
2.604,20.542158527770816,13.237207852778774,14.261745824047397,22.724495949692756,,0.525822885243700,0.686052621434062,1.360009770859037,0.283578678741812,
2.608,20.755256163229312,13.351744629522958,14.337529444751141,22.893960048338812,,0.406939858169112,0.453432161694267,1.026715832266683,0.087626175208426,
2.612,20.976117408632604,13.490640394245858,14.417522004506148,23.080383067433573,,0.289132410150839,0.218109722336296,0.643912112438779,-0.117805028232491,
2.616,21.149396764271106,13.592101630094641,14.480861943008703,23.255336112101194,,0.208212041728491,-0.055598514464141,0.296183782466046,-0.308871257321969,
2.62,21.257997739332090,13.649741058672547,14.531725337981165,23.400736257216266,,0.187042182607420,-0.223426839381258,0.181987235321258,-0.376834113475160,
2.624,21.337142437644360,13.702642181213657,14.568258388507868,23.495991259206278,,0.245300816856411,-0.199496304113485,0.285375680494867,-0.289494823984430,
2.628,21.437476705577957,13.742702339560699,14.589170981345807,23.562753935470255,,0.352049289587193,-0.094351352769908,0.378513163642251,-0.154145209350908,
2.632,21.563016575851623,13.743313372725060,14.570918998382796,23.621395954968804,,0.404830556023600,-0.048106205470037,0.359174126989472,-0.124855904614922,
2.636,21.662005578412248,13.741978156374381,14.505125891739008,23.637044784315279,,0.359876862087138,-0.061112529877737,0.301118238925555,-0.201222657827838,
2.64,21.675489233198572,13.785264644328464,14.421913325947454,23.606272131988202,,0.307192946897226,-0.047592636475651,0.281338890878140,-0.259938906007185,
2.644,21.620895290865846,13.808111343525329,14.357462475086262,23.552878137720807,,0.336185928235127,0.009454495890394,0.316695484660150,-0.252497540704940,
2.648,21.545922638468170,13.725903264562350,14.312719647468416,23.492498161584901,,0.397579095631454,0.035346566431063,0.365153370551203,-0.224777758181590,
2.652,21.464339013970370,13.583352264264214,14.248117494314442,23.442753279744174,,0.388822849698620,-0.008241324427358,0.377722145421756,-0.214428466728130,
2.656,21.368214755596512,13.437908253821943,14.121816875477901,23.352146456039247,,0.339382883086956,-0.058264820002370,0.377420314252078,-0.197400050936011,
2.66,21.225810996327887,13.293307484052544,13.952462921313128,23.170386181954612,,0.330135093612380,-0.054029964931443,0.404053683524922,-0.161310346969980,
2.664,21.068700524942205,13.163712391166868,13.801819102359646,22.946361109108164,,0.336974837495113,-0.021583594220723,0.437112377505317,-0.146229518202317,
2.668,20.956275833928377,13.049527067374569,13.696408766732940,22.748826824852845,,0.338134155115861,-0.007869213504635,0.438689365569633,-0.193656784964421,
2.672,20.848633281114004,12.901646286806391,13.590009681875742,22.589953769954363,,0.351673235160738,-0.013130827512066,0.400862308262051,-0.288613432208094,
2.676,20.686098969445261,12.711113830984422,13.417813245351876,22.427812436735294,,0.349246603217853,-0.032922590357782,0.353980442397650,-0.350399358624206,
2.68,20.501469252364060,12.563575081806391,13.224691193992889,22.226171796038056,,0.323715821016099,-0.066195691652647,0.341069389221349,-0.355503124886018,
2.684,20.328511464875895,12.462337293340216,13.055331741649233,21.974344718973409,,0.308041904274064,-0.086492342110620,0.363512322720255,-0.338529009779827,
2.688,20.137938041920876,12.323498023111744,12.896062250494829,21.711880146071163,,0.305103968623159,-0.059553437114052,0.400243844362460,-0.298371685846731,
2.692,19.921332292043218,12.149801967165127,12.767831255914386,21.501716825801630,,0.284718286312687,-0.008021194809555,0.403090895286358,-0.274186652144262,
2.696,19.681023702197603,11.984948523093953,12.650573204946996,21.285026448044068,,0.251346276626054,0.014604845368718,0.371135015485525,-0.302310586308240,
2.7,19.426181480713495,11.832158924365578,12.498591081215084,20.978758819053390,,0.264941366601865,0.014783009438332,0.363453937887337,-0.321258774500212,
2.704,19.198829197786903,11.701858079269510,12.299414103756982,20.635815458486753,,0.322570891389192,0.014721163306004,0.376613677521125,-0.301874945410203,
2.708,18.978086247302201,11.571886782628706,12.080669047664582,20.289450451399048,,0.355486386802699,0.002068762467442,0.396271349474120,-0.284323286903157,
2.712,18.723474942388044,11.395537249977064,11.900646450282684,19.943314118534637,,0.336593898632797,-0.036624778967924,0.413187472787745,-0.273476345984155,
2.716,18.487291006338843,11.218515045417465,11.768355821534010,19.653769934073658,,0.306144185292439,-0.064224677780427,0.407716642727647,-0.258063026781647,
2.72,18.295371556630680,11.110083773672226,11.653697662288888,19.402179493639469,,0.320857483351750,-0.037976634171880,0.399801032287416,-0.244455678498749,
2.724,18.085021164230564,11.019067585286441,11.514974670649487,19.140840010480019,,0.363958092805514,-0.000534604203844,0.398473650045550,-0.248837515743303,
2.728,17.827018969584223,10.864682254882341,11.330278660688215,18.883630482923788,,0.377779168153192,0.002870612553551,0.381449067037909,-0.275956683688710,
2.732,17.569127723966581,10.701033307201410,11.137466005940663,18.645862808373284,,0.215800013628631,0.082196478833114,0.911300394927617,-0.130754950813277,
2.736,17.348313843400287,10.574889969657104,10.958359327258204,18.398792224245376,,-0.260527815157015,0.490527636227656,3.048144133259748,0.566303407150334,
2.74,17.156398414282993,10.461012641722709,10.785023151888929,18.126584196481851,,-0.789167110729775,1.348555751217710,6.614732613330439,1.867513671702038,
2.744,16.971296891822838,10.343158428148817,10.631542291326543,17.893139186657791,,-0.980977186788571,2.309651810952178,9.966397326382850,3.409937993562776,
2.748,16.719269776519834,10.153501202009613,10.459729056212776,17.665972672800731,,-0.880588944034172,2.812325703107744,11.770203954835120,4.630026158528134,
2.752,16.373396266740297,9.897757884442257,10.228094863130945,17.332392817815155,,-0.724509416496667,2.782789193140514,11.821796057772453,4.948844584775628,
2.756,16.042235385702295,9.718784776610896,10.046392806646413,16.961835884348073,,-0.481100378816694,2.599463742217657,10.511062819638495,4.429634537044453,
2.76,15.799644161749118,9.667416041199800,9.971275272830249,16.687208466122637,,-0.137169284509266,2.570702320601293,8.899038423326759,3.809002792467706,
2.764,15.568236365060608,9.576425401399181,9.837153006438609,16.407566643233118,,0.060447452017073,2.799810333339250,8.409644133567493,3.633284758430723,
2.768,15.246762845530641,9.329528088615437,9.569276506800980,15.969493678527593,,0.044279762778093,3.236900211139344,9.256491395256111,3.861398488873114,
2.772,14.899709517066306,9.083955195514841,9.340394348135939,15.511316771669085,,-0.083082695703377,3.875703857704087,11.072562431124219,4.418539117092345,
2.776,14.609939989852606,8.937887624892877,9.213643407809428,15.138765545663448,,-0.313031584754238,4.742701075547100,13.807379764569095,5.387404859470953,
2.78,14.324065080728445,8.792878937975592,9.063446713759323,14.740774426354271,,-0.575209720359523,5.655803315541149,16.791934578614754,6.547995294339009,
2.784,14.006845941613300,8.609824086448508,8.849706482305148,14.314592276652725,,-0.794023029845891,6.459955944553361,19.394763041910434,7.636288191991479,
2.788,13.624024825924621,8.435759970978401,8.616341080368967,13.884417233657718,,-0.989447455188887,7.135413395743036,21.527887707182387,8.523199470631365,
2.792,13.159452540785374,8.278987651374454,8.369080488661982,13.405038916838370,,-1.112569006268014,7.626582700983805,22.964259561668776,9.059199350209333,
2.796,12.719829464191879,8.113608375645144,8.121643983186152,12.915675660355777,,-1.092158535841993,8.023000462736485,23.729188478347709,9.375346749081238,
2.8,12.380858156561095,7.949583114158555,7.916597792369958,12.480704877068142,,-0.977316508706292,8.513831886590074,24.344607505423102,9.749084260352426,
2.804,12.105486787324825,7.803160542220996,7.756690185780532,12.074355375889599,,-0.879445065479997,9.127280297498515,25.282424034436701,10.206312177767794,
2.808,11.840496916948702,7.671755427492396,7.620137922019129,11.668840687420884,,-0.870101948856173,9.814521785419881,26.626972545657051,10.690237137734275,
2.812,11.579143083228548,7.575472239786346,7.490526791429725,11.303065549837378,,-0.925693153881618,10.626695191825540,28.340961410364116,11.339385113437086,
2.816,11.300528739176176,7.507582107532754,7.347328446333081,10.968035750415616,,-0.956899016318096,11.558915712434807,30.212666846147336,12.233254693956003,
2.82,10.991929407676379,7.420014517866479,7.187462416975620,10.637483780158137,,-0.887806782281010,12.378169211704339,31.659651426763773,13.096956515767154,
2.824,10.721584945845930,7.312245391046581,7.046452552127777,10.347375532901468,,-0.684173375371734,12.977600372816696,32.516505542171494,13.755828264821035,
2.828,10.486303265887155,7.189390087460508,6.919127227328018,10.073158835594361,,-0.406015596680438,13.463314383696435,33.116396470718627,14.301344243541537,
2.832,10.229000678946399,7.036867741911144,6.770797831242243,9.770500206479696,,-0.175543556781403,13.860911670439554,33.615822416685084,14.740183017375518,
2.836,9.967173069976933,6.880232656255717,6.622143538628775,9.484848254906664,,-0.064751873332889,14.172887590524445,34.108367208777501,15.107735981435658,
2.84,9.707382297766536,6.752956977122227,6.481131697063842,9.238446320818262,,-0.071839223059307,14.442110450084975,34.690040793860405,15.460726370539390,
2.844,9.385767499810081,6.580268295246852,6.303273519247224,8.918682240880091,,-0.116464861245065,14.700851105983638,35.262482837064368,15.706209968895706,
2.848,8.973322692636490,6.277961052731692,6.073391366876345,8.478080485807364,,-0.133749833532728,14.946749005798008,35.699178671022423,15.783367901790850,
2.852,8.571654232932969,5.944120796555707,5.820005021031973,8.088401438526072,,-0.150717929194353,15.145506574471941,36.020945114971283,15.751567984821838,
2.856,8.227311711486436,5.661692377198294,5.558396220115975,7.783404040342316,,-0.211948939886378,15.273797610250940,36.300519719177487,15.712210412683225,
2.86,7.884882188739490,5.389487162789783,5.308101213728933,7.444362326033533,,-0.320626277677597,15.351644856027658,36.538848812264803,15.722567752761217,
2.864,7.543925927386965,5.134738973531285,5.102731129706648,7.112847914645723,,-0.456840236995308,15.458951832904273,36.754905651124147,15.708969513693502,
2.868,7.189059464715774,4.889510972294169,4.902211643787099,6.821855300723663,,-0.600724204374644,15.612969109907084,36.978116296340716,15.565278335375108,
2.872,6.812243090405830,4.593006820223636,4.645724855062950,6.537612031461268,,-0.700333440529727,15.724827931293706,37.142741307399305,15.337104295630830,
2.876,6.477330384741192,4.290964212747295,4.394150170747800,6.297333813999300,,-0.742827890227841,15.751812340405145,37.197035003452974,15.140946753311722,
2.88,6.205298029078870,4.083882575383113,4.216424330561960,6.122396706123081,,-0.782576125586679,15.714485396413860,37.160404275874377,15.008753779238621,
2.884,5.945966910700535,3.945842770769368,4.077959759822496,5.955073789023196,,-0.818003647140894,15.642586071915016,37.077660387070232,14.942088412722219,
2.888,5.670088899105901,3.781550618530808,3.923328146642350,5.743679791807597,,-0.822842202849830,15.561770053017822,36.959087538499759,14.916094849177925,
2.892,5.411520788499513,3.593756818619160,3.764664843590772,5.521313575576200,,-0.810070836304300,15.438483138704372,36.775638967941880,14.880412606936236,
2.896,5.165746455054959,3.403324163189362,3.625367127472396,5.297853370993930,,-0.789665023442678,15.259621963483943,36.519563035553688,14.819070579910035,