Kinvent Physio 2.25.0,Version BLE : 5,Appareils: ,D102119 (FW 3.026) (250 Hz),D102124 (FW 3.026) (250 Hz)
Poids de corps (kg),90.92
Paramètres
,Moyenne,,,,,,,Essai (1),,,,,,,Essai (2),,,,,,,Essai (3),,,,,,
,Total,,Gauche,,Droite,,Asymétrie,Total,,Gauche,,Droite,,Asymétrie,Total,,Gauche,,Droite,,Asymétrie,Total,,Gauche,,Droite,,Asymétrie
,Abs,Relative,Abs,Relative,Abs,Relative,,Abs,Relative,Abs,Relative,Abs,Relative,,Abs,Relative,Abs,Relative,Abs,Relative,,Abs,Relative,Abs,Relative,Abs,Relative,
Hauteur de Saut TV (cm),39.951,NA,NA,NA,NA,NA,NA,38.469,NA,NA,NA,NA,NA,NA,41.822,NA,NA,NA,NA,NA,NA,39.562,NA,NA,NA,NA,NA,NA
Hauteur de saut (Vitesse) (cm),38.769,NA,NA,NA,NA,NA,NA,37.082,NA,NA,NA,NA,NA,NA,40.915,NA,NA,NA,NA,NA,NA,38.308,NA,NA,NA,NA,NA,NA
Poids de corps (kg),90.916,NA,NA,NA,NA,NA,NA,90.916,NA,NA,NA,NA,NA,NA,90.916,NA,NA,NA,NA,NA,NA,90.916,NA,NA,NA,NA,NA,NA
Temps de Contraction (ms),435.967,NA,NA,NA,NA,NA,NA,431.900,NA,NA,NA,NA,NA,NA,448.000,NA,NA,NA,NA,NA,NA,428.000,NA,NA,NA,NA,NA,NA
Temps de Mouvement (ms),747.967,NA,NA,NA,NA,NA,NA,775.900,NA,NA,NA,NA,NA,NA,784.000,NA,NA,NA,NA,NA,NA,684.000,NA,NA,NA,NA,NA,NA
Pic de Force Max (kg),222.886,2.452,109.702,1.207,113.185,1.245,3.077,231.917,2.551,112.463,1.237,119.454,1.314,5.853,219.242,2.411,109.008,1.199,110.234,1.212,1.112,217.501,2.392,107.634,1.184,109.867,1.208,2.032
Pic de Puissance Max (W),5272.308,57.991,2582.587,28.406,2689.722,29.585,3.983,5249.237,57.737,2539.960,27.937,2709.277,29.800,6.250,5329.205,58.617,2632.412,28.954,2696.793,29.663,2.387,5238.483,57.619,2575.388,28.327,2663.095,29.292,3.293
Pic de Vitesse Max (m/s),2.897,NA,NA,NA,NA,NA,NA,2.837,NA,NA,NA,NA,NA,NA,2.958,NA,NA,NA,NA,NA,NA,2.895,NA,NA,NA,NA,NA,NA
Pic de RFD Max (kg/s),1017.516,11.192,525.182,5.777,492.334,5.415,6.255,687.407,7.561,321.466,3.536,365.941,4.025,12.154,951.643,10.467,579.509,6.374,372.134,4.093,35.785,1413.498,15.547,674.572,7.420,738.927,8.128,8.709
Impulsion Totale (kg•s),93.887,1.033,46.742,0.514,47.145,0.519,0.854,95.869,1.054,47.691,0.525,48.178,0.530,1.010,97.848,1.076,49.853,0.548,47.995,0.528,3.728,87.943,0.967,42.681,0.469,45.261,0.498,5.699
Vitesse à Puissance Maximale(m/s),2.584,NA,NA,NA,NA,NA,NA,2.536,NA,NA,NA,NA,NA,NA,2.642,NA,NA,NA,NA,NA,NA,2.573,NA,NA,NA,NA,NA,NA
F@0V (kg),203.354,2.237,97.229,NA,106.126,NA,8.383,187.167,2.059,89.820,NA,97.347,NA,7.732,206.188,2.268,101.467,NA,104.721,NA,3.107,216.708,2.384,100.399,NA,116.309,NA,13.679
Force à Puissance Maximale (kg),208.059,2.288,101.902,1.121,106.157,1.168,4.008,210.986,2.321,102.090,1.123,108.896,1.198,6.250,205.624,2.262,101.570,1.117,104.054,1.145,2.387,207.566,2.283,102.045,1.122,105.521,1.161,3.293
Pic de RPD Max (W/s),34088.058,374.941,17170.891,188.866,16917.167,186.075,1.478,36637.673,402.984,18062.483,198.672,18575.191,204.312,2.760,34376.540,378.114,16860.449,185.451,17516.091,192.663,3.743,31249.960,343.724,16589.741,182.473,14660.219,161.250,11.631
RSI (TV/TC),1.309,NA,NA,NA,NA,NA,NA,1.297,NA,NA,NA,NA,NA,NA,1.304,NA,NA,NA,NA,NA,NA,1.327,NA,NA,NA,NA,NA,NA
RSI (FT/TTT),0.766,NA,NA,NA,NA,NA,NA,0.722,NA,NA,NA,NA,NA,NA,0.745,NA,NA,NA,NA,NA,NA,0.830,NA,NA,NA,NA,NA,NA
mRSI (JH/CT) (m/s),0.916,NA,NA,NA,NA,NA,NA,0.891,NA,NA,NA,NA,NA,NA,0.934,NA,NA,NA,NA,NA,NA,0.924,NA,NA,NA,NA,NA,NA
mRSI (JH/TTT) (m/s),0.536,NA,NA,NA,NA,NA,NA,0.496,NA,NA,NA,NA,NA,NA,0.533,NA,NA,NA,NA,NA,NA,0.578,NA,NA,NA,NA,NA,NA
Rigidité de la jambe (kg/m),631.075,6.941,301.975,3.321,329.101,3.620,8.243,642.713,7.069,308.845,3.397,333.868,3.672,7.495,576.887,6.345,282.852,3.111,294.035,3.234,3.803,673.626,7.409,314.227,3.456,359.399,3.953,12.569
Temps jusqu'au pic de force Max (ms),578.667,NA,643.967,NA,578.667,NA,10.140,652.000,NA,664.000,NA,644.000,NA,3.012,676.000,NA,680.000,NA,672.000,NA,1.176,408.000,NA,587.900,NA,420.000,NA,28.559
Temps jusqu'au pic de Puissance Max (ms),682.633,NA,682.633,NA,684.000,NA,0.200,712.000,NA,712.000,NA,712.000,NA,NA,720.000,NA,720.000,NA,720.000,NA,NA,615.900,NA,615.900,NA,620.000,NA,0.661
Force Moyenne (kg),125.921,1.385,62.636,0.689,63.285,0.696,1.026,123.822,1.362,61.598,0.678,62.224,0.684,1.006,125.080,1.376,63.749,0.701,61.331,0.675,3.792,128.861,1.417,62.560,0.688,66.300,0.729,5.640
Force Max Nette (kg),131.971,1.452,NA,NA,NA,NA,NA,141.001,1.551,NA,NA,NA,NA,NA,128.326,1.411,NA,NA,NA,NA,NA,126.585,1.392,NA,NA,NA,NA,NA
Impulsion totale Nette (kg•s),26.248,0.289,NA,NA,NA,NA,NA,25.691,0.283,NA,NA,NA,NA,NA,26.934,0.296,NA,NA,NA,NA,NA,26.120,0.287,NA,NA,NA,NA,NA
RFD moyenne (kg/s),242.654,2.669,98.005,1.078,144.650,1.591,32.247,222.673,2.449,95.668,1.052,127.005,1.397,24.674,194.795,2.143,82.115,0.903,112.679,1.239,27.125,310.495,3.415,116.231,1.278,194.264,2.137,40.168
Puissance Moyenne (W),638.287,7.021,300.600,3.306,337.687,3.714,10.983,592.492,6.517,264.638,2.911,327.854,3.606,19.282,616.339,6.779,304.403,3.348,311.936,3.431,2.415,706.030,7.766,332.760,3.660,373.271,4.106,10.853

Paramètres par phase
,,Moyenne,,,,,,,Essai (1),,,,,,,Essai (2),,,,,,,Essai (3),,,,,,
,,Total,,Gauche,,Droite,,Asymétrie,Total,,Gauche,,Droite,,Asymétrie,Total,,Gauche,,Droite,,Asymétrie,Total,,Gauche,,Droite,,Asymétrie
,,Abs,Relative,Abs,Relative,Abs,Relative,,Abs,Relative,Abs,Relative,Abs,Relative,,Abs,Relative,Abs,Relative,Abs,Relative,,Abs,Relative,Abs,Relative,Abs,Relative,
Phase de Décharge,Durée (ms),312.000,NA,NA,NA,NA,NA,NA,344.000,NA,NA,NA,NA,NA,NA,336.000,NA,NA,NA,NA,NA,NA,256.000,NA,NA,NA,NA,NA,NA
Phase de Décharge,Force Minimale(kg),29.847,0.328,16.093,0.177,13.754,0.151,14.534,52.387,0.576,28.875,0.318,23.512,0.259,18.574,27.872,0.307,14.253,0.157,13.619,0.150,4.448,9.283,0.102,5.151,0.057,4.132,0.045,19.799
Phase de Décharge,Pic de Décharge (kg),88.973,0.979,52.041,0.572,36.932,0.406,29.033,90.182,0.992,48.031,0.528,42.151,0.464,12.241,88.107,0.969,53.459,0.588,34.647,0.381,35.189,88.630,0.975,54.633,0.601,33.997,0.374,37.772
Phase de Décharge,RFD Max Négative (kg/s),-618.175,-6.799,-392.715,-4.320,-1010.890,-11.119,-157.411,-308.495,-3.393,-164.389,-1.808,-472.884,-5.201,-187.662,-474.630,-5.221,-301.311,-3.314,-775.941,-8.535,-157.522,-1071.399,-11.785,-712.444,-7.836,-1783.844,-19.621,-150.384
Phase de Décharge,Impulsion Totale (kg•s),16.416,0.181,9.372,0.103,7.043,0.077,24.855,21.519,0.237,12.002,0.132,9.517,0.105,20.706,17.895,0.197,10.574,0.116,7.320,0.081,30.774,9.832,0.108,5.541,0.061,4.292,0.047,22.543
Phase de Décharge,Impulsion Nette (kg•s),-11.587,-0.127,NA,NA,NA,NA,NA,-9.392,-0.103,NA,NA,NA,NA,NA,-12.289,-0.135,NA,NA,NA,NA,NA,-13.078,-0.144,NA,NA,NA,NA,NA
Phase de Freinage,Durée (ms),174.667,NA,NA,NA,NA,NA,NA,180.000,NA,NA,NA,NA,NA,NA,180.000,NA,NA,NA,NA,NA,NA,164.000,NA,NA,NA,NA,NA,NA
Phase de Freinage,Force de Freinage Max (kg),202.914,2.232,97.429,1.072,105.485,1.160,7.637,185.821,2.044,89.293,0.982,96.528,1.062,7.495,205.418,2.259,100.901,1.110,104.517,1.150,3.460,217.501,2.392,102.092,1.123,115.409,1.269,11.538
Phase de Freinage,Force de Freinage Moy (kg),155.150,1.707,74.939,0.824,80.211,0.882,6.573,139.882,1.539,68.915,0.758,70.967,0.781,2.892,157.157,1.729,75.525,0.831,81.632,0.898,7.480,168.411,1.852,80.377,0.884,88.034,0.968,8.699
Phase de Freinage,Puissance de Freinage Max (W),-1480.583,-16.285,-713.208,-7.845,-767.375,-8.440,-7.595,-1084.201,-11.925,-541.478,-5.956,-542.722,-5.969,-0.230,-1541.249,-16.952,-730.050,-8.030,-811.199,-8.923,-11.116,-1816.299,-19.978,-868.095,-9.548,-948.204,-10.429,-9.228
Phase de Freinage,RFD moyenne (kg/s),663.907,7.302,304.415,3.348,359.492,3.954,15.321,539.049,5.929,242.078,2.663,296.971,3.266,18.484,680.597,7.486,323.350,3.557,357.247,3.929,9.488,772.075,8.492,347.817,3.826,424.258,4.666,18.018
Phase de Freinage,RFD 0-50ms (kg/s),861.524,9.476,375.866,4.134,485.658,5.342,22.607,563.369,6.197,245.003,2.695,318.366,3.502,23.044,829.561,9.124,330.332,3.633,499.229,5.491,33.832,1191.641,13.107,552.263,6.074,639.378,7.033,13.625
Phase de Freinage,RFD 0-100ms (kg/s),727.936,8.007,327.198,3.599,400.739,4.408,18.351,534.941,5.884,222.307,2.445,312.634,3.439,28.892,764.618,8.410,333.277,3.666,431.341,4.744,22.735,884.250,9.726,426.008,4.686,458.241,5.040,7.034
Phase de Freinage,RFD 0-150ms (kg/s),681.621,7.497,314.326,3.457,367.295,4.040,14.421,529.178,5.821,237.804,2.616,291.373,3.205,18.385,700.599,7.706,332.446,3.657,368.152,4.049,9.699,815.086,8.965,372.726,4.100,442.360,4.866,15.741
Phase de Freinage,RFD 0-200ms (kg/s),563.572,6.199,262.633,2.889,300.939,3.310,12.729,513.191,5.645,222.426,2.447,290.765,3.198,23.503,588.240,6.470,292.255,3.215,295.984,3.256,1.260,589.284,6.482,273.216,3.005,316.067,3.476,13.558
Phase de Freinage,RFD 50-100ms (kg/s),594.981,6.544,284.144,3.125,310.837,3.419,8.587,490.896,5.399,194.585,2.140,296.311,3.259,34.331,722.948,7.952,364.619,4.011,358.330,3.941,1.725,571.098,6.282,293.229,3.225,277.869,3.056,5.238
Phase de Freinage,RFD 100-150ms (kg/s),562.911,6.192,268.918,2.958,293.993,3.234,8.529,549.313,6.042,281.366,3.095,267.948,2.947,4.769,519.242,5.711,289.437,3.184,229.806,2.528,20.602,620.177,6.821,235.952,2.595,384.225,4.226,38.590
Phase de Freinage,RFD 150-200ms (kg/s),NA,NA,NA,NA,NA,NA,NA,NA,NA,NA,NA,NA,NA,NA,NA,NA,NA,NA,NA,NA,NA,NA,NA,NA,NA,NA,NA,NA
Phase de Freinage,Impulsion de freinage (kg•s) ,26.438,0.291,12.773,0.140,13.665,0.150,6.523,24.622,0.271,12.129,0.133,12.492,0.137,2.905,27.694,0.305,13.301,0.146,14.393,0.158,7.591,26.998,0.297,12.890,0.142,14.108,0.155,8.639
Phase de Freinage,Impulsion 50-100ms (kg•s),7.091,0.078,3.379,0.037,3.712,0.041,8.956,6.389,0.070,3.143,0.035,3.246,0.036,3.188,6.997,0.077,3.238,0.036,3.759,0.041,13.864,7.888,0.087,3.758,0.041,4.130,0.045,9.024
Phase de Freinage,Impulsion 100-150ms (kg•s),7.917,0.087,3.824,0.042,4.093,0.045,6.559,6.789,0.075,3.298,0.036,3.491,0.038,5.527,8.120,0.089,3.942,0.043,4.178,0.046,5.645,8.842,0.097,4.233,0.047,4.609,0.051,8.169
Phase de Freinage,Impulsion 150-200ms (kg•s),6.201,0.068,3.018,0.033,3.183,0.035,5.204,8.834,0.097,4.260,0.047,4.574,0.050,6.873,9.769,0.107,4.793,0.053,4.976,0.055,3.671,NA,NA,NA,NA,NA,NA,NA
Phase de Freinage,Force de Freinage Moy Nette (kg) ,64.234,0.707,NA,NA,NA,NA,NA,48.966,0.539,NA,NA,NA,NA,NA,66.241,0.729,NA,NA,NA,NA,NA,77.495,0.852,NA,NA,NA,NA,NA
Phase de Freinage,Impulsion de freinage nette (kg•s) ,10.922,0.120,NA,NA,NA,NA,NA,8.620,0.095,NA,NA,NA,NA,NA,11.693,0.129,NA,NA,NA,NA,NA,12.451,0.137,NA,NA,NA,NA,NA
Phase de Freinage,Déplacement Min (cm),-32.205,NA,NA,NA,NA,NA,NA,-28.912,NA,NA,NA,NA,NA,NA,-35.422,NA,NA,NA,NA,NA,NA,-32.282,NA,NA,NA,NA,NA,NA
Phase de Freinage,Vitesse Négative Max (m/s),-1.250,NA,NA,NA,NA,NA,NA,-1.013,NA,NA,NA,NA,NA,NA,-1.327,NA,NA,NA,NA,NA,NA,-1.411,NA,NA,NA,NA,NA,NA
Phase de Freinage,RFD Décélération (kg/s),637.347,7.010,291.753,3.209,345.594,3.801,15.579,524.605,5.770,230.351,2.534,294.254,3.237,21.717,636.825,7.005,308.500,3.393,328.326,3.611,6.039,750.610,8.256,336.407,3.700,414.202,4.556,18.782
Phase de Freinage,RFD Excentrique (kg/s),558.523,6.143,260.026,2.860,298.497,3.283,12.888,366.251,4.028,163.194,1.795,203.056,2.233,19.631,578.950,6.368,281.505,3.096,297.445,3.272,5.359,730.370,8.033,335.379,3.689,394.991,4.345,15.092
Phase de Freinage,F@0V (kg),203.354,2.237,97.229,NA,106.126,NA,8.383,187.167,2.059,89.820,NA,97.347,NA,7.732,206.188,2.268,101.467,NA,104.721,NA,3.107,216.708,2.384,100.399,NA,116.309,NA,13.679
Propulsion,Durée (ms),261.300,NA,NA,NA,NA,NA,NA,251.900,NA,NA,NA,NA,NA,NA,268.000,NA,NA,NA,NA,NA,NA,264.000,NA,NA,NA,NA,NA,NA
Propulsion,Force Propulsive Max (kg),222.787,2.450,109.702,1.207,113.085,1.244,2.992,231.917,2.551,112.463,1.237,119.454,1.314,5.853,219.242,2.411,109.008,1.199,110.234,1.212,1.112,217.202,2.389,107.634,1.184,109.568,1.205,1.765
Propulsion,Force Propulsive Moy (kg),192.503,2.117,92.693,1.020,99.810,1.098,7.130,194.575,2.140,92.073,1.013,102.502,1.127,10.175,192.269,2.115,95.575,1.051,96.694,1.064,1.157,190.665,2.097,90.431,0.995,100.233,1.102,9.779
Propulsion,Puissance Propulsive Max (W),5272.308,57.991,2582.587,28.406,2689.722,29.585,3.983,5249.237,57.737,2539.960,27.937,2709.277,29.800,6.250,5329.205,58.617,2632.412,28.954,2696.793,29.663,2.387,5238.483,57.619,2575.388,28.327,2663.095,29.292,3.293
Propulsion,Puissance Propulsive Moy (W),2891.790,31.807,1391.968,15.310,1499.823,16.497,7.191,2832.502,31.155,1336.440,14.700,1496.062,16.455,10.669,2956.271,32.517,1466.697,16.132,1489.574,16.384,1.536,2886.598,31.750,1372.766,15.099,1513.832,16.651,9.318
Propulsion,RPD Moyen(W/s),27924.921,307.151,13730.880,151.028,14194.041,156.123,3.263,30250.618,332.732,14707.760,161.773,15542.858,170.959,5.373,26816.485,294.959,13308.724,146.385,13507.761,148.574,1.473,26707.660,293.762,13176.155,144.927,13531.505,148.835,2.626
Propulsion,RPD 0-50ms (W/s),25514.679,280.640,8121.050,89.325,8559.048,94.142,5.117,24093.901,265.013,11356.347,124.910,12737.554,140.103,10.844,25946.394,285.389,13006.804,143.064,12939.590,142.325,0.517,26503.740,291.519,NA,NA,NA,NA,NA
Propulsion,RPD 0-100ms (W/s),25913.085,285.023,8482.309,93.298,9066.582,99.725,6.444,28110.003,309.187,13231.709,145.538,14878.295,163.649,11.067,24536.671,269.883,12215.220,134.357,12321.452,135.526,0.862,25092.579,275.998,NA,NA,NA,NA,NA
Propulsion,RPD 0-150ms (W/s),28230.921,310.517,9390.728,103.290,9751.052,107.254,3.695,30436.938,334.781,14781.331,162.582,15655.606,172.199,5.584,26988.402,296.850,13390.852,147.288,13597.549,149.562,1.520,27267.424,299.919,NA,NA,NA,NA,NA
Propulsion,RPD 0-200ms (W/s),25434.636,279.760,4320.923,47.527,4417.839,48.593,2.194,24377.247,268.130,NA,NA,NA,NA,NA,26216.287,288.358,12962.770,142.580,13253.517,145.778,2.194,25710.373,282.793,NA,NA,NA,NA,NA
Propulsion,Impulsion Propulsive (kg•s),49.855,0.548,24.024,0.264,25.832,0.284,6.998,48.609,0.535,23.007,0.253,25.602,0.282,10.137,51.077,0.562,25.392,0.279,25.685,0.283,1.140,49.880,0.549,23.672,0.260,26.208,0.288,9.673
Propulsion,Impulsion Propulsive Phase 1 (kg•s),26.026,0.286,12.500,0.137,13.525,0.149,7.580,25.076,0.276,11.836,0.130,13.240,0.146,10.601,26.342,0.290,13.140,0.145,13.202,0.145,0.473,26.659,0.293,12.525,0.138,14.134,0.155,11.388
Propulsion,Impulsion Propulsive Phase 2 (kg•s),22.956,0.252,11.098,0.122,11.857,0.130,6.398,22.610,0.249,10.729,0.118,11.881,0.131,9.694,23.894,0.263,11.834,0.130,12.059,0.133,1.867,22.363,0.246,10.732,0.118,11.631,0.128,7.729
Propulsion,Force Propulsive Max Nette (kg) ,131.871,1.450,NA,NA,NA,NA,NA,141.001,1.551,NA,NA,NA,NA,NA,128.326,1.411,NA,NA,NA,NA,NA,126.286,1.389,NA,NA,NA,NA,NA
Propulsion,Force Propulsive Moy Nette (kg) ,101.587,1.117,NA,NA,NA,NA,NA,103.659,1.140,NA,NA,NA,NA,NA,101.354,1.115,NA,NA,NA,NA,NA,99.749,1.097,NA,NA,NA,NA,NA
Propulsion,Impulsion Propulsive Nette (kg•s),26.463,0.291,NA,NA,NA,NA,NA,26.071,0.287,NA,NA,NA,NA,NA,27.075,0.298,NA,NA,NA,NA,NA,26.242,0.289,NA,NA,NA,NA,NA
Propulsion,Vitesse Propulsive Max (m/s),2.897,NA,NA,NA,NA,NA,NA,2.837,NA,NA,NA,NA,NA,NA,2.958,NA,NA,NA,NA,NA,NA,2.895,NA,NA,NA,NA,NA,NA
Vol,Durée (ms),570.700,NA,NA,NA,NA,NA,NA,560.100,NA,NA,NA,NA,NA,NA,584.000,NA,NA,NA,NA,NA,NA,568.000,NA,NA,NA,NA,NA,NA
Vol,Hauteur de Saut + Temps de vol (cm),39.951,NA,NA,NA,NA,NA,NA,38.469,NA,NA,NA,NA,NA,NA,41.822,NA,NA,NA,NA,NA,NA,39.562,NA,NA,NA,NA,NA,NA
Vol,Hauteur du saut en fonction de la vitesse de décollage (cm),38.769,NA,NA,NA,NA,NA,NA,37.082,NA,NA,NA,NA,NA,NA,40.915,NA,NA,NA,NA,NA,NA,38.308,NA,NA,NA,NA,NA,NA
Vol,Vitesse au décollage (m/s),2.757,NA,NA,NA,NA,NA,NA,2.697,NA,NA,NA,NA,NA,NA,2.833,NA,NA,NA,NA,NA,NA,2.742,NA,NA,NA,NA,NA,NA
Atterrissage,Temps de Stabilisation (ms),488.000,NA,NA,NA,NA,NA,NA,NA,NA,NA,NA,NA,NA,NA,692.000,NA,NA,NA,NA,NA,NA,772.000,NA,NA,NA,NA,NA,NA
Atterrissage,Force Max à l'Atterrissage (kg),269.567,2.965,127.329,1.401,142.239,1.565,10.482,241.693,2.658,118.339,1.302,123.354,1.357,4.065,285.495,3.140,135.588,1.491,149.907,1.649,9.552,281.514,3.096,128.059,1.409,153.455,1.688,16.550
Atterrissage,Ratio Pic de force d'atterrissage/poids du corps (kg/kg),0.302,NA,0.143,NA,0.159,NA,10.482,0.271,NA,0.133,NA,0.138,NA,4.065,0.320,NA,0.152,NA,0.168,NA,9.552,0.316,NA,0.144,NA,0.172,NA,16.550
Atterrissage,Force d'Atterrissage Moy (kg),108.277,1.191,56.117,0.617,52.161,0.574,7.050,108.019,1.188,47.389,0.521,60.630,0.667,21.838,108.810,1.197,51.671,0.568,57.139,0.628,9.571,108.003,1.188,69.290,0.762,38.713,0.426,44.129

Données brutes
Essai (1),,,,,Essai (2),,,,,Essai (3),,,,
temps (seconde),Phases,Force (kg),Force G (kg),Force D (kg),temps (seconde),Phases,Force (kg),Force G (kg),Force D (kg),temps (seconde),Phases,Force (kg),Force G (kg),Force D (kg)
0,Phase de Décharge,87.2,48.0,39.2,0,Phase de Décharge,88.1,53.5,34.6,0,Phase de Décharge,88.0,54.6,33.4
0.004,Phase de Décharge,86.3,47.7,38.6,0.004,Phase de Décharge,87.5,53.2,34.3,0.004,Phase de Décharge,85.9,53.4,32.6
0.008,Phase de Décharge,86.1,47.5,38.5,0.008,Phase de Décharge,87.4,53.2,34.2,0.008,Phase de Décharge,85.3,53.2,32.2
0.012,Phase de Décharge,85.5,47.1,38.4,0.012,Phase de Décharge,86.9,53.0,33.9,0.012,Phase de Décharge,83.9,52.7,31.2
0.016,Phase de Décharge,84.5,46.5,38.0,0.016,Phase de Décharge,86.1,52.8,33.3,0.016,Phase de Décharge,81.6,51.8,29.8
0.02,Phase de Décharge,83.1,45.9,37.2,0.02,Phase de Décharge,85.2,52.4,32.8,0.02,Phase de Décharge,78.6,50.2,28.4
0.024,Phase de Décharge,81.6,45.3,36.3,0.024,Phase de Décharge,84.0,51.8,32.3,0.024,Phase de Décharge,75.2,48.5,26.7
0.028,Phase de Décharge,80.2,44.7,35.5,0.028,Phase de Décharge,82.8,51.0,31.8,0.028,Phase de Décharge,71.7,46.6,25.1
0.032,Phase de Décharge,78.8,44.1,34.7,0.032,Phase de Décharge,81.7,50.4,31.3,0.032,Phase de Décharge,68.0,44.3,23.7
0.036,Phase de Décharge,77.5,43.5,33.9,0.036,Phase de Décharge,80.8,49.8,31.0,0.036,Phase de Décharge,64.4,42.0,22.4
0.04,Phase de Décharge,76.0,42.8,33.2,0.04,Phase de Décharge,79.9,49.3,30.6,0.04,Phase de Décharge,60.7,39.8,20.8
0.044,Phase de Décharge,74.6,42.2,32.4,0.044,Phase de Décharge,78.9,48.7,30.2,0.044,Phase de Décharge,56.7,37.4,19.3
0.048,Phase de Décharge,73.3,41.7,31.7,0.048,Phase de Décharge,77.8,48.1,29.7,0.048,Phase de Décharge,52.1,34.3,17.8
0.052,Phase de Décharge,72.3,41.2,31.1,0.052,Phase de Décharge,76.6,47.5,29.1,0.052,Phase de Décharge,47.4,31.3,16.1
0.056,Phase de Décharge,71.2,40.8,30.4,0.056,Phase de Décharge,75.4,47.0,28.4,0.056,Phase de Décharge,42.8,28.2,14.6
0.06,Phase de Décharge,70.0,40.4,29.7,0.06,Phase de Décharge,74.2,46.5,27.6,0.06,Phase de Décharge,38.1,24.7,13.4
0.064,Phase de Décharge,68.9,40.0,29.0,0.064,Phase de Décharge,72.8,45.9,26.9,0.064,Phase de Décharge,33.8,21.5,12.2
0.068,Phase de Décharge,67.9,39.6,28.3,0.068,Phase de Décharge,71.3,45.2,26.1,0.068,Phase de Décharge,30.2,18.9,11.2
0.072,Phase de Décharge,66.8,39.1,27.7,0.072,Phase de Décharge,69.7,44.3,25.4,0.072,Phase de Décharge,26.8,16.4,10.4
0.076,Phase de Décharge,65.6,38.6,27.1,0.076,Phase de Décharge,67.9,43.3,24.6,0.076,Phase de Décharge,23.9,14.2,9.7
0.08,Phase de Décharge,64.3,37.8,26.5,0.08,Phase de Décharge,65.9,42.4,23.5,0.08,Phase de Décharge,21.7,12.7,9.0
0.084,Phase de Décharge,62.8,36.9,25.9,0.084,Phase de Décharge,64.1,41.5,22.6,0.084,Phase de Décharge,19.9,11.6,8.3
0.088,Phase de Décharge,61.5,36.2,25.3,0.088,Phase de Décharge,62.3,40.4,21.9,0.088,Phase de Décharge,18.1,10.4,7.7
0.092,Phase de Décharge,60.4,35.5,24.9,0.092,Phase de Décharge,60.5,39.3,21.2,0.092,Phase de Décharge,16.4,9.2,7.2
0.096,Phase de Décharge,59.2,34.7,24.5,0.096,Phase de Décharge,58.8,38.5,20.3,0.096,Phase de Décharge,15.0,8.2,6.8
0.1,Phase de Décharge,58.1,34.2,23.9,0.1,Phase de Décharge,57.0,37.5,19.5,0.1,Phase de Décharge,13.6,7.3,6.4
0.104,Phase de Décharge,57.2,33.7,23.5,0.104,Phase de Décharge,55.1,36.3,18.8,0.104,Phase de Décharge,12.5,6.5,6.0
0.108,Phase de Décharge,56.3,33.2,23.1,0.108,Phase de Décharge,53.2,35.1,18.1,0.108,Phase de Décharge,11.7,6.0,5.7
0.112,Phase de Décharge,55.5,32.7,22.9,0.112,Phase de Décharge,51.3,33.9,17.3,0.112,Phase de Décharge,11.0,5.6,5.4
0.116,Phase de Décharge,54.8,32.3,22.5,0.116,Phase de Décharge,49.2,32.6,16.6,0.116,Phase de Décharge,10.5,5.4,5.1
0.12,Phase de Décharge,54.3,32.0,22.3,0.12,Phase de Décharge,47.2,31.4,15.9,0.12,Phase de Décharge,10.1,5.2,4.8
0.124,Phase de Décharge,53.8,31.8,22.1,0.124,Phase de Décharge,45.4,30.1,15.2,0.124,Phase de Décharge,9.9,5.3,4.6
0.128,Phase de Décharge,53.4,31.5,22.0,0.128,Phase de Décharge,43.6,28.8,14.8,0.128,Phase de Décharge,9.7,5.2,4.5
0.132,Phase de Décharge,53.1,31.2,22.0,0.132,Phase de Décharge,42.0,27.6,14.3,0.132,Phase de Décharge,9.4,5.2,4.3
0.136,Phase de Décharge,52.9,30.9,22.0,0.136,Phase de Décharge,40.5,26.7,13.8,0.136,Phase de Décharge,9.3,5.2,4.1
0.14,Phase de Décharge,52.7,30.6,22.1,0.14,Phase de Décharge,38.9,25.6,13.3,0.14,Phase de Décharge,9.5,5.3,4.2
0.144,Phase de Décharge,52.6,30.4,22.2,0.144,Phase de Décharge,37.2,24.3,12.9,0.144,Phase de Décharge,10.2,5.7,4.4
0.148,Phase de Décharge,52.5,30.1,22.4,0.148,Phase de Décharge,35.7,23.1,12.6,0.148,Phase de Décharge,11.0,6.3,4.7
0.152,Phase de Décharge,52.4,29.9,22.5,0.152,Phase de Décharge,34.5,22.1,12.4,0.152,Phase de Décharge,11.9,7.0,4.9
0.156,Phase de Décharge,52.4,29.8,22.6,0.156,Phase de Décharge,33.6,21.3,12.3,0.156,Phase de Décharge,13.0,7.7,5.3
0.16,Phase de Décharge,52.4,29.7,22.7,0.16,Phase de Décharge,32.7,20.5,12.2,0.16,Phase de Décharge,14.3,8.4,5.9
0.164,Phase de Décharge,52.5,29.6,22.9,0.164,Phase de Décharge,31.9,19.9,12.0,0.164,Phase de Décharge,15.7,9.1,6.6
0.168,Phase de Décharge,52.7,29.5,23.2,0.168,Phase de Décharge,31.1,19.3,11.9,0.168,Phase de Décharge,17.2,9.6,7.5
0.172,Phase de Décharge,53.0,29.5,23.5,0.172,Phase de Décharge,30.4,18.7,11.7,0.172,Phase de Décharge,18.6,9.8,8.7
0.176,Phase de Décharge,53.2,29.4,23.7,0.176,Phase de Décharge,29.9,18.2,11.6,0.176,Phase de Décharge,19.8,9.7,10.1
0.18,Phase de Décharge,53.4,29.3,24.0,0.18,Phase de Décharge,29.3,17.7,11.6,0.18,Phase de Décharge,21.0,9.6,11.5
0.184,Phase de Décharge,53.5,29.2,24.3,0.184,Phase de Décharge,28.9,17.2,11.7,0.184,Phase de Décharge,23.1,9.9,13.2
0.188,Phase de Décharge,53.6,29.1,24.5,0.188,Phase de Décharge,28.6,16.6,11.9,0.188,Phase de Décharge,25.9,10.9,15.0
0.192,Phase de Décharge,53.6,28.9,24.7,0.192,Phase de Décharge,28.3,16.1,12.2,0.192,Phase de Décharge,29.1,12.6,16.4
0.196,Phase de Décharge,53.8,28.9,24.9,0.196,Phase de Décharge,28.0,15.6,12.4,0.196,Phase de Décharge,32.6,14.5,18.1
0.2,Phase de Décharge,54.0,28.9,25.1,0.2,Phase de Décharge,27.9,15.2,12.7,0.2,Phase de Décharge,36.5,16.3,20.1
0.204,Phase de Décharge,54.3,29.1,25.2,0.204,Phase de Décharge,27.9,15.0,12.9,0.204,Phase de Décharge,40.8,18.6,22.2
0.208,Phase de Décharge,54.5,29.3,25.2,0.208,Phase de Décharge,27.9,14.8,13.1,0.208,Phase de Décharge,45.6,21.5,24.1
0.212,Phase de Décharge,54.6,29.5,25.1,0.212,Phase de Décharge,27.9,14.5,13.4,0.212,Phase de Décharge,50.4,24.3,26.1
0.216,Phase de Décharge,54.8,29.7,25.1,0.216,Phase de Décharge,28.1,14.3,13.7,0.216,Phase de Décharge,54.4,26.6,27.8
0.22,Phase de Décharge,54.9,29.9,25.0,0.22,Phase de Décharge,28.5,14.3,14.3,0.22,Phase de Décharge,58.2,28.6,29.5
0.224,Phase de Décharge,55.1,30.1,25.0,0.224,Phase de Décharge,29.3,14.3,15.0,0.224,Phase de Décharge,61.8,30.3,31.5
0.228,Phase de Décharge,55.6,30.5,25.1,0.228,Phase de Décharge,30.1,14.4,15.7,0.228,Phase de Décharge,65.2,31.8,33.4
0.232,Phase de Décharge,56.1,30.9,25.2,0.232,Phase de Décharge,31.0,14.6,16.4,0.232,Phase de Décharge,68.3,33.3,35.0
0.236,Phase de Décharge,56.3,31.1,25.3,0.236,Phase de Décharge,31.8,14.8,17.1,0.236,Phase de Décharge,71.6,34.9,36.7
0.24,Phase de Décharge,56.6,31.3,25.3,0.24,Phase de Décharge,32.8,15.0,17.8,0.24,Phase de Décharge,75.3,36.6,38.7
0.244,Phase de Décharge,57.0,31.5,25.4,0.244,Phase de Décharge,33.9,15.5,18.4,0.244,Phase de Décharge,79.3,38.4,40.9
0.248,Phase de Décharge,57.3,31.7,25.6,0.248,Phase de Décharge,35.2,16.3,18.9,0.248,Phase de Décharge,83.7,40.6,43.1
0.252,Phase de Décharge,57.6,31.8,25.8,0.252,Phase de Décharge,36.8,17.5,19.4,0.252,Phase de Décharge,88.6,42.8,45.8
0.256,Phase de Décharge,57.7,31.7,26.0,0.256,Phase de Décharge,38.5,18.7,19.8,0.256,Phase de Freinage,93.6,45.2,48.4
0.26,Phase de Décharge,57.9,31.7,26.2,0.26,Phase de Décharge,40.5,20.3,20.3,0.26,Phase de Freinage,99.1,48.1,51.0
0.264,Phase de Décharge,57.9,31.7,26.2,0.264,Phase de Décharge,43.2,22.3,20.8,0.264,Phase de Freinage,105.0,50.8,54.2
0.268,Phase de Décharge,57.9,31.7,26.2,0.268,Phase de Décharge,46.2,24.5,21.7,0.268,Phase de Freinage,110.9,53.5,57.5
0.272,Phase de Décharge,58.1,31.8,26.3,0.272,Phase de Décharge,49.3,26.7,22.5,0.272,Phase de Freinage,116.9,56.6,60.3
0.276,Phase de Décharge,58.5,32.0,26.5,0.276,Phase de Décharge,52.4,29.2,23.2,0.276,Phase de Freinage,122.8,59.7,63.1
0.28,Phase de Décharge,59.2,32.3,26.8,0.28,Phase de Décharge,55.4,31.4,24.0,0.28,Phase de Freinage,128.5,62.1,66.4
0.284,Phase de Décharge,60.0,32.7,27.3,0.284,Phase de Décharge,58.1,33.2,25.0,0.284,Phase de Freinage,133.7,64.3,69.4
0.288,Phase de Décharge,60.9,33.2,27.8,0.288,Phase de Décharge,60.6,34.8,25.9,0.288,Phase de Freinage,138.8,66.8,72.0
0.292,Phase de Décharge,62.0,33.7,28.2,0.292,Phase de Décharge,62.9,36.0,26.9,0.292,Phase de Freinage,143.8,69.0,74.8
0.296,Phase de Décharge,63.2,34.4,28.8,0.296,Phase de Décharge,65.0,36.8,28.2,0.296,Phase de Freinage,147.9,70.7,77.2
0.3,Phase de Décharge,64.9,35.0,29.8,0.3,Phase de Décharge,66.9,37.3,29.6,0.2999,Phase de Freinage,151.1,72.2,79.0
0.304,Phase de Décharge,66.8,35.9,30.9,0.304,Phase de Décharge,69.1,37.9,31.1,0.3039,Phase de Freinage,153.7,73.2,80.4
0.308,Phase de Décharge,69.0,37.0,32.0,0.308,Phase de Décharge,71.4,38.6,32.9,0.3079,Phase de Freinage,155.5,73.9,81.6
0.312,Phase de Décharge,71.3,38.2,33.1,0.312,Phase de Décharge,73.7,39.2,34.6,0.3119,Phase de Freinage,156.9,74.5,82.4
0.316,Phase de Décharge,73.8,39.5,34.3,0.316,Phase de Décharge,76.2,39.9,36.3,0.3159,Phase de Freinage,158.2,75.1,83.0
0.32,Phase de Décharge,76.5,40.9,35.7,0.32,Phase de Décharge,78.9,40.7,38.2,0.3199,Phase de Freinage,159.4,75.7,83.7
0.324,Phase de Décharge,79.5,42.2,37.3,0.324,Phase de Décharge,81.7,41.7,40.0,0.3239,Phase de Freinage,160.7,76.3,84.4
0.328,Phase de Décharge,82.3,43.6,38.8,0.328,Phase de Décharge,84.5,43.0,41.5,0.3279,Phase de Freinage,162.3,77.0,85.2
0.332,Phase de Décharge,85.0,45.0,40.0,0.332,Phase de Décharge,87.8,44.5,43.3,0.3319,Phase de Freinage,164.3,78.0,86.3
0.336,Phase de Décharge,87.6,46.3,41.3,0.336,Phase de Freinage,91.6,45.9,45.6,0.3359,Phase de Freinage,166.6,79.3,87.3
0.34,Phase de Décharge,90.2,47.3,42.9,0.34,Phase de Freinage,95.6,47.6,48.0,0.34,Phase de Freinage,169.5,81.0,88.5
0.344,Phase de Freinage,92.7,48.4,44.4,0.344,Phase de Freinage,99.9,49.8,50.1,0.344,Phase de Freinage,172.6,82.7,90.0
0.348,Phase de Freinage,95.4,49.8,45.6,0.348,Phase de Freinage,104.2,51.8,52.4,0.348,Phase de Freinage,175.8,84.3,91.5
0.352,Phase de Freinage,98.2,51.2,47.0,0.352,Phase de Freinage,108.2,53.7,54.5,0.352,Phase de Freinage,178.9,86.1,92.8
0.356,Phase de Freinage,100.9,52.4,48.5,0.356,Phase de Freinage,112.3,55.5,56.7,0.356,Phase de Freinage,182.0,87.8,94.2
0.36,Phase de Freinage,103.6,53.7,49.9,0.36,Phase de Freinage,116.6,57.1,59.4,0.36,Phase de Freinage,185.2,89.2,96.0
0.364,Phase de Freinage,106.0,54.6,51.4,0.364,Phase de Freinage,120.2,58.3,61.9,0.364,Phase de Freinage,188.7,90.6,98.1
0.368,Phase de Freinage,108.1,55.3,52.8,0.368,Phase de Freinage,123.0,59.4,63.6,0.368,Phase de Freinage,192.7,92.6,100.1
0.372,Phase de Freinage,109.8,56.0,53.8,0.372,Phase de Freinage,125.3,60.1,65.2,0.372,Phase de Freinage,196.8,94.5,102.3
0.376,Phase de Freinage,111.6,56.7,54.9,0.376,Phase de Freinage,127.6,60.7,66.9,0.376,Phase de Freinage,200.4,96.2,104.3
0.38,Phase de Freinage,113.8,57.5,56.3,0.38,Phase de Freinage,129.9,61.3,68.5,0.38,Phase de Freinage,203.9,97.9,106.1
0.384,Phase de Freinage,116.0,58.4,57.6,0.384,Phase de Freinage,132.2,62.2,70.0,0.384,Phase de Freinage,207.2,99.3,108.0
0.388,Phase de Freinage,118.0,59.3,58.7,0.388,Phase de Freinage,134.7,63.1,71.6,0.388,Phase de Freinage,210.0,100.3,109.8
0.392,Phase de Freinage,119.9,60.1,59.8,0.392,Phase de Freinage,136.9,63.9,73.1,0.392,Phase de Freinage,212.3,101.1,111.2
0.396,Phase de Freinage,122.0,61.1,60.9,0.396,Phase de Freinage,138.9,64.5,74.4,0.396,Phase de Freinage,214.2,101.7,112.5
0.4,Phase de Freinage,124.5,62.3,62.2,0.4,Phase de Freinage,140.8,65.0,75.7,0.4,Phase de Freinage,215.9,102.0,113.9
0.404,Phase de Freinage,127.0,63.3,63.7,0.404,Phase de Freinage,142.6,65.6,77.0,0.404,Phase de Freinage,217.1,102.1,115.0
0.408,Phase de Freinage,129.2,64.1,65.1,0.408,Phase de Freinage,144.5,66.4,78.1,0.408,Phase de Freinage,217.5,101.9,115.6
0.412,Phase de Freinage,131.2,64.9,66.3,0.412,Phase de Freinage,146.7,67.4,79.2,0.412,Phase de Freinage,217.5,101.4,116.0
0.416,Phase de Freinage,133.2,65.6,67.6,0.416,Phase de Freinage,149.1,68.5,80.7,0.416,Phase de Freinage,217.1,100.9,116.3
0.42,Phase de Freinage,135.5,66.4,69.2,0.42,Phase de Freinage,152.0,69.8,82.2,0.42,Propulsion,216.7,100.4,116.3
0.424,Phase de Freinage,137.8,67.2,70.6,0.424,Phase de Freinage,155.5,71.8,83.7,0.424,Propulsion,216.3,100.1,116.2
0.428,Phase de Freinage,139.7,68.0,71.8,0.428,Phase de Freinage,159.5,74.0,85.5,0.428,Propulsion,216.1,100.1,115.9
0.432,Phase de Freinage,141.5,68.6,72.9,0.432,Phase de Freinage,163.7,76.4,87.2,0.432,Propulsion,215.9,100.2,115.7
0.436,Phase de Freinage,143.2,69.2,74.0,0.436,Phase de Freinage,168.0,79.3,88.8,0.436,Propulsion,215.4,100.2,115.2
0.44,Phase de Freinage,144.7,69.9,74.8,0.44,Phase de Freinage,172.3,82.1,90.2,0.44,Propulsion,214.6,100.1,114.5
0.444,Phase de Freinage,146.2,70.6,75.6,0.444,Phase de Freinage,176.1,84.6,91.5,0.444,Propulsion,213.9,100.2,113.7
0.448,Phase de Freinage,147.6,71.2,76.3,0.448,Phase de Freinage,179.6,87.0,92.6,0.448,Propulsion,213.3,100.3,113.0
0.452,Phase de Freinage,148.8,71.9,76.9,0.452,Phase de Freinage,182.5,89.0,93.6,0.452,Propulsion,212.5,100.2,112.2
0.456,Phase de Freinage,149.9,72.5,77.4,0.456,Phase de Freinage,184.9,90.3,94.5,0.456,Propulsion,211.5,99.9,111.6
0.46,Phase de Freinage,151.2,73.2,77.9,0.46,Phase de Freinage,186.8,91.3,95.5,0.46,Propulsion,210.4,99.3,111.1
0.464,Phase de Freinage,152.6,74.2,78.4,0.464,Phase de Freinage,188.7,92.3,96.4,0.464,Propulsion,209.2,98.6,110.5
0.468,Phase de Freinage,154.3,75.2,79.1,0.468,Phase de Freinage,190.7,93.2,97.6,0.468,Propulsion,208.0,98.1,110.0
0.472,Phase de Freinage,156.2,76.2,80.1,0.472,Phase de Freinage,192.5,93.9,98.6,0.472,Propulsion,207.0,97.5,109.5
0.4759,Phase de Freinage,158.4,77.3,81.2,0.476,Phase de Freinage,194.0,94.6,99.5,0.476,Propulsion,206.1,97.0,109.2
0.4799,Phase de Freinage,161.1,78.7,82.5,0.48,Phase de Freinage,195.5,95.2,100.3,0.48,Propulsion,205.4,96.6,108.8
0.4839,Phase de Freinage,164.2,80.0,84.2,0.484,Phase de Freinage,196.8,95.8,101.0,0.484,Propulsion,204.8,96.3,108.5
0.4879,Phase de Freinage,167.2,81.3,85.9,0.488,Phase de Freinage,198.1,96.5,101.6,0.488,Propulsion,204.0,95.7,108.3
0.4919,Phase de Freinage,170.2,82.9,87.3,0.492,Phase de Freinage,199.3,97.1,102.2,0.492,Propulsion,203.2,95.2,108.0
0.4959,Phase de Freinage,173.1,84.5,88.6,0.496,Phase de Freinage,200.5,97.7,102.8,0.496,Propulsion,202.4,94.7,107.7
0.4999,Phase de Freinage,176.1,85.8,90.3,0.5,Phase de Freinage,201.7,98.3,103.3,0.5,Propulsion,201.9,94.3,107.5
0.5039,Phase de Freinage,178.9,87.1,91.9,0.504,Phase de Freinage,203.0,99.3,103.8,0.504,Propulsion,201.6,94.1,107.5
0.5079,Phase de Freinage,181.3,88.0,93.3,0.508,Phase de Freinage,204.3,100.2,104.2,0.508,Propulsion,201.6,94.2,107.5
0.5119,Phase de Freinage,183.1,88.5,94.6,0.512,Phase de Freinage,205.4,100.9,104.5,0.512,Propulsion,202.0,94.4,107.6
0.516,Phase de Freinage,184.6,88.9,95.7,0.516,Propulsion,206.2,101.5,104.7,0.516,Propulsion,202.5,94.8,107.7
0.52,Phase de Freinage,185.8,89.3,96.5,0.52,Propulsion,206.6,101.9,104.7,0.52,Propulsion,203.1,95.2,108.0
0.524,Propulsion,187.2,89.8,97.3,0.524,Propulsion,207.0,102.3,104.6,0.524,Propulsion,204.0,95.7,108.3
0.528,Propulsion,188.7,90.4,98.3,0.528,Propulsion,207.6,102.9,104.7,0.528,Propulsion,205.3,96.7,108.6
0.532,Propulsion,190.5,91.1,99.4,0.532,Propulsion,208.5,103.7,104.8,0.532,Propulsion,206.7,97.8,108.9
0.536,Propulsion,192.5,91.8,100.7,0.536,Propulsion,209.2,104.4,104.8,0.536,Propulsion,208.3,99.1,109.2
0.54,Propulsion,194.1,92.3,101.8,0.54,Propulsion,209.9,104.9,104.9,0.54,Propulsion,210.3,100.6,109.7
0.544,Propulsion,195.4,92.8,102.5,0.544,Propulsion,210.4,105.4,105.1,0.544,Propulsion,212.3,102.1,110.2
0.548,Propulsion,196.6,93.4,103.2,0.548,Propulsion,210.8,105.6,105.2,0.548,Propulsion,213.8,103.4,110.5
0.552,Propulsion,197.9,93.8,104.0,0.552,Propulsion,210.7,105.7,105.0,0.552,Propulsion,215.1,104.5,110.6
0.556,Propulsion,199.0,94.3,104.7,0.556,Propulsion,210.2,105.5,104.7,0.556,Propulsion,216.1,105.3,110.8
0.56,Propulsion,200.1,94.7,105.4,0.56,Propulsion,209.4,105.2,104.2,0.56,Propulsion,216.7,105.7,111.0
0.564,Propulsion,201.4,95.3,106.1,0.564,Propulsion,208.6,104.7,103.9,0.564,Propulsion,217.0,106.0,111.0
0.568,Propulsion,202.8,95.9,106.9,0.568,Propulsion,207.6,104.0,103.6,0.568,Propulsion,217.1,106.3,110.8
0.572,Propulsion,204.4,96.7,107.7,0.572,Propulsion,206.5,103.2,103.3,0.572,Propulsion,217.1,106.6,110.6
0.576,Propulsion,206.2,97.5,108.7,0.576,Propulsion,205.5,102.5,103.0,0.576,Propulsion,217.1,106.9,110.2
0.58,Propulsion,207.7,98.0,109.7,0.58,Propulsion,204.6,102.1,102.6,0.5799,Propulsion,217.0,107.4,109.6
0.584,Propulsion,208.8,98.4,110.4,0.584,Propulsion,203.8,101.7,102.1,0.5839,Propulsion,216.8,107.6,109.2
0.588,Propulsion,210.0,98.8,111.2,0.588,Propulsion,203.0,101.4,101.6,0.5879,Propulsion,216.8,107.6,109.2
0.592,Propulsion,211.3,99.1,112.2,0.592,Propulsion,202.3,101.2,101.1,0.5919,Propulsion,217.2,107.5,109.7
0.596,Propulsion,212.6,99.5,113.1,0.5959,Propulsion,201.8,101.0,100.8,0.5959,Propulsion,217.2,107.3,109.9
0.6,Propulsion,213.9,100.0,114.0,0.5999,Propulsion,201.4,100.7,100.7,0.5999,Propulsion,216.4,107.0,109.4
0.604,Propulsion,215.4,100.5,114.9,0.6039,Propulsion,201.2,100.5,100.7,0.6039,Propulsion,214.9,106.3,108.6
0.608,Propulsion,216.9,101.1,115.8,0.6079,Propulsion,201.1,100.3,100.8,0.6079,Propulsion,212.9,105.1,107.8
0.612,Propulsion,218.5,101.9,116.6,0.6119,Propulsion,201.2,100.2,101.0,0.6119,Propulsion,210.6,103.8,106.8
0.616,Propulsion,220.1,102.7,117.4,0.6159,Propulsion,201.5,100.3,101.2,0.6159,Propulsion,207.6,102.0,105.5
0.62,Propulsion,221.8,103.6,118.2,0.6199,Propulsion,202.0,100.5,101.5,0.62,Propulsion,203.4,99.6,103.9
0.624,Propulsion,223.6,104.8,118.7,0.6239,Propulsion,202.8,100.9,101.9,0.624,Propulsion,198.5,96.8,101.7
0.628,Propulsion,225.2,106.1,119.2,0.6279,Propulsion,203.9,101.4,102.5,0.628,Propulsion,193.1,93.8,99.3
0.632,Propulsion,226.7,107.1,119.7,0.6319,Propulsion,204.9,102.0,102.9,0.632,Propulsion,186.8,89.7,97.0
0.636,Propulsion,228.2,108.1,120.1,0.636,Propulsion,206.2,102.7,103.5,0.636,Propulsion,179.5,85.4,94.1
0.64,Propulsion,229.7,109.2,120.5,0.64,Propulsion,207.7,103.4,104.3,0.64,Propulsion,171.1,81.2,89.9
0.644,Propulsion,230.9,110.2,120.7,0.644,Propulsion,209.4,104.1,105.3,0.644,Propulsion,161.4,75.9,85.5
0.648,Propulsion,231.6,111.0,120.7,0.648,Propulsion,211.3,105.0,106.3,0.648,Propulsion,149.6,69.0,80.6
0.652,Propulsion,231.9,111.6,120.3,0.652,Propulsion,213.2,105.9,107.3,0.652,Propulsion,136.0,61.8,74.2
0.656,Propulsion,231.7,112.0,119.7,0.656,Propulsion,215.0,106.8,108.2,0.656,Propulsion,121.7,54.3,67.3
0.66,Propulsion,231.4,112.3,119.1,0.66,Propulsion,216.4,107.4,109.0,0.66,Propulsion,104.7,45.0,59.7
0.664,Propulsion,231.4,112.5,118.9,0.664,Propulsion,217.5,108.0,109.6,0.664,Propulsion,85.2,35.1,50.1
0.668,Propulsion,231.5,112.4,119.0,0.668,Propulsion,218.5,108.4,110.1,0.668,Propulsion,65.4,25.0,40.3
0.672,Propulsion,231.3,112.2,119.1,0.672,Propulsion,219.0,108.7,110.4,0.672,Propulsion,45.7,14.2,31.5
0.676,Propulsion,230.5,111.9,118.7,0.676,Propulsion,219.2,108.9,110.4,0.676,Propulsion,27.1,5.3,21.8
0.68,Propulsion,229.3,111.4,118.0,0.68,Propulsion,219.2,109.0,110.2,0.68,Propulsion,11.0,0.3,10.7
0.684,Propulsion,228.2,110.9,117.3,0.684,Propulsion,219.0,109.0,110.0,0.684,Vol,0.3,-1.6,1.8
0.688,Propulsion,227.0,110.3,116.7,0.688,Propulsion,218.6,108.7,109.9,0.688,Vol,-3.9,-1.5,-2.4
0.692,Propulsion,225.4,109.6,115.8,0.692,Propulsion,218.0,108.3,109.7,0.692,Vol,-3.6,-0.4,-3.1
0.696,Propulsion,223.3,108.7,114.6,0.696,Propulsion,217.2,107.9,109.4,0.696,Vol,-1.1,0.7,-1.7
0.7,Propulsion,220.9,107.4,113.4,0.7,Propulsion,216.3,107.4,109.0,0.7,Vol,1.5,1.1,0.5
0.704,Propulsion,218.0,105.8,112.3,0.704,Propulsion,215.1,106.8,108.4,0.704,Vol,2.7,0.6,2.2
0.708,Propulsion,214.8,103.9,110.9,0.708,Propulsion,213.5,106.0,107.6,0.708,Vol,2.2,-0.0,2.2
0.712,Propulsion,211.0,102.1,108.9,0.712,Propulsion,211.5,104.8,106.7,0.712,Vol,1.1,0.2,1.0
0.716,Propulsion,206.4,99.7,106.7,0.716,Propulsion,208.9,103.3,105.6,0.716,Vol,0.4,0.7,-0.4
0.72,Propulsion,200.6,96.3,104.3,0.72,Propulsion,205.6,101.6,104.1,0.72,Vol,0.4,1.0,-0.6
0.724,Propulsion,193.8,92.7,101.1,0.724,Propulsion,201.9,99.6,102.2,0.724,Vol,0.8,0.7,0.1
0.728,Propulsion,186.2,88.5,97.7,0.728,Propulsion,197.0,97.0,100.0,0.728,Vol,1.3,0.2,1.0
0.732,Propulsion,176.7,82.8,93.8,0.732,Propulsion,191.2,94.2,97.0,0.732,Vol,1.4,-0.0,1.4
0.736,Propulsion,165.6,76.8,88.8,0.736,Propulsion,185.2,91.5,93.7,0.736,Vol,1.2,0.2,0.9
0.74,Propulsion,153.8,70.4,83.4,0.74,Propulsion,178.8,88.2,90.6,0.74,Vol,0.8,0.6,0.2
0.744,Propulsion,141.0,62.7,78.3,0.744,Propulsion,170.4,83.6,86.8,0.744,Vol,0.5,0.6,-0.1
0.748,Propulsion,126.9,54.9,72.0,0.748,Propulsion,160.1,78.8,81.3,0.748,Vol,0.5,0.4,0.1
0.752,Propulsion,111.5,47.9,63.6,0.752,Propulsion,148.7,73.4,75.3,0.752,Vol,0.8,0.2,0.6
0.7559,Propulsion,94.5,40.0,54.6,0.756,Propulsion,135.4,66.6,68.8,0.756,Vol,1.1,0.2,0.9
0.7599,Propulsion,74.6,29.8,44.8,0.76,Propulsion,120.0,59.3,60.6,0.76,Vol,0.9,0.3,0.6
0.7639,Propulsion,52.6,19.5,33.1,0.764,Propulsion,103.4,51.2,52.1,0.764,Vol,0.6,0.4,0.2
0.7679,Propulsion,32.1,10.6,21.5,0.768,Propulsion,83.7,41.0,42.7,0.768,Vol,0.5,0.4,0.1
0.7719,Propulsion,14.8,3.2,11.6,0.772,Propulsion,61.3,30.3,31.0,0.772,Vol,0.7,0.4,0.3
0.7759,Vol,2.2,-1.1,3.2,0.776,Propulsion,39.1,19.9,19.2,0.776,Vol,1.0,0.4,0.6
0.7799,Vol,-3.9,-1.9,-2.0,0.78,Propulsion,19.3,9.5,9.9,0.78,Vol,1.2,0.5,0.8
0.7839,Vol,-4.3,-0.8,-3.5,0.784,Vol,4.9,2.0,3.0,0.784,Vol,1.2,0.5,0.7
0.7879,Vol,-1.9,0.6,-2.5,0.788,Vol,-2.9,-1.3,-1.6,0.788,Vol,1.0,0.5,0.5
0.7919,Vol,1.4,1.4,-0.1,0.792,Vol,-5.0,-1.7,-3.3,0.792,Vol,0.8,0.4,0.4
0.796,Vol,3.3,1.2,2.1,0.796,Vol,-2.9,-0.8,-2.1,0.796,Vol,0.8,0.4,0.4
0.8,Vol,3.0,0.4,2.6,0.8,Vol,1.0,0.4,0.6,0.8,Vol,0.8,0.4,0.4
0.804,Vol,1.2,-0.1,1.4,0.804,Vol,3.7,1.1,2.6,0.804,Vol,0.8,0.3,0.4
0.808,Vol,-0.2,0.1,-0.3,0.808,Vol,3.4,0.9,2.5,0.808,Vol,0.8,0.3,0.5
0.812,Vol,-0.4,0.5,-0.9,0.812,Vol,1.1,0.3,0.8,0.812,Vol,0.8,0.4,0.4
0.816,Vol,0.4,0.6,-0.2,0.816,Vol,-0.6,0.0,-0.6,0.816,Vol,0.8,0.4,0.4
0.82,Vol,1.2,0.4,0.8,0.82,Vol,-0.5,0.3,-0.8,0.82,Vol,0.8,0.3,0.4
0.824,Vol,1.5,0.1,1.3,0.824,Vol,0.7,0.7,-0.0,0.824,Vol,0.8,0.3,0.5
0.828,Vol,1.2,0.2,1.1,0.828,Vol,1.8,0.8,1.0,0.828,Vol,0.8,0.3,0.5
0.832,Vol,0.7,0.4,0.3,0.832,Vol,1.9,0.5,1.4,0.832,Vol,0.8,0.4,0.5
0.836,Vol,0.3,0.5,-0.2,0.836,Vol,1.1,0.2,0.9,0.836,Vol,0.8,0.4,0.3
0.84,Vol,0.2,0.3,-0.1,0.84,Vol,0.4,0.1,0.3,0.84,Vol,0.7,0.4,0.3
0.844,Vol,0.5,0.1,0.4,0.844,Vol,0.3,0.3,-0.0,0.844,Vol,0.7,0.4,0.3
0.848,Vol,0.8,0.1,0.7,0.848,Vol,0.7,0.5,0.2,0.848,Vol,0.7,0.4,0.4
0.852,Vol,0.9,0.3,0.6,0.852,Vol,1.2,0.5,0.7,0.852,Vol,0.7,0.3,0.4
0.856,Vol,0.6,0.3,0.3,0.856,Vol,1.2,0.4,0.8,0.856,Vol,0.6,0.2,0.4
0.86,Vol,0.4,0.2,0.2,0.86,Vol,0.8,0.3,0.6,0.86,Vol,0.6,0.2,0.4
0.864,Vol,0.4,0.2,0.3,0.864,Vol,0.5,0.3,0.2,0.864,Vol,0.7,0.3,0.4
0.868,Vol,0.7,0.2,0.5,0.868,Vol,0.4,0.4,0.1,0.868,Vol,0.7,0.3,0.4
0.872,Vol,0.8,0.3,0.5,0.872,Vol,0.5,0.4,0.2,0.872,Vol,0.6,0.3,0.3
0.876,Vol,0.8,0.4,0.4,0.8759,Vol,0.7,0.3,0.4,0.876,Vol,0.6,0.3,0.3
0.88,Vol,0.7,0.4,0.3,0.8799,Vol,0.8,0.3,0.5,0.88,Vol,0.5,0.3,0.3
0.884,Vol,0.7,0.4,0.3,0.8839,Vol,0.9,0.4,0.5,0.884,Vol,0.5,0.2,0.2
0.888,Vol,0.7,0.4,0.4,0.8879,Vol,0.8,0.4,0.3,0.888,Vol,0.5,0.2,0.3
0.892,Vol,0.7,0.3,0.4,0.8919,Vol,0.8,0.4,0.3,0.892,Vol,0.6,0.2,0.4
0.896,Vol,0.6,0.2,0.4,0.8959,Vol,0.9,0.4,0.5,0.896,Vol,0.7,0.2,0.4
0.9,Vol,0.4,0.2,0.2,0.8999,Vol,1.2,0.5,0.7,0.9,Vol,0.7,0.4,0.4
0.904,Vol,0.4,0.2,0.2,0.9039,Vol,1.3,0.5,0.7,0.904,Vol,0.7,0.4,0.3
0.908,Vol,0.4,0.2,0.3,0.9079,Vol,1.1,0.6,0.5,0.908,Vol,0.6,0.3,0.3
0.912,Vol,0.5,0.2,0.4,0.9119,Vol,0.8,0.5,0.3,0.912,Vol,0.6,0.3,0.3
0.916,Vol,0.7,0.2,0.5,0.916,Vol,0.7,0.5,0.2,0.916,Vol,0.6,0.3,0.3
0.92,Vol,0.7,0.2,0.5,0.92,Vol,0.8,0.4,0.4,0.92,Vol,0.5,0.2,0.3
0.924,Vol,0.5,0.2,0.3,0.924,Vol,0.7,0.3,0.4,0.924,Vol,0.5,0.2,0.3
0.928,Vol,0.2,0.0,0.2,0.928,Vol,0.6,0.3,0.3,0.928,Vol,0.6,0.2,0.4
0.932,Vol,0.1,-0.0,0.1,0.932,Vol,0.5,0.3,0.2,0.932,Vol,0.7,0.2,0.5
0.936,Vol,0.1,-0.1,0.2,0.936,Vol,0.5,0.3,0.1,0.936,Vol,0.9,0.2,0.6
0.94,Vol,0.3,-0.0,0.3,0.94,Vol,0.5,0.3,0.2,0.94,Vol,0.8,0.2,0.6
0.944,Vol,0.5,0.1,0.4,0.944,Vol,0.5,0.3,0.2,0.944,Vol,0.7,0.2,0.5
0.948,Vol,0.7,0.2,0.5,0.948,Vol,0.5,0.3,0.3,0.948,Vol,0.7,0.3,0.4
0.952,Vol,0.7,0.3,0.4,0.952,Vol,0.6,0.2,0.4,0.952,Vol,0.6,0.3,0.4
0.956,Vol,0.6,0.2,0.3,0.956,Vol,0.6,0.3,0.4,0.956,Vol,0.6,0.2,0.4
0.96,Vol,0.6,0.3,0.3,0.96,Vol,0.4,0.2,0.2,0.96,Vol,0.6,0.2,0.4
0.964,Vol,0.5,0.3,0.2,0.964,Vol,0.2,0.1,0.1,0.964,Vol,0.7,0.2,0.5
0.968,Vol,0.4,0.3,0.2,0.968,Vol,0.2,0.1,0.0,0.968,Vol,0.6,0.1,0.5
0.972,Vol,0.5,0.2,0.2,0.972,Vol,0.2,0.1,0.1,0.972,Vol,0.6,0.1,0.5
0.976,Vol,0.5,0.2,0.3,0.976,Vol,0.2,0.1,0.1,0.976,Vol,0.6,0.1,0.5
0.98,Vol,0.4,0.1,0.3,0.98,Vol,0.1,0.1,0.0,0.98,Vol,0.6,0.1,0.5
0.984,Vol,0.4,0.1,0.3,0.984,Vol,0.2,0.1,0.1,0.984,Vol,0.4,0.1,0.3
0.988,Vol,0.3,0.0,0.3,0.988,Vol,0.4,0.2,0.2,0.988,Vol,0.3,0.2,0.1
0.992,Vol,0.3,0.0,0.3,0.992,Vol,0.6,0.2,0.3,0.992,Vol,0.2,0.2,0.1
0.996,Vol,0.4,0.1,0.3,0.996,Vol,0.7,0.3,0.4,0.996,Vol,0.3,0.1,0.2
1,Vol,0.6,0.2,0.3,1,Vol,0.8,0.4,0.4,1,Vol,0.3,0.0,0.3
1.004,Vol,0.6,0.3,0.4,1.004,Vol,0.7,0.4,0.3,1.004,Vol,0.4,0.0,0.4
1.008,Vol,0.6,0.2,0.4,1.008,Vol,0.6,0.3,0.3,1.008,Vol,0.5,0.1,0.4
1.012,Vol,0.6,0.2,0.4,1.012,Vol,0.5,0.2,0.3,1.012,Vol,0.4,0.1,0.4
1.016,Vol,0.6,0.2,0.4,1.016,Vol,0.4,0.1,0.3,1.016,Vol,0.4,0.1,0.3
1.02,Vol,0.6,0.3,0.3,1.02,Vol,0.2,0.1,0.2,1.02,Vol,0.4,0.2,0.2
1.024,Vol,0.5,0.2,0.3,1.024,Vol,0.2,0.0,0.1,1.024,Vol,0.4,0.2,0.2
1.028,Vol,0.4,0.1,0.3,1.028,Vol,0.3,0.1,0.2,1.028,Vol,0.4,0.1,0.3
1.032,Vol,0.4,0.1,0.4,1.032,Vol,0.5,0.2,0.3,1.032,Vol,0.6,0.2,0.4
1.036,Vol,0.4,0.1,0.4,1.036,Vol,0.5,0.2,0.2,1.036,Vol,0.7,0.2,0.5
1.04,Vol,0.4,0.1,0.3,1.04,Vol,0.4,0.2,0.2,1.04,Vol,0.7,0.2,0.5
1.044,Vol,0.3,0.1,0.2,1.044,Vol,0.4,0.1,0.4,1.044,Vol,0.6,0.2,0.4
1.048,Vol,0.4,0.1,0.3,1.048,Vol,0.5,0.1,0.5,1.048,Vol,0.5,0.2,0.4
1.052,Vol,0.5,0.1,0.4,1.052,Vol,0.6,0.2,0.4,1.052,Vol,0.6,0.1,0.4
1.056,Vol,0.6,0.2,0.4,1.056,Vol,0.5,0.3,0.3,1.056,Vol,0.6,0.1,0.5
1.06,Vol,0.6,0.2,0.4,1.06,Vol,0.4,0.2,0.2,1.06,Vol,0.6,0.2,0.4
1.064,Vol,0.5,0.1,0.4,1.064,Vol,0.3,0.1,0.2,1.064,Vol,0.5,0.2,0.3
1.068,Vol,0.3,-0.0,0.3,1.068,Vol,0.3,0.1,0.3,1.068,Vol,0.5,0.2,0.3
1.072,Vol,0.2,-0.1,0.2,1.072,Vol,0.4,0.2,0.2,1.072,Vol,0.6,0.2,0.3
1.076,Vol,0.2,-0.0,0.2,1.076,Vol,0.5,0.2,0.2,1.076,Vol,0.6,0.2,0.4
1.08,Vol,0.3,0.0,0.3,1.08,Vol,0.4,0.2,0.2,1.08,Vol,0.5,0.1,0.4
1.084,Vol,0.4,0.0,0.3,1.084,Vol,0.3,0.1,0.2,1.084,Vol,0.4,0.1,0.3
1.088,Vol,0.4,0.0,0.4,1.088,Vol,0.4,0.1,0.3,1.088,Vol,0.4,0.1,0.2
1.092,Vol,0.4,0.1,0.4,1.092,Vol,0.5,0.1,0.4,1.092,Vol,0.5,0.2,0.3
1.096,Vol,0.3,0.1,0.3,1.096,Vol,0.6,0.2,0.4,1.096,Vol,0.6,0.3,0.3
1.1,Vol,0.3,0.1,0.2,1.1,Vol,0.5,0.2,0.3,1.1,Vol,0.6,0.2,0.3
1.104,Vol,0.3,0.1,0.2,1.104,Vol,0.4,0.1,0.2,1.104,Vol,0.5,0.2,0.3
1.108,Vol,0.3,0.1,0.2,1.108,Vol,0.4,0.1,0.3,1.108,Vol,0.5,0.3,0.2
1.112,Vol,0.3,0.1,0.2,1.112,Vol,0.5,0.1,0.3,1.112,Vol,0.4,0.2,0.2
1.116,Vol,0.3,0.1,0.2,1.116,Vol,0.5,0.1,0.4,1.116,Vol,0.4,0.1,0.2
1.12,Vol,0.4,0.1,0.3,1.12,Vol,0.5,0.1,0.4,1.12,Vol,0.5,0.2,0.3
1.124,Vol,0.5,0.1,0.4,1.124,Vol,0.5,0.1,0.4,1.124,Vol,0.6,0.3,0.3
1.128,Vol,0.4,0.1,0.3,1.128,Vol,0.5,0.2,0.3,1.128,Vol,0.5,0.3,0.2
1.132,Vol,0.3,0.1,0.2,1.132,Vol,0.5,0.3,0.2,1.132,Vol,0.5,0.3,0.2
1.136,Vol,0.4,0.2,0.2,1.136,Vol,0.5,0.3,0.2,1.136,Vol,0.6,0.3,0.3
1.14,Vol,0.6,0.2,0.4,1.14,Vol,0.5,0.2,0.3,1.14,Vol,0.7,0.2,0.4
1.144,Vol,0.6,0.1,0.4,1.144,Vol,0.5,0.2,0.3,1.144,Vol,0.7,0.3,0.4
1.148,Vol,0.5,0.0,0.4,1.148,Vol,0.4,0.1,0.3,1.148,Vol,0.7,0.3,0.4
1.152,Vol,0.4,0.0,0.3,1.152,Vol,0.4,0.1,0.3,1.152,Vol,0.6,0.3,0.3
1.156,Vol,0.4,0.1,0.3,1.156,Vol,0.4,0.1,0.3,1.156,Vol,0.5,0.3,0.2
1.16,Vol,0.5,0.2,0.3,1.16,Vol,0.4,0.1,0.3,1.16,Vol,0.6,0.2,0.3
1.164,Vol,0.5,0.2,0.3,1.164,Vol,0.4,0.1,0.3,1.164,Vol,0.7,0.2,0.5
1.168,Vol,0.4,0.1,0.3,1.168,Vol,0.4,0.2,0.3,1.168,Vol,0.7,0.2,0.5
1.172,Vol,0.3,-0.0,0.3,1.172,Vol,0.4,0.2,0.2,1.172,Vol,0.6,0.1,0.5
1.176,Vol,0.1,-0.1,0.3,1.176,Vol,0.4,0.2,0.2,1.176,Vol,0.4,0.1,0.4
1.18,Vol,0.2,-0.1,0.3,1.18,Vol,0.5,0.2,0.3,1.18,Vol,0.4,0.1,0.3
1.184,Vol,0.5,0.1,0.4,1.184,Vol,0.7,0.3,0.4,1.184,Vol,0.5,0.2,0.2
1.188,Vol,0.6,0.1,0.4,1.188,Vol,0.7,0.3,0.4,1.188,Vol,0.6,0.3,0.3
1.192,Vol,0.5,0.1,0.3,1.192,Vol,0.7,0.3,0.4,1.192,Vol,0.6,0.3,0.3
1.196,Vol,0.4,0.1,0.3,1.196,Vol,0.7,0.2,0.5,1.196,Vol,0.6,0.3,0.3
1.2,Vol,0.5,0.2,0.3,1.2,Vol,0.5,0.1,0.4,1.2,Vol,0.4,0.2,0.2
1.204,Vol,0.5,0.1,0.3,1.204,Vol,0.3,0.1,0.2,1.204,Vol,0.4,0.2,0.2
1.208,Vol,0.4,0.0,0.4,1.208,Vol,0.2,0.1,0.1,1.208,Vol,0.4,0.1,0.3
1.212,Vol,0.3,-0.1,0.4,1.212,Vol,0.3,0.2,0.1,1.212,Vol,0.5,0.2,0.3
1.216,Vol,0.3,-0.1,0.4,1.216,Vol,0.4,0.2,0.2,1.216,Vol,0.6,0.3,0.3
1.22,Vol,0.4,0.0,0.4,1.22,Vol,0.4,0.1,0.3,1.22,Vol,0.6,0.3,0.3
1.224,Vol,0.3,0.0,0.3,1.224,Vol,0.4,0.1,0.2,1.224,Vol,0.4,0.3,0.2
1.228,Vol,0.2,0.0,0.2,1.228,Vol,0.3,0.1,0.2,1.228,Vol,0.3,0.2,0.1
1.232,Vol,0.2,0.0,0.1,1.232,Vol,0.4,0.1,0.2,1.232,Vol,0.3,0.2,0.1
1.236,Vol,0.3,0.1,0.1,1.236,Vol,0.5,0.2,0.2,1.236,Vol,0.5,0.3,0.3
1.24,Vol,0.4,0.2,0.3,1.24,Vol,0.5,0.2,0.3,1.24,Vol,0.7,0.3,0.5
1.244,Vol,0.5,0.2,0.4,1.244,Vol,0.5,0.1,0.3,1.244,Vol,0.8,0.3,0.6
1.248,Vol,0.5,0.1,0.4,1.248,Vol,0.4,0.1,0.3,1.248,Vol,0.7,0.2,0.5
1.252,Vol,0.4,0.0,0.4,1.252,Vol,0.4,0.1,0.2,1.252,Atterrissage,0.9,0.5,0.4
1.256,Vol,0.4,0.0,0.4,1.256,Vol,0.4,0.2,0.2,1.256,Atterrissage,8.3,7.9,0.4
1.26,Vol,0.4,0.0,0.4,1.26,Vol,0.4,0.2,0.2,1.26,Atterrissage,35.6,29.7,5.9
1.264,Vol,0.4,0.1,0.4,1.264,Vol,0.4,0.2,0.3,1.264,Atterrissage,83.7,58.7,25.0
1.268,Vol,0.5,0.1,0.3,1.268,Vol,0.6,0.3,0.4,1.268,Atterrissage,140.8,87.1,53.7
1.272,Vol,0.5,0.2,0.3,1.272,Vol,0.7,0.3,0.5,1.272,Atterrissage,189.5,107.4,82.1
1.276,Vol,0.5,0.2,0.3,1.276,Vol,0.7,0.2,0.5,1.276,Atterrissage,207.2,105.5,101.7
1.28,Vol,0.4,0.1,0.2,1.28,Vol,0.5,0.1,0.4,1.28,Atterrissage,190.4,87.0,103.4
1.284,Vol,0.3,0.0,0.3,1.284,Vol,0.3,0.1,0.2,1.284,Atterrissage,167.1,77.5,89.6
1.288,Vol,0.4,-0.1,0.4,1.288,Vol,0.3,0.1,0.1,1.288,Atterrissage,167.5,88.7,78.8
1.292,Vol,0.4,-0.0,0.4,1.292,Vol,0.3,0.2,0.1,1.292,Atterrissage,194.9,108.0,86.9
1.296,Vol,0.4,0.0,0.4,1.296,Vol,0.3,0.2,0.1,1.296,Atterrissage,230.7,120.8,109.9
1.3,Vol,0.4,0.1,0.2,1.3,Vol,0.4,0.2,0.1,1.2999,Atterrissage,258.2,126.1,132.1
1.304,Vol,0.3,0.1,0.2,1.304,Vol,0.4,0.2,0.2,1.3039,Atterrissage,272.1,128.1,144.1
1.308,Vol,0.3,0.1,0.1,1.308,Vol,0.4,0.2,0.2,1.3079,Atterrissage,274.2,126.4,147.7
1.312,Vol,0.4,0.2,0.2,1.312,Vol,0.4,0.2,0.2,1.3119,Atterrissage,270.5,121.0,149.5
1.316,Vol,0.4,0.2,0.3,1.316,Vol,0.5,0.3,0.2,1.3159,Atterrissage,268.1,116.9,151.2
1.32,Vol,0.5,0.1,0.3,1.32,Vol,0.6,0.4,0.3,1.3199,Atterrissage,269.2,116.0,153.2
1.324,Vol,0.5,0.1,0.3,1.324,Vol,0.6,0.3,0.3,1.3239,Atterrissage,272.2,114.7,157.5
1.328,Vol,0.5,0.2,0.3,1.328,Vol,0.5,0.2,0.3,1.3279,Atterrissage,276.5,111.7,164.8
1.332,Vol,0.5,0.1,0.4,1.332,Vol,0.4,0.1,0.3,1.3319,Atterrissage,280.4,109.1,171.4
1.336,Atterrissage,0.9,0.0,0.8,1.336,Vol,0.4,0.1,0.3,1.3359,Atterrissage,281.5,108.3,173.2
1.34,Atterrissage,5.5,1.2,4.3,1.34,Vol,0.5,0.1,0.3,1.34,Atterrissage,279.4,109.4,170.0
1.344,Atterrissage,25.1,7.8,17.3,1.344,Vol,0.5,0.1,0.4,1.344,Atterrissage,275.3,111.6,163.7
1.348,Atterrissage,71.7,24.5,47.2,1.348,Vol,0.6,0.2,0.4,1.348,Atterrissage,271.4,115.2,156.2
1.352,Atterrissage,136.9,50.2,86.8,1.352,Vol,0.5,0.1,0.4,1.352,Atterrissage,267.7,119.9,147.8
1.356,Atterrissage,192.9,78.1,114.8,1.356,Vol,0.4,0.1,0.3,1.356,Atterrissage,262.3,123.8,138.4
1.36,Atterrissage,224.1,101.1,123.0,1.36,Vol,0.3,-0.0,0.3,1.36,Atterrissage,255.8,125.7,130.1
1.364,Atterrissage,229.0,112.9,116.1,1.364,Vol,0.3,0.0,0.3,1.364,Atterrissage,249.5,125.8,123.7
1.368,Atterrissage,209.4,107.6,101.8,1.368,Atterrissage,0.8,0.1,0.7,1.368,Atterrissage,242.4,124.6,117.8
1.372,Atterrissage,184.5,89.3,95.2,1.372,Atterrissage,5.0,0.2,4.8,1.372,Atterrissage,234.6,122.4,112.2
1.376,Atterrissage,182.7,76.3,106.5,1.376,Atterrissage,25.1,6.0,19.2,1.376,Atterrissage,227.8,119.4,108.4
1.38,Atterrissage,204.8,78.8,126.0,1.38,Atterrissage,70.4,24.6,45.7,1.38,Atterrissage,222.9,115.5,107.4
1.384,Atterrissage,228.0,87.9,140.1,1.384,Atterrissage,132.2,50.5,81.7,1.384,Atterrissage,220.1,111.8,108.3
1.388,Atterrissage,239.4,92.0,147.4,1.388,Atterrissage,194.5,73.4,121.1,1.388,Atterrissage,218.1,108.0,110.0
1.392,Atterrissage,241.7,90.9,150.8,1.392,Atterrissage,239.3,92.8,146.4,1.392,Atterrissage,215.6,104.0,111.6
1.396,Atterrissage,240.2,90.1,150.1,1.396,Atterrissage,244.4,106.0,138.4,1.396,Atterrissage,213.2,100.3,112.9
1.4,Atterrissage,235.0,90.4,144.6,1.4,Atterrissage,209.5,103.4,106.0,1.4,Atterrissage,211.3,97.6,113.7
1.404,Atterrissage,226.9,89.3,137.7,1.404,Atterrissage,175.4,88.9,86.5,1.404,Atterrissage,209.5,95.4,114.0
1.408,Atterrissage,221.7,87.2,134.5,1.408,Atterrissage,181.1,81.0,100.1,1.408,Atterrissage,208.2,94.2,114.0
1.412,Atterrissage,222.2,86.9,135.3,1.412,Atterrissage,220.3,89.9,130.4,1.412,Atterrissage,207.7,94.0,113.7
1.416,Atterrissage,224.2,88.0,136.2,1.416,Atterrissage,258.2,107.3,150.9,1.416,Atterrissage,207.7,94.7,113.0
1.42,Atterrissage,224.8,89.5,135.3,1.42,Atterrissage,276.9,120.3,156.5,1.42,Atterrissage,207.7,96.0,111.7
1.424,Atterrissage,225.5,91.8,133.7,1.424,Atterrissage,283.6,126.2,157.3,1.424,Atterrissage,207.0,97.3,109.7
1.428,Atterrissage,227.8,94.9,132.9,1.428,Atterrissage,285.5,129.1,156.4,1.428,Atterrissage,205.9,98.4,107.5
1.432,Atterrissage,231.1,98.1,133.0,1.432,Atterrissage,281.5,129.7,151.8,1.432,Atterrissage,204.7,99.3,105.4
1.436,Atterrissage,234.5,101.1,133.4,1.436,Atterrissage,272.0,126.2,145.8,1.436,Atterrissage,203.2,100.1,103.2
1.44,Atterrissage,237.6,104.5,133.1,1.44,Atterrissage,263.8,120.9,142.9,1.44,Atterrissage,201.7,100.5,101.1
1.444,Atterrissage,239.7,108.1,131.6,1.444,Atterrissage,259.9,117.2,142.7,1.444,Atterrissage,200.0,100.5,99.6
1.448,Atterrissage,240.7,111.6,129.1,1.448,Atterrissage,256.0,114.3,141.7,1.448,Atterrissage,197.9,100.0,97.9
1.452,Atterrissage,241.0,114.8,126.2,1.452,Atterrissage,249.1,110.8,138.3,1.452,Atterrissage,195.1,99.2,95.9
1.456,Atterrissage,240.3,117.2,123.1,1.456,Atterrissage,242.4,107.6,134.7,1.456,Atterrissage,192.2,98.0,94.2
1.46,Atterrissage,238.8,118.3,120.5,1.46,Atterrissage,239.0,106.2,132.9,1.46,Atterrissage,189.4,96.2,93.2
1.464,Atterrissage,236.6,118.2,118.4,1.464,Atterrissage,239.5,106.5,133.0,1.464,Atterrissage,187.0,94.4,92.5
1.468,Atterrissage,233.2,117.3,115.9,1.468,Atterrissage,243.2,108.1,135.1,1.468,Atterrissage,184.8,92.8,92.0
1.472,Atterrissage,228.7,116.0,112.7,1.472,Atterrissage,251.1,112.6,138.4,1.472,Atterrissage,182.9,91.4,91.5
1.4759,Atterrissage,223.5,114.1,109.4,1.476,Atterrissage,261.9,120.7,141.1,1.476,Atterrissage,181.2,90.3,91.0
1.4799,Atterrissage,217.8,111.3,106.5,1.48,Atterrissage,270.5,128.5,142.0,1.48,Atterrissage,180.3,89.7,90.7
1.4839,Atterrissage,211.8,108.1,103.7,1.484,Atterrissage,274.2,133.2,141.1,1.484,Atterrissage,180.0,89.4,90.5
1.4879,Atterrissage,205.7,104.5,101.2,1.488,Atterrissage,274.8,135.3,139.4,1.488,Atterrissage,179.8,89.5,90.4
1.4919,Atterrissage,199.2,100.0,99.2,1.492,Atterrissage,273.4,135.6,137.8,1.492,Atterrissage,179.5,89.6,89.9
1.4959,Atterrissage,193.2,95.5,97.7,1.496,Atterrissage,269.8,133.5,136.3,1.496,Atterrissage,179.1,89.9,89.3
1.4999,Atterrissage,188.2,91.2,97.1,1.5,Atterrissage,263.6,129.0,134.5,1.5,Atterrissage,178.7,90.0,88.6
1.5039,Atterrissage,183.8,86.6,97.2,1.504,Atterrissage,255.9,123.9,132.0,1.504,Atterrissage,178.0,90.2,87.8
1.5079,Atterrissage,180.6,82.7,97.8,1.508,Atterrissage,247.6,119.0,128.5,1.508,Atterrissage,177.2,90.4,86.8
1.5119,Atterrissage,178.9,80.2,98.7,1.512,Atterrissage,238.4,113.4,125.0,1.512,Atterrissage,176.4,90.4,86.0
1.516,Atterrissage,178.0,78.3,99.7,1.516,Atterrissage,227.9,106.2,121.7,1.516,Atterrissage,175.5,90.3,85.1
1.52,Atterrissage,177.3,76.7,100.7,1.52,Atterrissage,218.0,99.7,118.3,1.52,Atterrissage,174.3,90.0,84.2
1.524,Atterrissage,177.0,75.3,101.8,1.524,Atterrissage,209.9,94.7,115.2,1.524,Atterrissage,172.9,89.4,83.5
1.528,Atterrissage,176.7,74.0,102.7,1.528,Atterrissage,203.1,90.4,112.7,1.528,Atterrissage,171.2,88.6,82.6
1.532,Atterrissage,175.8,72.4,103.4,1.532,Atterrissage,197.2,87.0,110.2,1.532,Atterrissage,169.2,87.7,81.5
1.536,Atterrissage,174.9,70.9,104.0,1.536,Atterrissage,193.0,84.6,108.4,1.536,Atterrissage,167.0,86.7,80.3
1.54,Atterrissage,174.2,69.8,104.3,1.54,Atterrissage,190.5,82.8,107.7,1.54,Atterrissage,164.6,85.4,79.2
1.544,Atterrissage,173.3,68.9,104.4,1.544,Atterrissage,189.7,81.9,107.8,1.544,Atterrissage,161.9,84.1,77.8
1.548,Atterrissage,172.7,68.1,104.6,1.548,Atterrissage,190.2,81.8,108.4,1.548,Atterrissage,159.3,82.8,76.5
1.552,Atterrissage,172.4,67.6,104.8,1.552,Atterrissage,191.2,82.2,109.0,1.552,Atterrissage,156.4,81.2,75.2
1.556,Atterrissage,172.3,67.4,105.0,1.556,Atterrissage,192.1,82.8,109.3,1.556,Atterrissage,153.2,79.8,73.4
1.56,Atterrissage,172.1,67.4,104.8,1.56,Atterrissage,192.6,83.3,109.3,1.56,Atterrissage,150.1,78.4,71.6
1.564,Atterrissage,171.6,67.3,104.2,1.564,Atterrissage,192.8,83.5,109.3,1.564,Atterrissage,147.1,76.9,70.2
1.568,Atterrissage,170.8,67.3,103.5,1.568,Atterrissage,192.7,83.7,109.0,1.568,Atterrissage,144.0,75.5,68.6
1.572,Atterrissage,169.9,67.3,102.6,1.572,Atterrissage,192.4,83.9,108.5,1.572,Atterrissage,140.7,74.3,66.4
1.576,Atterrissage,168.6,67.1,101.5,1.576,Atterrissage,191.9,83.9,108.0,1.576,Atterrissage,137.3,73.0,64.3
1.58,Atterrissage,167.1,66.8,100.3,1.58,Atterrissage,191.3,83.6,107.6,1.5799,Atterrissage,133.6,71.4,62.2
1.584,Atterrissage,165.8,66.5,99.3,1.584,Atterrissage,190.5,83.2,107.2,1.5839,Atterrissage,129.7,69.8,59.9
1.588,Atterrissage,164.4,66.1,98.3,1.588,Atterrissage,189.6,82.9,106.7,1.5879,Atterrissage,126.0,68.3,57.7
1.592,Atterrissage,162.7,65.7,97.0,1.592,Atterrissage,188.6,82.5,106.1,1.5919,Atterrissage,122.1,66.7,55.4
1.596,Atterrissage,161.1,65.2,96.0,1.5959,Atterrissage,187.4,81.9,105.5,1.5959,Atterrissage,117.9,65.1,52.8
1.6,Atterrissage,160.2,64.7,95.5,1.5999,Atterrissage,186.0,81.2,104.9,1.5999,Atterrissage,113.8,63.6,50.3
1.604,Atterrissage,159.6,64.2,95.4,1.6039,Atterrissage,184.6,80.5,104.1,1.6039,Atterrissage,110.0,61.8,48.2
1.608,Atterrissage,159.1,63.7,95.4,1.6079,Atterrissage,183.2,79.7,103.5,1.6079,Atterrissage,106.0,60.0,46.1
1.612,Atterrissage,158.3,62.9,95.4,1.6119,Atterrissage,181.8,79.0,102.8,1.6119,Atterrissage,101.7,58.4,43.4
1.616,Atterrissage,157.5,62.0,95.4,1.6159,Atterrissage,180.6,78.3,102.3,1.6159,Atterrissage,97.3,56.6,40.7
1.62,Atterrissage,156.6,61.1,95.6,1.6199,Atterrissage,179.4,77.6,101.8,1.62,Atterrissage,92.7,54.4,38.4
1.624,Atterrissage,155.7,59.9,95.8,1.6239,Atterrissage,178.1,77.0,101.1,1.624,Atterrissage,87.9,52.1,35.8
1.628,Atterrissage,154.9,58.7,96.3,1.6279,Atterrissage,176.7,76.5,100.2,1.628,Atterrissage,83.5,50.0,33.5
1.632,Atterrissage,154.4,57.6,96.8,1.6319,Atterrissage,174.9,75.7,99.1,1.632,Atterrissage,79.2,47.7,31.5
1.636,Atterrissage,153.8,56.6,97.2,1.636,Atterrissage,172.5,74.5,97.9,1.636,Atterrissage,75.1,45.7,29.3
1.64,Atterrissage,153.2,55.7,97.5,1.64,Atterrissage,169.7,73.3,96.4,1.64,Atterrissage,71.4,44.0,27.4
1.644,Atterrissage,152.7,55.0,97.7,1.644,Atterrissage,167.1,72.1,94.9,1.644,Atterrissage,67.9,42.1,25.8
1.648,Atterrissage,152.1,54.3,97.9,1.648,Atterrissage,164.8,71.1,93.7,1.648,Atterrissage,64.6,40.3,24.2
1.652,Atterrissage,151.3,53.5,97.8,1.652,Atterrissage,162.5,70.3,92.2,1.652,Atterrissage,61.2,38.8,22.5
1.656,Atterrissage,150.4,52.8,97.6,1.656,Atterrissage,160.2,69.4,90.8,1.656,Atterrissage,57.9,37.1,20.8
1.66,Atterrissage,149.6,52.2,97.4,1.66,Atterrissage,157.8,68.4,89.5,1.66,Atterrissage,54.7,35.3,19.4
1.664,Atterrissage,149.0,51.8,97.2,1.664,Atterrissage,155.4,67.3,88.1,1.664,Atterrissage,51.6,33.6,18.0
1.668,Atterrissage,148.5,51.4,97.1,1.668,Atterrissage,152.8,66.5,86.3,1.668,Atterrissage,48.9,32.1,16.8
1.672,Atterrissage,148.0,51.2,96.8,1.672,Atterrissage,150.1,65.6,84.5,1.672,Atterrissage,46.2,30.5,15.7
1.676,Atterrissage,147.7,51.1,96.6,1.676,Atterrissage,146.9,64.4,82.5,1.676,Atterrissage,43.5,29.0,14.5
1.68,Atterrissage,147.2,50.9,96.3,1.68,Atterrissage,143.3,63.0,80.3,1.68,Atterrissage,41.0,27.6,13.4
1.684,Atterrissage,146.4,50.6,95.8,1.684,Atterrissage,139.8,61.7,78.1,1.684,Atterrissage,38.6,26.1,12.5
1.688,Atterrissage,145.5,50.3,95.2,1.688,Atterrissage,136.4,60.3,76.1,1.688,Atterrissage,36.4,24.6,11.8
1.692,Atterrissage,144.7,50.1,94.6,1.692,Atterrissage,132.8,58.9,73.9,1.692,Atterrissage,34.2,23.3,10.9
1.696,Atterrissage,143.7,49.8,93.9,1.696,Atterrissage,129.2,57.4,71.8,1.696,Atterrissage,32.2,22.0,10.1
1.7,Atterrissage,142.6,49.4,93.2,1.7,Atterrissage,125.4,55.4,69.9,1.7,Atterrissage,30.1,20.6,9.5
1.704,Atterrissage,141.2,48.7,92.5,1.704,Atterrissage,121.3,53.5,67.8,1.704,Atterrissage,28.2,19.4,8.8
1.708,Atterrissage,139.6,48.0,91.6,1.708,Atterrissage,117.0,51.7,65.3,1.708,Atterrissage,26.9,18.6,8.3
1.712,Atterrissage,138.0,47.3,90.7,1.712,Atterrissage,112.6,49.7,62.8,1.712,Atterrissage,26.1,18.0,8.1
1.716,Atterrissage,136.3,46.5,89.8,1.716,Atterrissage,107.6,47.2,60.4,1.716,Atterrissage,25.5,17.5,8.0
1.72,Atterrissage,134.3,45.4,88.9,1.72,Atterrissage,102.4,44.8,57.6,1.72,Atterrissage,25.2,17.3,7.9
1.724,Atterrissage,132.2,44.4,87.7,1.724,Atterrissage,97.6,42.6,55.0,1.724,Atterrissage,25.0,17.3,7.7
1.728,Atterrissage,129.9,43.4,86.5,1.728,Atterrissage,92.8,40.3,52.5,1.728,Atterrissage,24.9,17.4,7.5
1.732,Atterrissage,127.3,42.0,85.3,1.732,Atterrissage,87.7,38.0,49.7,1.732,Atterrissage,24.8,17.6,7.2
1.736,Atterrissage,124.6,40.7,84.0,1.736,Atterrissage,82.8,35.8,47.1,1.736,Atterrissage,24.8,17.8,7.0
1.74,Atterrissage,121.9,39.3,82.6,1.74,Atterrissage,78.2,33.1,45.0,1.74,Atterrissage,24.8,17.9,6.8
1.744,Atterrissage,119.0,37.8,81.2,1.744,Atterrissage,73.6,30.6,43.0,1.744,Atterrissage,24.7,18.0,6.6
1.748,Atterrissage,115.8,36.3,79.5,1.748,Atterrissage,69.0,28.6,40.5,1.748,Atterrissage,24.6,18.1,6.4
1.752,Atterrissage,112.8,34.9,77.9,1.752,Atterrissage,64.6,26.4,38.1,1.752,Atterrissage,24.6,18.3,6.3
1.7559,Atterrissage,109.9,33.5,76.5,1.756,Atterrissage,60.0,23.8,36.2,1.756,Atterrissage,24.6,18.4,6.1
1.7599,Atterrissage,106.9,32.1,74.9,1.76,Atterrissage,55.4,21.2,34.3,1.76,Atterrissage,24.7,18.6,6.1
1.7639,Atterrissage,103.7,30.8,72.9,1.764,Atterrissage,51.3,18.9,32.5,1.764,Atterrissage,25.2,19.0,6.2
1.7679,Atterrissage,100.5,29.5,71.0,1.768,Atterrissage,47.6,16.6,30.9,1.768,Atterrissage,25.9,19.5,6.4
1.7719,Atterrissage,97.1,27.9,69.2,1.772,Atterrissage,44.0,14.5,29.5,1.772,Atterrissage,26.7,19.9,6.8
1.7759,Atterrissage,93.4,26.4,67.0,1.776,Atterrissage,40.9,12.5,28.4,1.776,Atterrissage,27.8,20.6,7.2
1.7799,Atterrissage,89.9,25.0,65.0,1.78,Atterrissage,38.2,10.5,27.7,1.78,Atterrissage,29.1,21.4,7.7
1.7839,Atterrissage,86.8,23.6,63.3,1.784,Atterrissage,36.1,8.9,27.1,1.784,Atterrissage,30.5,22.2,8.3
1.7879,Atterrissage,83.7,22.2,61.5,1.788,Atterrissage,34.6,8.1,26.5,1.788,Atterrissage,32.0,23.2,8.8
1.7919,Atterrissage,80.3,21.0,59.3,1.792,Atterrissage,33.4,7.6,25.8,1.792,Atterrissage,33.8,24.3,9.6
1.796,Atterrissage,76.7,19.6,57.1,1.796,Atterrissage,31.9,6.9,25.0,1.796,Atterrissage,36.1,25.4,10.7
1.8,Atterrissage,73.3,18.4,54.9,1.8,Atterrissage,30.1,6.0,24.1,1.8,Atterrissage,38.4,26.5,11.9
1.804,Atterrissage,70.0,17.4,52.7,1.804,Atterrissage,28.3,5.0,23.3,1.804,Atterrissage,40.7,27.9,12.8
1.808,Atterrissage,67.0,16.4,50.6,1.808,Atterrissage,26.6,3.9,22.7,1.808,Atterrissage,43.0,29.2,13.8
1.812,Atterrissage,63.9,15.2,48.7,1.812,Atterrissage,25.1,2.9,22.2,1.812,Atterrissage,45.4,30.3,15.1
1.816,Atterrissage,60.7,14.0,46.6,1.816,Atterrissage,24.0,2.2,21.8,1.816,Atterrissage,48.1,31.7,16.4
1.82,Atterrissage,57.7,13.1,44.6,1.82,Atterrissage,23.2,1.6,21.6,1.82,Atterrissage,51.1,33.4,17.7
1.824,Atterrissage,54.8,12.2,42.7,1.824,Atterrissage,22.6,1.1,21.6,1.824,Atterrissage,54.4,35.2,19.1
1.828,Atterrissage,51.9,11.4,40.5,1.828,Atterrissage,22.3,0.7,21.6,1.828,Atterrissage,57.7,37.1,20.6
1.832,Atterrissage,49.2,10.7,38.5,1.832,Atterrissage,22.1,0.5,21.7,1.832,Atterrissage,61.5,39.3,22.2
1.836,Atterrissage,47.0,10.0,37.0,1.836,Atterrissage,22.0,0.3,21.7,1.836,Atterrissage,65.4,41.4,24.0
1.84,Atterrissage,44.8,9.3,35.5,1.84,Atterrissage,22.0,0.3,21.7,1.84,Atterrissage,69.1,43.4,25.7
1.844,Atterrissage,42.4,8.7,33.7,1.844,Atterrissage,22.0,0.3,21.8,1.844,Atterrissage,72.9,45.6,27.3
1.848,Atterrissage,40.2,8.2,32.0,1.848,Atterrissage,22.1,0.3,21.8,1.848,Atterrissage,76.6,47.7,29.0
1.852,Atterrissage,38.3,7.8,30.5,1.852,Atterrissage,22.3,0.4,21.9,1.852,Atterrissage,80.4,49.4,31.0
1.856,Atterrissage,36.4,7.4,29.0,1.856,Atterrissage,22.4,0.4,22.0,1.856,Atterrissage,84.4,51.3,33.1
1.86,Atterrissage,34.8,7.0,27.7,1.86,Atterrissage,22.6,0.3,22.2,1.86,Atterrissage,88.7,53.7,35.0
1.864,Atterrissage,33.3,6.7,26.6,1.864,Atterrissage,22.9,0.3,22.6,1.864,Atterrissage,93.0,56.0,37.0
1.868,Atterrissage,31.9,6.5,25.4,1.868,Atterrissage,23.5,0.3,23.2,1.868,Atterrissage,96.9,58.0,38.9
1.872,Atterrissage,30.6,6.3,24.4,1.872,Atterrissage,24.1,0.3,23.8,1.872,Atterrissage,100.8,60.1,40.7
1.876,Atterrissage,29.6,6.1,23.5,1.8759,Atterrissage,24.7,0.2,24.5,1.876,Atterrissage,104.4,61.9,42.4
1.88,Atterrissage,28.7,5.9,22.8,1.8799,Atterrissage,25.6,0.3,25.3,1.88,Atterrissage,107.3,63.4,43.9
1.884,Atterrissage,28.0,5.9,22.1,1.8839,Atterrissage,26.5,0.3,26.2,1.884,Atterrissage,109.8,64.8,45.0
1.888,Atterrissage,27.4,5.9,21.5,1.8879,Atterrissage,27.4,0.3,27.1,1.888,Atterrissage,111.9,65.9,46.0
1.892,Atterrissage,26.9,5.8,21.1,1.8919,Atterrissage,28.7,0.3,28.4,1.892,Atterrissage,113.6,66.7,46.9
1.896,Atterrissage,26.4,5.7,20.7,1.8959,Atterrissage,30.0,0.4,29.6,1.896,Atterrissage,114.8,67.3,47.5
1.9,Atterrissage,25.9,5.6,20.3,1.8999,Atterrissage,31.1,0.4,30.7,1.9,Atterrissage,115.7,67.8,47.9
1.904,Atterrissage,25.7,5.6,20.1,1.9039,Atterrissage,32.2,0.4,31.8,1.904,Atterrissage,116.1,68.2,48.0
1.908,Atterrissage,25.8,5.7,20.1,1.9079,Atterrissage,33.7,0.3,33.4,1.908,Atterrissage,116.1,68.3,47.8
1.912,Atterrissage,26.2,5.8,20.3,1.9119,Atterrissage,35.2,0.3,35.0,1.912,Atterrissage,115.7,68.3,47.4
1.916,Atterrissage,26.6,6.0,20.6,1.916,Atterrissage,37.2,0.5,36.7,1.916,Atterrissage,115.0,68.2,46.7
1.92,Atterrissage,26.9,6.1,20.8,1.92,Atterrissage,40.3,1.4,38.9,1.92,Atterrissage,113.9,68.0,45.9
1.924,Atterrissage,27.4,6.3,21.1,1.924,Atterrissage,45.3,4.1,41.2,1.924,Atterrissage,112.6,67.5,45.1
1.928,Atterrissage,28.1,6.5,21.5,1.928,Atterrissage,52.1,8.6,43.5,1.928,Atterrissage,111.0,66.9,44.1
1.932,Atterrissage,29.0,7.0,22.0,1.932,Atterrissage,59.1,13.0,46.1,1.932,Atterrissage,109.1,66.3,42.8
1.936,Atterrissage,30.0,7.5,22.5,1.936,Atterrissage,65.6,16.9,48.7,1.936,Atterrissage,107.3,65.7,41.6
1.94,Atterrissage,30.8,7.8,23.0,1.94,Atterrissage,72.7,21.5,51.2,1.94,Atterrissage,105.3,65.0,40.3
1.944,Atterrissage,31.7,8.1,23.6,1.944,Atterrissage,80.5,26.4,54.2,1.944,Atterrissage,103.1,64.4,38.7
1.948,Atterrissage,32.6,8.4,24.2,1.948,Atterrissage,88.3,30.6,57.7,1.948,Atterrissage,101.1,63.8,37.3
1.952,Atterrissage,33.6,8.8,24.9,1.952,Atterrissage,95.7,34.6,61.1,1.952,Atterrissage,99.3,63.3,36.1
1.956,Atterrissage,34.8,9.3,25.5,1.956,Atterrissage,102.7,38.9,63.8,1.956,Atterrissage,97.6,62.7,34.9
1.96,Atterrissage,36.2,10.0,26.2,1.96,Atterrissage,109.0,42.6,66.4,1.96,Atterrissage,96.0,62.2,33.8
1.964,Atterrissage,37.7,10.5,27.1,1.964,Atterrissage,113.8,45.4,68.5,1.964,Atterrissage,94.6,61.6,33.0
1.968,Atterrissage,39.2,11.0,28.2,1.968,Atterrissage,117.3,47.4,70.0,1.968,Atterrissage,93.2,61.1,32.1
1.972,Atterrissage,40.8,11.6,29.2,1.972,Atterrissage,119.8,48.8,71.0,1.972,Atterrissage,91.8,60.7,31.0
1.976,Atterrissage,42.6,12.2,30.4,1.976,Atterrissage,121.2,49.7,71.5,1.976,Atterrissage,90.6,60.5,30.1
1.98,Atterrissage,44.3,12.9,31.5,1.98,Atterrissage,122.2,50.5,71.6,1.98,Atterrissage,89.7,60.4,29.3
1.984,Atterrissage,46.2,13.6,32.5,1.984,Atterrissage,122.3,51.0,71.3,1.984,Atterrissage,88.7,60.3,28.4
1.988,Atterrissage,48.3,14.3,34.0,1.988,Atterrissage,121.5,51.3,70.3,1.988,Atterrissage,87.9,60.2,27.8
1.992,Atterrissage,50.5,15.1,35.4,1.992,Atterrissage,120.4,51.4,69.0,1.992,Atterrissage,87.4,60.1,27.3
1.996,Atterrissage,52.5,16.1,36.5,1.996,Atterrissage,119.2,51.5,67.6,1.996,Atterrissage,86.9,60.0,26.9
2,Atterrissage,54.5,17.0,37.5,2,Atterrissage,117.5,51.5,65.9,2,Atterrissage,86.6,59.9,26.6
2.004,Atterrissage,56.7,17.9,38.8,2.004,Atterrissage,115.5,51.3,64.2,2.004,Atterrissage,86.3,59.9,26.4
2.008,Atterrissage,58.9,18.8,40.1,2.008,Atterrissage,113.3,50.7,62.6,2.008,Atterrissage,86.2,59.8,26.4
2.012,Atterrissage,61.2,19.9,41.3,2.012,Atterrissage,111.0,50.0,61.0,2.012,Atterrissage,86.2,59.8,26.3
2.016,Atterrissage,63.8,21.0,42.8,2.016,Atterrissage,108.8,49.3,59.5,2.016,Atterrissage,86.1,59.8,26.3
2.02,Atterrissage,66.3,22.1,44.2,2.02,Atterrissage,106.9,48.5,58.4,2.02,Atterrissage,86.1,59.7,26.4
2.024,Atterrissage,68.8,23.3,45.4,2.024,Atterrissage,105.0,47.7,57.3,2.024,,86.4,59.8,26.6
2.028,Atterrissage,71.4,24.6,46.8,2.028,Atterrissage,103.3,47.0,56.3,2.028,,86.8,59.8,26.9
2.032,Atterrissage,74.1,25.9,48.2,2.032,Atterrissage,101.9,46.5,55.4,2.032,,87.1,59.8,27.3
2.036,Atterrissage,77.1,27.8,49.3,2.036,Atterrissage,100.7,46.0,54.7,2.036,,87.4,59.7,27.6
2.04,Atterrissage,80.2,29.8,50.3,2.04,Atterrissage,99.5,45.5,54.0,2.04,,87.7,59.8,27.9
2.044,Atterrissage,83.3,31.7,51.6,2.044,Atterrissage,98.4,45.1,53.4,2.044,,88.0,59.9,28.1
2.048,Atterrissage,86.5,33.8,52.7,2.048,Atterrissage,97.4,44.6,52.8,2.048,,88.4,60.0,28.4
2.052,Atterrissage,90.3,36.5,53.8,2.052,Atterrissage,96.5,44.1,52.3,2.052,,88.9,60.2,28.8
2.056,Atterrissage,94.5,39.3,55.3,2.056,Atterrissage,95.7,43.8,52.0,2.056,,89.5,60.4,29.1
2.06,Atterrissage,98.9,42.0,56.9,2.06,,94.9,43.2,51.7,2.06,,90.1,60.7,29.4
2.064,Atterrissage,103.7,44.8,58.9,2.064,,94.1,42.7,51.5,2.064,,90.7,60.9,29.9
2.068,Atterrissage,109.0,47.5,61.5,2.068,,93.6,42.3,51.3,2.068,,91.3,61.0,30.3
2.072,Atterrissage,114.0,49.9,64.1,2.072,,93.2,42.0,51.2,2.072,,91.6,61.1,30.6
2.076,Atterrissage,118.6,52.4,66.2,2.076,,92.9,41.7,51.2,2.076,,92.0,61.1,30.8
2.08,Atterrissage,122.8,54.6,68.2,2.08,,92.8,41.5,51.3,2.08,,92.3,61.2,31.0
2.084,Atterrissage,126.6,56.2,70.4,2.084,,92.6,41.2,51.4,2.084,,92.5,61.3,31.3
2.088,Atterrissage,129.9,57.6,72.3,2.088,,92.4,41.0,51.3,2.088,,92.8,61.3,31.5
2.092,Atterrissage,132.7,59.0,73.7,2.092,,92.2,40.9,51.3,2.092,,93.0,61.3,31.7
2.096,Atterrissage,134.6,59.9,74.6,2.096,,92.0,40.8,51.3,2.096,,93.2,61.4,31.8
2.1,Atterrissage,135.4,60.3,75.2,2.1,,91.9,40.6,51.3,2.1,,93.3,61.4,31.9
2.104,Atterrissage,135.3,60.1,75.2,2.104,,91.7,40.4,51.4,2.104,,93.2,61.3,31.9
2.108,Atterrissage,134.5,59.7,74.8,2.108,,91.6,40.2,51.4,2.108,,93.0,61.2,31.8
2.112,Atterrissage,133.1,58.9,74.1,2.112,,91.5,40.1,51.3,2.112,,92.9,61.1,31.8
2.116,Atterrissage,131.2,57.9,73.3,2.116,,91.2,40.0,51.2,2.116,,92.9,61.0,32.0
2.12,Atterrissage,128.9,56.7,72.1,2.12,,90.9,39.8,51.0,2.12,,92.9,60.9,32.0
2.124,Atterrissage,126.3,55.7,70.7,2.124,,90.5,39.7,50.8,2.124,,92.7,60.9,31.8
2.128,Atterrissage,123.6,54.5,69.1,2.128,,90.1,39.5,50.6,2.128,,92.5,60.9,31.6
2.132,Atterrissage,120.5,53.1,67.4,2.132,,89.7,39.3,50.4,2.132,,92.4,60.9,31.5
2.136,Atterrissage,116.9,51.7,65.3,2.136,,89.4,39.2,50.2,2.136,,92.3,61.0,31.4
2.14,Atterrissage,113.5,50.4,63.1,2.14,,89.2,39.3,50.0,2.14,,92.2,61.0,31.2
2.144,Atterrissage,110.2,49.0,61.1,2.144,,89.0,39.3,49.8,2.144,,92.1,61.0,31.1
2.148,Atterrissage,106.9,47.9,59.0,2.148,,88.8,39.2,49.6,2.148,,91.9,61.0,30.9
2.152,Atterrissage,103.9,46.9,57.0,2.152,,88.6,39.0,49.6,2.152,,91.8,61.1,30.7
2.156,Atterrissage,101.2,45.8,55.4,2.156,,88.5,39.0,49.5,2.156,,91.7,61.2,30.5
2.16,Atterrissage,98.7,44.9,53.8,2.16,,88.4,39.1,49.3,2.16,,91.6,61.2,30.4
2.164,Atterrissage,96.2,44.3,51.9,2.164,,88.3,39.2,49.1,2.164,,91.4,61.2,30.2
2.168,Atterrissage,94.0,43.7,50.3,2.168,,88.1,39.2,48.9,2.168,,91.2,61.3,29.9
2.172,Atterrissage,91.9,43.0,48.9,2.172,,88.2,39.4,48.7,2.172,,91.1,61.4,29.7
2.176,Atterrissage,89.8,42.3,47.5,2.176,,88.3,39.7,48.6,2.176,,91.1,61.5,29.7
2.18,Atterrissage,87.9,41.7,46.2,2.18,,88.4,39.8,48.5,2.18,,91.1,61.5,29.6
2.184,Atterrissage,86.3,41.1,45.2,2.184,,88.5,39.9,48.5,2.184,,90.9,61.5,29.4
2.188,Atterrissage,84.9,40.7,44.2,2.188,,88.6,40.1,48.5,2.188,,90.7,61.5,29.2
2.192,Atterrissage,83.8,40.3,43.5,2.192,,88.6,40.3,48.3,2.192,,90.5,61.4,29.1
2.196,Atterrissage,83.1,39.9,43.1,2.196,,88.6,40.5,48.1,2.196,,90.3,61.2,29.1
2.2,Atterrissage,82.4,39.7,42.8,2.2,,88.6,40.6,48.0,2.2,,90.1,61.1,29.1
2.204,Atterrissage,81.8,39.5,42.3,2.204,,88.7,40.7,48.0,2.204,,89.8,60.8,29.0
2.208,Atterrissage,81.4,39.4,42.0,2.208,,88.9,41.0,47.9,2.208,,89.5,60.5,29.0
2.212,Atterrissage,81.1,39.2,41.9,2.212,,89.1,41.3,47.8,2.212,,89.2,60.2,29.0
2.216,Atterrissage,80.9,39.2,41.7,2.216,,89.3,41.5,47.7,2.216,,89.0,59.9,29.1
2.22,Atterrissage,80.9,39.3,41.6,2.22,,89.5,41.8,47.7,2.22,,88.8,59.7,29.2
2.224,Atterrissage,80.8,39.4,41.4,2.224,,89.6,42.0,47.6,2.224,,88.7,59.4,29.3
2.228,Atterrissage,80.6,39.4,41.2,2.228,,89.8,42.1,47.6,2.228,,88.7,59.3,29.4
2.232,Atterrissage,80.6,39.5,41.1,2.232,,89.9,42.4,47.5,2.232,,88.6,59.1,29.5
2.236,Atterrissage,80.8,39.7,41.1,2.236,,89.9,42.6,47.4,2.236,,88.7,58.9,29.7
2.24,Atterrissage,81.0,39.9,41.0,2.24,,89.9,42.7,47.2,2.24,,88.8,58.8,30.0
2.244,Atterrissage,81.1,40.1,41.0,2.244,,90.0,42.9,47.0,2.244,,89.0,58.8,30.2
2.248,Atterrissage,81.3,40.4,40.9,2.248,,90.1,43.2,46.9,2.248,,89.4,58.7,30.6
2.252,Atterrissage,81.6,40.6,40.9,2.252,,90.2,43.4,46.8,2.252,,89.6,58.6,31.0
2.256,Atterrissage,81.9,40.9,41.0,2.256,,90.2,43.6,46.6,2.256,,89.7,58.4,31.3
2.26,Atterrissage,82.3,41.2,41.2,2.26,,90.3,43.9,46.4,2.26,,89.8,58.2,31.6
2.264,Atterrissage,82.7,41.4,41.3,2.264,,90.2,44.1,46.1,2.264,,89.9,58.0,31.9
2.268,Atterrissage,83.1,41.7,41.4,2.268,,90.2,44.4,45.8,2.268,,90.1,57.9,32.3
2.272,Atterrissage,83.6,42.0,41.5,2.272,,90.3,44.7,45.7,2.272,,90.4,57.7,32.7
2.276,Atterrissage,84.2,42.5,41.8,2.276,,90.6,44.9,45.7,2.276,,90.7,57.6,33.1
2.28,Atterrissage,84.8,42.8,42.0,2.28,,90.7,45.1,45.6,2.28,,91.0,57.5,33.5
2.284,Atterrissage,85.2,43.1,42.1,2.284,,90.7,45.1,45.6,2.284,,91.3,57.5,33.7
2.288,Atterrissage,85.5,43.4,42.1,2.288,,90.6,45.1,45.5,2.288,,91.5,57.5,34.0
2.292,Atterrissage,86.0,43.8,42.2,2.292,,90.4,45.1,45.3,2.292,,91.7,57.5,34.2
2.296,Atterrissage,86.7,44.2,42.4,2.296,,90.5,45.3,45.2,2.296,,92.0,57.5,34.5
2.3,Atterrissage,87.3,44.6,42.7,2.3,,90.6,45.5,45.2,2.2999,,92.3,57.6,34.7
2.304,Atterrissage,87.8,44.9,42.9,2.304,,90.8,45.7,45.1,2.3039,,92.5,57.6,34.9
2.308,Atterrissage,88.3,45.2,43.1,2.308,,90.8,45.9,45.0,2.3079,,92.7,57.6,35.1
2.312,Atterrissage,88.8,45.6,43.2,2.312,,90.8,46.1,44.7,2.3119,,93.0,57.8,35.2
2.316,Atterrissage,89.3,46.0,43.4,2.316,,90.8,46.3,44.5,2.3159,,93.4,57.9,35.4
2.32,Atterrissage,89.9,46.3,43.6,2.32,,90.9,46.5,44.4,2.3199,,93.7,58.1,35.6
2.324,Atterrissage,90.4,46.6,43.9,2.324,,91.0,46.7,44.3,2.3239,,93.8,58.1,35.7
2.328,Atterrissage,91.0,46.9,44.2,2.328,,91.2,47.0,44.2,2.3279,,93.8,58.1,35.7
2.332,Atterrissage,91.7,47.3,44.4,2.332,,91.2,47.1,44.0,2.3319,,93.8,58.1,35.7
2.336,Atterrissage,92.4,47.7,44.7,2.336,,91.1,47.2,43.8,2.3359,,93.8,58.0,35.8
2.34,Atterrissage,93.1,48.1,45.0,2.34,,91.0,47.3,43.6,2.34,,93.9,58.1,35.8
2.344,Atterrissage,93.8,48.5,45.3,2.344,,91.0,47.5,43.4,2.344,,93.9,58.2,35.7
2.348,Atterrissage,94.5,48.9,45.6,2.348,,91.0,47.8,43.2,2.348,,93.9,58.3,35.5
2.352,Atterrissage,95.1,49.3,45.8,2.352,,90.9,47.9,43.0,2.352,,93.9,58.5,35.4
2.356,Atterrissage,95.7,49.7,46.0,2.356,,90.9,48.1,42.8,2.356,,93.9,58.7,35.2
2.36,Atterrissage,96.1,50.0,46.1,2.36,,90.9,48.3,42.6,2.36,,94.0,58.9,35.1
2.364,Atterrissage,96.4,50.1,46.3,2.364,,90.9,48.5,42.4,2.364,,94.3,59.5,34.9
2.368,Atterrissage,96.5,50.2,46.4,2.368,,91.0,48.7,42.3,2.368,,94.5,60.0,34.4
2.372,Atterrissage,96.7,50.2,46.4,2.372,,90.9,48.8,42.1,2.372,,94.6,60.6,34.0
2.376,Atterrissage,96.8,50.2,46.6,2.376,,90.7,48.9,41.8,2.376,,94.9,61.3,33.6
2.38,Atterrissage,96.7,50.1,46.7,2.38,,90.6,48.9,41.6,2.38,,95.1,62.0,33.1
2.384,Atterrissage,96.5,49.9,46.6,2.384,,90.3,49.0,41.3,2.384,,94.9,62.5,32.4
2.388,Atterrissage,96.1,49.7,46.5,2.388,,90.1,49.1,41.1,2.388,,94.7,63.0,31.7
2.392,Atterrissage,95.7,49.4,46.3,2.392,,90.1,49.2,40.9,2.392,,94.7,63.7,31.0
2.396,Atterrissage,95.3,49.1,46.1,2.396,,90.1,49.4,40.8,2.396,,94.7,64.4,30.3
2.4,Atterrissage,94.8,48.8,46.0,2.4,,90.1,49.6,40.5,2.4,,94.8,65.1,29.7
2.404,Atterrissage,94.5,48.6,45.9,2.404,,90.1,49.8,40.3,2.404,,94.7,65.8,29.0
2.408,Atterrissage,94.2,48.4,45.7,2.408,,90.1,50.0,40.1,2.408,,94.3,66.4,27.9
2.412,Atterrissage,93.8,48.2,45.6,2.412,,90.2,50.2,40.0,2.412,,93.9,67.0,26.8
2.416,Atterrissage,93.4,48.0,45.4,2.416,,90.4,50.5,39.9,2.416,,93.6,67.7,25.9
2.42,Atterrissage,93.1,47.9,45.2,2.42,,90.6,50.7,39.9,2.42,,93.3,68.3,25.0
2.424,Atterrissage,92.8,47.7,45.0,2.424,,90.7,51.0,39.7,2.424,,92.7,68.9,23.9
2.428,Atterrissage,92.6,47.6,45.0,2.428,,90.8,51.2,39.6,2.428,,92.2,69.5,22.7
2.432,Atterrissage,92.3,47.5,44.8,2.432,,91.2,51.5,39.6,2.432,,91.9,70.4,21.5
2.436,Atterrissage,92.0,47.3,44.7,2.436,,91.5,51.8,39.7,2.436,,91.2,71.2,20.0
2.44,Atterrissage,91.6,47.0,44.6,2.44,,91.6,52.0,39.6,2.44,,90.7,72.0,18.6
2.444,Atterrissage,91.3,46.8,44.4,2.444,,91.8,52.3,39.5,2.444,,90.2,73.0,17.2
2.448,Atterrissage,91.0,46.7,44.3,2.448,,92.0,52.5,39.6,2.448,,89.6,73.9,15.7
2.452,Atterrissage,90.7,46.6,44.1,2.452,,92.3,52.7,39.6,2.452,,89.2,74.9,14.3
2.456,Atterrissage,90.5,46.6,43.9,2.456,,92.5,52.9,39.7,2.456,,89.2,76.0,13.2
2.46,Atterrissage,90.3,46.5,43.7,2.46,,92.7,53.1,39.6,2.46,,89.2,77.1,12.1
2.464,Atterrissage,90.0,46.4,43.6,2.464,,92.9,53.3,39.7,2.464,,88.7,78.1,10.7
2.468,Atterrissage,89.9,46.4,43.5,2.468,,93.1,53.4,39.7,2.468,,88.4,79.1,9.3
2.472,Atterrissage,89.8,46.4,43.4,2.472,,93.3,53.5,39.8,2.472,,88.5,80.4,8.1
2.4759,Atterrissage,89.6,46.4,43.3,2.476,,93.3,53.6,39.8,2.476,,88.5,81.8,6.7
2.4799,Atterrissage,89.3,46.3,43.1,2.48,,93.3,53.6,39.7,2.48,,88.6,83.1,5.5
2.4839,Atterrissage,89.0,46.1,42.9,2.484,,93.3,53.6,39.7,2.484,,88.9,84.4,4.5
2.4879,Atterrissage,88.8,46.0,42.7,2.488,,93.3,53.6,39.7,2.488,,89.2,85.6,3.5
2.4919,Atterrissage,88.8,46.2,42.6,2.492,,93.2,53.5,39.7,2.492,,89.5,86.8,2.7
2.4959,Atterrissage,88.8,46.3,42.5,2.496,,93.1,53.5,39.6,2.496,,90.1,88.0,2.0
2.4999,Atterrissage,88.8,46.3,42.5,2.5,,93.0,53.5,39.5,2.5,,90.6,89.1,1.4
2.5039,Atterrissage,88.9,46.4,42.5,2.504,,92.9,53.4,39.5,2.504,,90.8,89.9,0.8
2.5079,Atterrissage,89.2,46.6,42.6,2.508,,92.9,53.3,39.6,2.508,,91.1,90.7,0.4
2.5119,Atterrissage,89.5,46.9,42.7,2.512,,92.8,53.2,39.6,2.512,,91.7,91.6,0.1
2.516,Atterrissage,90.0,47.1,42.9,2.516,,92.7,53.2,39.6,2.516,,92.5,92.4,0.1
2.52,Atterrissage,90.3,47.3,43.0,2.52,,92.7,53.2,39.5,2.52,,93.3,93.0,0.2
2.524,Atterrissage,90.5,47.4,43.1,2.524,,92.6,53.2,39.4,2.524,,94.0,93.6,0.4
2.528,Atterrissage,90.8,47.6,43.1,2.528,,92.3,53.0,39.3,2.528,,94.6,94.1,0.5
2.532,Atterrissage,91.1,47.9,43.2,2.532,,92.1,52.9,39.2,2.532,,94.9,94.5,0.4
2.536,Atterrissage,91.4,48.0,43.3,2.536,,92.0,52.8,39.2,2.536,,95.0,94.7,0.3
2.54,Atterrissage,91.6,48.2,43.5,2.54,,92.0,52.8,39.3,2.54,,95.1,94.8,0.3
2.544,Atterrissage,91.9,48.3,43.6,2.544,,92.1,52.7,39.4,2.544,,95.3,95.0,0.3
2.548,Atterrissage,92.0,48.3,43.7,2.548,,92.1,52.6,39.5,2.548,,95.4,95.0,0.4
2.552,Atterrissage,92.0,48.4,43.7,2.552,,91.9,52.5,39.5,2.552,,95.3,94.8,0.5
2.556,Atterrissage,92.1,48.4,43.7,2.556,,91.9,52.4,39.5,2.556,,95.2,94.7,0.6
2.56,Atterrissage,92.2,48.4,43.8,2.56,,91.9,52.3,39.6,2.56,,94.9,94.5,0.4
2.564,Atterrissage,92.4,48.4,44.0,2.564,,92.1,52.3,39.8,2.564,,94.4,94.1,0.3
2.568,Atterrissage,92.6,48.4,44.2,2.568,,92.3,52.2,40.0,2.568,,94.0,93.8,0.2
2.572,Atterrissage,92.6,48.3,44.3,2.572,,92.5,52.2,40.3,2.572,,93.9,93.6,0.3
2.576,Atterrissage,92.6,48.3,44.3,2.576,,92.8,52.2,40.5,2.576,,93.9,93.5,0.4
2.58,Atterrissage,92.5,48.2,44.3,2.58,,92.9,52.2,40.6,2.5799,,93.6,93.3,0.4
2.584,Atterrissage,92.4,48.1,44.2,2.584,,92.9,52.2,40.7,2.5839,,93.3,92.9,0.4
2.588,Atterrissage,92.4,48.1,44.3,2.588,,93.0,52.2,40.8,2.5879,,92.9,92.5,0.4
2.592,Atterrissage,92.5,48.0,44.5,2.592,,93.0,52.2,40.8,2.5919,,92.5,92.2,0.3
2.596,Atterrissage,92.5,47.9,44.6,2.5959,,92.7,52.1,40.6,2.5959,,92.1,91.9,0.2
2.6,Atterrissage,92.4,47.8,44.6,2.5999,,92.3,52.0,40.2,2.5999,,91.7,91.5,0.2
2.604,Atterrissage,92.2,47.6,44.6,2.6039,,91.8,52.0,39.8,2.6039,,91.3,91.1,0.2
2.608,Atterrissage,92.2,47.5,44.7,2.6079,,91.4,52.0,39.4,2.6079,,91.0,90.6,0.3
2.612,Atterrissage,92.3,47.5,44.8,2.6119,,91.1,51.9,39.2,2.6119,,90.6,90.2,0.3
2.616,Atterrissage,92.3,47.5,44.9,2.6159,,90.9,51.9,39.1,2.6159,,90.2,89.8,0.4
2.62,Atterrissage,92.3,47.5,44.8,2.6199,,90.8,51.8,39.0,2.62,,89.9,89.5,0.4
2.624,Atterrissage,92.2,47.4,44.8,2.6239,,90.7,51.8,38.9,2.624,,89.5,89.2,0.4
2.628,Atterrissage,92.1,47.4,44.7,2.6279,,90.7,51.8,38.8,2.628,,89.0,88.7,0.3
2.632,Atterrissage,92.1,47.4,44.7,2.6319,,90.8,52.0,38.8,2.632,,88.6,88.3,0.3
2.636,Atterrissage,92.2,47.4,44.7,2.636,,90.8,52.1,38.8,2.636,,88.2,87.8,0.4
2.64,Atterrissage,92.3,47.5,44.8,2.64,,90.8,52.2,38.6,2.64,,87.9,87.4,0.4
2.644,Atterrissage,92.4,47.5,44.9,2.644,,90.7,52.3,38.4,2.644,,87.5,87.0,0.4
2.648,Atterrissage,92.5,47.6,44.9,2.648,,90.8,52.6,38.2,2.648,,87.0,86.7,0.3
2.652,Atterrissage,92.5,47.7,44.8,2.652,,91.0,52.9,38.1,2.652,,86.6,86.4,0.2
2.656,Atterrissage,92.4,47.7,44.7,2.656,,91.2,53.1,38.1,2.656,,86.2,86.0,0.2
2.66,Atterrissage,92.2,47.7,44.6,2.66,,91.2,53.2,38.0,2.66,,85.9,85.6,0.3
2.664,Atterrissage,92.0,47.6,44.4,2.664,,91.2,53.3,37.9,2.664,,85.6,85.3,0.3
2.668,Atterrissage,91.9,47.5,44.4,2.668,,91.2,53.4,37.8,2.668,,85.3,85.0,0.3
2.672,Atterrissage,92.0,47.6,44.4,2.672,,91.3,53.5,37.8,2.672,,84.8,84.5,0.3
2.676,Atterrissage,92.0,47.5,44.5,2.676,,91.4,53.5,37.9,2.676,,84.3,84.0,0.3
2.68,Atterrissage,91.9,47.5,44.4,2.68,,91.6,53.6,38.0,2.68,,84.0,83.6,0.3
2.684,Atterrissage,91.8,47.5,44.3,2.684,,91.5,53.5,38.0,2.684,,83.7,83.3,0.3
2.688,Atterrissage,91.7,47.6,44.1,2.688,,91.4,53.5,37.8,2.688,,83.3,83.1,0.2
2.692,Atterrissage,91.4,47.5,43.9,2.692,,91.1,53.5,37.7,2.692,,82.9,82.8,0.1
2.696,Atterrissage,91.2,47.4,43.7,2.696,,91.1,53.5,37.6,2.696,,82.7,82.4,0.2
2.7,Atterrissage,91.0,47.4,43.6,2.7,,91.1,53.6,37.6,2.7,,82.6,82.1,0.4
2.704,Atterrissage,91.0,47.5,43.5,2.704,,91.2,53.6,37.6,2.704,,82.4,81.9,0.5
2.708,Atterrissage,90.9,47.5,43.4,2.708,,91.1,53.6,37.6,2.708,,82.1,81.6,0.4
2.712,Atterrissage,90.9,47.5,43.4,2.712,,91.1,53.6,37.5,2.712,,81.8,81.4,0.4
2.716,Atterrissage,90.8,47.4,43.4,2.716,,91.1,53.6,37.5,2.716,,81.5,81.2,0.3
2.72,Atterrissage,90.8,47.4,43.4,2.72,,91.2,53.7,37.5,2.72,,81.4,81.1,0.3
2.724,Atterrissage,90.7,47.4,43.4,2.724,,91.3,53.8,37.5,2.724,,81.2,80.9,0.3
2.728,Atterrissage,90.7,47.4,43.3,2.728,,91.4,54.0,37.5,2.728,,81.0,80.8,0.3
2.732,Atterrissage,90.6,47.5,43.1,2.732,,91.4,54.0,37.4,2.732,,80.9,80.6,0.3
2.736,Atterrissage,90.6,47.5,43.1,2.736,,91.4,54.1,37.3,2.736,,80.7,80.4,0.3
2.74,Atterrissage,90.6,47.4,43.1,2.74,,91.6,54.2,37.4,2.74,,80.9,80.2,0.7
2.744,Atterrissage,90.6,47.4,43.3,2.744,,91.9,54.3,37.6,2.744,,82.3,80.0,2.3
2.748,Atterrissage,90.7,47.3,43.4,2.748,,92.1,54.4,37.7,2.748,,85.4,79.9,5.6
2.752,Atterrissage,90.8,47.3,43.5,2.752,,92.3,54.6,37.7,2.752,,88.8,79.8,9.0
2.7559,Atterrissage,90.9,47.3,43.6,2.756,,92.4,54.7,37.7,2.756,,90.1,79.7,10.4
2.7599,Atterrissage,91.0,47.3,43.7,2.76,,92.4,54.8,37.7,2.76,,90.0,79.5,10.5
2.7639,Atterrissage,91.1,47.4,43.8,2.764,,92.5,54.8,37.7,2.764,,91.2,79.2,12.0
2.7679,Atterrissage,91.2,47.4,43.8,2.768,,92.6,54.9,37.8,2.768,,94.6,79.0,15.6
2.7719,Atterrissage,91.2,47.3,43.8,2.772,,92.7,55.0,37.7,,,,,
2.7759,Atterrissage,91.2,47.4,43.9,2.776,,92.8,55.1,37.7,,,,,
2.7799,Atterrissage,91.3,47.4,43.9,2.78,,92.8,55.1,37.7,,,,,
2.7839,Atterrissage,91.4,47.5,43.9,2.784,,92.8,55.1,37.7,,,,,
2.7879,Atterrissage,91.6,47.5,44.0,2.788,,92.7,55.1,37.7,,,,,
2.7919,Atterrissage,91.7,47.5,44.2,2.792,,92.5,54.9,37.6,,,,,
2.796,Atterrissage,91.8,47.6,44.2,2.796,,92.3,54.8,37.5,,,,,
2.8,Atterrissage,91.9,47.6,44.2,2.8,,92.2,54.8,37.5,,,,,
2.804,Atterrissage,91.9,47.6,44.3,2.804,,92.2,54.7,37.5,,,,,
2.808,Atterrissage,91.9,47.6,44.4,2.808,,92.2,54.6,37.6,,,,,
2.812,Atterrissage,92.0,47.6,44.4,2.812,,92.1,54.5,37.6,,,,,
2.816,Atterrissage,92.1,47.7,44.4,2.816,,92.0,54.4,37.5,,,,,
2.82,Atterrissage,92.1,47.7,44.4,2.82,,91.9,54.4,37.5,,,,,
2.824,Atterrissage,92.0,47.6,44.4,2.824,,91.9,54.3,37.6,,,,,
2.828,Atterrissage,92.0,47.6,44.4,2.828,,91.9,54.3,37.6,,,,,
2.832,Atterrissage,92.0,47.6,44.4,2.832,,91.7,54.2,37.5,,,,,
2.836,Atterrissage,92.1,47.6,44.4,2.836,,91.5,54.1,37.4,,,,,
2.84,Atterrissage,92.1,47.6,44.5,2.84,,91.4,54.1,37.4,,,,,
2.844,Atterrissage,92.1,47.7,44.4,2.844,,91.5,54.1,37.4,,,,,
2.848,Atterrissage,92.1,47.7,44.4,2.848,,91.6,54.3,37.4,,,,,
2.852,,92.2,47.7,44.5,2.852,,91.8,54.3,37.4,,,,,
,,,,,2.856,,91.7,54.3,37.4,,,,,
,,,,,2.86,,91.6,54.2,37.3,,,,,
,,,,,2.864,,91.5,54.2,37.3,,,,,
,,,,,2.868,,91.5,54.3,37.2,,,,,
,,,,,2.872,,91.5,54.3,37.2,,,,,
,,,,,2.8759,,91.5,54.3,37.2,,,,,
,,,,,2.8799,,91.5,54.3,37.2,,,,,
,,,,,2.8839,,91.5,54.3,37.2,,,,,

Données brutes du canal

Répétition:,1
,K-Delta Left,,,,,K-Delta Right,,,
temps (seconde),CHANNEL_1,CHANNEL_2,CHANNEL_3,CHANNEL_4,,CHANNEL_1,CHANNEL_2,CHANNEL_3,CHANNEL_4
0,15.909899711608887,12.620900154113770,10.157199859619141,9.343050003051758,,6.616549968719482,14.335849761962891,8.518650054931641,9.711899757385254,
0.004,15.693699836730957,12.604499816894531,10.121399879455566,9.278349876403809,,6.454750061035156,14.054750442504883,8.523750305175781,9.564000129699707,
0.008,15.605894472230640,12.529198565684595,10.106001402117027,9.282162477396282,,6.437896068448335,14.011340636802220,8.534586599589355,9.553201807379260,
0.012,15.387841286491966,12.316989224833927,10.072522590444462,9.294274664288341,,6.413397116018639,13.920904060002115,8.559742611938653,9.542284892423076,
0.016,15.100592753494896,12.063307697535116,10.039542087390952,9.266072439373836,,6.303014814206898,13.726635834866347,8.515171287278623,9.476320065205190,
0.02,14.835149417832199,11.860917249390265,10.023398742757848,9.184827681445196,,6.074453687649047,13.460848308166998,8.330057281851426,9.340046324851748,
0.024,14.541900096731709,11.681386871538006,10.013627872750103,9.094334866676894,,5.819668840820722,13.191235571581590,8.095423714954835,9.198979098215016,
0.028,14.196691304593941,11.490792307432425,10.008819834056824,9.011009820538256,,5.595551152719573,12.899590827594793,7.901363027884682,9.087836011516575,
0.032,13.883449533348614,11.323175213233302,10.014217943157560,8.915936743591971,,5.389113085333213,12.578099631009076,7.741052724724788,8.963553334101196,
0.036,13.568957592735080,11.161605782039063,10.001167735726280,8.803267751415218,,5.216265381823634,12.292704535320095,7.597043232576352,8.816857103815817,
0.04,13.202254936678125,10.956692982166084,9.957832272091416,8.692034494938714,,5.062755888380453,12.013998211070023,7.455475788108643,8.660305204778480,
0.044,12.885170612169286,10.744691051508067,9.907427949856899,8.618995492293823,,4.898087377919277,11.703440409193135,7.291943908582526,8.503397763631202,
0.048,12.656302622585203,10.569574580006767,9.859793841252223,8.577315463493886,,4.767513714740104,11.438132140393957,7.103596520027061,8.376750466598470,
0.052,12.452026145447666,10.437259259197688,9.814062790497173,8.529539560507319,,4.686553678499703,11.240961225866439,6.929532337660307,8.240714303642466,
0.056,12.245728346112655,10.322152636633115,9.757473061546914,8.471431339336235,,4.576129409453834,11.020937020008464,6.779057550249559,8.062029514980352,
0.06,12.067243478373474,10.210984931789756,9.691724622042127,8.403890694521348,,4.398144065408671,10.741455145603320,6.630797340150045,7.889006157534977,
0.064,11.929503961994413,10.087643222088367,9.646852828776174,8.321144858802313,,4.208913695322569,10.506116417618093,6.500769596788623,7.735804614093760,
0.068,11.785335743328369,9.939801473033725,9.613825132362555,8.234843832877196,,4.054826166023262,10.329479652134438,6.359436676700426,7.587306658312079,
0.072,11.608212298746444,9.812265611605740,9.548669267215297,8.165727173575329,,3.926317681634758,10.131909995520898,6.176265366884974,7.439798277633694,
0.076,11.396074174501123,9.680809143631533,9.409810674565744,8.081711956600946,,3.814924825099919,9.945703826561434,6.009030412903283,7.295884334380879,
0.08,11.144963654811164,9.489715377665846,9.197397172685179,7.936747363572008,,3.709707490997820,9.749833926323149,5.877035326310068,7.155763671622793,
0.084,10.917834348754848,9.289999162917283,8.984439252470509,7.757344354878977,,3.583960836844995,9.513752974307325,5.751041487124064,7.019943492736004,
0.088,10.735028830083223,9.119320074368336,8.803932479901286,7.570852112022767,,3.451894002829786,9.328194478975037,5.624785453567337,6.904329445666496,
0.092,10.502856219056209,8.941191521320485,8.641315544837465,7.385747457420860,,3.370927342754205,9.210836063554584,5.493334879071272,6.813496408292131,
0.096,10.221218503525243,8.750037680149545,8.515569675234872,7.237877548122460,,3.322743011969746,9.068200672996017,5.351939823660041,6.719287491298394,
0.1,10.002400163585879,8.585425749503095,8.426540565060311,7.145809673485652,,3.237185512060662,8.854984797626084,5.223701862410532,6.615152783874843,
0.104,9.851225958295689,8.444548265235280,8.334188352899909,7.076375420649893,,3.135250470785638,8.672692399691927,5.133438733429125,6.521872911883626,
0.108,9.678472997568395,8.288794762163693,8.228917047394496,6.986628053782787,,3.059721426695930,8.582155439132602,5.081121538824815,6.425253503073156,
0.112,9.477337643087800,8.133579826586969,8.161102575626783,6.899712245861228,,2.995673699718779,8.500241765622707,5.033619660480519,6.326356841451318,
0.116,9.282785218269039,8.012115186087943,8.159739788088158,6.856097652142726,,2.937560632585047,8.399047992844269,4.962197133462904,6.237336837775493,
0.12,9.107879118802826,7.911863552891061,8.181515433631834,6.835841654923848,,2.904528965651807,8.319467555498925,4.885464121961304,6.144907473940375,
0.124,8.967617480116534,7.816898475343971,8.177069878827417,6.813102413682037,,2.895999357098042,8.273991741086567,4.828286525053183,6.059080381617387,
0.128,8.824699707840423,7.730131460060197,8.138399809344570,6.786894408273283,,2.908476362043130,8.235840412963421,4.799417913366106,6.009410099468876,
0.132,8.661214820823718,7.656250219717519,8.091804058413997,6.747133965710134,,2.935127987096087,8.183809094312437,4.805380492157300,6.026220602565990,
0.136,8.512515402324231,7.593886362530791,8.081308910050534,6.683952975087054,,2.952631200159943,8.166523294989847,4.810182390432873,6.079600680084283,
0.14,8.361757918356034,7.528978338143655,8.117888313245320,6.628516949490761,,2.974473512922028,8.224258105210236,4.780397172449504,6.107745319465618,
0.144,8.196143061994514,7.438939334449134,8.147191964930496,6.618071043472349,,3.027956252906800,8.324747841325065,4.763489572613579,6.108913582639681,
0.148,8.047959607771761,7.319295042860016,8.137865778380393,6.629356360088272,,3.094189604131081,8.415046889157761,4.784619057049740,6.107038509698022,
0.152,7.946615363413692,7.213181924679395,8.127671909769729,6.614675490095657,,3.152734681074874,8.463858801697484,4.804943728948884,6.114375730869903,
0.156,7.895336507020909,7.159499747381807,8.132653956380242,6.577155322405387,,3.223187711114512,8.490320855131563,4.790846689101611,6.117639449014905,
0.16,7.867556091664885,7.139146458129499,8.121490268565818,6.541994676847759,,3.325476797711866,8.551480404486174,4.751457961330589,6.106511417537138,
0.164,7.847893651130577,7.121405324652690,8.089113222946080,6.500683618810769,,3.444488421268543,8.675713337782751,4.722403524425824,6.106505000305812,
0.168,7.833135924145660,7.131534125339122,8.069262791905317,6.456455518565345,,3.545654234038257,8.815487695665260,4.704878089637310,6.152642471807422,
0.172,7.817006723433884,7.189572957632100,8.061348304009671,6.422449520398079,,3.629238925524481,8.914658973408807,4.687395774087347,6.232891441511767,
0.176,7.809729204820618,7.224049801679414,8.025330580313771,6.388840139778570,,3.743912859082619,8.985285231296505,4.705664371861603,6.290178024696184,
0.18,7.824988244520179,7.181028089905381,7.952073886402490,6.378081788761959,,3.892092857445467,9.067586789397675,4.766823611128496,6.321394851006246,
0.184,7.854200656990176,7.108777737185736,7.873757066532665,6.370367628445907,,3.994821061682995,9.172570291709983,4.797863145128181,6.360380886860917,
0.188,7.881986513416378,7.069167594966682,7.792485710315303,6.311679596234936,,4.059265462499548,9.289404569959999,4.790882172962449,6.377083859125306,
0.192,7.913007031051807,7.056398645423734,7.693075834886704,6.257543573494928,,4.158530778229265,9.398080734321962,4.810742256928535,6.347084033754607,
0.196,7.957697187524487,7.067911013562155,7.603598410771654,6.245684937730035,,4.265993388794913,9.472850201743221,4.842175228402997,6.341666821499384,
0.2,8.014463619694276,7.118244079911741,7.570523515188615,6.245510400383422,,4.348482102684587,9.526986934911900,4.829471031376035,6.386788733881431,
0.204,8.076705974982424,7.159013238826291,7.617948540005270,6.243359088167480,,4.413029572719705,9.593710632767779,4.785789332298839,6.397469451983126,
0.208,8.148425085959735,7.191423295830510,7.702389852067060,6.222042958410566,,4.450476775444602,9.647266870670537,4.738562185015599,6.361501768191452,
0.212,8.238146493564745,7.267495883177488,7.765377968391936,6.209838727051475,,4.447873603823268,9.658430144529067,4.679424655659014,6.353712893889302,
0.216,8.312530165858130,7.370477037112651,7.801388621997964,6.235303331751142,,4.422577923077036,9.641862485706493,4.626623082126841,6.378291781431789,
0.22,8.340869164939896,7.473582936098819,7.820219511569687,6.267390354812174,,4.420651261695115,9.614450493016596,4.618038855870223,6.364120700516176,
0.224,8.406232107700943,7.575164329458144,7.861541613255843,6.302078942265332,,4.448176882516922,9.600618179587780,4.649169278016632,6.303740374094566,
0.228,8.578981829374765,7.671658591991671,7.943400255496924,6.349365414827822,,4.496807768935421,9.636924557649953,4.673440015455921,6.260639202791216,
0.232,8.751520905203376,7.762200042656276,7.991006284487948,6.376497717837322,,4.549048105409652,9.703426979789825,4.672067693292371,6.263749975126258,
0.236,8.834865579668017,7.864906748201968,7.965372542448899,6.393544786224549,,4.554520105253820,9.730726639538954,4.682911134584092,6.311607144414307,
0.24,8.907238794102977,7.982886275550928,7.918191281139319,6.456228178291989,,4.534178633643439,9.715971949912610,4.703192328142364,6.387172014625712,
0.244,9.026901884177610,8.069021020114064,7.895776443862408,6.530090022798335,,4.563539986662129,9.712085320657508,4.700112100409563,6.458588322692004,
0.248,9.135875587865829,8.087266180868541,7.917548016315820,6.557535201538877,,4.655695654349659,9.739558860722614,4.704594320425587,6.495124292477783,
0.252,9.183576653791055,8.065023555840142,7.968030042427896,6.546005435369439,,4.763019663493337,9.788597034839022,4.746297566853264,6.490011916720273,
0.256,9.188843894203293,8.041689649897522,8.005531986789229,6.511282960094639,,4.848427624052003,9.873543099829725,4.788638937823151,6.485101864257171,
0.26,9.186952096999290,8.010198391041291,8.012447006461876,6.491529181586896,,4.919884300394376,9.966167768499911,4.791874429737208,6.502248012004038,
0.264,9.176041578100614,7.990285430062187,8.009825276521743,6.505694441307861,,4.979919207820628,9.980273935636600,4.757491131678258,6.515042286875786,
0.268,9.146119862193116,8.012140892626892,8.032150631059940,6.526396648860099,,5.038526915260727,9.963967574613442,4.698437159256837,6.528529150588755,
0.272,9.136228387667426,8.034168919417128,8.084748803595692,6.550975635195553,,5.112408317557962,10.018344536833890,4.645891404995321,6.554058914931727,
0.276,9.169689105240623,8.084957629392424,8.148417142976299,6.602089411307750,,5.167492222141941,10.097645157903067,4.667969120461390,6.592779402519054,
0.28,9.224432326391085,8.211861125201741,8.208307678588366,6.687716706363409,,5.216571698365868,10.189092234104422,4.763312849485054,6.660799716920387,
0.284,9.307234687881362,8.342631944794814,8.277964298465182,6.778053362800669,,5.325993329142047,10.346457977533563,4.850062104278648,6.747446875822773,
0.288,9.477316323283386,8.451727041875767,8.371602852708403,6.858642415832971,,5.484827998137701,10.526542649784091,4.899510321848025,6.841539366005714,
0.292,9.734241897369937,8.594903838783083,8.468859436094689,6.948660557670672,,5.630710616154857,10.678378472977650,4.939623776266397,6.955203889349517,
0.296,9.972809997829895,8.798162250169840,8.557114057141716,7.050423805841751,,5.798039396660009,10.880591471266943,5.025764976438943,7.124881577071667,
0.3,10.181770180118976,9.045008221868088,8.656639993106609,7.158762756814127,,6.046891258978041,11.219982546401395,5.180778529210399,7.371166987712502,
0.304,10.500799489738474,9.310477074695793,8.783256352631705,7.286458360896654,,6.328591139072442,11.597739806206494,5.375979631224878,7.624544635617951,
0.308,10.979947957033090,9.607515430388300,8.934694333645824,7.450752795539721,,6.636602933761259,11.954607054346413,5.587463615525930,7.811776107709326,
0.312,11.502311430466971,9.945452273064950,9.118276253304074,7.622984675325812,,6.999237695025976,12.359913520371874,5.779680624315446,7.974150085070246,
0.316,12.023496999734833,10.324311635078201,9.328279867251918,7.806395427622826,,7.384476096490992,12.794141674370183,5.939959765533800,8.185622740810164,
0.32,12.572571058756525,10.739207472090918,9.519523901521705,8.039573078416195,,7.812566346094734,13.269983194280082,6.127258110322380,8.454196989498667,
0.324,13.113340621977720,11.133349945892363,9.695028267630963,8.267175958210336,,8.302955383143022,13.812353886265457,6.378958748553165,8.759085309955177,
0.328,13.676151630822845,11.507965016203897,9.918264213419114,8.469330659163976,,8.779653510320813,14.317314662760491,6.612359047359487,9.055016606614924,
0.332,14.277151512240735,11.905761510972134,10.172277698675456,8.685343218899908,,9.169706743926824,14.745871350316730,6.759791384370407,9.316379990061836,
0.336,14.777238508820430,12.282715394592270,10.388830403301895,8.875017168454304,,9.539146409623376,15.250538525473658,6.934814800073211,9.555885132864159,
0.34,15.119021803093434,12.607052421766626,10.564284693255011,9.007559460673239,,9.972879389922506,15.893363263504568,7.227381741261789,9.790946827650689,
0.344,15.479675749434096,12.954269327769808,10.756873828397822,9.166304083678813,,10.377859539634851,16.462005188156677,7.502179060449035,10.038770984391300,
0.348,15.971704755863190,13.375650496378899,11.008467824590175,9.396538850551497,,10.737851007048338,16.904559497741673,7.697445263260770,10.297640007721835,
0.352,16.445618783325973,13.808258357707192,11.282564706623724,9.621345824801029,,11.138811784183424,17.395186345172597,7.931589356731951,10.573814315445890,
0.356,16.834707920834720,14.206092810726108,11.566390777882356,9.839476766990902,,11.508261127921431,17.910396120973047,8.229295397151207,10.843376933928875,
0.36,17.184286097469869,14.551588845118994,11.865875434301277,10.079154184514501,,11.832706811568745,18.416496256597547,8.560044102564918,11.092513407562869,
0.364,17.445903734242059,14.801968054660918,12.116768635681851,10.262457898323191,,12.183941936679169,18.946192376616715,8.920151758679634,11.361689677175690,
0.368,17.623097325985874,14.997705542869522,12.330207314591243,10.368103960419949,,12.485818519143590,19.382462755069639,9.251379569920642,11.654244671481301,
0.372,17.772532086861087,15.226015008913892,12.569463659162636,10.458663052079942,,12.661948429078455,19.702085069507973,9.514772321006475,11.941019193273327,
0.376,17.917443048845662,15.472884140119243,12.783898118533745,10.549638320294743,,12.811967852218986,20.059084394115942,9.798105307242443,12.242945704745456,
0.38,18.098095799632773,15.700419518064596,12.981228519401922,10.677701689270830,,13.039733477868582,20.508555701801701,10.173456696355474,12.583690617363095,
0.384,18.338251363639852,15.911777918906518,13.235483026845527,10.880480416423472,,13.286073128334609,20.905826113975078,10.532708188026245,12.885455703773079,
0.388,18.604834192228786,16.096665769841586,13.481838395965660,11.100519594905096,,13.509986438375387,21.227959615015141,10.824996157576045,13.114658777115467,
0.392,18.879339887972577,16.285546745035649,13.667105750370311,11.284829050656356,,13.740459556322222,21.591575252007168,11.129665435072367,13.339882990761989,
0.396,19.198197156488654,16.549087587621862,13.878360824917301,11.471610004281443,,13.952472005252105,21.962581349773192,11.442864214322043,13.577952694476540,
0.4,19.568337301040490,16.859226504868566,14.149436461014767,11.699898425360663,,14.140548905737106,22.372531170769825,11.797672593510134,13.869431146826578,
0.404,19.897705050805339,17.110986743697410,14.383535902301848,11.905410115565166,,14.342265063138420,22.887743889249009,12.239451571142178,14.230601596768842,
0.408,20.145710226678400,17.316605896609072,14.575476835531596,12.070916873255245,,14.562525045162426,23.384174002358048,12.641892409656297,14.544068518403108,
0.412,20.352336859767387,17.533436766107123,14.791427294750514,12.245834293818032,,14.774283556347008,23.798060677023805,12.945770389112901,14.776771128317256,
0.416,20.506128736052496,17.726142764309412,14.995548384153487,12.420635193682545,,14.985846345316482,24.236038404759235,13.313765326672339,15.045400114972770,
0.42,20.630618490592482,17.902413881528755,15.215446112571509,12.604640125343893,,15.198220020506840,24.716485217593466,13.838718408002364,15.397289235707255,
0.424,20.769127725370982,18.083984428399432,15.510910131837704,12.828645211626473,,15.353663120718327,25.106422992903067,14.389286869832294,15.728726528471601,
0.428,20.869105067655077,18.225926898641120,15.810466501227996,13.073698788805284,,15.434425635602267,25.411920812393731,14.887789184849879,16.030923246774673,
0.432,20.887025369779245,18.334626567618418,16.078981261243104,13.294687731560876,,15.462564318853733,25.714494258192367,15.368333130113523,16.392590009180918,
0.436,20.878646992920626,18.438762964979343,16.367098706812637,13.509640420457870,,15.461370172662315,25.960789500713439,15.799511500874878,16.750804787614381,
0.44,20.920519526300353,18.534463555481217,16.690552733590096,13.752911800399984,,15.446433810732428,26.151147486771034,16.201155745851718,17.029464185670893,
0.444,21.003678373630208,18.618000670089806,16.993836576864982,13.972321914371120,,15.416042121757787,26.334717050709237,16.630202788566606,17.263213515665022,
0.448,21.091576765622058,18.691553834986859,17.259433295246428,14.173088376956173,,15.381757476267618,26.479710145084415,17.024623272878266,17.457958775647686,
0.452,21.197291474928974,18.761325893062143,17.512018304908935,14.411283115236937,,15.316452398846026,26.578247490143763,17.357222913070984,17.639306987806545,
0.456,21.318766697714373,18.826293653744656,17.714675990450512,14.662973047925700,,15.202655472852788,26.669187538109362,17.696568935234023,17.849751978528914,
0.46,21.454296100793680,18.929820598797363,17.916666889118005,14.946516059112863,,15.105114510216936,26.749274296911139,18.014285859662191,18.059628737963205,
0.464,21.632090441804053,19.104186394636180,18.209276959004239,15.274918534261033,,15.076327702121400,26.798852121183998,18.245302368841166,18.274119287947507,
0.468,21.866369123539190,19.290927882425770,18.524765694380331,15.559993310541422,,15.124856562856188,26.888470417306728,18.495513693282930,18.550538270915492,
0.472,22.121761753990015,19.467263282706643,18.795974433966464,15.780953260266550,,15.226298752520467,27.086692473000952,18.872619402886926,18.889118653629968,
0.47590000000596044,22.383318610584240,19.692984941396126,19.116281040584248,16.061196379904860,,15.316817563437885,27.341763774412001,19.307361321356414,19.218271582995548,
0.47990000000596045,22.670665475405208,19.999182740061233,19.532893142458182,16.455459937780027,,15.409297320337682,27.676005375637263,19.822763686432573,19.572233994282804,
0.48390000000596045,22.918461974572111,20.332198670572083,19.928159939901569,16.841530367770670,,15.564305375422538,28.141479867230306,20.477517059557812,20.006143786930895,
0.48790000000596045,23.113899029238617,20.656015171280796,20.366720733321795,17.200442416629276,,15.718450498811212,28.611105693063493,21.124711774590750,20.439389131073419,
0.49190000000596046,23.323451390746349,20.983938270137752,21.000582839105551,17.612462319666676,,15.787617378517730,28.975739502766949,21.668595259235623,20.845864978153379,
0.49590000000596046,23.516207908722279,21.268285746796266,21.671621447630180,18.023502144552026,,15.781842472085144,29.312965078964496,22.258709891348197,21.286919702647655,
0.49990000000596047,23.616832676039124,21.477550919396492,22.282948950718282,18.441204651569205,,15.756338423972318,29.700540920833696,23.014775732565113,21.778872353769767,
0.5039000000059605,23.589101468933237,21.640572851067891,22.915291959240484,18.910504747279248,,15.737948268245988,30.066318710097782,23.791157902438890,22.263799223944702,
0.5079000000059605,23.446896656810200,21.729689097984764,23.501909326721517,19.308125186302249,,15.698526974522260,30.333704237095354,24.504305505451441,22.754519912055002,
0.5119000000059605,23.230896106255670,21.720264873803469,23.972059573401047,19.585192928281238,,15.610392547355216,30.522475990807685,25.205410216860134,23.288844947572120,
0.516,22.939275181872155,21.667396951624681,24.401679051883217,19.856704759687055,,15.457130886390665,30.648867002360742,25.825923374938156,23.777383894747079,
0.52,22.590952533194802,21.630939729571324,24.875303853813115,20.196063188973554,,15.233068255814349,30.703443793263297,26.396325764686217,24.195194856876832,
0.524,22.282984877415938,21.619473341870673,25.369602808752003,20.548153163478240,,14.988335002726018,30.739128605491153,27.026761955456816,24.592385693217111,
0.528,22.028702180149700,21.605125625293145,25.893578031278345,20.890800479201527,,14.791945286380953,30.839540922150455,27.655886552659275,24.971075982477387,
0.532,21.778908564929615,21.594855884022827,26.466047065396079,21.262073784243153,,14.650663730966128,31.038029992362439,28.288606232176022,25.407698063283156,
0.536,21.532009536971593,21.623334374104328,26.992577397434555,21.604222115173240,,14.527607092705676,31.270760898485698,28.973963416200107,25.932743687747006,
0.54,21.272177160529466,21.643083301945087,27.460566570465147,21.925863677725200,,14.396638462828415,31.428638749755002,29.584810657256163,26.389809200825372,
0.544,21.005930410096884,21.621944121799483,27.934274245185641,22.280147358191734,,14.269363454576242,31.525997312753091,30.038615093277912,26.699927448670149,
0.548,20.784045153642399,21.607741059294387,28.404146430319638,22.587618708231634,,14.144411382196621,31.628587455119678,30.463272956414741,26.987614696234189,
0.552,20.606883186671112,21.596760359884229,28.824625036761830,22.815996882905861,,14.000393102863178,31.724174694229962,30.974376637223997,27.321609788425583,
0.556,20.419791529895008,21.582973541923266,29.184687146445455,23.071129978604034,,13.861253839329448,31.799506492565008,31.468545533259075,27.612519419217122,
0.56,20.220429922809029,21.582588171124275,29.525863117783523,23.415275718073804,,13.720333734890513,31.876261222649568,31.915559523368490,27.880188828264146,
0.564,20.077002183651594,21.588769759906437,29.874752786656700,23.740134197869590,,13.556049407139621,31.971169529483564,32.407675489927044,28.205815514334589,
0.568,20.005209336268202,21.631061505277291,30.282178758346745,24.000141407702589,,13.412997642167834,32.068301473013754,32.879280497003577,28.537109674487390,
0.572,19.944758535410692,21.722868658749210,30.772963146395099,24.289594013346576,,13.333579564679781,32.170266037094926,33.328812756757564,28.878902388112060,
0.576,19.848538751843083,21.802173237288848,31.224352595474638,24.588894665450450,,13.315290283004018,32.310821145380018,33.832943275941304,29.263840998540164,
0.58,19.705477486642195,21.849825642445758,31.578683668448946,24.846159242187728,,13.312808040926326,32.482357574058980,34.290240535703106,29.605439336936364,
0.584,19.549884302421589,21.902219360077765,31.894298366300355,25.060361322002912,,13.277796881750687,32.647732696166891,34.610553759654096,29.882268345467555,
0.588,19.429160938974416,21.959547499950617,32.182314595439564,25.217554386013667,,13.223731603201742,32.810719425405651,34.945095363924821,30.200503212079589,
0.592,19.324973460929556,22.011491743115393,32.444064751238329,25.350121790142769,,13.203219879679267,32.975657627410264,35.428000495926071,30.569565632589374,
0.596,19.195067338909414,22.063286326413142,32.732485815360015,25.514018305340961,,13.205798398596624,33.099610554554083,35.923438539180481,30.889890443037366,
0.6,19.072732980267421,22.128212161390532,33.062493910994107,25.709977628638811,,13.168653936712577,33.219227780542489,36.377861171170800,31.186096866134967,
0.604,19.026386152704372,22.208491708285305,33.364919943905093,25.884842435506407,,13.071047065827120,33.413574940118316,36.880448305034967,31.511033049002179,
0.608,19.061188891421462,22.320066703650941,33.661042261746189,26.060506675364323,,12.935831081488399,33.646360665156493,37.381732273208598,31.803777527856809,
0.612,19.130726176361197,22.475698577198184,34.002713506645904,26.303023530374087,,12.775478608064780,33.844244015755912,37.875890770348853,32.068832467902631,
0.616,19.206550833861360,22.613747423869761,34.323842999674000,26.577543414533348,,12.592183121367128,33.993772354121219,38.415498821172108,32.380320179274456,
0.62,19.329533277191970,22.749259975098727,34.665887458167241,26.886305475916640,,12.420438771698926,34.109433415569022,38.921339921773729,32.698862023538133,
0.624,19.502115361345957,22.959906887355288,35.123329375762161,27.264280760040617,,12.259128480650350,34.191362524605807,39.352089923035933,32.908131163167752,
0.628,19.645169586606226,23.206313780845797,35.581963025785363,27.630500991169420,,12.011707217036982,34.237867228645449,39.833162742060772,33.068769076228079,
0.632,19.757311730154406,23.423675704819903,35.944456005595740,27.940374641734437,,11.648395918468239,34.255601587044872,40.428429838732008,33.317618484112643,
0.636,19.879869876385811,23.597575517536015,36.342992019582638,28.275176791545931,,11.273482890268131,34.256769619232870,41.017808219870460,33.577460240907129,
0.64,19.985685215237428,23.741940098340667,36.845883186909624,28.675232451937568,,10.892206496110285,34.241581309491238,41.561978071499894,33.776078015712130,
0.644,20.035617292482129,23.849773098694509,37.286605470021179,29.074225681955379,,10.443531163190038,34.173097009027231,42.086112020936646,33.960528515493309,
0.648,19.983668168015484,23.908922567858028,37.649572573382393,29.440975900452209,,9.982940373451289,34.034509836086080,42.515438868993428,34.119338271388024,
0.652,19.813615634860906,23.935566673473595,38.065463490588492,29.766352840172743,,9.474878451262052,33.813922999312837,42.865927989266240,34.180965347297445,
0.656,19.621901602395138,23.907699879666463,38.480008464941136,30.001463683086833,,8.882911626266488,33.519461567617647,43.175992172376844,34.130484337410515,
0.66,19.421626614404804,23.814771200594421,38.873465636872716,30.186166820364267,,8.399374413203599,33.246677089283843,43.380849155643197,34.081979402784029,
0.664,19.106338793148151,23.701923527943588,39.287856301128450,30.366539373574021,,8.167757793216426,33.052150304811946,43.516135622305541,34.163179652706098,
0.668,18.711280351931201,23.591721491282001,39.626297071067206,30.488824539822431,,8.117986348541796,32.905212296447246,43.666805537765732,34.342859775223481,
0.672,18.350770824826469,23.474418360446254,39.834767409190327,30.550356292225715,,8.074064932384511,32.762546152617240,43.771080623903799,34.449623536461530,
0.676,18.000858110277235,23.318089883889193,39.972982256962325,30.568754965724644,,7.922476488581107,32.594636126113670,43.735225672356236,34.397809990025650,
0.68,17.617034006958370,23.111480762761328,40.093439732390642,30.530440472159761,,7.708394487352952,32.405133224128434,43.625018588321623,34.250888919552203,
0.684,17.246758606851969,22.920216015631137,40.231620801252447,30.463969121260533,,7.503500959644898,32.208611469337839,43.537418418257154,34.081036076144677,
0.688,16.864239129399042,22.757826915569368,40.358520011970285,30.367930911439434,,7.307042330121983,32.006222222163885,43.460580466451383,33.892486295155450,
0.692,16.421452815097602,22.555532385045765,40.399282831292744,30.222144375601346,,7.071455933351777,31.766291072496443,43.341714232447387,33.624075259462451,
0.696,15.977787750495192,22.303416370483021,40.342118274782258,30.045570555597536,,6.771396713168566,31.474581448476933,43.148882780544845,33.245829872649793,
0.7,15.533407072594013,21.982446835616344,40.169129888117766,29.763876061985965,,6.469304327787311,31.184674826833856,42.927207098876302,32.823431607457458,
0.704,15.035333514936813,21.569528809867439,39.862750535482235,29.303645259567936,,6.212405544048231,30.919019714242125,42.706406509712636,32.422486488676348,
0.708,14.533980118321111,21.148174460836334,39.471475746250483,28.774753525279174,,5.911767972999948,30.594637111564634,42.407485619507895,31.938721752489620,
0.712,14.048490107249979,20.774828812389352,39.023474603216258,28.243320912367182,,5.521940757735106,30.162047905209690,41.961397890142244,31.250165992390020,
0.716,13.430913998352729,20.305939189742645,38.400902392764479,27.539377094114279,,5.162324982767304,29.702739825991657,41.392588836367509,30.490525326196252,
0.72,12.637404256513973,19.612513402428096,37.512051834459527,26.542814464478340,,4.837554917418210,29.164409916409220,40.642728698532949,29.650617449604525,
0.724,11.875071482396631,18.859315761260994,36.501279281812415,25.447696618636314,,4.455361423836241,28.437200142833603,39.665841437362729,28.556334534122986,
0.728,11.096620511386549,18.040299155395601,35.181742104239625,24.170309206383095,,4.055304074033137,27.662261577739866,38.618989327082758,27.367975283493198,
0.732,10.099516542896989,16.983680644124775,33.284527790739702,22.454263310605000,,3.626014552145485,26.799656999656257,37.332733835523264,26.070029300649388,
0.736,9.054573433874433,15.880815612062399,31.223278816043248,20.616479962927421,,3.128738398544355,25.657393626540276,35.541417497753073,24.457789837465043,
0.74,8.029982035048301,14.718307578726520,28.960105266464055,18.692440348284531,,2.650743703547203,24.414796810816348,33.557860846996149,22.774730695570504,
0.744,6.923373408268485,13.272957683272830,26.101326194611822,16.405500218413994,,2.236268991057755,23.238777647982765,31.624897850749552,21.202489146937005,
0.748,5.894994953946115,11.757306400044442,23.124477691485659,14.088764099964614,,1.835682417946861,21.750212405143497,29.169357552906707,19.282891183961961,
0.752,5.038796221205692,10.385926024062766,20.404962810945236,12.050114032815147,,1.417082083614840,19.632208423177730,25.790304161306938,16.732782331698573,
0.7559000000059605,4.130511562049141,8.812797997238748,17.179837008367642,9.846642142162688,,1.013118011538062,17.263756480253999,22.169877445166652,14.110106923269470,
0.7599000000059605,3.049811915631666,6.739882923913218,12.882629917587336,7.110645234770550,,0.647749099562872,14.511970704787080,18.221878441028117,11.451045080957499,
0.7639000000059605,2.049000885023067,4.609839564474155,8.440209519823348,4.393357739231277,,0.317733276666785,10.990560984717680,13.421919041844525,8.350101892184023,
0.7679000000059605,1.154244373846612,2.674313652188136,4.566842188259074,2.182362970456912,,0.058494586722311,7.440454522444195,8.757842675215739,5.289304876794061,
0.7719000000059605,0.254177584327555,0.924232475669682,1.428747723095517,0.600580529365587,,-0.075462944683787,4.217257770549870,4.884440135490690,2.599531933573016,
0.7759000000059605,-0.364561824142873,-0.186607703083096,-0.372852624781142,-0.141176735686633,,-0.078360611023784,1.216315090428756,1.778193083905437,0.316502593595397,
0.7799000000059605,-0.485861008384014,-0.455389778969259,-0.764513091055188,-0.221737643451225,,-0.034203372762812,-0.845048282291792,-0.012492710042904,-1.062132150940000,
0.7839000000059605,-0.247534266735978,-0.187524523932675,-0.349886590875267,-0.056363597045413,,-0.012839461104345,-1.588619882275159,-0.471784282403581,-1.409916458077947,
0.7879000000059605,0.062703143881326,0.212172891357471,0.203102377287423,0.149157581688600,,0.007952805454014,-1.252743121783937,-0.254514024635389,-0.997755414823050,
0.7919000000059605,0.235640712054629,0.427596865549081,0.457286320736169,0.312629409743839,,0.075265636962108,-0.193810697835522,0.145632203128930,-0.109068929134017,
0.796,0.180850130370010,0.330427485145690,0.357760362869993,0.332118362373826,,0.179582343105760,0.849244772645019,0.430440727398462,0.678094336345751,
0.8,-0.034392391106371,0.059638965433468,0.138859243160712,0.201126963996106,,0.215158790726343,1.152873967447163,0.449140305687795,0.825066695239660,
0.804,-0.144163355173257,-0.074607172700810,0.026935472325648,0.086869797401443,,0.130777770282650,0.643959978974693,0.240314192561185,0.335267866839145,
0.808,-0.061377715087957,0.014496997954608,0.063391214335011,0.087989149964755,,0.036753366522336,-0.077305363333784,0.029904588411898,-0.293599280908220,
0.812,0.036306025967082,0.156556319466406,0.176548861878738,0.141802501528463,,-0.001781079811394,-0.371696509327998,0.039423444152742,-0.544146245549293,
0.816,0.045458184223316,0.214261105812055,0.206723510816254,0.151533941796293,,-0.023990216166364,-0.108727388324914,0.264934097900970,-0.321329471456058,
0.82,-0.001914442281322,0.154377724420768,0.111165712795568,0.106464202297144,,-0.015583680740610,0.343238890061279,0.459846531833830,0.058858261243579,
0.824,-0.041952521111456,0.065273876929107,0.020515242311643,0.082810570076835,,0.046847055451928,0.575008838354753,0.431114200393910,0.284993236236907,
0.828,-0.020424938322962,0.069505622715945,0.024231496635109,0.124220744222794,,0.114962011192474,0.444150395033012,0.245283725055856,0.245695884027627,
0.832,0.046749998521647,0.116313861129685,0.078944568237375,0.186165800727818,,0.126203689469304,0.099866328871786,0.073686129212107,0.013328313591752,
0.836,0.076832503060069,0.108350542645648,0.089802839361279,0.209008811849404,,0.083639951417632,-0.121578181117318,0.028965819234461,-0.186947193036900,
0.84,0.019038787223075,0.064474816168818,0.041344387365689,0.187166592037724,,0.043978216305086,-0.055450701743487,0.121718048221143,-0.200411402054843,
0.844,-0.064858529805367,0.037861188561699,0.008111615656127,0.146347170933873,,0.020344023513528,0.152940137611676,0.262194158624704,-0.057721721965186,
0.848,-0.093880678349290,0.041088078363773,0.039654098086988,0.144598507494912,,-0.003031868492997,0.271630437985507,0.326553880974436,0.094519456365718,
0.852,-0.078086728071696,0.048595350009820,0.088903436428191,0.192587755443467,,-0.018175857046691,0.227303224446272,0.265084120223219,0.128671630186241,
0.856,-0.059221706987629,0.047889630498541,0.097104771204661,0.212985112904192,,-0.013117906355898,0.115050934204406,0.142368210436595,0.054440144988077,
0.86,-0.056243296617705,0.046199852715353,0.063753283178694,0.183024185659857,,0.018809781257724,0.068579837324491,0.074510956297538,-0.011162492991119,
0.864,-0.069878779415557,0.056981440735074,0.029379561268220,0.142718097601826,,0.055226717158451,0.124333337415157,0.110532657653361,-0.005968552814400,
0.868,-0.077860595185120,0.089794100005104,0.038806551551999,0.123100510820922,,0.056217967130484,0.194581421205534,0.198412092348348,0.031112512898691,
0.872,-0.034945507138499,0.102661816488724,0.087126694913857,0.129062944527966,,0.024516179954966,0.196974651704281,0.271135978631534,0.033098597251551,
0.876,0.024063808609817,0.061969737165011,0.127180387704211,0.158896418155704,,0.006663254494990,0.141469903520586,0.274360306347651,-0.018552584974196,
0.88,0.019430498699485,0.019198774066989,0.128162949585993,0.217296769948841,,0.043885210901221,0.078225532586286,0.214849211311151,-0.058137187172440,
0.884,-0.005344688301844,0.024092356884848,0.091650846689484,0.262247820879601,,0.114083034982774,0.044991242951601,0.169301147274167,-0.040005069000489,
0.888,0.005504506270317,0.065109144911338,0.033826646306180,0.249771137187925,,0.140929233762581,0.069875697409985,0.164595900339425,0.001252839345435,
0.892,0.017521962999525,0.095165358617334,-0.009831959904540,0.207968807354716,,0.102417715615727,0.127143945584692,0.170588116613084,0.024159769120776,
0.896,-0.003670550149654,0.080892986535938,-0.008190163562007,0.176309819368357,,0.049697846331001,0.150843244858499,0.160108971668668,-0.002952859463689,
0.9,-0.023405361723181,0.061201751670593,0.007515277422894,0.151930465793016,,0.031982531557863,0.138881488088018,0.146129575638815,-0.075382256736025,
0.904,-0.007158035610920,0.064194139283050,0.003279234041471,0.127265508118103,,0.050026383691319,0.132291659463174,0.134980023203879,-0.118974419215502,
0.908,-0.000406991696187,0.057175815799250,0.003486558096152,0.112803460477453,,0.084001506988652,0.145483677507465,0.128937991454834,-0.100294066451809,
0.912,-0.020532553732366,0.051897117985349,0.014210345134781,0.118750421776386,,0.109578346528265,0.173209445872204,0.145814882580017,-0.050076172190233,
0.916,-0.027730794683477,0.066090427316017,0.031756821398124,0.140514814314573,,0.102383195690430,0.201069572467018,0.172187682387474,-0.003367032491367,
0.92,-0.017372498763416,0.068387257072120,0.042370891074261,0.156161344820689,,0.072674648951030,0.209283809587581,0.191919810604515,-0.016960236520445,
0.924,-0.029215363580436,0.055112311110090,0.001558970274871,0.149174078000066,,0.030893499222365,0.174546287246093,0.191842390900791,-0.087299161203924,
0.928,-0.065970339227205,0.042130910874255,-0.046696706136158,0.115833442552070,,-0.004560716095254,0.115537424157000,0.173072432739521,-0.126677603057287,
0.932,-0.099354973473500,0.024964613202160,-0.034936787532545,0.071444258178748,,-0.012728178597919,0.089033411027645,0.160622880585064,-0.102452841772439,
0.936,-0.127043702175834,0.007835148936346,0.001604666854967,0.049053975903385,,-0.001046456962702,0.108565300892201,0.178293541195690,-0.071219654303749,
0.94,-0.123524246063710,0.024740693240499,-0.000231510022042,0.065137204517850,,0.020787501787576,0.136400556234605,0.219771744097819,-0.064303065458736,
0.944,-0.074855221710093,0.086203343707186,-0.030696131470366,0.108062535147432,,0.040888084868155,0.152319965571210,0.259533398699072,-0.042181459744851,
0.948,-0.014850143632358,0.124437731270254,-0.035124740330728,0.141771488390566,,0.053785587033363,0.160770982882229,0.255390162994915,-0.011922071319402,
0.952,0.020015371632066,0.104671560363686,-0.019611278619647,0.147162910955596,,0.064788976275162,0.157510540362102,0.202668165210980,-0.018196119866245,
0.956,0.035725737266043,0.084587031429092,-0.011299090002752,0.135517270923296,,0.053887164470587,0.145788314452764,0.181464978307223,-0.037461987737625,
0.96,0.046783197983417,0.096044649394389,-0.002313128376150,0.119060528938399,,0.020365807397832,0.138009888307179,0.189530122199099,-0.049938637417730,
0.964,0.027546729138143,0.115516449884068,0.006299715302631,0.116940477273048,,0.005060423337904,0.131211862631132,0.166194108265562,-0.079615928765878,
0.968,-0.005757227895293,0.103539580867404,0.021863916602090,0.136599322721346,,0.013955537855080,0.128097308527515,0.137048048777780,-0.099621558204816,
0.972,-0.025401076628341,0.065168245491387,0.049743934871267,0.154019402754183,,0.024296700775293,0.138942194019822,0.138098868617906,-0.076820627666873,
0.976,-0.054527433420197,0.058214942083006,0.055630797209925,0.142348570158058,,0.033640910039030,0.131769301790563,0.148341149693277,-0.028681608413178,
0.98,-0.072049322053761,0.070116967064230,0.026472902204496,0.098790252489209,,0.045840790999501,0.100998483183129,0.135418655412878,0.021268632233451,
0.984,-0.048312813580754,0.056811553278028,-0.004365822366490,0.054119134325274,,0.050138812758423,0.104168414180467,0.120851037004842,0.036407441515191,
0.988,-0.043543806296965,0.048667792841241,-0.009194392073147,0.037127665707675,,0.037831718279718,0.123288360726835,0.133576594399167,0.018181473830180,
0.992,-0.081181182946566,0.076358165611493,-0.009793852535177,0.043615046284298,,0.022337854784862,0.112178065949396,0.170169744189550,0.002557239848237,
0.996,-0.095418827205996,0.120472436624464,-0.017520981819706,0.080794187381656,,0.025772687954013,0.109424798063873,0.202620234404008,-0.017358365799507,
1,-0.068576952538051,0.163339338588603,-0.019703758978355,0.141369397243881,,0.042325185262419,0.120775764009459,0.202224544953603,-0.031569894670136,
1.004,-0.051629954131483,0.193510534882944,-0.029976535310834,0.164007140718645,,0.058030695460452,0.125033873759165,0.193961717721908,-0.022727999673507,
1.008,-0.052107584654571,0.167883239711234,-0.046462042136049,0.135545391154045,,0.079016853466648,0.136403515256245,0.204535154928260,-0.027285014509185,
1.012,-0.018776806672077,0.093001347721837,-0.046323187786184,0.124523526913014,,0.096406538694498,0.130633234120661,0.222210054516653,-0.048541987011763,
1.016,0.036517446552528,0.053337539978064,-0.018450313574774,0.152571484466093,,0.090103197923674,0.082220216837754,0.245215051292367,-0.045638850166293,
1.02,0.043336165947879,0.053950403848812,0.020084635962763,0.167319507083362,,0.059413690118992,0.034986756777183,0.253172804225350,-0.025841954534060,
1.024,-0.011640977028595,0.026641544705494,0.056204370275049,0.160379894446074,,0.027166254378263,0.050517143749815,0.200229572487215,-0.023808972271035,
1.028,-0.075261738555269,-0.019308855989581,0.078915832793098,0.157971085136456,,0.020114963759070,0.115982782746280,0.131308637110732,-0.011474828820984,
1.032,-0.089948630964907,-0.030820613199200,0.068325403484749,0.140094357113466,,0.036430732311267,0.165139195680393,0.110635211175576,0.037848646047538,
1.036,-0.072961256128302,0.008723148131771,0.038586268313963,0.106878359325237,,0.052404034500034,0.164961058699734,0.106625889441187,0.041144515211802,
1.04,-0.073294946263162,0.060790851172534,0.012725752920747,0.093494860991925,,0.052543287459150,0.130677004303101,0.112221390561655,-0.025043305856134,
1.044,-0.079149382294205,0.074056618894619,-0.003928052702883,0.084903533387024,,0.051111962551291,0.103509490660614,0.151228741235740,-0.062339235431854,
1.048,-0.077715907532313,0.070207485029069,-0.015936364681180,0.086305045850297,,0.060102399929117,0.114650314952799,0.191686081106128,-0.059611285773892,
1.052,-0.070246042358327,0.081789072969511,-0.013717685990846,0.127108682345456,,0.069309636685514,0.138448904721181,0.211776339575895,-0.055009009777121,
1.056,-0.047854149773334,0.086630128218528,0.018873758068239,0.155370637817715,,0.070064600127880,0.137825883259961,0.224287666788436,-0.042096402561675,
1.06,-0.024188359223412,0.062580404791729,0.038260334654957,0.134628306663705,,0.064455942411460,0.141726078089194,0.231807736461469,-0.042877401310674,
1.064,-0.010252591376952,0.030195401339984,-0.002275534173642,0.086455186896662,,0.058994590291314,0.166783962732272,0.216694784965211,-0.082381082709875,
1.068,-0.002164486566757,0.030025184285429,-0.070245667138352,0.032224646682585,,0.047360467124681,0.174486929795310,0.177626725970979,-0.130878654133461,
1.072,-0.000935187549079,0.061986735298419,-0.109616296832968,-0.004060296159473,,0.034613298343317,0.167324140773424,0.156137117393162,-0.154694325126413,
1.076,-0.008815506363456,0.086275268788492,-0.109210340990476,0.015454203226722,,0.033986251443096,0.175191928285889,0.168916784077694,-0.151256539314370,
1.08,-0.024672840256594,0.070465580288333,-0.098899289465349,0.086401158466875,,0.047404042118986,0.179513957299030,0.171635776353438,-0.108897491310538,
1.084,-0.034281962517988,0.026884092069880,-0.074901584762464,0.113474186814628,,0.070667103900600,0.160655529980893,0.144334682744985,-0.033362639655069,
1.088,-0.032391545560574,0.012891559612444,-0.037801089224018,0.089257478295497,,0.091405395480129,0.138736472873811,0.129037865713743,0.023275744606413,
1.092,-0.023184446050574,0.042474620328074,-0.030745398655802,0.078182826834730,,0.093804818569171,0.133818186506020,0.127723037848434,0.005820366707773,
1.096,-0.012875461093930,0.070281777394779,-0.051966044642467,0.069742361211199,,0.076774452979492,0.145210544025523,0.113344051291386,-0.082379099133506,
1.1,-0.009722207484853,0.087723805127149,-0.055318320268001,0.060828958511154,,0.070500165457422,0.158312112255944,0.103120116145951,-0.156160917245040,
1.104,-0.014115579400903,0.108431395637691,-0.032383301003390,0.055973983347066,,0.088408149858183,0.147799349630708,0.101735254735745,-0.157102067409646,
1.108,-0.023342869039814,0.119728557784814,-0.033478801667061,0.037496494746685,,0.085339026848041,0.119970890704505,0.106186951677016,-0.120114475690204,
1.112,-0.021568984326979,0.115229996046879,-0.053449229285233,0.035032001468236,,0.028658316816496,0.114167840339123,0.135540878909632,-0.101185878296368,
1.116,-0.007331033743400,0.084728744707417,-0.060095056252897,0.072003566150890,,-0.014805183353990,0.134293731607731,0.180785483803687,-0.100206000606993,
1.12,-0.011713458716253,0.040869413758499,-0.061555130804884,0.114778849594890,,0.012031311464280,0.167532520183940,0.197988243490457,-0.080321185610190,
1.124,-0.036842273750505,0.034112906995651,-0.043116455088193,0.146615657231285,,0.062522241381271,0.185693151321159,0.166535495318638,-0.062737555690240,
1.128,-0.046073108210626,0.045262605506798,-0.016720514266236,0.146847485433440,,0.077946961926357,0.155926871706094,0.124506619666103,-0.098538054886441,
1.132,-0.031574485873170,0.041849425338889,-0.017985526195074,0.125552428737843,,0.061946992787128,0.128940782240862,0.106308183337385,-0.129259930328239,
1.136,-0.011174220207002,0.055380266453215,-0.027193296468631,0.138301895027455,,0.050823972387558,0.159904058183623,0.116508627302502,-0.078658743326360,
1.14,-0.020202095520270,0.084230557407651,-0.036603573069673,0.163711421791877,,0.042149740695713,0.198107667442709,0.143492992661265,0.000259310294837,
1.144,-0.060522194956639,0.081950875306517,-0.055530385180136,0.142559469323080,,0.035591354418045,0.203292644060510,0.157736119540388,0.052104671810571,
1.148,-0.074326531620165,0.042636377787863,-0.044184860539656,0.092998983593224,,0.041027080576167,0.197745159991082,0.136690748084539,0.060645171335327,
1.152,-0.059791568133093,0.026204902226957,-0.005489748461382,0.072181319594834,,0.052902098674899,0.189923680485418,0.095061400175365,0.006729445136275,
1.156,-0.048994902336397,0.051463282070321,0.019021009318086,0.094939194162798,,0.079267114063135,0.185096565271372,0.087635663095219,-0.064422707416227,
1.16,-0.040447803685924,0.064918495030474,0.019298701222363,0.134922931770232,,0.080955204042770,0.184487029977917,0.108711757042278,-0.072462275177788,
1.164,-0.028276699686782,0.054662844980828,-0.000485970674783,0.160049922554669,,0.047710455483070,0.177667115072187,0.111674538015861,-0.022790629110172,
1.168,-0.039419910305328,0.035399147390896,-0.013866278929550,0.149637581232578,,0.053480435860415,0.154841061349212,0.100535609223543,0.000493881252874,
1.172,-0.094505994228192,-0.004648900737489,-0.021030591764126,0.111254573603066,,0.085786066400946,0.132290281585351,0.081085215902513,-0.023894996924785,
1.176,-0.137150644055112,-0.028142790776943,-0.051505907112600,0.090557790798470,,0.073309413337973,0.136406053845557,0.065158795336425,-0.022954473256245,
1.18,-0.127008862130488,0.017384164568995,-0.072436775667551,0.109672839309666,,0.030503492512894,0.158411612588559,0.097381929353066,0.028872381517423,
1.184,-0.111199312564499,0.091902777799525,-0.040510526391344,0.133965183749641,,0.025371296118479,0.167934405898444,0.171285256193296,0.046906026673951,
1.188,-0.119022653533827,0.127483745806645,0.006847317984230,0.132597694217349,,0.062678321473093,0.136451592115829,0.204419141638538,0.006092408473692,
1.192,-0.107917295462529,0.102555340385277,0.013619857481403,0.128726972551434,,0.075862736997949,0.094274770998555,0.183908485608726,-0.033100563216261,
1.196,-0.061770127119185,0.054357891518669,-0.004283715535822,0.145135050121430,,0.054799581424111,0.096385669106722,0.182678119179526,-0.047930315531862,
1.2,-0.029267623358080,0.045528209456681,-0.012500024844198,0.151422194147775,,0.038262114850618,0.113569234073511,0.193939061798561,-0.025784930539778,
1.204,-0.044795281462577,0.068241430165807,-0.029097653038210,0.133388425015410,,0.031816386625782,0.102104729138900,0.174827422609410,0.024429890164563,
1.208,-0.087146357572799,0.065659443405407,-0.060636385505443,0.115879514904167,,0.037930588364169,0.093461865298888,0.167025547550334,0.053470160425968,
1.212,-0.123146880114425,0.039709176860510,-0.078971827699012,0.105641885775143,,0.062062718899655,0.117109754548754,0.186634783284916,0.023725533135859,
1.216,-0.137207413430905,0.039567881305135,-0.062683416442618,0.097470819923678,,0.096412226947773,0.156454265911318,0.195604055975247,-0.043541448171826,
1.22,-0.131812831307383,0.069012774888590,-0.025046958016720,0.092564647204664,,0.110341532917910,0.166880241110765,0.184384643490839,-0.094560820095765,
1.224,-0.128826798901688,0.081121345515181,-0.001918288632229,0.086314224133106,,0.086104690548876,0.119934884574601,0.145017516875019,-0.094131091011541,
1.228,-0.124953875246014,0.060260224060033,-0.001217230348992,0.088103848822487,,0.072075011025340,0.057438817900096,0.114705982721957,-0.077945551818943,
1.232,-0.110288821053678,0.053336806846207,-0.006833910288150,0.105021768738329,,0.095641718947710,0.024613738276765,0.132346833295477,-0.120180882482096,
1.236,-0.091161822065824,0.077969936345832,-0.016919592043241,0.138413059534784,,0.110497242963840,0.027657017425643,0.166313189587576,-0.160845803256347,
1.24,-0.072781096988662,0.095027472417727,-0.039727388933259,0.186535031210278,,0.110414798968573,0.069002515534895,0.194979359531245,-0.122374370084605,
1.244,-0.067103272165885,0.083642592063499,-0.065458752041072,0.201663996702843,,0.106716209433544,0.122936071409026,0.196262444221702,-0.056578468292267,
1.248,-0.075524143958409,0.053969307753580,-0.063678287777909,0.161265589338974,,0.084075037331566,0.139507509863016,0.164060948898009,-0.010225211116967,
1.252,-0.093980159650331,0.038084467589414,-0.030219050471978,0.100101897822963,,0.075588171615236,0.122885343423728,0.130975985208427,0.029048215674770,
1.256,-0.103240055306032,0.066190248765564,-0.009494555243046,0.052881004588034,,0.087038494049882,0.112457729371301,0.130917371783472,0.060045455761386,
1.26,-0.092504814202127,0.096042876951428,-0.027796300637498,0.053102554656760,,0.084721881159212,0.117623215580695,0.177850214921245,0.034586595750741,
1.264,-0.076854117329059,0.084135679895259,-0.052439625547051,0.099848949024586,,0.073439081305788,0.143954486644167,0.218024119588578,-0.051871524606027,
1.268,-0.047229714405157,0.080605799780945,-0.049017078858481,0.140698175422432,,0.060819812916061,0.177122146347812,0.217195519909703,-0.117785007664208,
1.272,-0.006785883302378,0.097171831589335,-0.042439777878661,0.155994431769304,,0.032588244998027,0.180691555630957,0.212668061260882,-0.116301870762669,
1.276,-0.001135472611081,0.096197087464161,-0.048589813334817,0.167808289152505,,-0.012643899590146,0.148478384158411,0.210923207583178,-0.095243074929664,
1.28,-0.059076475780116,0.081538614619145,-0.044278818763824,0.162953244882510,,-0.035987319900071,0.122017693283034,0.207992353730097,-0.082201296094908,
1.284,-0.142035613700622,0.055872789249874,-0.041908324638264,0.136921228197852,,-0.013377885985288,0.150295949878236,0.216338568265935,-0.051111230282619,
1.288,-0.162569839537642,0.030556212182519,-0.058235462566624,0.115941029065033,,0.012050032929135,0.216981128658751,0.214396155981181,-0.007942546867854,
1.292,-0.103324396380551,0.032243515352876,-0.072675127993392,0.102559948494076,,0.017773056902941,0.262832630794967,0.166958661742309,0.001914955915463,
1.296,-0.038265180330266,0.051949886847349,-0.078741434547099,0.111183160240873,,0.029390996975741,0.243397707179412,0.101185247661720,-0.023132930259844,
1.3,-0.010685020564562,0.064161260825537,-0.083201324728627,0.135127819248827,,0.038545167930842,0.172043856568796,0.077275933577413,-0.038663265411105,
1.304,-0.006985346023137,0.061532963278299,-0.071151882505352,0.131746973116980,,0.031386724155242,0.101037440843973,0.088458904988110,-0.050111261077573,
1.308,-0.002109814367216,0.059924423458593,-0.051838933113792,0.127687940143886,,0.022496488175369,0.085978878889138,0.118785824603286,-0.087168959934165,
1.312,-0.010092338637072,0.080723394063514,-0.057341196643468,0.156930515612841,,0.029003812271230,0.140996066963760,0.156478881471482,-0.125990705930967,
1.316,-0.059408531264074,0.118600318315197,-0.078437804735763,0.180789437912809,,0.045790542719528,0.179080632635572,0.177434504540706,-0.114937848284633,
1.32,-0.108120831559086,0.135963603723073,-0.077620629903252,0.180953151144226,,0.059191551996853,0.151031329479066,0.176276948052025,-0.065135886529538,
1.324,-0.106204515586175,0.111805925362258,-0.045873624160799,0.187268512451793,,0.063538772423745,0.123395915851685,0.147725425629761,-0.030374377841483,
1.328,-0.096297919890249,0.103241452173251,-0.013929468228730,0.183107550083996,,0.058158717468214,0.152166729026394,0.136483770521902,-0.028901164131980,
1.332,-0.120477896089228,0.145759364460425,-0.024979102699435,0.135834101337927,,0.056434631929226,0.208644171061510,0.177016890173860,-0.050708950653150,
1.336,-0.143411269787957,0.176586993182036,-0.078341243692069,0.087795196323977,,0.065228335297224,0.267195076922124,0.364417041127322,0.129421114962770,
1.34,-0.052693083653613,0.133316016885973,0.321546839796661,0.807711869080704,,0.063428805620323,0.703338961515305,1.798903104951975,1.710173523452472,
1.344,0.676093574622135,0.159465584148399,2.546640804584073,4.441201656127895,,0.068636859975743,2.868555211084223,7.426829482157325,6.888063083720112,
1.348,3.232843572729114,0.970738549036013,7.762061317404464,12.545690547457589,,1.626029681498033,9.883336758630060,18.776812717859144,16.902817540655874,
1.352,8.342896689202764,3.539344238241680,15.132367401090736,23.135963579904747,,6.086198466408962,20.987039368231947,30.933252649069736,28.755862335982282,
1.356,15.006735897758295,7.299924454924085,22.411313488825009,33.371766074025466,,10.426494117025443,29.241934669339784,38.279335711299325,36.881155806688923,
1.36,21.255577740231484,10.499649661362646,27.662180047570555,41.719197053974696,,12.044804555933183,32.006588454580317,40.276547150794400,38.680538766643437,
1.364,25.265624862128895,12.863255145139814,29.793041427982278,44.990449709554433,,12.140293713795572,31.366884421408258,37.323042108314475,35.286874631517932,
1.368,25.269882879310295,13.641555760833899,27.802554017407388,40.867054851920265,,11.157124665435729,28.765691398115194,31.954186039086608,29.947846895429393,
1.372,22.082629702876723,11.799548023262281,22.407389865209403,32.998754844460791,,10.796378888889166,27.731271483851934,29.348377390954713,27.315190300983708,
1.376,20.096526270354019,10.025732931212959,18.207668318193935,27.946221761548259,,13.689165148689682,31.108172746122701,31.674624885595854,29.988140678853153,
1.38,21.594467096199129,10.684299944299610,18.239086459518852,28.280728062472861,,17.493294872758405,36.593851093984135,36.886313955965228,34.984579802882941,
1.384,24.112906567682348,12.085637525543850,20.357966124981537,31.355772625023686,,18.803802486774110,40.841345341501295,42.113591183817547,38.349653667244603,
1.388,24.637488946014031,12.332443721413131,21.700221479824652,33.361063109798344,,18.371838332429309,43.284521195019998,45.862525497775572,39.848652645822867,
1.392,23.558235933253812,11.842347845231991,21.923819723655065,33.575092878205965,,18.153080525718277,44.472941756272313,47.649549830980185,40.517956114859672,
1.396,22.868963511771341,11.631771221075384,22.044477591523869,33.555534220491154,,18.211815802526448,44.228151406947347,47.327143450430384,40.379314119124302,
1.4,22.760646867744526,11.618520042548877,22.261101477205756,33.758061061874827,,17.830509753288613,42.370747506112252,45.207383279241618,39.230142990005263,
1.404,22.413868634273818,11.222618902720990,21.931962523171801,33.699585648977035,,17.167832707997700,39.945763016914917,42.684978556708728,37.874433073641640,
1.408,21.930095788518287,10.569719777628128,21.188096373162466,33.561006812985063,,16.977485788348339,38.559347024915247,41.411605629159297,37.511328929980394,
1.412,21.969262176053562,10.245501453826225,20.801651744562893,33.846259770825874,,17.342694446573557,38.358330354044476,41.445541223035335,38.143791285287151,
1.416,22.486358124706143,10.272063483081313,20.817869926646402,34.421610489471391,,17.600797336569343,38.193853588642519,41.623177986275131,38.798321096799299,
1.42,23.136924063376465,10.373799017156893,20.929504620207382,35.088905464989679,,17.500524023794664,37.525575252420211,41.297539381437517,38.990824648637904,
1.424,23.934767273201011,10.629398368342382,21.249991543486317,35.961844720740785,,17.304813841915408,36.696557533219959,40.745428472448694,38.980860176917965,
1.428,24.887437148891873,11.132438631680447,21.893435243284909,36.998867462040195,,17.147562538040809,36.086481013104631,40.510445661977165,39.162088003205838,
1.432,25.838387056660043,11.677888759490804,22.583604242004171,38.008567309753190,,16.954360789776263,35.722926035093792,40.751631524720864,39.589544584698125,
1.436,26.810974277979536,12.126257493502731,23.125028329917999,39.038740219397745,,16.691266182679481,35.515608267138688,41.203654722994088,39.983162124518870,
1.44,27.972674444643317,12.601137722583301,23.651381623316055,40.237230415282575,,16.352178658425530,35.274611541935315,41.435280212431493,40.075264860359844,
1.444,29.195488979507427,13.158712600240511,24.261716802449847,41.447434940568655,,15.902718189311564,34.787211351053116,41.165000863832518,39.761509590593015,
1.448,30.305415348535899,13.729851894654448,24.972320170547370,42.562779700983484,,15.365295118863852,34.125761225362240,40.527589564379248,39.108842279883234,
1.452,31.243132751968961,14.251830639850088,25.731543680804712,43.603796697812953,,14.798587213210421,33.422830318612924,39.761603028985419,38.199526219016796,
1.456,31.854058216513241,14.641680912839844,26.339946369669267,44.388012758605576,,14.248967733043358,32.724181836284387,38.990799712247586,37.150122765110055,
1.46,32.063698625227360,14.814076764859150,26.671436742451050,44.790054697530394,,13.746229432677058,32.137271751296403,38.350068365450738,36.252617671681989,
1.464,31.903128278903530,14.704530108066800,26.740090043713035,44.869237620222478,,13.286826118742143,31.660004017462082,37.829565429094764,35.595120862621926,
1.468,31.486869799526371,14.369939137043460,26.636041779334104,44.768313352349523,,12.801524351836557,31.067793032561099,37.175160923709676,34.896687519920846,
1.472,30.976541094599881,13.963675530971875,26.445187436472654,44.592570209759508,,12.235706145463574,30.242377122955478,36.240833637060668,33.983989456361059,
1.4759000000059606,30.263246330594534,13.455134694089812,26.127261567507929,44.274842509392954,,11.689933587371673,29.384241105884445,35.281393641283799,33.073411379449183,
1.4799000000059606,29.194811688485103,12.756921069403122,25.640858493900893,43.720467190734304,,11.207941413485264,28.607903344309534,34.456436288735091,32.259019197639006,
1.4839000000059606,28.031468600707960,12.031691533865022,25.057017435940335,42.998346079547176,,10.720727986110296,27.861290101943492,33.665664131693831,31.455306989121375,
1.4879000000059606,26.870747423700504,11.301173609528485,24.299760063018205,42.040182060095319,,10.281294850694259,27.202302627747585,32.916256111579166,30.789614937407798,
1.4919000000059606,25.567800118743101,10.438062647673592,23.306606528838639,40.715368178563324,,9.951556610595537,26.627168600045884,32.256790282278416,30.344693311752714,
1.4959000000059606,24.299502365231291,9.594257071206219,22.316767479760017,39.293767069695221,,9.760071680484922,26.102131093895501,31.745947587435509,30.107291382979398,
1.4999000000059604,23.048260037399174,8.853569369538310,21.366654323906584,37.887749208055268,,9.777173401098791,25.756532936838617,31.469812433952253,30.089758742453512,
1.5039000000059604,21.655341113001921,8.137265695576339,20.381316074233631,36.417270360133706,,9.955247104613937,25.643759591586623,31.421019624292200,30.219848079663485,
1.5079000000059604,20.403018600849226,7.528157782867312,19.604744821420294,35.190066454515360,,10.166147704927395,25.663007119007368,31.542511871516133,30.477933800640916,
1.5119000000059604,19.523361496112049,7.101134347066703,19.167997497452671,34.395134561514411,,10.367504635749802,25.729584080497599,31.754169178335388,30.880613838383354,
1.516,18.829582559056082,6.764195888285858,18.919730319852878,33.836153424815009,,10.581522920369698,25.811503500579697,31.956584195669006,31.309128539680962,
1.52,18.138857280259501,6.449619975314046,18.740923921496321,33.350846488142054,,10.831488698088796,25.892036261861232,32.169409091902359,31.758260509989036,
1.524,17.555411611056169,6.207648544967568,18.594348153741631,32.938053922893559,,11.087008924625710,25.950240281527073,32.427654978218776,32.286584701857301,
1.528,17.062706936067265,6.016472488157135,18.396516102114145,32.496796583657876,,11.303417196180053,26.012064147764558,32.648432475002821,32.737857639421989,
1.532,16.528149921288986,5.827709462652270,18.117096606964189,31.916726382607365,,11.500931212381197,26.114735794095409,32.780417390305487,33.035169064571718,
1.536,16.038842864589739,5.695458278918665,17.859905866151227,31.350760462612023,,11.677474523718978,26.214371238822913,32.842600251885450,33.257721324000549,
1.54,15.647390013914984,5.606610607453724,17.674189087721153,30.917313537607122,,11.786551895130373,26.254808097192484,32.860223509780106,33.403009753803808,
1.544,15.324357745997027,5.499771004750390,17.519006561208204,30.555088511986845,,11.854191165814559,26.255682064616316,32.850716954706087,33.472665217780538,
1.548,15.099503536059153,5.385040986285426,17.375235860160153,30.237485781017124,,11.948633932056442,26.293524559641419,32.842584109018830,33.514076895892636,
1.552,14.953111587860160,5.320208143320755,17.292772531325191,30.014440995648346,,12.055190297158326,26.382401691509070,32.865242380299058,33.533398681955575,
1.556,14.839980739731852,5.355953158588699,17.292426108529774,29.907180663620004,,12.098342381284326,26.433816990132797,32.892250249925503,33.526307233350593,
1.56,14.765102613177998,5.431000409485112,17.306519180439501,29.861764261131171,,12.058817699720027,26.405861012110659,32.852767035575326,33.447348688135648,
1.564,14.736106062382369,5.450770059396129,17.312851615565727,29.818017355358151,,11.970746784635134,26.333357717033969,32.703378589214637,33.239104053710719,
1.568,14.778484358963754,5.433771040587933,17.319388850993565,29.754413498321668,,11.861877761237714,26.246695551629426,32.466953638756394,32.969025274713530,
1.572,14.864979772591672,5.436998954520169,17.293002334682271,29.664718449401182,,11.705979055374131,26.111143352855287,32.170143277172720,32.657396442400426,
1.576,14.910002715364852,5.465865983365701,17.185311375826625,29.555834317653726,,11.485645657772771,25.872953148363543,31.838467456400370,32.266326873544905,
1.58,14.949210740302091,5.470727294836993,16.987142112034860,29.424523893252015,,11.263923518180775,25.595502908676934,31.539970617673749,31.880563793906738,
1.584,15.027125904116311,5.422202189336696,16.770487832472242,29.268064945484365,,11.081430906681062,25.371743748579689,31.301965433414274,31.557479055392722,
1.588,15.075678068854742,5.368658788873358,16.591507838804521,29.106654721813975,,10.893090297391476,25.136100348683328,31.015954025390723,31.235861470798998,
1.592,15.057654116456785,5.331793009372951,16.401418660304284,28.933519438388117,,10.662271261988485,24.834156323086408,30.627237870347866,30.883719575068874,
1.596,15.007108691783758,5.272097938317280,16.168284618019790,28.745916755911647,,10.466191908917374,24.598951273852716,30.286556439813314,30.601491811446657,
1.6,14.944318360152359,5.182894041624013,15.974335503086994,28.573463031940392,,10.402100110518601,24.508165009428456,30.110528896541101,30.457810685530387,
1.604,14.849948139415972,5.099600266588985,15.845075047358561,28.426652042086772,,10.450075432975821,24.488673133898807,30.058345490955858,30.397582910109627,
1.608,14.691602074659221,5.042853823280095,15.685175575046127,28.252054326026240,,10.521480352503986,24.505904314086507,30.041962986459680,30.348438121806101,
1.612,14.466152894574495,4.978908440721259,15.459498352579438,27.984153726425337,,10.575177399733322,24.604898851886219,29.994760007772410,30.252972818858723,
1.616,14.261656403760174,4.873691868630299,15.229752431020648,27.648464380519016,,10.633209861193119,24.772146681836261,29.911000236075129,30.124303109311864,
1.62,14.104626884645702,4.743404919335980,14.987726316356660,27.217089638002452,,10.706561523491468,24.934905197364650,29.868563918819309,30.041099557025142,
1.624,13.895319999138684,4.624513587171941,14.687843180336380,26.655622567221737,,10.780489730133738,25.071305160206997,29.937282122130206,30.028102905236011,
1.628,13.623517123828902,4.548622858110195,14.389023294802300,26.115837867518955,,10.861367160923484,25.234566918860331,30.104267844743134,30.051972208535929,
1.632,13.341343170553703,4.495760972310134,14.144645634607976,25.656726242570432,,10.958384165595675,25.461761525552799,30.288595455852629,30.069699835189962,
1.636,13.077123136301113,4.431388943088008,13.935103345331283,25.200508380844280,,11.048034979038704,25.691542623742833,30.402380882328181,30.051882627194221,
1.64,12.860506955351790,4.383727361038540,13.734696305801300,24.766355195339095,,11.096965549300991,25.901759054004675,30.470699501383223,30.002606019373982,
1.644,12.679875835281141,4.390438713083738,13.543797152869002,24.382295856753611,,11.111527745836302,26.091892108691361,30.558590196142198,29.938300615172054,
1.648,12.501527389015953,4.427523876559895,13.381146297601836,23.951120923692194,,11.142249475427953,26.212830456388552,30.625149357323007,29.873178409149737,
1.652,12.329675987371008,4.464783049965132,13.240481067163687,23.441057477957116,,11.191931779978333,26.301807297047837,30.583731385075982,29.760189714907160,
1.656,12.193173711930500,4.505452725193361,13.091573054365146,23.006346830149923,,11.221924299698223,26.402630655755708,30.444503991312942,29.556420319999138,
1.66,12.090626078676259,4.549541269876778,12.930307145377423,22.671681979667696,,11.230205267418050,26.481193152294800,30.316285412579560,29.349443975549509,
1.664,12.013111710824532,4.603529870214423,12.804177995257277,22.337041405477933,,11.226198289778175,26.534646534941107,30.229707271195302,29.220522024023531,
1.668,11.969129351780563,4.661416038764738,12.742651961301146,22.037908250826767,,11.227294519373649,26.570688670614764,30.121829481509131,29.132011974109865,
1.672,11.962729359032885,4.726851842055344,12.693683636262682,21.824865673249235,,11.244172158518847,26.580017740666921,29.978065512537853,29.036781322715608,
1.676,11.987586321618368,4.812295926324349,12.614785014575091,21.642381120386823,,11.259400143642038,26.573048017441771,29.859570196120121,28.942168019935274,
1.68,12.017015670012107,4.877665149621389,12.521062812938743,21.450176573944109,,11.251915291416763,26.526386319882526,29.764177498597675,28.793620734824813,
1.684,12.035757112513574,4.894679207089634,12.418867309297866,21.257747293916342,,11.217225484241304,26.426342984016223,29.610941435630096,28.544135129418304,
1.688,12.071520871961294,4.904421496358312,12.302898649157330,21.048583250383803,,11.181728346967128,26.336919684768006,29.412534014532138,28.279870290024078,
1.692,12.128798715975229,4.943116435305990,12.177229662890015,20.817531562726867,,11.135065528066097,26.289033263792479,29.182569240612260,28.033185681870311,
1.696,12.155563570919348,4.982759108675813,12.052100292897563,20.608049514005103,,11.050106454399879,26.220464573733491,28.903586987255927,27.760206971328955,
1.7,12.145603175776531,4.983660339407262,11.878200057294302,20.380877385520616,,10.943745710771147,26.090735331742096,28.663205580016331,27.499199796657926,
1.704,12.128828237498729,4.934979774854419,11.617215830329052,20.057747888799192,,10.810386082326694,25.938337097214617,28.467402119383578,27.247182577026344,
1.708,12.104913927331475,4.860668024564966,11.358734333060569,19.715409980204086,,10.661224860152052,25.780543358686170,28.223022927493901,26.927350824433589,
1.712,12.031338325243970,4.796545522426995,11.119185489467208,19.401972617615872,,10.517498022537660,25.619865664790847,27.960861638840985,26.578973056864704,
1.716,11.853966432624073,4.726690077481742,10.819902130265788,19.059056763068629,,10.342539917562132,25.492496997772466,27.728239810309901,26.270783828365541,
1.72,11.618052374603256,4.635074079965297,10.497255209301116,18.677799478161351,,10.141943042874352,25.368871241250456,27.447063324846489,25.941210268839775,
1.724,11.392751716083328,4.555345214020049,10.236364305921441,18.252065619094047,,9.950055982085907,25.189971988151839,27.070257788449748,25.511758747126834,
1.728,11.137401600431863,4.483818225657052,9.983140805426071,17.747130254866384,,9.773730674557358,24.983875565715543,26.696975723633411,25.051391670797670,
1.732,10.809968016277926,4.395890798911276,9.635231361629447,17.169146308338185,,9.601839679778632,24.749054452000216,26.358586597301134,24.599390553139571,
1.736,10.471105971707242,4.304005377929288,9.269927937693062,16.605264552907062,,9.412359132733634,24.458193542111673,25.972991283457084,24.108338709181400,
1.74,10.117830318255479,4.181264581407080,8.949466371537913,16.051485679767591,,9.217897245372871,24.195126943401561,25.548574619666354,23.636726420010717,
1.744,9.704605125469488,4.008380984015730,8.618237881204951,15.426096634192614,,9.001331170644125,23.920285976172583,25.096637615884671,23.182344360108004,
1.748,9.315000351583816,3.859892896684861,8.308919770205254,14.795753230370783,,8.746728056814465,23.521151884335083,24.589536916873985,22.689385375614112,
1.752,8.943311218768930,3.758880493192292,8.024013234157612,14.195346351404172,,8.508358441045372,23.108551253685768,24.093202829125012,22.206438812756552,
1.7559000000059604,8.518137358523775,3.657448768924899,7.706236573929790,13.579593817842230,,8.316998358146337,22.763914693222553,23.659503537453197,21.744434508564574,
1.7599000000059604,8.120085722273286,3.536971649151367,7.400913872016837,13.001654059798874,,8.114670929800617,22.380117123047476,23.160659065610343,21.219086883790034,
1.7639000000059604,7.795789752794031,3.390100716880186,7.157369478055592,12.505564073349030,,7.857351976654175,21.904183722387039,22.511305573455981,20.616670842521216,
1.7679000000059604,7.440546478444622,3.221785550082260,6.893462446478221,11.968750920527814,,7.609840390012691,21.437020898088878,21.883564253076685,20.066299208151250,
1.7719000000059604,7.002976500366271,3.065544386090914,6.542315620378806,11.294335922365395,,7.349552045946750,20.965258363477691,21.312980869066898,19.543908138003509,
1.7759000000059604,6.587676582889518,2.952428125145668,6.186646487870275,10.628152780054620,,7.009117501654079,20.408538117904467,20.676202501358414,18.936160330780638,
1.7799000000059604,6.230247127131831,2.854116772484200,5.865548690962592,10.023119942032048,,6.687699557286169,19.869564356709841,20.057197120154104,18.348123473358395,
1.7839000000059604,5.871553582125109,2.730957612514033,5.543089934306685,9.422037285569555,,6.462327353661173,19.411161222588717,19.534446997003432,17.857985496951805,
1.7879000000059604,5.514341026383280,2.576282044307412,5.239209370278282,8.916213576174091,,6.241929929324167,18.906544573942121,18.993006777535371,17.340526779573619,
1.7919000000059604,5.152260119794541,2.402339442460303,4.974292698013727,8.443824485828127,,5.944131392662156,18.287408761893957,18.337790759727806,16.714189450563211,
1.796,4.784228228982383,2.239655300723550,4.731340517142673,7.861243421374695,,5.645328785550645,17.689054364531607,17.654535351968285,16.074677078114309,
1.8,4.488546507038468,2.113248024077210,4.479887594719152,7.276254284252857,,5.371984439059906,17.128166715086756,16.981315196594622,15.442414739517382,
1.804,4.285803181307759,2.031484759484247,4.221233227920775,6.825506348806895,,5.068206217285628,16.522608898172489,16.270894734834236,14.788857321305613,
1.808,4.053142409666169,1.956835051084319,3.937215640504130,6.446460980331326,,4.787461559962853,15.970587652113903,15.608131158543614,14.216168233844034,
1.812,3.716222539395182,1.856495554843705,3.610232092758066,6.017708659015390,,4.544682462746538,15.453791417684087,14.986680290115412,13.710438019946734,
1.816,3.375814031778403,1.763381264148816,3.324669757820063,5.577239462696983,,4.290730452979043,14.856776768745515,14.315259878245239,13.176482760539525,
1.82,3.112681568894134,1.676075351787047,3.118659269846580,5.171258297797065,,4.048073616187901,14.276987500367987,13.675214636008377,12.640368456204063,
1.824,2.904532064251722,1.567381091673042,2.934789378197686,4.767833221693761,,3.810172559108849,13.719071123501921,13.076012393625852,12.068630966094990,
1.828,2.736641913770103,1.473614461794418,2.760282043352994,4.417992533463099,,3.548858475729409,13.105880087142530,12.432980025303053,11.413121806956365,
1.832,2.579239097590384,1.421937309986686,2.598254937307097,4.118879232357483,,3.318832292901131,12.563625841149642,11.831347528565338,10.813499574666984,
1.836,2.399066172470760,1.379482654990673,2.426852730879998,3.810917090647163,,3.151977978986915,12.150337073180751,11.346854199977727,10.380244737992518,
1.84,2.218823996694396,1.309790798804311,2.243446601387195,3.543974074526064,,2.970260498068281,11.698064337255961,10.860570233746177,9.997345718990129,
1.844,2.054887407132658,1.236561445147528,2.072858513188594,3.352579016890628,,2.735546430535839,11.115236882358502,10.283175480090733,9.552705683155713,
1.848,1.900180557478955,1.197877085233343,1.944342225945980,3.191015794910070,,2.542071917534347,10.568671170922467,9.738119723064113,9.104205846891759,
1.852,1.759260382608766,1.173148735476181,1.851867924118667,3.021850469286445,,2.390911085947817,10.139104744985843,9.280947702056404,8.681480011664089,
1.856,1.650626262197555,1.122816304642512,1.788646271131848,2.831444423996882,,2.215153576899600,9.747837756415443,8.824985081533303,8.258620943165740,
1.86,1.577525731303649,1.063968436744567,1.749483000182490,2.635489361911294,,2.061369725478208,9.402374350203967,8.407819608685658,7.876708711317878,
1.864,1.517919265149940,1.053302599898365,1.700402593433032,2.454025297594016,,1.946832232299222,9.062286764472143,8.047728415508351,7.544308742227171,
1.868,1.465077885845173,1.072883664079051,1.629131324990762,2.325851060408461,,1.846835446864011,8.672856864951150,7.678579499159911,7.220988769659254,
1.872,1.421609577273148,1.055081726831134,1.553797293190744,2.262433770957752,,1.763397621431963,8.314692706024470,7.353850515122670,6.922487857839512,
1.876,1.372347143417378,1.005939684616507,1.495682215532883,2.204068578373742,,1.678761378318443,8.037449488038812,7.126422809928297,6.688874404560560,
1.88,1.316418087639885,0.981147352360146,1.465213021714602,2.151808549986070,,1.580284792770151,7.812337488874457,6.912598756736299,6.498278793743472,
1.884,1.298436021223585,0.984494971925485,1.473450587864704,2.134682016754586,,1.493154333356181,7.618693979200465,6.651899051657242,6.307590963974819,
1.888,1.314621686040689,0.991210177662748,1.486219815035852,2.109949772138889,,1.447733672786819,7.465913815747617,6.428496596468905,6.152903652034981,
1.892,1.300429061965413,1.001239442540594,1.445108271978323,2.054934700367201,,1.423170585687058,7.337927977133500,6.288317028947209,6.054999964591444,
1.896,1.258012291219751,1.006830045048573,1.397060981319151,2.005152289810848,,1.380283400196050,7.198921591043010,6.159951316482239,5.956754376212746,
1.9,1.231238914802306,1.000079849602397,1.381201631156490,1.985700124628571,,1.324974602434034,7.075293502230823,6.027447539514986,5.854610052527852,
1.904,1.228946736937053,1.009018047035519,1.355689713853303,2.007587499675617,,1.303413083352688,7.002005543796191,5.954793582446047,5.798419456004208,
1.908,1.246098789823771,1.055048263412274,1.352645154622375,2.032919792288140,,1.343886909845680,6.993648799902695,5.965805158540725,5.811871436831087,
1.912,1.274193138912883,1.113412682115668,1.427721821349959,2.030631961337892,,1.400287473214770,7.059582834243433,6.002912598870417,5.866854827472125,
1.916,1.295233594646419,1.141023346447706,1.542166307956788,2.044092138221202,,1.432891355208221,7.171381883259064,6.033496867151301,5.912673237579856,
1.92,1.315006250327199,1.110913083896306,1.625897324126067,2.086146067380352,,1.456085950555987,7.258519054623099,6.103912057142765,5.964480735046877,
1.924,1.361072971071887,1.085666834237779,1.669714463899200,2.140590343989333,,1.494460284443258,7.322356773336606,6.245876073593513,6.036051662431767,
1.928,1.451675432843288,1.146162611393549,1.729904713267269,2.219762497268837,,1.579278003618729,7.425695391184451,6.403088525696753,6.108677095193598,
1.932,1.579758782539979,1.264561269576755,1.835205782632993,2.330724691818020,,1.690721411411762,7.553125629398711,6.547479597330108,6.219223393854490,
1.936,1.694885273841746,1.389514011666722,1.937639255160277,2.429465299547291,,1.772172277406600,7.674614144345622,6.712167244481824,6.381854420447979,
1.94,1.773183632434967,1.504336483901352,2.018526022944200,2.499188381514961,,1.805724287153016,7.801340503212574,6.879016837394067,6.556652504636892,
1.944,1.844703161584952,1.593312269454977,2.103714342931754,2.582909882975775,,1.832313738845929,7.974295231208902,7.041033609535535,6.707160369067111,
1.948,1.920137378047321,1.645412484178107,2.187198495813058,2.676740782433640,,1.904076690245033,8.204188050137128,7.228506709231718,6.840720856703987,
1.952,2.017169684296901,1.688470835393803,2.285483546142433,2.785303949246274,,2.006545672864497,8.423468832010363,7.410342324880236,7.010964410482465,
1.956,2.155585428765467,1.780808570494728,2.441681378472270,2.939121377173480,,2.113631018073660,8.612055884437117,7.549796368352970,7.225488748899799,
1.96,2.308382125542725,1.922157259775603,2.625182952016320,3.109225868306063,,2.227274826334454,8.830880906408005,7.704718308347697,7.469591695600795,
1.964,2.463678115435860,2.049897078006193,2.748620381182927,3.263606644472791,,2.354314851972768,9.113938849525782,7.929492194384565,7.750159437606205,
1.968,2.636615950588849,2.131629431971894,2.840807819887106,3.417752722520242,,2.495765540993465,9.425659073934378,8.193026358330984,8.036905750442934,
1.972,2.803157882986605,2.182661442201717,3.000373524213525,3.599803096315445,,2.649620236576264,9.756478498573426,8.511799473758089,8.313031387892503,
1.976,2.944199284499925,2.245453445019550,3.198099620014683,3.805536489291272,,2.810795936677641,10.124474120218082,8.886811754963233,8.589748059569615,
1.98,3.116335426829315,2.357865471818949,3.373717631456054,4.024494128873677,,2.949265426007305,10.503133409916302,9.183740800259315,8.832615947661225,
1.984,3.351248188694336,2.499795258723823,3.525938538082707,4.254255366368907,,3.103261874856210,10.911868653217470,9.447064627131601,9.079429358095616,
1.988,3.578224907045674,2.627775307070987,3.655147093393515,4.487080938993139,,3.328445332270193,11.375723964233316,9.837350710168767,9.413494891019042,
1.992,3.794311079941076,2.764347980001385,3.810910032956244,4.746467581213204,,3.546663845331997,11.811722149221058,10.257997973926523,9.769134103040404,
1.996,4.074219762094492,2.935075402964437,4.018888449028566,5.047666058581383,,3.689012929374801,12.146281085522229,10.578580668513622,10.047569725673505,
2,4.381308884305727,3.094803705301712,4.206216599295919,5.360419991796008,,3.814468785234022,12.477724458719420,10.894246296192211,10.296546601289547,
2.004,4.653708868800202,3.208793696016763,4.358490356522302,5.663760211472208,,3.999294777147743,12.925674113724394,11.271183686590923,10.586068489908243,
2.008,4.935368036838680,3.307537774476004,4.553082294854026,6.000500666498184,,4.226912211344756,13.399451661167722,11.599060831996546,10.848393570567078,
2.012,5.267557681031319,3.440482550514332,4.800844848628138,6.411867998046798,,4.474503708524715,13.833553380790859,11.900704609298682,11.108973580575226,
2.016,5.605399875572424,3.580173255083753,5.016852790016603,6.823405643742262,,4.746770002759251,14.280162397205366,12.276461832409717,11.475278347232639,
2.02,5.966868265361786,3.717631312409915,5.195509975801771,7.213216433494700,,4.984939983005348,14.700905279147907,12.650580814813903,11.849694140867175,
2.024,6.392560220864063,3.926577883566503,5.397256519967223,7.622358645982735,,5.196381891006533,15.113985228514885,12.983467057805417,12.150671937443013,
2.028,6.818232673954341,4.180275808953566,5.604823179076815,7.981275710811248,,5.442434296046328,15.600153237516132,13.341053342386070,12.440373221506919,
2.032,7.372037112000585,4.429866984069055,5.792946780789186,8.348209316414257,,5.681165112494638,16.108839311577185,13.700043991862838,12.711381361241122,
2.036,8.225355438964900,4.715538033436022,5.961140847017944,8.877454910167486,,5.869657524935179,16.551812991408163,13.972382188015532,12.919893988174314,
2.04,9.192375084215026,5.031223794746900,6.086444804960385,9.514100978034694,,6.085572712793962,16.951733972431917,14.189373534627180,13.121287507085015,
2.044,10.080385366297101,5.329205294168126,6.174432613918158,10.132714761294332,,6.389312887590883,17.369207000907359,14.446094498329845,13.356496145757394,
2.048,11.079979554607744,5.669373305494600,6.283491529484856,10.786730822686208,,6.691549854332782,17.773781295876400,14.692246563849743,13.544576933259943,
2.052,12.372278698292853,6.131608807446158,6.454753380677126,11.549517817466935,,6.986792622915726,18.214042261200980,14.898436680875772,13.712985878738811,
2.056,13.703351181724219,6.630803852151893,6.655297967244298,12.298934017710279,,7.396828578161195,18.774039093013627,15.110861409143222,13.979395393676675,
2.06,14.966219872538824,7.116522196170834,6.853131960342323,13.024171381661416,,7.944504173391113,19.381849542993482,15.260058858309041,14.305753711045512,
2.064,16.297711155604361,7.641777123455645,7.038556492809233,13.821310951221507,,8.728785639889688,20.102938667720995,15.358331164189671,14.704260914589772,
2.068,17.555108248479360,8.167520103920587,7.167724623465030,14.572616398578411,,9.787094573640458,21.017471536732142,15.509471335644822,15.214929589958079,
2.072,18.771950286501237,8.658704564822632,7.256244844971256,15.226210707440240,,10.813724393512031,21.917375672553099,15.681125385357642,15.689961271758627,
2.076,20.092995691250469,9.124039492242749,7.351930243445927,15.844924556843896,,11.626853914295019,22.668776831194808,15.826209433728021,16.055271811498976,
2.08,21.257478345374881,9.523851062654543,7.438176404031764,16.346438210138771,,12.424990146637118,23.401247163224006,15.955725806385292,16.414928781367312,
2.084,22.107425648214225,9.851531449219030,7.516710802493096,16.694863972613387,,13.349039157916106,24.190763379173909,16.055139432328655,16.803528620424885,
2.088,22.826793156760530,10.182524209883047,7.618996107381458,16.988801180693009,,14.189302026746628,24.877621265819666,16.137757060364734,17.111926483586235,
2.092,23.490526590498664,10.526912824188337,7.718911073607528,17.265436009215392,,14.814990552887057,25.356419016365567,16.196495066100951,17.311644954380551,
2.096,23.939306205822511,10.775225991947895,7.761817190417839,17.462754264212716,,15.313720958141626,25.670224076495636,16.169498477623851,17.484155163761411,
2.1,24.110190498789365,10.882061279212902,7.766208874612873,17.502670266436212,,15.657468933041947,25.830746058600187,16.076266807888711,17.608426536449016,
2.104,24.087627230890210,10.901630480718433,7.770726415017389,17.358252905723532,,15.818368949845427,25.849916432305594,15.939131183592085,17.613248858349014,
2.108,23.931237990170509,10.880582151611975,7.748202615089644,17.097273684535594,,15.839047200730205,25.764766266995945,15.743690809287774,17.493734200552318,
2.112,23.632038974636714,10.801802638239481,7.681007378262847,16.799887636129615,,15.731603654448328,25.596586857891356,15.514000613313687,17.304899265532519,
2.116,23.165758112509451,10.643409226846805,7.593176417295712,16.483218816364847,,15.542402427718487,25.330182853012481,15.281709286395717,17.121716994430500,
2.12,22.626209606455230,10.455034238497227,7.510994838990413,16.148756671090794,,15.262575645180105,24.939952290206087,15.037980093276179,16.907487924130898,
2.124,22.113215889074752,10.276959052707802,7.468356988447941,15.811276151817768,,14.838236218609550,24.472587070185266,14.754532345087725,16.592273491838881,
2.128,21.531973093364023,10.093716610459930,7.449805379701671,15.431818710882535,,14.372771655469668,24.033942580978032,14.478264673447947,16.218217102115812,
2.132,20.790579835496093,9.894756886877321,7.403377733074622,14.976836550655358,,13.877686058853357,23.545867270127928,14.201762253037485,15.776703073487443,
2.136,20.058072799101605,9.698314318625178,7.352782424161196,14.547827289141544,,13.271445256961316,22.880032194338440,13.860340425525370,15.249692325587279,
2.14,19.398610294072540,9.476157232960809,7.305459991828169,14.185690565690006,,12.673328360625469,22.169776927193734,13.517100284621892,14.766622293913352,
2.144,18.720377367336379,9.214991021608164,7.238717459782599,13.855368280041660,,12.084508113483631,21.506785575730593,13.197425502310670,14.344380905681465,
2.148,18.104187945303480,8.984064510133280,7.199638813971054,13.589087717610122,,11.410477993858379,20.846802592329933,12.856619567998118,13.885032751179331,
2.152,17.539737283325781,8.768620363947573,7.207628193309211,13.360682127908573,,10.773600894919801,20.233696348179386,12.531868687028453,13.460349084405346,
2.156,16.939507081749355,8.516746891378688,7.226324237789813,13.141879348637087,,10.273215757431668,19.712230984746135,12.256797752320503,13.135457725120634,
2.16,16.401214341894196,8.288620002489917,7.237959709768888,12.985617006650395,,9.815605617597699,19.174099569912940,11.992196584164089,12.798626131348719,
2.164,16.001327724940897,8.121234648982483,7.272386979762854,12.898039265577939,,9.318858222464542,18.543091845984776,11.699209165751011,12.387350440324873,
2.168,15.626800166091469,7.939324690964465,7.333406393152104,12.825677673667260,,8.873675350488853,17.981373756917698,11.405514392326625,12.026449299906012,
2.172,15.173640107156313,7.701816738485023,7.375042895572637,12.752295349852353,,8.497471520396509,17.525936274893056,11.117605941936979,11.755190007930223,
2.176,14.720829393883943,7.472598482864357,7.381635599485870,12.698270367172322,,8.129425010906544,17.046585663575140,10.833978284657501,11.483549148510001,
2.18,14.318163246833448,7.320730513434833,7.389369062663503,12.623282023226711,,7.820367445634844,16.588498087544952,10.607222745219101,11.217473890467874,
2.184,13.928044922964014,7.243817202307960,7.434924075419478,12.501466708295467,,7.567491165295186,16.200843425179787,10.437429276917296,10.970074263964182,
2.188,13.614289098177956,7.171704299092629,7.487159446155378,12.401475243402487,,7.332220283879771,15.872914262717600,10.279920265332834,10.747711699519225,
2.192,13.378073127505578,7.065447860183239,7.532077824072386,12.329805163012770,,7.147311097317375,15.649890975699201,10.127886890850615,10.613161641368725,
2.196,13.135481644839478,6.938553511118904,7.595564358314531,12.274245757748503,,7.021317204713156,15.501990285333344,10.016092172928168,10.587455433754275,
2.2,12.931010500488718,6.806861829400803,7.653229164960800,12.289473893963905,,6.906266009168570,15.331943113455447,9.945805293546545,10.571633499739725,
2.204,12.787440300754390,6.706397844258400,7.675545745101575,12.351635508899429,,6.780455585661652,15.142071701846803,9.891071483043451,10.494291311835914,
2.208,12.633237977130008,6.639578343037970,7.711198741636896,12.374009957549035,,6.655048346339187,15.027073286280427,9.876544295642304,10.438634997219443,
2.212,12.480800495300510,6.588731221234581,7.796193329162010,12.358207433855030,,6.560631192856824,14.971910723841978,9.885662656322914,10.436607886436150,
2.216,12.398082707364878,6.572879236152616,7.871540169198585,12.382778045730070,,6.513930390562724,14.888673371855548,9.872041951675959,10.443440677321719,
2.22,12.352099061232368,6.571213118540439,7.933793001156710,12.458044194967925,,6.467771718567257,14.791099972059015,9.840302125026962,10.455809485056495,
2.224,12.281416240955638,6.553236160324512,8.023023996306916,12.518546599346761,,6.436146293249671,14.699911666290529,9.803317516790745,10.442209020253800,
2.228,12.209539037304038,6.548806521455672,8.094389146888041,12.552485288148368,,6.465526453089710,14.612395646321970,9.772057016756145,10.386584124822271,
2.232,12.170105565147306,6.570725710752943,8.143618402567656,12.614681106446717,,6.487381077382095,14.559486324144387,9.745781926914651,10.339678480181325,
2.236,12.161935931637103,6.595078144484009,8.209739967590865,12.728845419715144,,6.436899024194387,14.541147285613075,9.733170972860023,10.363315037094729,
2.24,12.191337325137679,6.614218319651004,8.269694164154199,12.841150078552161,,6.342519915244920,14.512079174670895,9.761390836973781,10.433806430232718,
2.244,12.277550606834419,6.636268575671536,8.321791567368258,12.899963281756548,,6.250459573782924,14.459188933125999,9.824901505016719,10.467425221682038,
2.248,12.385191850434008,6.665451231757143,8.370685659979880,12.958814087646363,,6.179526567452750,14.406568129874875,9.883510055715295,10.468259158332607,
2.252,12.456142253854793,6.691158445624568,8.406462697384221,13.082066736374539,,6.131708187633294,14.376874173744694,9.940994566498471,10.471675746393357,
2.256,12.504719027210568,6.705373049206342,8.462085649397414,13.210210967233756,,6.115316503119612,14.383147015344228,10.031110606650607,10.480262490152548,
2.26,12.561783659301565,6.743193852212694,8.543784692241044,13.302711224267640,,6.116600133401695,14.403749257578919,10.133385627831675,10.503413031702509,
2.264,12.630671377257347,6.815220889268404,8.595246089325002,13.405472735958504,,6.103783543134993,14.431059779908884,10.202983841346454,10.550078003947965,
2.268,12.746342127471229,6.867975346131409,8.592824303130801,13.506720225199469,,6.083440514358985,14.475215495294940,10.226983345870941,10.608847378830379,
2.272,12.926229212997130,6.903070504151026,8.595689288431160,13.618008539770809,,6.070794359448374,14.539854474774943,10.238764176707379,10.683650046044407,
2.276,13.106326788358693,6.955985922764238,8.649221539163776,13.762308668013624,,6.061101701670284,14.618832719978041,10.295909940307066,10.774672412473169,
2.28,13.221347138044095,7.033257639602520,8.717283160943371,13.873294963408505,,6.065544085573909,14.653925867783443,10.408380766185577,10.836357149176738,
2.284,13.286874804854680,7.117164498240892,8.761625225696514,13.964166329876889,,6.074568342953039,14.642247907787100,10.503845745996180,10.854741687918544,
2.288,13.387787427933599,7.176815973106722,8.790565036330545,14.080867956661837,,6.041626823692948,14.642905900859123,10.538343068550667,10.870077672701040,
2.292,13.572644704712841,7.231667262574622,8.817169340319554,14.196159058289563,,6.010692610871201,14.661142620575301,10.595443915569748,10.906197950740060,
2.296,13.787286235702911,7.294197820925594,8.840065962463621,14.300772219839724,,6.050184543693298,14.700941920114962,10.728792236001539,10.949285601105567,
2.3,13.970808347494842,7.350379739352717,8.856707813244752,14.406558671325772,,6.111415609647048,14.758732355617269,10.828315990568985,10.999458169502848,
2.304,14.129578695658717,7.405870485908719,8.871695065102115,14.518334286415397,,6.139002869418455,14.815131932473335,10.862614263127879,11.065821248264900,
2.308,14.283552220091265,7.436529690154972,8.902927884878864,14.620584120034858,,6.139906599632552,14.874048000600743,10.925494327239852,11.129953985402993,
2.312,14.455401636064762,7.456150200907977,8.947049970126795,14.714952945173856,,6.141041107865505,14.916100298200591,10.981694314973373,11.185459019776602,
2.316,14.642790312225561,7.516881319906031,8.971208825916211,14.824692774033188,,6.174338128231883,14.951735536541516,10.974433654434659,11.252533817870253,
2.32,14.788685215079921,7.584564151355822,8.979796439434296,14.951160061966046,,6.265090031133552,15.010442069511898,10.953957860026396,11.331306601014948,
2.324,14.907020560028689,7.593469896471907,9.005795547748994,15.064460203150023,,6.387326729820373,15.080748183295915,10.971378990632257,11.414680768890831,
2.328,15.083803396268511,7.587934187723254,9.037424302236980,15.156738082861484,,6.478090395784930,15.177075688346843,11.024911290136934,11.486398614825735,
2.332,15.309112882681205,7.661397563373365,9.037080589020690,15.257554895906868,,6.528514692709837,15.274727629332018,11.095148730838481,11.533224490649317,
2.336,15.503193346110866,7.787896651326695,9.022758502406131,15.350926241371067,,6.577838330566070,15.338840693420613,11.185229337179498,11.602651455247637,
2.34,15.676829797152909,7.893090027920948,9.048861569531002,15.445251256128913,,6.651112724687007,15.401020679644807,11.274876229947342,11.699915002337661,
2.344,15.866407724944031,7.950165787617875,9.117724066088865,15.587994368972550,,6.739326520143413,15.469241462790343,11.336957953954627,11.774336246133458,
2.348,16.037932124322896,7.966026163240073,9.189707858998709,15.750545756693409,,6.823829320630896,15.536335309482112,11.380894408274916,11.833816637382068,
2.352,16.170243176499049,7.982614651453927,9.261674562395781,15.896151899993145,,6.890410599197942,15.613121834916804,11.413560563742740,11.897060446886789,
2.356,16.265643950885011,8.038247026427285,9.356216218504848,16.020558818174486,,6.913172243618412,15.701017380950567,11.441389163291415,11.939029876633732,
2.36,16.318672255612512,8.109404248987499,9.440314679100435,16.103028997844650,,6.905443567894744,15.786365752704146,11.492740769876088,11.959033905419842,
2.364,16.342676683036984,8.139753449438405,9.456037336965878,16.165078415518451,,6.917277891713086,15.836221133706092,11.554038170254287,11.973869152450121,
2.368,16.360432953706258,8.139812022515372,9.431614658842955,16.245513060085980,,6.957121740858354,15.831698412264037,11.582963479625789,11.985935387938593,
2.372,16.347363635554668,8.159667631694676,9.425576209228151,16.312891767834579,,7.002784648029759,15.804262064409945,11.620656436605302,12.022174590971836,
2.376,16.276070472988501,8.191246156942238,9.426020566919719,16.317940918799447,,7.035122992764864,15.776226517577980,11.710309742848102,12.074765114748338,
2.38,16.205501194968814,8.175250946629998,9.415997572337524,16.267851703244489,,7.039674138185033,15.767191351221436,11.776839844141357,12.082133978942711,
2.384,16.152972000870196,8.096845983673788,9.420464102046180,16.208205233346717,,7.002561761149158,15.774059796554893,11.775365736950473,12.050919498925460,
2.388,16.051694122622646,8.010505240042608,9.439658581208732,16.171658100500217,,6.931510559052191,15.758125782799905,11.759796684381048,12.024108616507466,
2.392,15.915075715883821,7.950685267656781,9.446999387166459,16.121683047888478,,6.851119580144434,15.719108377796534,11.744435063863493,11.988162891966365,
2.396,15.782244156914272,7.920031525998759,9.431491535690830,16.016161558986948,,6.769278338311303,15.678086212307708,11.709262950067671,11.959902353146255,
2.4,15.633640366161398,7.888074389878843,9.403506953493920,15.918363240180238,,6.702982031721506,15.640561552295891,11.666371589233016,11.963976946104555,
2.404,15.492511702437614,7.817882088158598,9.404348024623292,15.886728745707497,,6.650165862929623,15.589460584422934,11.643298933916883,11.971377685471190,
2.408,15.381055744778953,7.741916547353241,9.437931574421263,15.870775125145522,,6.580728785288567,15.518075327390685,11.652409638017762,11.982157550872563,
2.412,15.254763333662490,7.706673037909390,9.444608513468738,15.825865581738279,,6.511986362507982,15.423227896325702,11.665978438565688,11.998527937328664,
2.416,15.128619857447635,7.716359636084420,9.411342023234651,15.782382061637179,,6.477113428379165,15.305495412061820,11.635925354138225,11.983623492217829,
2.42,15.032892902919190,7.709722741120904,9.395262833323104,15.753146977432607,,6.444338144706814,15.210328464019101,11.576465004479191,11.957877827934336,
2.424,14.936574886830160,7.641119297945751,9.434542830618854,15.728472579445160,,6.375692641384271,15.182767322999707,11.545940170375184,11.945000605035958,
2.428,14.837929933819556,7.559478709585895,9.498068018579172,15.721098595949394,,6.321575415100467,15.185950373570751,11.544752180851976,11.904815223250283,
2.432,14.750584334360266,7.491124579596439,9.527473222163428,15.707502025264169,,6.321916748748157,15.143774277674400,11.528246750759468,11.855363091145009,
2.436,14.666846283640389,7.425587760818930,9.510631079548094,15.651213759769520,,6.297714851777599,15.075783345271148,11.492524822111246,11.843450506286548,
2.44,14.600294860112351,7.367740634899588,9.460406964291522,15.583469703129710,,6.210077644542976,15.021693087714791,11.474681640211799,11.855942775894562,
2.444,14.575416210586450,7.329466412136596,9.387889630053159,15.542771306524436,,6.119523991167922,14.972543151424652,11.478848949037381,11.853114207062452,
2.448,14.533470027580742,7.326565489119847,9.335862920081251,15.527334163374725,,6.052649065949585,14.932268008208299,11.465085966349072,11.819796704446865,
2.452,14.427906946661906,7.338051414979967,9.325491076033384,15.545757474992017,,6.009098928887168,14.857414208358081,11.419567251770625,11.786984699414287,
2.456,14.351680517333811,7.341573762613046,9.320943046310113,15.581235492625451,,5.993570757389773,14.729949477557920,11.380573661540655,11.766187690445074,
2.46,14.338370161097274,7.308888397351690,9.321004024348630,15.578513434040058,,5.991805751714910,14.639589645245989,11.355531291291371,11.725318933355041,
2.464,14.316893977237038,7.228503844945259,9.355169660732964,15.537245481583373,,5.975963691664280,14.638072749937749,11.310683126765507,11.670323525058190,
2.468,14.305516533015403,7.180143429648195,9.380713516976627,15.505024255780839,,5.961865135820926,14.654718533186035,11.260335592271707,11.633160888259795,
2.472,14.334644863751366,7.187563290762427,9.357927782433197,15.509228236469221,,5.962701916993652,14.591279086216701,11.242769708375363,11.615531671813349,
2.4759000000059603,14.353314074900403,7.190332381629442,9.318106113300175,15.521796121347304,,5.942897844107411,14.475874367372782,11.238772250423226,11.594222723444926,
2.4799000000059603,14.323766166644990,7.175261531433399,9.268075284358668,15.500046512671315,,5.907227292042720,14.405220297079772,11.197039952311524,11.553441150015292,
2.4839000000059603,14.263890397001443,7.155324304872738,9.200630412537183,15.466291354125872,,5.872725141298575,14.390336031650730,11.105295687243862,11.508759757221078,
2.4879000000059603,14.273213294273484,7.144593096808505,9.163109498485788,15.463669838129150,,5.833569105383319,14.391026135634002,11.019944872458767,11.477712452537943,
2.4919000000059603,14.383745473112389,7.153938470132196,9.166373275202130,15.480730462604784,,5.804153591856126,14.374254982715357,10.975268707556349,11.462052276811436,
2.4959000000059604,14.467367439121126,7.172843724308875,9.144833547539186,15.498327897445945,,5.790540592116915,14.353325219971321,10.939568548314409,11.457479799667464,
2.4999000000059604,14.497200890090536,7.192033930863124,9.115180590320350,15.517600881092541,,5.772928132720542,14.370401390657204,10.909844437872399,11.452389630494171,
2.5039000000059604,14.567994220205559,7.215292584566525,9.131848805234300,15.526188272222038,,5.769354713423694,14.392262066514888,10.923176194289201,11.421712567398817,
2.5079000000059604,14.685738421853220,7.250757856742532,9.147859452463877,15.536567240410459,,5.818140858002510,14.382178362218159,10.983690668909190,11.371233733454485,
2.5119000000059604,14.817714726242716,7.298433601617304,9.161329667123761,15.573879208868426,,5.899477135188963,14.389905296309488,11.040813437375839,11.353361432495216,
2.516,14.942758106030620,7.361412868987832,9.198484808437463,15.622865765562491,,5.974460707794096,14.442399427058733,11.067418579221485,11.381462745992092,
2.52,15.016796628001488,7.426268154972408,9.203197433896408,15.667582728210633,,6.007175726005956,14.522467818027735,11.072407199416574,11.418231757782953,
2.524,15.052058421674156,7.467414757881175,9.196803524391539,15.726713672344886,,5.991310188417891,14.609657563879791,11.046172111706509,11.449654984130186,
2.528,15.109880750351898,7.487189067490889,9.232182692541134,15.810527729291092,,5.981237177721798,14.669812608948448,11.004593026054847,11.466288035893307,
2.532,15.201274735514428,7.490158897320903,9.267459009872924,15.902395031262337,,6.012921002281757,14.701458893051788,11.014267730580769,11.466019740737043,
2.536,15.296578499260004,7.491378818858930,9.260972335427113,15.979723107017136,,6.074131266178679,14.719054293019994,11.075343589010799,11.473790048889931,
2.54,15.366100963035095,7.529335797872875,9.221615992681711,16.033442287571599,,6.140734416348975,14.725016431787928,11.127032464030775,11.492590582658876,
2.544,15.405321733915658,7.586084143483138,9.198044013430581,16.072909060758835,,6.168818984539765,14.751683096698160,11.155450148261405,11.520337762443631,
2.548,15.439210903654370,7.602949571372966,9.224054030523220,16.078467400021115,,6.143420754303573,14.805917287822083,11.164654476999528,11.545166868141846,
2.552,15.473406215840644,7.598600819459572,9.253363372198862,16.034024826194496,,6.134379994501090,14.844410085735742,11.139234089648728,11.552306160624362,
2.556,15.516417711735897,7.617019383502049,9.244040655860843,15.982684053920131,,6.193741664018477,14.849970403018034,11.101016591292710,11.547104558425575,
2.56,15.585112550894713,7.645442474760511,9.212122029144325,15.958675018227243,,6.269614815567341,14.877389934315932,11.096171299316561,11.562371210335110,
2.564,15.640477098224654,7.669479089356317,9.172293871407039,15.942597036825216,,6.321175817711503,14.952165806739590,11.100238685354498,11.633204652688086,
2.568,15.636752746373457,7.675480916075912,9.134649242266043,15.932173515203049,,6.380313223155640,15.001628802797086,11.091776457556811,11.708772722101791,
2.572,15.605747106616034,7.654341646476517,9.104079655726091,15.951177154432742,,6.463133855253741,15.006502920158361,11.088218183778665,11.716268674479686,
2.576,15.603725844686830,7.633126895813044,9.085468798258523,15.969177787993919,,6.542142686813214,15.005296848875165,11.086371322070489,11.674557076479767,
2.58,15.616044857532556,7.620972885934593,9.059651274392950,15.948877297003374,,6.548057098858063,15.011429743797756,11.083760590775821,11.634119191797510,
2.584,15.613827432556974,7.604623129072907,9.025130775198981,15.904525835186771,,6.497994707314357,15.019811007696728,11.081599927510318,11.630992756790153,
2.588,15.616020233336860,7.588068644415469,9.026449241702027,15.853319258728988,,6.510940391125455,15.034025867600437,11.072357495347749,11.692367483234893,
2.592,15.619173378911828,7.571698075538947,9.034828628710391,15.811262402021590,,6.608690709529384,15.071469862392462,11.057099482099767,11.752623963331597,
2.596,15.591181824768015,7.550343554546698,9.003786318642179,15.788731331368778,,6.704036301089667,15.097576645266301,11.056112181190802,11.754568577676039,
2.6,15.529095644506071,7.542582854196515,8.951331737108031,15.757512725438190,,6.746080177955079,15.086215608898950,11.043414478185817,11.746916672209744,
2.604,15.480181064002135,7.555395419745604,8.898784167353218,15.701721623274191,,6.775479718753774,15.071701583658173,11.007094545993585,11.755915618717891,
2.608,15.483125758211854,7.553161300339400,8.868819757536901,15.637969333666955,,6.825619056553194,15.073511282221972,11.022291907783949,11.763892785133091,
2.612,15.510931119409012,7.529769471620368,8.862751415074920,15.588441454117707,,6.874400904953745,15.100590474807383,11.068385474070070,11.768451579922315,
2.616,15.530411988327575,7.526119695926242,8.838364455459212,15.573393909344466,,6.887910731285713,15.134788518651808,11.063194816572516,11.783924257259418,
2.62,15.556883824389953,7.540887393037055,8.778836608586790,15.574661039338039,,6.873774565940320,15.135127886661170,11.036144648473442,11.802691401803065,
2.624,15.608854385510400,7.541410860946928,8.713916207387253,15.563317765715615,,6.865087452186527,15.133491922202818,11.007100938439912,11.790404645095130,
2.628,15.665295145510576,7.520435507640871,8.683806896301142,15.537372633381406,,6.860768613687116,15.170975003558603,10.961574756485922,11.745672298087950,
2.632,15.714344359722494,7.518982018014293,8.679768545748885,15.490641035610697,,6.863654979909929,15.199110193472775,10.933339462816129,11.722858165000090,
2.636,15.762384336666301,7.563559882084600,8.665235077296600,15.436525019648638,,6.897446461142988,15.172995708615415,10.931474968504762,11.746017090388085,
2.64,15.796855171220070,7.583528308076090,8.645765929640453,15.438824197167312,,6.949423353838529,15.152339405933269,10.930097293778232,11.786205850496497,
2.644,15.810817184043774,7.563324114244971,8.643108201375059,15.521806256042137,,6.975825787162287,15.184377401564443,10.918493220835243,11.815420131134363,
2.648,15.821557212830090,7.564552165885600,8.648603965082021,15.606350877106030,,6.959608076142118,15.203160554560188,10.904345045752152,11.804374967829826,
2.652,15.840740592672622,7.593019498150825,8.635846421747221,15.615074582682249,,6.938102908434193,15.166236395721560,10.884012369064720,11.779521856176910,
2.656,15.877612518184177,7.637501981135530,8.606912905703622,15.575045847565740,,6.935275847086913,15.117851545330476,10.845926605035705,11.775401923726802,
2.66,15.922642436464889,7.655691930698900,8.561681527662820,15.534515371880167,,6.915309276654282,15.075725532198907,10.810931358206496,11.753292333520394,
2.664,15.930086311054707,7.618789322579641,8.519564700872243,15.507671052224472,,6.885008647677612,15.033434259566032,10.799107842383718,11.705984134360001,
2.668,15.912882043211498,7.589784410834871,8.519396298623894,15.517656041065479,,6.884561984358978,15.016184499640444,10.814274792775059,11.668555276218047,
2.672,15.914620014360709,7.592850413179490,8.534512249298746,15.531821314185192,,6.891529452552978,15.029164328763990,10.848889935781004,11.664878753531926,
2.676,15.910589136099656,7.602465390679069,8.536503014055109,15.486921663363773,,6.874904323956795,15.043413691073832,10.870202411160115,11.680025759456255,
2.68,15.879668234369806,7.639976876554265,8.538234248629582,15.418285580320092,,6.856063775164828,15.046849968945741,10.839104591999771,11.665361691241449,
2.684,15.868176347170508,7.700836088669309,8.540700363840593,15.402406793290316,,6.853063587145503,15.052130804340173,10.755129770857456,11.600469379781943,
2.688,15.903942610989308,7.720919060611294,8.520948095017836,15.419065893705808,,6.848021666582257,15.051278147146677,10.687262230198398,11.506492857396324,
2.692,15.955889794023847,7.684453270187117,8.472110463125546,15.400974513874752,,6.827528868578457,15.019616100141807,10.651204904729150,11.422943310387385,
2.696,15.999400466725945,7.643813180347529,8.429384590601813,15.360007068288001,,6.786393994745193,14.971842874137215,10.604134072343168,11.381914545880697,
2.7,16.023564333049883,7.633565278600689,8.429029596927112,15.340765425407236,,6.722741475345332,14.937187535130727,10.556859832777404,11.388587603545371,
2.704,16.024907984776309,7.653039074627535,8.461940403664254,15.348974373684342,,6.673434372366897,14.912797736202929,10.501301211848521,11.408766926974998,
2.708,16.001857562253228,7.677925746991208,8.464965300261005,15.368800229926993,,6.686153922173495,14.881382775805813,10.455818725180812,11.391473155295172,
2.712,15.984659145198457,7.675106761978340,8.436100917756388,15.375395658289291,,6.737505099184670,14.838369377765179,10.472598149757280,11.331281566685897,
2.716,16.018528247315594,7.658857060902335,8.410319205645216,15.341123928947347,,6.772500635979359,14.824746192809778,10.497556590429745,11.282048091248777,
2.72,16.071056667117595,7.671303541046936,8.350449037659756,15.288027797403636,,6.777795750316859,14.861751325259295,10.459389359402241,11.291530073788039,
2.724,16.097793323957575,7.694178953276538,8.292470960451658,15.279192858540844,,6.767117621514703,14.891797246961099,10.375109130752593,11.331138014022404,
2.728,16.115583705784658,7.681252897186150,8.312684664481932,15.319135257940756,,6.755337321641772,14.883193849988707,10.287399767489280,11.328946206777825,
2.732,16.147261153773773,7.646584024224151,8.358149769786124,15.353361997745115,,6.769548844252447,14.859056639146559,10.218540475007227,11.272039869716670,
2.736,16.172707887953255,7.628163136445961,8.344453287131953,15.348522238474736,,6.813745907699635,14.848604380996562,10.189232338668164,11.209844344615751,
2.74,16.171971503449146,7.630153656441868,8.284650884957948,15.328597628007985,,6.840795529053276,14.881640758673766,10.226530260244916,11.193379389610373,
2.744,16.176957665279023,7.639811152869473,8.233668179217487,15.312047474591495,,6.858477279901439,14.926074048697197,10.283651561696326,11.209871765916635,
2.748,16.216338805020410,7.644714287816117,8.209784849379995,15.276624499553185,,6.917877558120392,14.939002387970927,10.288326380342848,11.214980226026956,
2.752,16.272207982093779,7.641909052761609,8.189864059886638,15.221711866537925,,7.006539961329802,14.958254804489201,10.270063200398711,11.215441874453678,
2.7559000000059606,16.332305093355139,7.641090650743478,8.154857375836954,15.177839936860071,,7.071190146138695,14.994758144003388,10.261064097428974,11.231832059993138,
2.7599000000059606,16.392387950812992,7.649812872563428,8.119445516031449,15.168212889023740,,7.100727295766573,15.038041892853039,10.247978358758182,11.273086675404500,
2.7639000000059606,16.398654628924980,7.686744269785336,8.084942390677256,15.191795470634370,,7.124297727211117,15.101026668826144,10.238977310420431,11.318316066339417,
2.7679000000059606,16.362148223445509,7.732011860203821,8.055936184640407,15.210012303287588,,7.156308824637510,15.144230246558323,10.239387701562126,11.308208067001610,
2.7719000000059606,16.371721954645437,7.726090824245502,8.054156436928151,15.195056545610154,,7.179387543458779,15.152107392313413,10.226817667469531,11.285654503134639,
2.7759000000059606,16.425122127888994,7.691420289959612,8.072921311960609,15.180368841026494,,7.183824694739365,15.161901958706666,10.183250930069317,11.331449901467007,
2.7799000000059606,16.480202066194874,7.687002354677511,8.076125659967357,15.199709785354461,,7.201504970871176,15.158541027411118,10.140185607891523,11.391895566505244,
2.7839000000059606,16.516910766948552,7.708600737911983,8.054929304405967,15.221861005326415,,7.250578604296655,15.130677335479087,10.128317741392989,11.424598811118676,
2.7879000000059606,16.527603194786149,7.733955417767241,8.053526545280832,15.197671582785475,,7.317619819045671,15.146016651068830,10.138036545814364,11.437715395133402,
2.7919000000059606,16.543303950081476,7.772751940806821,8.049938718164800,15.163286530955704,,7.384095960983429,15.218337872215159,10.168300217132821,11.410616116054491,
2.796,16.583291656223228,7.829015455764884,7.997313571824862,15.172168125103635,,7.441942885764578,15.256127655298020,10.192986291626969,11.354928162360977,
2.8,16.628126673023733,7.849858523361790,7.961815180505154,15.171145695359229,,7.467864675872548,15.243621354279503,10.194256981822637,11.337729296700266,
2.804,16.658924994110595,7.806562033736910,7.986714490839145,15.118522471362535,,7.464607655602382,15.240679992106170,10.195133680390636,11.384894801265407,
2.808,16.687861614706193,7.775768537867283,8.004179791289650,15.084665954264050,,7.485003435372354,15.259454327192373,10.183799442314177,11.434618637611116,
2.812,16.738346123302787,7.809175943221672,7.971472179213292,15.115082475825602,,7.515232050175542,15.293433452601057,10.148604103843523,11.452852682931729,
2.816,16.792393269027020,7.840623912770378,7.920533193001738,15.157446918714154,,7.523431818567055,15.323312422554368,10.094736013052515,11.467493941750526,
2.82,16.815314811033847,7.829375572782251,7.878349882961407,15.164026242516076,,7.546447472391889,15.326991086607471,10.028728419784935,11.487360446563805,
2.824,16.819306364386961,7.810020476183443,7.861783709998767,15.135586276071926,,7.582913559138478,15.314082196979339,10.011946023431491,11.474793691867655,
2.828,16.833258154094988,7.801204387163208,7.883762583846348,15.091253292552972,,7.589763967275461,15.304532309939862,10.089436453140291,11.401215601898830,
2.832,16.861665768990850,7.804967232218983,7.896638500121873,15.062737465569272,,7.573040294973981,15.321024797184879,10.178170284916888,11.319453354804978,
2.836,16.895698430324693,7.819902915697315,7.860188011117396,15.060613665162068,,7.557480784411663,15.373039909639125,10.180364667679946,11.326457972305366,
2.84,16.909661569824191,7.837271123937396,7.833360054023070,15.065397599217382,,7.554201480451442,15.408884174160839,10.119829474973761,11.389613459819371,
2.844,16.903899507363420,7.841767074242708,7.862129176148102,15.073666854916961,,7.551761442791872,15.384848380842239,10.088214661665569,11.403734817502690,
2.848,16.913298320570046,7.829862527180350,7.888701083633505,15.087069054560889,,7.547812855510966,15.353547579983374,10.128529616465009,11.391681607421738,
2.852,16.947443428360696,7.805715685068062,7.862377266138985,15.097254175625199,,7.572791391320358,15.342062631438221,10.171442092925901,11.390648446289443,

Répétition:,2
,K-Delta Left,,,,,K-Delta Right,,,
temps (seconde),CHANNEL_1,CHANNEL_2,CHANNEL_3,CHANNEL_4,,CHANNEL_1,CHANNEL_2,CHANNEL_3,CHANNEL_4
0,16.794099807739258,13.167900085449219,11.611800193786621,11.885350227355957,,4.768849849700928,12.872150421142578,8.620249748229980,8.386099815368652,
0.004,16.771999359130859,13.064299583435059,11.607799530029297,11.775349617004395,,4.830150127410889,12.787150382995605,8.425450325012207,8.261599540710449,
0.008,16.761745699380832,13.051050125911193,11.595831524337235,11.751811019123821,,4.809452030947592,12.771780146930547,8.375105330148727,8.259072257878167,
0.012,16.722806589200893,13.037299597623637,11.562833623524302,11.705138463247149,,4.759430555304341,12.689863485390969,8.224401432360589,8.238736966529396,
0.016,16.635710524073080,13.021378424057929,11.510694554257849,11.635298280547406,,4.720283061852102,12.498507213537245,7.973695374273517,8.144934266720391,
0.02,16.489087822362908,12.960196377938718,11.401157433230400,11.553972308828799,,4.678823171111579,12.300187156803469,7.755055224588459,8.022481171965913,
0.024,16.304300060148787,12.803597010358846,11.213050846860034,11.436274593544848,,4.628777104070389,12.149460451298506,7.592730069944359,7.905157850000951,
0.028,16.136277098571487,12.610931622016391,11.021668700157951,11.270537978446770,,4.582482268233042,11.998187770604899,7.423901089508192,7.770361801969543,
0.032,15.951321349568831,12.440460748639302,10.897237601556007,11.109950221525601,,4.550263961745487,11.845890041487023,7.273614605715466,7.658675364311535,
0.036,15.687503107859428,12.280621619379685,10.839017706714115,10.987032763719174,,4.536892565518015,11.682213558307605,7.175564279565977,7.588636567633649,
0.04,15.410106029527791,12.140998627033543,10.808142137058219,10.892729108979712,,4.511261192363328,11.495825963592999,7.092851818477526,7.501824610319177,
0.044,15.148451223199807,11.977885873607555,10.783906735302478,10.818246622622826,,4.452605368089715,11.331362463862893,6.973998327627392,7.396931281293874,
0.048,14.851510736137287,11.740823763784100,10.768359241765975,10.754604247216113,,4.361794119288881,11.183775327196908,6.832998766096540,7.314091564985703,
0.052,14.548141167851202,11.516303797576416,10.759061850569907,10.677775483690017,,4.251428019305047,10.973670371806675,6.700247040949741,7.218376194949802,
0.056,14.283876411273273,11.370934955243815,10.771401768217348,10.579204859097331,,4.130706612795349,10.681017013565075,6.552540630670113,7.057629148493024,
0.06,14.021872029151512,11.242970905711992,10.776181689474090,10.493523663665750,,3.980102716304235,10.403835349147453,6.381102716951832,6.870963652728479,
0.064,13.704432807126615,11.065090203859750,10.738677002281865,10.422361786459572,,3.807089160509560,10.160185385678696,6.188896913251808,6.704340039959964,
0.068,13.351972117473714,10.834246173026898,10.683900533492661,10.337768904345946,,3.654243414661762,9.878709798981172,5.991756997293798,6.567554502353697,
0.072,12.956180937765053,10.537493030835178,10.612861425322663,10.232675288434095,,3.517040368465171,9.594317822371048,5.813383362896745,6.455200256908680,
0.076,12.495844318807015,10.191053580651985,10.518869731767406,10.106342129563354,,3.331299583918527,9.299720203487656,5.632584155044848,6.304058292700494,
0.08,12.071772515452610,9.889131985468646,10.430520123094380,9.980627035324531,,3.069417881257643,8.946601709141779,5.450048661978710,6.082588806716933,
0.084,11.636406582528476,9.617395878263885,10.360830656292535,9.850448962821130,,2.823253685511317,8.619843983484419,5.290931289284984,5.870508611017408,
0.088,11.090265802211739,9.307148344829365,10.300771103235228,9.682900176371485,,2.682595727577648,8.374743394029327,5.127068361252653,5.729614730232292,
0.092,10.565173024033571,9.010182877266303,10.253630322252226,9.505509260519570,,2.564294519749826,8.102093423188311,4.934664892942315,5.603955756760450,
0.096,10.125211270568329,8.771936871594265,10.199328899652631,9.364065680357491,,2.368964760838834,7.737044876995169,4.759698674417710,5.441036817267653,
0.1,9.653863023878547,8.514920864131190,10.108172820053474,9.236533637943884,,2.161662702884765,7.416353932338144,4.631235565679032,5.269945533954591,
0.104,9.117362559158398,8.159116691145220,9.988753748088550,9.068628687005397,,2.007274403485928,7.169193350370711,4.523446202813996,5.106563690482339,
0.108,8.632099120513059,7.765556089729849,9.863130864572831,8.862821611302611,,1.876528113454961,6.865663784449776,4.399835474433996,4.953892778401740,
0.112,8.196724684952576,7.384743308350369,9.705390679652929,8.635066703010816,,1.727161618179299,6.541194473478858,4.248364615351588,4.825212100323627,
0.116,7.731730863463287,6.995113589851848,9.484117983849174,8.396933609524638,,1.559729600452485,6.276773527060140,4.092708997480645,4.674947928360947,
0.12,7.291893973249860,6.652572943768761,9.247696623494427,8.168864422307845,,1.407725432163381,6.028859845179751,3.961679390789642,4.474924594504200,
0.124,6.870528789594294,6.366367434511999,9.002922024071783,7.905346039478233,,1.281771069988453,5.770977622960153,3.872268890568106,4.311513736147946,
0.128,6.438296970440296,6.066016757741971,8.700317777790334,7.613963408741084,,1.195367621526069,5.530642349497716,3.804079817905495,4.230438818818985,
0.132,6.084046119583916,5.776500732628994,8.385618146535458,7.396872326154194,,1.130501439309450,5.324549848571046,3.710638033356894,4.156255767607778,
0.136,5.800154776693890,5.536053179883421,8.131353802653862,7.232023826021043,,1.030605518760794,5.145658015953742,3.581236206399628,4.044071547061682,
0.14,5.476110791688297,5.254752812944512,7.912373742424034,6.989022032127848,,0.910691496117255,4.994048938288206,3.459055234881252,3.923194497859198,
0.144,5.100246809703501,4.901738937826986,7.660511400961340,6.650798210938545,,0.808954746128552,4.849511583373713,3.400464107007291,3.836059033920180,
0.148,4.750693368149489,4.622330280324637,7.380771519107443,6.325957498408180,,0.745995220357323,4.700796444344910,3.396417323122379,3.785333237547353,
0.152,4.473502019103205,4.456164621069298,7.114666214650639,6.063399181373080,,0.751665472127185,4.604573337324189,3.365751671941169,3.717298318032947,
0.156,4.253293500140792,4.303337865818927,6.877621437063318,5.846237160722332,,0.773225502202249,4.571535397749652,3.290311278594237,3.650515031465986,
0.16,4.057078570873964,4.138056196729283,6.669123701276349,5.685293347698481,,0.737635606301674,4.539350008912631,3.231363244499933,3.642353021925038,
0.164,3.878301483869415,3.990822103358075,6.472370567126851,5.547275892929560,,0.690147298400506,4.474226001911122,3.214985207877434,3.623384648613456,
0.168,3.717654588304386,3.884225475272084,6.298807763115846,5.367994340356458,,0.687654022006999,4.424327520708783,3.211627655931257,3.526735631029443,
0.172,3.566324051435810,3.816849016070708,6.162345206227021,5.168416518453097,,0.709305360774487,4.433098051597616,3.157219983901600,3.433797025513818,
0.176,3.437949536021398,3.760623776576234,6.029651077395986,4.997921214302119,,0.729400942821747,4.463297659716115,3.038888188328776,3.416069203967501,
0.18,3.328100083405773,3.676022845835535,5.866509447122042,4.846355159235110,,0.769103254234541,4.482473774394135,2.934681832561808,3.423044092508952,
0.184,3.205216851948987,3.552086389518037,5.699282693717368,4.699915312137379,,0.862551282619334,4.518409008535244,2.888748246631106,3.431561862150710,
0.188,3.081425924913528,3.414550203046049,5.572099544975021,4.576805078142112,,0.996120668528358,4.595551630405827,2.878817851550498,3.461481964008902,
0.192,2.978589856367128,3.276613325154857,5.437391398044395,4.452104806589215,,1.130271394851082,4.704664794510153,2.861420275889138,3.485235810866615,
0.196,2.898651030026743,3.156859110690646,5.270413464934380,4.291773456868270,,1.259842496696974,4.837610946501506,2.822247043070069,3.496566495524595,
0.2,2.847378133650864,3.087393608379610,5.144034378835944,4.149996319579764,,1.389921831779909,4.970743002146718,2.791797961372904,3.509095336855073,
0.204,2.804990454788038,3.060601690346975,5.050184222282914,4.074120137927466,,1.514945580663133,5.074962467493064,2.775698502264587,3.527069470318059,
0.208,2.746579551685886,3.043079267061066,4.953213440849138,4.020888288939726,,1.633237994677206,5.141551856847459,2.754716271490288,3.578485170098027,
0.212,2.682411478221439,3.025743622859393,4.880276742894196,3.947768265963179,,1.732264020511685,5.222679831331488,2.725692835286629,3.679190775420365,
0.216,2.640621569634370,3.002716876958368,4.818342480143800,3.880121053528824,,1.832603408697545,5.412422554093139,2.694594946006870,3.807237787269818,
0.22,2.645515328558097,2.977330041332887,4.768078660128887,3.861919927187567,,1.992982549075203,5.699730843522731,2.676553185435849,3.917818892391353,
0.224,2.692894528966984,2.974304440607593,4.751906692699058,3.889091250913935,,2.215193568831273,6.014739994699472,2.709660413515387,4.024548672838893,
0.228,2.741868937218574,3.005373857703708,4.746413575195357,3.922576206009131,,2.457729017282314,6.316240412352509,2.793911193193075,4.149744292645426,
0.232,2.782927313800200,3.093923108491432,4.753108974141522,3.923867724716738,,2.705761658735690,6.557282370618092,2.885743337321342,4.252419215279883,
0.236,2.854670804513164,3.230617633255684,4.795363857227308,3.881177131583679,,2.967392539323750,6.784187667575034,2.957274075378161,4.347059338792028,
0.24,2.973824743803346,3.333753685553809,4.867751897231470,3.845914539053833,,3.227192677076325,7.071998630505831,2.991643861265091,4.466529945898866,
0.244,3.190053638876247,3.435654771144159,4.957806437264821,3.897699492459190,,3.439692754564039,7.344754339269711,3.021590364502267,4.593920555701915,
0.248,3.544718480442229,3.657558719230580,5.067083618840170,4.064587319588374,,3.576376993783211,7.536269469416448,3.090280076477771,4.703822765710219,
0.252,3.972277000278342,3.987241479810490,5.183320891713646,4.316290503564344,,3.681543353648693,7.712345155063957,3.164030440971083,4.792239438558474,
0.256,4.462976380697738,4.335866008280266,5.286123040836642,4.600787524874781,,3.819445287442021,7.922751844364431,3.214404823160898,4.855332560063178,
0.26,5.187618662721627,4.745586925147367,5.424583686493031,4.896596584060815,,3.980810027391846,8.146989282310670,3.250071502569015,4.878234658732801,
0.264,6.205677742243901,5.305417096702071,5.625768640893304,5.211345097491541,,4.168718378305652,8.379558070723411,3.324061105848978,4.959405940285393,
0.268,7.261477793651264,5.912077824940121,5.816120280114571,5.537753184202082,,4.387622846128629,8.630043757766384,3.490862097983124,5.185644321731875,
0.272,8.288027101562708,6.523749263348627,6.000342137638944,5.917401033536395,,4.566089363327657,8.873807172339292,3.671366680851768,5.426583525276296,
0.276,9.372558073199855,7.204923612318870,6.231947910373373,6.354260725908828,,4.703591002567293,9.143407368890291,3.795344228020569,5.595970085143850,
0.28,10.317629205056452,7.829132685574984,6.486702429466117,6.728122685715705,,4.884683038088930,9.482142242843747,3.908665259097629,5.772517505442456,
0.284,11.067919364334029,8.334914398216741,6.766548242468816,6.985828841224713,,5.111998425849822,9.810206441729012,4.055388739209238,5.979821998154652,
0.288,11.746508885631258,8.808449948042732,7.051128545068023,7.166488283015417,,5.324950895837987,10.099467862303889,4.239269382761841,6.190687606478506,
0.292,12.258826917485180,9.215812846524884,7.253259302838671,7.295853863408206,,5.555356449127309,10.447101825453883,4.471349378038888,6.418987645232438,
0.296,12.513790503451503,9.483922636224287,7.381187631698536,7.398819301721809,,5.870763524879195,10.888766874292282,4.760921500993650,6.681236794779406,
0.3,12.613755826044061,9.651140540437426,7.547147908681829,7.504405815430644,,6.224729927874712,11.354243823471855,5.049597587508800,6.972597715150778,
0.304,12.690700610006999,9.794013278158829,7.811482144061836,7.643978992569945,,6.612109681679376,11.873575610955299,5.327545229717654,7.301810760321001,
0.308,12.763135504544028,9.914223909525278,8.074801785722755,7.826210919556433,,7.057587564528609,12.512414826642079,5.654845554109448,7.641702066549302,
0.312,12.817475529173501,10.022184451360580,8.291160805821864,8.034900890896983,,7.478362206815394,13.163283449271011,5.988742145365395,7.940473083258583,
0.316,12.912193444598746,10.170867629634497,8.535951550661190,8.258823113625507,,7.904705548114267,13.818213135300953,6.304839968150903,8.245500214938044,
0.32,13.096657015748164,10.339052083612170,8.770203836685148,8.487855168820690,,8.418510375210033,14.531443680175855,6.659340429938783,8.586013964260706,
0.324,13.423285048535051,10.518529764916039,8.988950369581335,8.764126238770741,,8.925482598964253,15.177478594330305,6.995801667861175,8.882654066327520,
0.328,13.901739207164965,10.775778457454644,9.259744533540692,9.110329896662352,,9.336568114484392,15.715407051161369,7.281317713619417,9.138480970754078,
0.332,14.421109775821115,11.107611674869727,9.537583344900412,9.451613673651394,,9.753651405852366,16.346330900817414,7.651979558728073,9.502343093157425,
0.336,14.943626287534213,11.470959885304849,9.770461385706346,9.752379327025679,,10.296207478346016,17.168296739957572,8.146518413503667,10.011364616459897,
0.34,15.584866176126853,11.953967008888265,10.023218373155627,10.084743594157658,,10.875209439653240,17.992818219147001,8.614464121633040,10.498926366992972,
0.344,16.365126001092438,12.586099827490631,10.337463311011604,10.507400709991558,,11.417760448162815,18.812094217489790,9.018273181381387,10.890614878961077,
0.348,17.111144403309577,13.171440153949931,10.632655308995398,10.932474798672727,,11.972668789474509,19.715948309705922,9.440356118474240,11.243448614986127,
0.352,17.821888261921814,13.659379185918160,10.905255896189178,11.286522349146573,,12.512719087043308,20.534584010448253,9.865228448113683,11.579861138018344,
0.356,18.602418211058854,14.143584574592142,11.174127244979619,11.617817800848446,,13.081657135078673,21.318871952299258,10.344132145792459,11.983235229721389,
0.36,19.288416432506992,14.564746815016600,11.361596837931787,11.926854113914612,,13.722042466998730,22.243559839382382,10.936290443203553,12.507296424968860,
0.364,19.756644799537174,14.909702936680898,11.500737412661252,12.182533143306193,,14.255848732629699,23.104230521604958,11.527780361541087,12.988956813913132,
0.368,20.102956103841827,15.204312056581850,11.664090338867208,12.386289060422538,,14.551475904709132,23.715508606685813,12.052624431721732,13.320085350476763,
0.372,20.381322423472469,15.367085396096213,11.819280153841834,12.556263731629752,,14.732107655632934,24.245567591272035,12.583803139966097,13.616741097912474,
0.376,20.596029736474467,15.431229675297381,11.944777728069237,12.720930631533525,,14.950672207342585,24.846249768056033,13.156863123481365,13.957280321444490,
0.38,20.814149522344778,15.545943809987280,12.076794443907259,12.910013978421809,,15.174974409546694,25.408162152796436,13.665121628728816,14.259999558754657,
0.384,21.086968488591136,15.757560576097838,12.243109653249027,13.136027165809576,,15.346371013355993,25.916972211907201,14.155144753146660,14.543627033157328,
0.388,21.365146476824727,15.978630846684498,12.422084594348973,13.348822338062858,,15.493551151010113,26.471923883741990,14.721994582643086,14.894811404772199,
0.392,21.589450283421961,16.141608998157409,12.605702597565530,13.530882320879375,,15.657092394442991,26.990467407798505,15.204199042662959,15.223803940252635,
0.396,21.751843521458003,16.257570872811183,12.785457707310190,13.717352670482937,,15.854796826281321,27.427304606690317,15.582579513658132,15.513379706736954,
0.4,21.885523987639658,16.344781805497508,12.923963198987012,13.888291831593826,,16.058645330280669,27.834292128483629,15.999342916364469,15.838847503719130,
0.404,22.067324883459335,16.450953831361620,13.034583536168187,14.050342024854409,,16.231687757922394,28.192508833894529,16.435828962818860,16.135587346531612,
0.408,22.355892289081680,16.629841287948054,13.167605120426815,14.258124059603061,,16.394928849856271,28.495190793676056,16.801111409878917,16.379671955789600,
0.412,22.720606277071752,16.866231444154664,13.332922461527906,14.500512837345468,,16.588494903794757,28.828610721256585,17.148487547755074,16.674960091963850,
0.416,23.096103866677357,17.097573442370674,13.508787176360237,14.755633530320480,,16.818070431429803,29.252267569294162,17.581343634886021,17.033959585119444,
0.42,23.580263687620519,17.387236270463141,13.751412237705699,15.095468487085091,,17.071411108462751,29.702565973313924,18.035401807439783,17.354649803875748,
0.424,24.294021911156044,17.850689918177377,14.102884653773856,15.570074776755760,,17.344073850155421,30.168541323405691,18.506350746400585,17.681516651393547,
0.428,25.079940969392315,18.384528639401474,14.483583699229523,16.094419338596769,,17.619031591178199,30.698298348052717,19.069971937178636,18.106066518021404,
0.432,25.865800718918194,18.948270557066117,14.935507736412767,16.676048331572986,,17.855810747871097,31.218855378338993,19.643222849529156,18.514687059423832,
0.436,26.723226912547560,19.625316803609397,15.533653164683011,17.382955199479831,,18.040543040609698,31.640035052271422,20.192148808395626,18.883740053563656,
0.44,27.529954501883001,20.309135508164733,16.151247387506508,18.084523872910506,,18.174876956496874,31.980174801551481,20.749372311449775,19.310993984815681,
0.444,28.243065994544889,20.915518325913311,16.749517881866339,18.699329108543459,,18.261786170374094,32.279951078225245,21.236768168876306,19.740643436298352,
0.448,28.899073198359613,21.435516033950446,17.389639698815369,19.278143936418012,,18.300718947981334,32.511518607639246,21.669803835853799,20.111885778542504,
0.452,29.382651071906459,21.814935459000502,17.978890754841707,19.788791297590532,,18.276902026536373,32.661619296099147,22.174182281769045,20.462615728493848,
0.456,29.630946044996634,22.068227513006974,18.422799402076595,20.199091002701216,,18.185676118998604,32.789893260709050,22.749027937250542,20.821740297678080,
0.46,29.693611468081102,22.238911548315357,18.815850681441155,20.596747285550876,,18.082272110030928,32.913702665991465,23.274033433034276,21.181764414384819,
0.464,29.652980651801364,22.335289135815700,19.283867385135764,21.047955940492791,,18.033660142322439,33.032850853482664,23.774090876074482,21.576575398564291,
0.468,29.594085464008714,22.373296531298081,19.769927950067171,21.449559761551477,,18.030278810564067,33.170118498940255,24.336790463602892,22.022589158053965,
0.472,29.512724055426705,22.370907716818614,20.228075768320380,21.778530654065921,,18.037176052396713,33.285913420203798,24.844312901959668,22.431417436972112,
0.476,29.369523547965457,22.346455082057940,20.697541857118722,22.139295857166317,,18.027077327879933,33.364152985270188,25.253059467034884,22.805963042619592,
0.48,29.179812016322398,22.344917982254259,21.136034535132890,22.514652539316156,,17.978514289646142,33.434798430857903,25.652187316736391,23.209371773285088,
0.484,28.957501755999353,22.381379103961514,21.588353674353083,22.862017452972662,,17.899722030436543,33.494359825073545,26.018292871173614,23.579952412403181,
0.488,28.695585457486473,22.428733140693446,22.152863098729881,23.192095525255446,,17.803520825474820,33.551821061093804,26.353443190830927,23.872762892174311,
0.492,28.403373261200429,22.456734053785304,22.741803422899576,23.523650425005069,,17.631671357817414,33.594957016795547,26.791066453954897,24.147612815657745,
0.496,28.110403092486724,22.449345949719223,23.264117803822138,23.849607095969699,,17.344937365094452,33.603844958471058,27.377594210801096,24.455460374765938,
0.5,27.827546053709288,22.454716986332237,23.839585177518803,24.200996165428819,,17.031762147061020,33.584457636556166,27.974840914036747,24.746988119050599,
0.504,27.551699356899768,22.512791273386760,24.546313346254077,24.648443450699439,,16.712351742114251,33.481368719529691,28.540955135928659,25.036122786026628,
0.508,27.300259071884302,22.558942865916222,25.210109000070418,25.122972618044496,,16.326344559715103,33.300195635746213,29.133159525910351,25.393543526390665,
0.512,27.014762401410547,22.534302668456412,25.780199165348137,25.571799750707889,,15.933586981749224,33.164344367087452,29.684034940025402,25.735441868199079,
0.516,26.635848295232393,22.461072202859185,26.364471008298050,26.005982520700130,,15.544735674704459,33.041904554002116,30.148683660126590,25.985688009654890,
0.52,26.255185386689526,22.382469073951732,26.887764617220355,26.367548754775505,,15.099050517537213,32.820328810204757,30.562856188739197,26.206842366137622,
0.524,25.958728225870480,22.306718071730312,27.346563964124609,26.698218864700891,,14.682117424676374,32.548925320992645,30.932725248023036,26.478166327645084,
0.528,25.726653900213286,22.237744502209143,27.877450543633806,27.093033122871780,,14.370833348929990,32.306113530841763,31.263163599319221,26.769520591709814,
0.532,25.526837114449275,22.222336548817353,28.443496502829760,27.502686528469500,,14.059627137632560,32.093513602602478,31.615667615341451,27.007557875024894,
0.536,25.357153997105403,22.274902766751509,28.940143994415983,27.816311852454643,,13.661084262907961,31.892245900098111,32.038959024133767,27.226965450991624,
0.54,25.143954778905080,22.341040424778946,29.403928482881987,28.054731555936481,,13.263523284323954,31.721324188869463,32.465088163272782,27.464792389772882,
0.544,24.800571570924902,22.356160881831148,29.902914340383990,28.298156176504790,,12.888851855643830,31.598233599506614,32.885738247851577,27.692268016834664,
0.548,24.408692500702671,22.310249658714238,30.369820124702123,28.515958134531306,,12.465342354002219,31.479048609234034,33.334087132179832,27.880257279761768,
0.552,23.989540730669649,22.227937865226519,30.766435800736311,28.672600514470904,,12.041119484548386,31.314289529756724,33.689893596467222,27.982405137428152,
0.556,23.476734383559005,22.110034436002184,31.131487446859854,28.783138011223670,,11.625227798810775,31.074968199144703,33.927699760752802,28.031915955109103,
0.56,22.966864952412529,21.958221779659233,31.426713636422846,28.839070829790284,,11.196269802308622,30.790297734971265,34.154333691276925,28.101774265961971,
0.564,22.471258387291044,21.745298103245176,31.653468166734200,28.826870520008285,,10.834883952346816,30.547532158132370,34.360841851237673,28.169584579048788,
0.568,21.897486908797770,21.446183878996266,31.866359684172071,28.765870245829454,,10.534163936862154,30.342482187053555,34.517147572466193,28.232102690544490,
0.572,21.327083786330750,21.131628845885260,32.054811683979302,28.675387423809799,,10.207588616333380,30.105337820446525,34.697532211725090,28.303055929016711,
0.576,20.846957992974232,20.898349857248689,32.219222843890762,28.574414910528073,,9.838900870363117,29.833000214231262,34.935857042370500,28.350661894027777,
0.58,20.401284353408535,20.736227779171490,32.404745126095804,28.517366925916317,,9.486863294551913,29.570579895593788,35.149329980430920,28.346749782645205,
0.584,19.976519171654420,20.571394402322596,32.594813817893964,28.539217481061371,,9.150839279355001,29.311447136870228,35.309392805406482,28.307237380945438,
0.588,19.660485118392256,20.423733323750074,32.711107128331932,28.609375345251902,,8.776228502717036,29.028288372598301,35.461308018898805,28.285262981414050,
0.592,19.422455832194636,20.304079812983211,32.787410740794712,28.668871057859601,,8.426308476052464,28.782730793845751,35.601328181450512,28.301485831099260,
0.5959000000059604,19.166309533169557,20.167425082345332,32.935811002834193,28.688256694749523,,8.143689000826601,28.591632961765736,35.760763732109872,28.342275183041203,
0.5999000000059604,18.932487562860324,20.042626353741639,33.109479304627612,28.661766090868412,,7.865309105788318,28.422241633522638,36.006418597789448,28.395543001660563,
0.6039000000059604,18.739355352915510,19.952718951665268,33.198184822672431,28.617636548597552,,7.598629744281153,28.322230487834581,36.301061032706599,28.449322691935663,
0.6079000000059605,18.549922209940814,19.888084356597119,33.225106244298757,28.629335026658040,,7.410831451971339,28.294509111057664,36.577347239329278,28.490267362834043,
0.6119000000059605,18.394134981223839,19.833155606805562,33.286496211395004,28.719183071005133,,7.255155575901838,28.280632155156042,36.880416137720829,28.547931128193799,
0.6159000000059605,18.282516681132158,19.741624738282407,33.413137371071713,28.845928830256579,,7.032899340395111,28.277659632195416,37.254946838254284,28.654065284357209,
0.6199000000059605,18.189746544299407,19.663839968788587,33.611600512186541,29.009386839624796,,6.793538577930443,28.327951468029610,37.619250580741806,28.777953996031073,
0.6239000000059605,18.113405678820541,19.678526819089903,33.886393316338612,29.233139744701631,,6.595111666346226,28.421649966042427,37.997135540888870,28.914474021604697,
0.6279000000059605,18.070987202099722,19.718281095025237,34.155095397787967,29.470309609249135,,6.404791417155231,28.507537576154430,38.462433570101950,29.077294356603225,
0.6319000000059605,18.089262876442113,19.735732411331426,34.436543383653976,29.714470491280156,,6.199903689350860,28.582866443497714,38.917189897357346,29.237349282670252,
0.636,18.144569339561126,19.770333114403499,34.803784073736836,30.011473497794377,,5.961934528716439,28.665942640751581,39.400034817825876,29.439477504658399,
0.64,18.164389025910261,19.813339572928072,35.148842267563296,30.313122360590867,,5.727052373681352,28.782698276034946,40.032492828732899,29.738424261040802,
0.644,18.159148858921238,19.847799748942514,35.446858497051977,30.639563284705275,,5.594992819400871,28.967725422805923,40.687003522763206,30.046671823285813,
0.648,18.193118305282209,19.900581533316902,35.806393282194932,31.065860477328961,,5.609803460899682,29.208058758859323,41.198774491081394,30.309105279316356,
0.652,18.253929609702844,19.977482497457139,36.203698396740322,31.507820445033207,,5.666841949511754,29.457176907304394,41.608415289733998,30.574171978110790,
0.656,18.286091437011667,20.049396829023056,36.566862890583010,31.864801273002836,,5.635930907052864,29.676691095146275,42.035914619383050,30.867173375070891,
0.66,18.267575582864595,20.080546026683521,36.892935053652316,32.181148463021906,,5.528739728009096,29.834132558990845,42.457713180167069,31.146007555571948,
0.664,18.202010636818674,20.045694936479656,37.196852488975225,32.530367958490018,,5.425007164605519,29.942241116874719,42.825379772210653,31.368971434446252,
0.668,18.104883029636198,19.955638444622341,37.473464283795806,32.848625710322175,,5.357865262364784,30.022825643123436,43.160051513552403,31.544774078325339,
0.672,17.988919728419990,19.869280403641387,37.736277437407864,33.062957452227955,,5.284133700411963,30.050841227843897,43.401784115434140,31.648983057981340,
0.676,17.845998712086505,19.824935036202675,38.002134814767452,33.201898462564948,,5.139447473560907,30.004600193886898,43.561828588783861,31.660834801872845,
0.68,17.686020924942397,19.803327472900087,38.227475508031723,33.291082691403055,,4.944140706593778,29.885839038940521,43.730384416810608,31.632500323945607,
0.684,17.486148379489094,19.748935989837044,38.375787462350672,33.361811298314564,,4.781827409682961,29.760915917115447,43.884008843221906,31.622581095890091,
0.688,17.212792529981211,19.609361532183122,38.442943279776983,33.440628652981019,,4.627551761743526,29.668474645271345,44.010576531988789,31.624896596618218,
0.692,16.920521881646785,19.421704607320606,38.459406065417454,33.481183821572017,,4.419176043105122,29.564219091309017,44.119909359909130,31.588654678695050,
0.696,16.671773276333020,19.246376284326061,38.493991149629437,33.443168106583599,,4.224993976207126,29.458847280226173,44.177033963167190,31.489625216837947,
0.7,16.427210139530725,19.087767775866546,38.532471298623086,33.334927561711091,,4.098821971998162,29.364958711232283,44.177823109273334,31.315633949433241,
0.704,16.124939599743229,18.935090385457112,38.522053723622001,33.169876792863533,,3.978588661983985,29.216373448217524,44.133968748594285,31.056171889150118,
0.708,15.785722984834418,18.757723405509147,38.469093955888923,32.949513835750331,,3.827946431201430,28.979273556072080,44.031210222289772,30.732943525568906,
0.712,15.401103222731495,18.528607720260858,38.326420539278935,32.575547861505498,,3.675756598642578,28.738304164449097,43.872512840418224,30.387421401749855,
0.716,14.943419441589230,18.270919272874437,38.048838376547330,31.999016811285102,,3.479489909748779,28.509744797389839,43.614485039870146,29.987609721992321,
0.72,14.472334952930034,18.004488743693610,37.712646146370368,31.380475800827128,,3.214525478912023,28.196183775944299,43.177488447406660,29.465860698056524,
0.724,13.963331786376978,17.684610971580923,37.271314714296395,30.706159901536129,,2.957416035556138,27.783309534348376,42.635907174211376,28.862908164325226,
0.728,13.341720926236640,17.268119203823353,36.594135816285231,29.832776363525078,,2.691676070407622,27.224382827957648,41.978701129031222,28.111491949152430,
0.732,12.722821995934583,16.789998564573342,35.799911565894831,28.872525244325164,,2.372276590918109,26.474807005481228,41.066779492613733,27.098156376041004,
0.736,12.212932981516587,16.312141981712980,35.030834775547603,27.911200637556227,,2.077545399780052,25.679860046398126,39.982502477785332,25.999748381224293,
0.74,11.638563334790389,15.794227124482481,34.026218723344314,26.692052642895202,,1.857260724501744,24.953856648555576,38.855393014785115,24.977329865658199,
0.744,10.847389691144258,15.172725642641453,32.565135634780788,25.057017623634955,,1.608432122356913,24.064644555600310,37.357848899559812,23.750479937814156,
0.748,9.995867119239348,14.496566589436062,30.963619444744950,23.340919473184627,,1.282618901108447,22.789856544131599,35.162550979063468,22.070291744727001,
0.752,9.103803426692611,13.660853169792388,29.151920031888157,21.505240500891318,,1.018392830420876,21.352001641676011,32.698834477830516,20.258194128881001,
0.756,8.057315430331007,12.555284962487788,26.753436230807267,19.233290484925938,,0.828919282127483,19.676681206972873,29.970304749585317,18.309378859422925,
0.76,7.028473307371446,11.362910182282377,24.090682573096107,16.862357235364744,,0.619985048760106,17.512432711946317,26.560893765995885,15.938731076401332,
0.764,6.008832237170042,9.985281517625181,20.961295848126667,14.291075130907462,,0.437982211138339,15.229018584224251,22.936806908008471,13.509710108156032,
0.768,4.815293016839669,8.224992910200823,16.847701921388971,11.105800573674220,,0.311701269772363,12.676765010193005,18.819683624139373,10.927377204087096,
0.772,3.597296983322085,6.377144758835279,12.490373393854432,7.870501373550514,,0.204145745895547,9.409668588736061,13.559517961842015,7.782504660396876,
0.776,2.376833832281449,4.432954837137753,8.216129745494502,4.868066244753450,,0.103945884202275,6.083798070988536,8.294200369228578,4.675523371972902,
0.78,1.088641799093267,2.281284407912038,4.009067380770698,2.108791945467769,,-0.000308936929998,3.369335232136128,4.247004517850160,2.234367065188841,
0.784,0.076706942253610,0.548012200029664,0.981607671985742,0.352446330606963,,-0.075683793671746,1.136419066888717,1.515194274356240,0.396450414560699,
0.788,-0.391712994729673,-0.312799271465785,-0.386416076471018,-0.199654771997041,,-0.080159314879611,-0.617003943645879,-0.032660152544818,-0.855300720327767,
0.792,-0.435122724733235,-0.463034450242036,-0.657949876577953,-0.168166377313771,,-0.027919364687025,-1.414226588577255,-0.560193764189718,-1.288331192467460,
0.796,-0.268253557967795,-0.215797850890118,-0.326778102468032,0.014601028008060,,0.084054766744542,-1.026093924545730,-0.370914446655321,-0.828890369459645,
0.8,-0.027733159655147,0.099283688075666,0.149441559479598,0.194551811713100,,0.217995863719488,0.060071493945110,0.172596581940718,0.112746498680680,
0.804,0.139773076446007,0.271593764448873,0.366533845826023,0.291971696816385,,0.278574569617519,0.918708323994160,0.658367792889087,0.756441120611020,
0.808,0.099557861700515,0.257138441847954,0.227058418645458,0.279848988700236,,0.222642378570784,0.921819678454987,0.732719455980397,0.634992106180359,
0.812,-0.036129694720063,0.133445102674550,-0.039679576498589,0.208833196614534,,0.091041537062444,0.252037662807347,0.435240722644075,0.044108489224881,
0.816,-0.066573782148528,0.049017296900014,-0.135951295664087,0.175915306895326,,-0.013563640251776,-0.366018604072701,0.147319815752610,-0.372025849734929,
0.82,0.004554030602451,0.091409380477990,0.009092974970019,0.224164918545566,,-0.030657790143466,-0.463766060405321,0.097898004518916,-0.404645075790168,
0.824,0.072818278687626,0.193533405074927,0.193756520513539,0.286131198151470,,0.030354740044565,-0.116657560935672,0.211804657742982,-0.173773156529120,
0.828,0.095263075426621,0.213008810861366,0.226500580308307,0.286379127164187,,0.120612170291432,0.330633238715095,0.317013800268878,0.184543410573860,
0.832,0.047995788449222,0.120659932356848,0.135483334125567,0.219577349342430,,0.171312835148012,0.498757749068305,0.315148128297322,0.372841278187834,
0.836,-0.051998053086044,0.036415766757309,0.067434828069680,0.139098892311556,,0.151447527869638,0.319616567959155,0.242657970910139,0.231262484984327,
0.84,-0.105206406404588,0.050079751510798,0.062555354177463,0.111793007999604,,0.110005371324977,0.046007359550289,0.184916975312772,-0.057625314176730,
0.844,-0.070235142128529,0.116931896100067,0.089084841239853,0.155011497634609,,0.095482931231970,-0.077780005621886,0.186284434145464,-0.217255388238958,
0.848,-0.018160310191368,0.157700069796288,0.120076669142926,0.220692205836583,,0.102081726003271,0.005800606725315,0.253744888870518,-0.143292676340636,
0.852,-0.002722845691585,0.152066350403510,0.089442093750376,0.247677442290051,,0.127613814111896,0.160312349608783,0.354537320091954,0.028169368289495,
0.856,-0.012150146547387,0.124247109687107,0.016755271746909,0.236584498517637,,0.144182089333893,0.199447512710652,0.386260968295845,0.088920494842114,
0.86,-0.031050515172844,0.113079268235625,-0.022386662752923,0.228106087117146,,0.131555519585069,0.107514071318461,0.311947280138996,0.003378502419640,
0.864,-0.045847676383496,0.134418721618909,-0.013514606460109,0.233462885795112,,0.110263521465883,0.005340341410403,0.196345783817722,-0.101680011697724,
0.868,-0.031952812258162,0.153911465020560,0.009474949702461,0.226164131233564,,0.088591440662749,-0.016478146231250,0.117509444053758,-0.129143995846258,
0.872,-0.009863367741949,0.150212089608821,0.023473843544660,0.192268566534653,,0.065182118409888,0.051380930550424,0.140503044397590,-0.076657326794859,
0.8759000000059605,-0.011901579338204,0.134929430419114,0.037055930980739,0.165375902077814,,0.062139920671733,0.142113341944411,0.217442830525710,-0.020790767285087,
0.8799000000059605,-0.002064165746631,0.111392256463912,0.046557163907207,0.182343541012054,,0.092334244368813,0.184180801089436,0.249529451243591,-0.019918002643856,
0.8839000000059605,0.036349892889425,0.102344228970862,0.061196734254483,0.202422821930552,,0.113083717534880,0.158195094598179,0.218591932343655,-0.034073720682703,
0.8879000000059605,0.063689295536408,0.114525156575600,0.096164692911118,0.171597072603110,,0.095177068965324,0.101946883194455,0.173791174447922,-0.029294018638882,
0.8919000000059605,0.051121111073864,0.127457213607977,0.118635426127558,0.136914995646442,,0.075780362674012,0.089792822686453,0.186423994437982,-0.017393989140846,
0.8959000000059605,0.017191868511295,0.133398257821712,0.109052977685253,0.155838026375140,,0.122077537563354,0.129048650966560,0.247821852102891,0.015677853540177,
0.8999000000059605,0.019520817341282,0.124548006170705,0.100602266402971,0.212142329532579,,0.233314142374701,0.144448756007464,0.291688884181287,0.053049201037246,
0.9039000000059605,0.065258878717601,0.115291405391887,0.109409472166427,0.254034024094427,,0.289799557401150,0.108135426090481,0.291477202471611,0.031509965285957,
0.9079000000059605,0.090063405468138,0.121880344910707,0.120102857546313,0.250742275981710,,0.222334371413575,0.066335215007792,0.258251336427881,-0.061721977546657,
0.9119000000059605,0.080122176159717,0.123369470774803,0.116117403754727,0.225470745402320,,0.130574047562232,0.068787443672356,0.222782543903347,-0.170321803189696,
0.916,0.095013984183982,0.092793200226762,0.084927621070069,0.205694461397549,,0.100786975763304,0.110416651803418,0.227338244823828,-0.192951174161470,
0.92,0.125462152569528,0.046917199254748,0.027257804044179,0.194318735408891,,0.097700581384462,0.134428076223235,0.267773878057992,-0.114875031520080,
0.924,0.114854588331498,0.047442767895163,-0.016760532829439,0.181381331768586,,0.077315366611691,0.119237450147120,0.260873297578113,-0.057248843523254,
0.928,0.071832062314036,0.108227660292349,-0.017450517273946,0.154079852207040,,0.039900381502873,0.103887880399365,0.189044299291654,-0.070887529845438,
0.932,0.029475913075356,0.155586242350466,0.000771961399337,0.128706249383513,,0.019038965169147,0.100391543837435,0.144171099142946,-0.106641048903852,
0.936,-0.001533010139034,0.155466865931285,0.023993810299950,0.135681222115925,,0.033447089371157,0.075627684678338,0.162557837622608,-0.125753377182652,
0.94,-0.016697960308071,0.146066039951170,0.045879491804973,0.163551560907160,,0.043177925514678,0.040583648304656,0.191111504815679,-0.100147855680601,
0.944,-0.019443140257858,0.133946382344912,0.038824087794818,0.167522889130439,,0.039458927128415,0.043361252600316,0.193815512831469,-0.056920025412274,
0.948,-0.025220867056288,0.119432345943442,0.008370931386008,0.151252363528167,,0.074589346893089,0.079145871714771,0.181334044384481,-0.040898178992027,
0.952,-0.038859081535975,0.116214584069796,0.008207178966754,0.153258349846557,,0.139407184234047,0.099012533365833,0.172632372500084,-0.040648382152631,
0.956,-0.054683389945712,0.108479343923765,0.041649914351356,0.163258857693638,,0.155874714285694,0.068731453634434,0.175261743034722,-0.047490928516301,
0.96,-0.066708239494922,0.083835007566362,0.042850935233131,0.157722712150385,,0.098751079107313,0.009899409452416,0.177510094238344,-0.058622390390364,
0.964,-0.062391380996402,0.054538824858160,0.001765075941182,0.141273969271464,,0.018099839758135,-0.025493300169759,0.163002056094846,-0.062358886382284,
0.968,-0.042037233799953,0.049232463922483,-0.025191325154806,0.121433864677294,,-0.008626862434574,-0.010594931550017,0.138047324152230,-0.070345687300470,
0.972,-0.042015003461645,0.071991908168015,-0.007623716940921,0.092744904685783,,0.021706622393533,0.043445464336680,0.100728072627292,-0.097576353857762,
0.976,-0.070739057198560,0.090428150473194,0.017661939736911,0.070188215477563,,0.037270679777122,0.091808235800624,0.054785300357039,-0.128279339304864,
0.98,-0.084441456159710,0.093682539449224,-0.004138819227479,0.090614402931511,,0.044154722604529,0.099181416648160,0.045709375663779,-0.152786986020282,
0.984,-0.063658882279931,0.098655363090930,-0.053589640992171,0.144607163542369,,0.074924556078873,0.076875039975156,0.103624730953283,-0.163704250504824,
0.988,-0.044081314947289,0.114025692964624,-0.075563692059269,0.193293792200308,,0.095813571058707,0.059152414005078,0.200100414561971,-0.132368182944355,
0.992,-0.040116172204332,0.127059584933245,-0.055474392281925,0.218431873808433,,0.090935475811076,0.053384673847844,0.270923618805797,-0.080216209144197,
0.996,-0.015537623170820,0.125911303041238,-0.007242957397643,0.219630591821111,,0.092066590680198,0.048764825960506,0.295751436081921,-0.050664821817900,
1,0.028065600176056,0.124610562506741,0.040517859780031,0.208372948305143,,0.092105563063269,0.054389321992785,0.296767711372784,-0.056340901520379,
1.004,0.050120719508722,0.118544987946784,0.048724045195950,0.196944377954861,,0.066144739566217,0.082969316030132,0.275641050893563,-0.101095451377410,
1.008,0.029376872277240,0.093167835524029,-0.004553937938237,0.177143937479229,,0.065472174895394,0.114119724118812,0.235884702718593,-0.132303109396445,
1.012,-0.016756858257314,0.073254826655971,-0.065848285005479,0.166219652343099,,0.110726584690969,0.111971789668070,0.198230025113099,-0.107866590804076,
1.016,-0.060231880463417,0.069000970044076,-0.075014435762697,0.163058240670418,,0.123403121794272,0.075267504338119,0.166235307456018,-0.085366739886302,
1.02,-0.102080194598475,0.056712506488035,-0.040836113264851,0.137643361721692,,0.082590908930662,0.042538640984120,0.152069803124471,-0.104906711012618,
1.024,-0.125595262951962,0.033618516109291,0.001791471176248,0.123870312470937,,0.052794052200725,0.053743164606349,0.156133804868283,-0.120223028019982,
1.028,-0.102009135010886,0.039449511016693,0.028921070022824,0.132477578809649,,0.066647319975383,0.103201173989470,0.154540692795684,-0.113608392810802,
1.032,-0.052146362736502,0.078900788782695,0.039933721675564,0.132282738417470,,0.095088120811622,0.145475859315916,0.153509256609992,-0.129393420441014,
1.036,-0.013596231979509,0.094165327948834,0.018647733759148,0.123147673985301,,0.094127723804056,0.135917025237087,0.169167132435036,-0.154695638429849,
1.04,0.001001070073979,0.071787848645222,-0.028848387523826,0.106143145375656,,0.080007140002238,0.086409249471815,0.219460969598949,-0.143657924168899,
1.044,-0.008668939073178,0.047320508618589,-0.063918224155694,0.102064552190727,,0.091918812567755,0.071860297071774,0.288998067926622,-0.102621384328393,
1.048,-0.037383181650033,0.042556722444390,-0.067979442967162,0.154739641651471,,0.125621105592689,0.081044768560862,0.304476237788285,-0.054436096548838,
1.052,-0.046047218943669,0.068688026329501,-0.024356539442103,0.217404310318713,,0.158543253001171,0.049868327147621,0.237662529140196,-0.038952478899337,
1.056,-0.026182322378212,0.082932648621158,0.025804150287125,0.191017083273626,,0.157540378593924,0.028384209328222,0.158968813464132,-0.077480199736713,
1.06,-0.016213010408061,0.045775175241618,0.023973027919675,0.099724626026131,,0.133843790324505,0.063316613646682,0.116388740754797,-0.113274946708118,
1.064,-0.007943479050397,0.012691745040749,-0.008075495862559,0.053849218666188,,0.104500300134861,0.100571429564996,0.116863999384294,-0.094958562514181,
1.068,0.023260071507571,0.009491602968034,-0.036860556604165,0.089796611664501,,0.053457351216354,0.100031180242794,0.157186418396750,-0.054699588161540,
1.072,0.060960819864051,0.009343475998504,-0.042864526303709,0.152580605154789,,0.035047525833277,0.083134962799673,0.186199650770493,-0.056618449355301,
1.076,0.069615629220848,0.005464180543147,-0.027624536463098,0.176342130996296,,0.060472558659467,0.072660469128473,0.182852431574872,-0.077764851770836,
1.08,0.030637064787695,-0.002097722707734,-0.010379952290169,0.152162681234005,,0.063440065965279,0.073018048433630,0.168880877954151,-0.073516366520807,
1.084,-0.030114103566694,0.012868530496450,-0.002372513475349,0.125549416556913,,0.067020423210558,0.088453477138618,0.160749727725699,-0.073142029788133,
1.088,-0.059515931053039,0.061370308418707,-0.020060446963962,0.131426357705180,,0.097961266150109,0.108155280194695,0.177445264796082,-0.078638745912663,
1.092,-0.048092825723856,0.097082705880570,-0.061433759013249,0.158637927519602,,0.111444665524465,0.110461641886075,0.212090894107879,-0.060084998949078,
1.096,-0.028718735757524,0.109226402386632,-0.085374790631342,0.188154591910875,,0.090429887399529,0.093813042122118,0.230865314170948,-0.029034469655553,
1.1,-0.031218901924898,0.121007297631709,-0.082044011809797,0.200758121531331,,0.061830433726866,0.078256069696466,0.207033175180263,-0.035753400113378,
1.104,-0.050786975116265,0.117189138220497,-0.098076648073267,0.178552265708885,,0.044572174569442,0.097191946011741,0.168058386122949,-0.073809260322334,
1.108,-0.051802109465631,0.101323091266420,-0.106647378388875,0.155893085196939,,0.036240434926506,0.139257656863240,0.157856534054052,-0.067443825931942,
1.112,-0.042804013151401,0.084619565560276,-0.070107823668321,0.171268756650623,,0.056320791026269,0.141732047759896,0.161444019021857,-0.016341702205632,
1.116,-0.042724664543578,0.045493353496465,-0.056066235751635,0.191778591793229,,0.103411567733139,0.113055620027867,0.182682725247566,0.002642477201564,
1.12,-0.025254348604017,0.008027827215704,-0.070828273633625,0.169709584528691,,0.123699582339759,0.097850847527427,0.244615387759001,-0.034321350818878,
1.124,0.023205899465806,0.006856121806524,-0.039371596964791,0.116332133425090,,0.098156652718972,0.097576414098669,0.287582876759745,-0.065453900248235,
1.128,0.064773530892151,0.024587617724624,0.017540548860525,0.090450113808476,,0.054904950778840,0.102845478483466,0.245836238823815,-0.063540501741060,
1.132,0.048234780825294,0.050523611499300,0.040490902779884,0.120814733598223,,0.052001004988389,0.102404468590522,0.158103490961377,-0.077195994698460,
1.136,-0.008250139657037,0.074094616761458,0.028553030104497,0.171105624696449,,0.105364610217457,0.102805092104181,0.124173292410992,-0.110501317632732,
1.14,-0.041648193307737,0.081006062037936,-0.012525584764604,0.203979667905783,,0.128211809731952,0.102144228673017,0.173422951781878,-0.110348468992782,
1.144,-0.045498595037990,0.093774642711845,-0.066007170468965,0.196417724486895,,0.079913079077746,0.103870714329156,0.226905709265720,-0.074741025415479,
1.148,-0.065229370564380,0.113774998761806,-0.095883707885858,0.154727744814958,,0.024555513702384,0.120257390616125,0.222450003516813,-0.038417765225768,
1.152,-0.099805075097208,0.096646633844673,-0.080106142585527,0.144977534505759,,0.006322474725722,0.129966508043452,0.178375334807524,-0.002775812334133,
1.156,-0.111051253690489,0.041028740495417,-0.036929698260083,0.171653574936516,,0.017321107192438,0.119823621826986,0.163002134799555,0.003224411371798,
1.16,-0.096005850937327,0.021562244380922,-0.012546182838316,0.165267274455763,,0.040616526771295,0.096142557079009,0.187854871945520,-0.040973917281706,
1.164,-0.065786463187902,0.078228521642523,-0.011895278575283,0.121647823279112,,0.067625893693879,0.088561584350391,0.192120446813184,-0.081673711653219,
1.168,-0.040842207916625,0.127976784290835,-0.015760052145851,0.091131383368739,,0.084560875115865,0.082166991544016,0.173032679981842,-0.079645966904710,
1.172,-0.025629359252188,0.105712621895384,-0.022585124895627,0.092838172467917,,0.079862042189519,0.052719574541683,0.164792516183627,-0.063211291596723,
1.176,-0.009562262505218,0.064113081931673,-0.025202280849325,0.122811803008596,,0.069697878979466,0.063978477898944,0.176753801422823,-0.070278626164148,
1.18,-0.018769165430578,0.058422056112160,-0.002874149583300,0.176732877790915,,0.086184977481737,0.106559340986505,0.195324975113492,-0.066236203139060,
1.184,-0.061794482200635,0.084785408439595,0.038551993736524,0.213740486459894,,0.113057921654366,0.115496641132282,0.201352824026015,-0.042915220759900,
1.188,-0.103954543529467,0.124660220863946,0.041338720490006,0.229783531450362,,0.117887018913174,0.099609882924535,0.215305367369183,-0.038159278540354,
1.192,-0.102978680837349,0.145284920608452,-0.004640374776498,0.241271745891476,,0.117088716142835,0.100394968663451,0.269273415964727,-0.044489860558508,
1.196,-0.066948975315126,0.111103410067565,-0.036134805206799,0.216906809381005,,0.109930418377907,0.108457925968854,0.314844735138821,-0.060200913971838,
1.2,-0.051710037262467,0.057894639413926,-0.035231018254214,0.163179112641414,,0.078731654489125,0.073376060670887,0.286382624661783,-0.082659414774984,
1.204,-0.057097730212498,0.059542902729991,-0.028379532436309,0.118036915664399,,0.030892320071302,0.029061629410269,0.209246497115646,-0.105809840833591,
1.208,-0.043781154863978,0.102124175898625,-0.025958735239621,0.097385434699329,,0.007867752322281,0.022889890960120,0.141059014841447,-0.116349087604777,
1.212,-0.018838584110641,0.110317921988307,-0.027186808435160,0.097230310175770,,0.043808071545990,0.029280528459523,0.119739598587550,-0.083656669397957,
1.216,-0.023674015183190,0.083545512727915,-0.019960582491277,0.119878754110303,,0.104919287421120,0.022731516182872,0.144398415089268,-0.033938388657931,
1.22,-0.061035769563230,0.064661543961417,-0.006472168503308,0.152390099801093,,0.158165383317421,0.001916029501934,0.174556909133009,-0.044798597575412,
1.224,-0.093996241737136,0.058146014323012,-0.005292608848691,0.161471896932917,,0.172291412138730,-0.011867304131794,0.175123602821671,-0.086817349707668,
1.228,-0.099247182791158,0.053231494853042,-0.012690286916423,0.160183637086493,,0.127222829494585,0.010511821753362,0.150300727605395,-0.065983241668144,
1.232,-0.065870092526102,0.054275224687641,-0.004296595649398,0.163402843521552,,0.081300093184070,0.051893681965114,0.125470950585776,-0.027474057036920,
1.236,-0.018055988105490,0.072556026830748,0.011899507801154,0.163917836001373,,0.077471118722024,0.070447772266144,0.126266386617544,-0.038866915237677,
1.24,-0.013997381322666,0.089603806106565,-0.013138956185813,0.170125515533949,,0.099503469690265,0.068350504876360,0.165764286316503,-0.067198388295845,
1.244,-0.056690006310219,0.084593176990042,-0.054825119150535,0.172181953608228,,0.115725054909894,0.067538483584259,0.204419976378626,-0.078944432929668,
1.248,-0.093882847279357,0.067926524316678,-0.042830762613573,0.163030292556768,,0.111912010590036,0.056413725507199,0.213028897820236,-0.086755937554861,
1.252,-0.076830951766385,0.053041615426301,-0.005162481359781,0.152541123891762,,0.106161007229450,0.025840862224718,0.214301521056238,-0.101135644590799,
1.256,-0.031973258954770,0.042098669744003,-0.001882428984198,0.153005788130277,,0.132109921214930,-0.000264576202439,0.202851607577638,-0.118892104401440,
1.26,-0.027951637363246,0.035113673943133,-0.016172836432268,0.169990874845371,,0.173503848424086,0.002982586595746,0.181867159924347,-0.143020494177698,
1.264,-0.041209708109872,0.037614379734696,-0.004802852943274,0.190712036995847,,0.176445014671156,0.042042516489547,0.181043393885606,-0.139850060356633,
1.268,-0.023835426074480,0.048492066203704,0.024090776884834,0.201470413683433,,0.152777618924793,0.087477720783866,0.193269257495390,-0.072536916820564,
1.272,-0.006187545766919,0.057425251462050,0.027996115464933,0.193557734780743,,0.128980672184912,0.109671730312833,0.218105872133167,0.000188214663957,
1.276,-0.029512006028580,0.065136386108616,-0.004452169224286,0.170256495663682,,0.093913854306481,0.118530196207533,0.254514937413111,-0.006048676414603,
1.28,-0.084389269981469,0.075705285995220,-0.049443385767480,0.149020964458209,,0.055743593621314,0.117772000944023,0.259279766312702,-0.067271026363021,
1.284,-0.118009444804132,0.088750148894276,-0.072339919287334,0.160744561625374,,0.031156097149117,0.082237421304283,0.206392096830356,-0.096092369659150,
1.288,-0.097813409116496,0.106889497523990,-0.069344659592355,0.196164359092066,,0.042374435162642,0.036147118144224,0.153296975345912,-0.094401766682032,
1.292,-0.053772524136315,0.111030070597173,-0.067431507368364,0.205446900103776,,0.104276410993951,0.020178951506717,0.147874982764044,-0.129256119560014,
1.296,-0.018624422909662,0.095756353970238,-0.057850554073183,0.186540906901056,,0.146250980886483,0.024015424422132,0.148740244356929,-0.178993508794046,
1.3,0.000569890433173,0.092575422280580,-0.036695941331145,0.155176637995033,,0.122677172626387,0.066387190608962,0.139552090739430,-0.183905415683930,
1.304,-0.015518442350019,0.109307291707726,-0.016094690539348,0.111771325412616,,0.076883093665156,0.136797191015338,0.143083540992787,-0.144735822804987,
1.308,-0.081405977822968,0.129551369877852,0.019562666093923,0.086280114770843,,0.044763762186684,0.157224334844099,0.142916816674341,-0.105405778428229,
1.312,-0.101644964403471,0.129881765793504,0.041590820492199,0.120679060898906,,0.058197037810912,0.111146313446963,0.133472439855352,-0.096933846402568,
1.316,-0.004295159363273,0.106711461137100,0.015999729306652,0.190912448567432,,0.098007037780904,0.070047131913863,0.133897559329203,-0.090791486415294,
1.32,0.085305093513320,0.088977123468247,-0.017668067622450,0.218824173661514,,0.096077787840339,0.098685319448163,0.137716337721788,-0.073162610129254,
1.324,0.048336451914075,0.080499330436067,-0.030881203581645,0.201521518050961,,0.060480389470992,0.145839294641790,0.151540149806815,-0.074570200124966,
1.328,-0.073080563644268,0.077901189787497,-0.033707436971075,0.199785657919352,,0.053247901120552,0.134595775380096,0.194756066786633,-0.096102731537693,
1.332,-0.163162654059932,0.082518326511576,-0.041517093782629,0.225913959461102,,0.085500773756856,0.099896901682049,0.235337963600489,-0.114981873230659,
1.336,-0.167109325113294,0.077687094416187,-0.045662452971658,0.243549847579641,,0.127740133781890,0.093318327677485,0.244266866307244,-0.136228906118768,
1.34,-0.127077637580848,0.059467514163819,-0.019701692100065,0.220410251193443,,0.157961272196417,0.097916263532917,0.248263701184978,-0.164860074990329,
1.344,-0.090766530014468,0.042076028557798,0.020104130301991,0.175380142734885,,0.170103717450186,0.097192162792595,0.259390300380837,-0.165266876966116,
1.348,-0.061962269964398,0.046041625461759,0.024716294616237,0.154432819291965,,0.167284969896674,0.109653933024646,0.269018368226021,-0.144407434474618,
1.352,-0.050980591495945,0.064107330195251,-0.017710317165823,0.147800917258977,,0.141051208632841,0.119826826931026,0.270354365144405,-0.152035133767916,
1.356,-0.056492218108022,0.071481311758558,-0.059248455131600,0.108930554378763,,0.095082404918969,0.096230590125176,0.248755865514090,-0.137141253387498,
1.36,-0.045801286807559,0.059075624022030,-0.074948658813736,0.060050058210783,,0.074438243803911,0.056643365105618,0.219368236368252,-0.063254494455222,
1.364,-0.034191826207992,0.064848032539172,-0.085581051877110,0.058553862239538,,0.101766061685135,0.035626207291673,0.194432684373043,-0.031419654341777,
1.368,-0.059628949642429,0.113029107218748,-0.096242479071724,0.101851721740000,,0.112240689379066,-0.027843105690468,0.315811650005190,0.331872444353525,
1.372,-0.122796905780987,0.110592971593118,0.007041538012614,0.197666241160269,,0.060259855819624,-0.355227079646358,1.797601547063095,3.340806631971825,
1.376,-0.591895276363952,0.018646259821876,3.632805475399898,2.896279919049060,,0.020802864028739,-0.712397426537687,7.503694207444799,12.377516160170412,
1.38,-1.585638068799046,0.364479808708731,14.736982276361314,11.093408082399943,,0.232999961773065,0.558312826070606,18.496605084396062,26.455667808804961,
1.384,-1.973452005379709,2.021978962537752,29.033948736787075,21.435469651378963,,2.804594277148944,4.883039272555044,31.120723296966442,42.907313353506332,
1.388,-0.987778404373757,4.711189457760943,39.985768791882400,29.708686331012522,,9.080201628298445,10.669371093026482,41.206301137313993,60.138902807021601,
1.392,1.093044775145981,7.748154964730299,47.516485146529490,36.469020364966688,,14.916983882751403,15.499770675724262,46.271999345474406,69.759564818232263,
1.396,3.787137776728330,10.814949803120781,51.247778948751659,40.179682183791009,,15.067552498979023,16.219077276565585,42.849829528937128,64.248943924207325,
1.4,5.314627316189575,12.061786297458864,48.401896578959509,37.653518503781982,,10.531013962537504,11.398406936961553,32.835631149010851,51.269791345285569,
1.404,4.507123785254831,10.484552666822797,41.828160135161255,32.086000248977122,,8.107563758564366,7.643646421365565,26.210454781528583,44.506740689509670,
1.408,3.901234460664623,8.909163760009026,38.328066268765866,29.870451193426923,,11.613311404887106,10.514335089887105,28.891056086284578,49.046468034453781,
1.412,5.661417844642449,10.017489752790986,41.015107666071607,33.195873025099672,,17.132296289785732,16.063674940941052,37.168795474460580,60.046696367386318,
1.416,7.593983700813059,12.371463843969657,47.886908796572854,39.426666320116659,,19.498281788005535,18.812232818174074,43.955974520625034,68.666166453173375,
1.42,7.389521679001989,13.403228151262343,54.721027404048726,44.811345243351830,,19.187839787111471,18.959944077288011,46.655501240260307,71.733556866853021,
1.424,6.389583252373289,13.369173064776350,58.613778338377067,47.857083188347112,,19.238850636742473,19.052417834662496,47.023311175539774,72.019873980372267,
1.428,6.462607894184294,13.654226764298036,59.778966977443659,49.208646148684991,,19.892017358841819,19.287919582094744,46.114568648654512,71.096271727938941,
1.432,7.114716572668868,14.051573803277183,59.301872494359337,49.237777384459832,,19.853529437280699,18.702400454319037,44.114338559428774,69.095064317306836,
1.436,7.103858679771035,13.724082102512051,57.503108715834109,47.828627029934466,,19.191074331673612,17.579754534566568,42.028616148575402,67.001173062838092,
1.44,6.554401652899946,12.956901588107481,55.394363502151165,46.012864041212438,,18.931203769670635,16.998039515258760,40.949207839538900,65.984099849813944,
1.444,6.390576887096417,12.574549483901016,53.649495077279092,44.608494632757505,,19.233414579974134,17.085748833285713,40.604051163366336,65.803239348063059,
1.448,6.661393080777126,12.605662257264784,51.805018724227402,43.234632484745838,,19.403834344389384,17.043779904158789,39.942668416238376,65.309989863761842,
1.452,6.715295831821022,12.513672577176306,49.873711534426029,41.720800966092128,,19.219384216542732,16.505196007340004,38.561218291530544,64.017813093803241,
1.456,6.610732549479967,12.366952918860544,48.334082427733158,40.314793488789164,,19.136638870127900,15.915107091288577,37.111501285991295,62.573237466758194,
1.46,6.882834717584676,12.607606877785383,47.395036296336770,39.291862640649839,,19.264579520786171,15.643586614895959,36.282213582784451,61.664053455296639,
1.464,7.513565710790518,13.132496055505468,47.007666856202562,38.848800994044041,,19.516781016929301,15.740813458427787,36.146574532164664,61.569556900228939,
1.468,8.353226096806528,13.714739178496467,47.014119039850222,39.025849342658404,,20.082248747652944,16.180320237368441,36.531729080986530,62.345502436235989,
1.472,10.061022182800391,14.873495247013988,47.584262935703961,40.105759847505780,,20.953607201540439,16.804811815964847,37.134205685587609,63.538013107347176,
1.476,12.965727797399341,16.943072296819050,48.757947956059127,42.048122140012815,,21.906713138185040,17.408241944766232,37.427375441517277,64.394849433106145,
1.48,15.830876661835156,18.983170177951777,49.819682401945762,43.865917476388724,,22.646852847537424,17.781122130393541,37.111455043813613,64.448258911604967,
1.484,17.831713653503080,20.330918076770143,50.186033911066190,44.828218791139207,,22.936170781257523,17.800746492935261,36.466754969272742,63.861615543841843,
1.488,19.197958675332330,21.186368175368877,49.952713345709775,45.011590209384075,,22.808448046835309,17.598491263862044,35.902674008158698,63.123005722504793,
1.492,19.885001637156542,21.567904102206121,49.436016910453240,44.699031244386077,,22.397790052802300,17.365575820424787,35.568658305856317,62.494175301494657,
1.496,19.580024388040446,21.293052328487931,48.707008710340055,43.902246670580979,,21.853530020255757,17.128215785921046,35.353461302058626,61.949608772291370,
1.5,18.319206447886241,20.389765605349947,47.726788587894930,42.608908371228516,,21.284547807283186,16.826500353592472,35.076940418069952,61.347182149292770,
1.504,16.706785526327046,19.238046573940448,46.718212784704988,41.214498694687094,,20.621787519987429,16.363642021346042,34.550063047015186,60.464263469712193,
1.508,15.204472168332970,18.125585520312143,45.781477841066447,39.936267196792059,,19.830068502710290,15.729366081353451,33.729270813474443,59.220849968619071,
1.512,13.615146191663804,16.886222871061818,44.499679078797215,38.376225681441852,,19.105540920864662,15.104602427835509,32.873937887995361,57.896573333397953,
1.516,11.820865243219117,15.448076248686009,42.643339963362102,36.337050941659740,,18.550832996516313,14.536102459237870,32.021689117089721,56.574375456273415,
1.52,10.310539881929351,14.198684422695877,40.772753280002902,34.427021736011454,,18.095838392934297,13.977217883305803,31.029606686096617,55.157420800012297,
1.524,9.297520012120504,13.279604195062959,39.188142135741856,32.933398605386174,,17.742424207259081,13.559709763319757,30.061528792138979,53.865377083044756,
1.528,8.574560548109401,12.530333757079333,37.693746495767890,31.605517283338266,,17.472327095915610,13.284816587191601,29.191881017789228,52.709355161323003,
1.532,8.114166890372891,11.950705251746507,36.408959584133783,30.534501380142416,,17.229294483687003,13.030764406981390,28.364393507702246,51.569682003431403,
1.536,7.883427218604246,11.538809533871438,35.386857582169824,29.773304949598447,,17.038820980872661,12.852553785742185,27.777857707654334,50.736219877385125,
1.54,7.818041498319997,11.275556695893808,34.524111907241682,29.212007820991285,,16.950579680031087,12.790894249595906,27.556024894660624,50.387656681711789,
1.544,7.933672114519160,11.173592887342600,33.914642053934536,28.904434542818382,,17.011327425608552,12.837511762712889,27.573226664079364,50.365243702934769,
1.548,8.209354228642617,11.195337527534324,33.581574517348663,28.838384135802443,,17.220917558887667,13.011774890293694,27.651256978996894,50.499579437334759,
1.552,8.625472863979919,11.313752964039789,33.392226634272731,28.884953986262140,,17.475374585138155,13.197309657198691,27.641604146988978,50.656165608744480,
1.556,9.135659958271996,11.491740187173505,33.238821484568291,28.953242267588234,,17.702323771709455,13.302687978796497,27.550132958654402,50.697002369992987,
1.56,9.592700636196744,11.639275520781382,33.060466523272950,28.991579864712335,,17.903398651266322,13.394663194002742,27.460841579262535,50.555109301296469,
1.564,9.967668845286642,11.753593038867212,32.814832688596454,29.002163967405181,,18.059486006659839,13.509175632704459,27.370319988005541,50.313206078400853,
1.568,10.328128414303372,11.877678152188837,32.524239139469294,29.008307616018520,,18.115378816905380,13.611803613663250,27.255094551169577,50.007182483738106,
1.572,10.635884057968017,11.989436243456758,32.278950260058657,28.985618103599165,,18.062143081365008,13.666091006958046,27.152320890170284,49.626390715549086,
1.576,10.873680617510328,12.079513338238808,32.032821969386056,28.887661787515611,,17.975579251846725,13.680425126283353,27.078900531697634,49.283268437954774,
1.58,11.078485255783288,12.155664663570160,31.673143890920070,28.704386246207203,,17.909657148504753,13.708372030717410,26.997380492303506,49.025376445800973,
1.584,11.263204894345030,12.197960586345900,31.292434872501225,28.478493722152820,,17.837012537670102,13.776186845169722,26.860581969293726,48.755256984432606,
1.588,11.457354754651089,12.180261504098068,30.991579690474993,28.272057237869021,,17.741392690488574,13.856270791058883,26.660032287708567,48.409738604137821,
1.592,11.650001598960275,12.093936019950048,30.655893917032277,28.084207768646355,,17.697048058982130,13.905507807223925,26.456044248979911,48.039063393055265,
1.5959000000059604,11.804772214107905,11.987043769789494,30.194130233160607,27.864696191621910,,17.736530893681508,13.928969866260358,26.227276248819734,47.650005884355444,
1.5999000000059604,11.922805620064402,11.931069458787647,29.711639237933845,27.610951115261894,,17.785529431186120,13.949507812113259,25.916826270808123,47.205091761173357,
1.6039000000059604,12.031432468934932,11.940803821671132,29.231031620692185,27.288374991503169,,17.803784799263148,13.968561205352422,25.606861334440701,46.758755381676373,
1.6079000000059605,12.164597137315843,11.971663268019192,28.708914541970064,26.878736148020682,,17.812718169668013,14.014931081826141,25.334483589587087,46.311917808217792,
1.6119000000059605,12.309842403691025,11.976873396483668,28.241006449930577,26.485798077095588,,17.839908561717102,14.094817202722151,25.053046624913648,45.845269392076773,
1.6159000000059605,12.455130800168346,11.956452780267881,27.813869376937532,26.116551813471983,,17.874642574989142,14.186646404141371,24.787624998374241,45.427466803697051,
1.6199000000059605,12.603225832220886,11.938871259606099,27.350313011397784,25.727147515185131,,17.904169019385755,14.282101881748925,24.552347829067251,45.054441998948207,
1.6239000000059605,12.730248279836880,11.956708790709420,26.916137557485683,25.387687217269566,,17.948179718634236,14.338563116080088,24.261254947229403,44.591082242400752,
1.6279000000059605,12.835007465897455,12.007643113383752,26.534840463626331,25.102250641245355,,17.985325893640095,14.345752678633847,23.884035567865169,43.968049088852965,
1.6319000000059605,12.911185160212776,12.030105053655799,26.071882980211896,24.725674296966091,,17.957013866031083,14.361164963201812,23.524666802679100,43.299871426424232,
1.636,12.918161725699672,11.971935166597987,25.466279993041226,24.193505878663956,,17.815254108626192,14.391781962481831,23.156932135276691,42.580909248894983,
1.64,12.865683722359709,11.869277599105496,24.867342122765045,23.658980813515289,,17.581834495243797,14.400120586137183,22.681396027791973,41.744866623569010,
1.644,12.829700809956497,11.764531087880910,24.353644545736291,23.183051702184997,,17.360613712640330,14.401189200926440,22.208265519435333,40.970168629799637,
1.648,12.848071173559102,11.663963539620818,23.889672153193597,22.723054263408113,,17.160302255803153,14.384562289011654,21.818813715956175,40.290699664561373,
1.652,12.874557347958309,11.606015160819503,23.473662372675985,22.342814949422280,,16.928955454317702,14.313147519683003,21.437414042183907,39.548505035054205,
1.656,12.875382805807236,11.558224876634894,23.032046579509306,21.979335288615012,,16.704123130298214,14.220464328003285,21.053685991682741,38.791036630516622,
1.66,12.859633654585199,11.462706736716337,22.517330888479258,21.526067708928291,,16.514027855258600,14.127544280344921,20.711828012356893,38.122296580833812,
1.664,12.860418954054795,11.377388463951656,22.020282144414285,21.069512087687940,,16.330649205713264,14.002891331352423,20.323217213050022,37.429626748583445,
1.668,12.907089397265215,11.331190621985623,21.576987689227000,20.681061775841599,,16.118522923893437,13.846657407563738,19.782819651815554,36.600163897546174,
1.672,12.972295028497280,11.257006031301209,21.068886722928951,20.282541182690636,,15.875049046137324,13.701598466525200,19.180094755556016,35.742959138283979,
1.676,13.018855288924570,11.116277890599614,20.409657739324416,19.809463756988123,,15.598286505016578,13.556816037627479,18.543418811539162,34.824386235317682,
1.68,13.021605251305076,10.943853949499825,19.746094769029483,19.310745525335655,,15.285511354966047,13.395139651438001,17.830201409717191,33.754467700968341,
1.684,12.993956273863500,10.801655159868297,19.154053138455666,18.763941328093768,,15.001832301492758,13.242194152273582,17.156233124355733,32.707869666638416,
1.688,12.977537455868404,10.706314926098431,18.510808548598167,18.126006053923714,,14.759355129662978,13.089276967956017,16.520133657719551,31.706727455414264,
1.692,12.956651751719255,10.603645528746895,17.835107570245974,17.526776086679355,,14.521214135436239,12.927162094849491,15.815994049521858,30.651708730030403,
1.696,12.852583171122046,10.439384014979726,17.140688893741419,16.938824941746994,,14.313348424910441,12.762356896890232,15.132942880148569,29.622723123405180,
1.7,12.629630683073872,10.223978282742987,16.369580445331408,16.222675709642061,,14.116383080818343,12.606213012266155,14.549766034789316,28.653073391140722,
1.704,12.379779997520728,9.994258116289044,15.611144096315952,15.510857572044708,,13.872774859819820,12.444648808228790,13.918123055386193,27.581648329295053,
1.708,12.158689195700362,9.748450164010508,14.933041508662161,14.904032779783924,,13.581578466081808,12.242563611744226,13.135329216127227,26.339657657051639,
1.712,11.876235446096841,9.438607397651760,14.188477634848354,14.223519004157136,,13.297142290004093,12.013946564891764,12.363961958465653,25.151962484377339,
1.716,11.494308766492258,9.050309974105900,13.289148977539931,13.384757142680119,,12.989812681021464,11.765547066664331,11.636402205965901,23.998688622291102,
1.72,11.126919672055159,8.655952219608807,12.441306892190619,12.585442975214836,,12.559637340242976,11.497823195016403,10.854693730883984,22.713895165437748,
1.724,10.771239495964767,8.294252786336347,11.686832388624351,11.875679879075880,,12.088075046717943,11.242213000190151,10.144699626867567,21.504540488949928,
1.728,10.334209156845191,7.937405262398536,10.878502349584029,11.143709617875023,,11.663684289394208,10.964801162491160,9.456847976114711,20.375316821755323,
1.732,9.879476562617022,7.599849011616204,10.117568277072374,10.439787474952372,,11.236930049808272,10.626943801368025,8.643639502621191,19.145004175390994,
1.736,9.405074655738989,7.216069579207007,9.404163189749969,9.734869674322670,,10.849526723676151,10.304311177208401,7.909328354257502,17.995604228392367,
1.74,8.843100747728974,6.713618088058428,8.621238900636254,8.936323198452603,,10.552542224435737,10.051623929876882,7.372882200077283,17.072207030591667,
1.744,8.272483975901341,6.239103510265444,7.900446418784732,8.175291513872317,,10.234543998468077,9.775811342597990,6.819163646817254,16.147022249092338,
1.748,7.772621925199731,5.894780018732840,7.306867123723300,7.579756667681016,,9.827567409429829,9.429493659380324,6.149210517757264,15.055895591203594,
1.752,7.261255358503246,5.513573099099347,6.649279547957658,7.018770285564496,,9.438650600585042,9.137670429827850,5.542223530209117,14.020729330053353,
1.756,6.640403156286876,4.960712115933108,5.843235529329504,6.353067323803765,,9.102514098096709,8.910849770180050,5.041778243778554,13.144766898733549,
1.76,6.007273013106008,4.394285052436457,5.091388016478859,5.684199214525934,,8.773220508071082,8.624175811902765,4.540107885115736,12.315272596772084,
1.764,5.443233135947659,3.931976445184906,4.460157480016266,5.053902122404850,,8.488533682770917,8.298022473268826,4.075273437022819,11.589908503784752,
1.768,4.895065704938785,3.493448997844568,3.841193421380582,4.403792693619072,,8.262459203615800,8.023178950877307,3.686856067535430,10.951273833180750,
1.772,4.374918983213735,3.067278438864890,3.273748347847299,3.795832582334729,,8.085949408901316,7.807720777045568,3.333085905220908,10.309300123404228,
1.776,3.883291877473328,2.648776943486139,2.711930053755085,3.249193276039581,,7.984872566353732,7.638798581176240,3.032039752034277,9.775065922058612,
1.78,3.410141989578660,2.221221564926089,2.094551742130155,2.744828333023853,,7.912463559277694,7.509010717066911,2.841009477342155,9.452336409312197,
1.784,3.044856755193664,1.896482626521962,1.628805102048322,2.351073756138559,,7.807600417002663,7.394227149717356,2.719096256726912,9.220406010656365,
1.788,2.791693770226603,1.750273920464819,1.448472799567967,2.113915770019301,,7.698658463222829,7.272777280105555,2.573263237958377,8.937454454303472,
1.792,2.540354338406597,1.712140038392671,1.382868077857475,1.934330290702600,,7.608943101478327,7.133751063765961,2.407480019453812,8.640426274990650,
1.796,2.245130998624705,1.655823171835396,1.265109842990783,1.701042856709062,,7.495455052607287,6.955230785217017,2.229613820695837,8.351167578570330,
1.8,1.945848232908405,1.510232999135080,1.117424370905877,1.451108003268307,,7.329987831305713,6.750944860745209,2.002231737202389,8.038040406706486,
1.804,1.643004847275715,1.282105607580001,0.925891236593568,1.196331033204988,,7.176149655613714,6.595390614028490,1.774124410710741,7.751276363702130,
1.808,1.310561305409351,1.002448615392847,0.664060489572937,0.921873201030782,,7.091004029349597,6.518122995433255,1.591327478242496,7.491305788047031,
1.812,0.996608016932103,0.744875191089234,0.456633847271956,0.712037232186849,,7.044754515483509,6.474744841857196,1.436616112681594,7.226427203739171,
1.816,0.713245804424375,0.566788315479222,0.361034629508268,0.566620568142013,,7.026934256469543,6.417716413254341,1.334311088116126,7.019442241946951,
1.82,0.418150649588097,0.447249006616938,0.295561847137600,0.440546929330791,,7.057332360538142,6.349570864328491,1.310589284013087,6.893520783581016,
1.824,0.157719866489707,0.354434361981626,0.193757194742645,0.378678820254673,,7.099219678974341,6.320505833300387,1.338019509741538,6.805999613968767,
1.828,-0.004877644703716,0.275383642160147,0.073188214886330,0.367013464850698,,7.108756320566258,6.360372768056015,1.364108362199513,6.765727193252859,
1.832,-0.082002167064928,0.199242241645109,-0.000872390209075,0.339936543500840,,7.117647103666330,6.429380456338725,1.334617925060341,6.768440477956697,
1.836,-0.099935379220828,0.143243350447455,-0.022128149458746,0.291270317850259,,7.188194597003736,6.460878479091352,1.259341063937551,6.763366158115342,
1.84,-0.086807102622162,0.137591930041205,-0.031858035771447,0.236442757759802,,7.331211800334151,6.449491900022401,1.186841161473020,6.741058999862330,
1.844,-0.076717376663777,0.163951482233095,-0.041298005545056,0.215812613639486,,7.499344273845617,6.442865236328839,1.107546483532544,6.718893930942933,
1.848,-0.083194376786009,0.194208077113937,-0.034154936876501,0.254561396619888,,7.645704754438149,6.457729587175676,1.013415074400897,6.693003864453648,
1.852,-0.082886906046647,0.216408042318184,-0.023984163743709,0.305115287631460,,7.778308772414743,6.482958106764771,0.938345473122052,6.663651655293890,
1.856,-0.056482919538362,0.200028262781366,-0.050949980162204,0.321162603891668,,7.954667224291288,6.490570555139732,0.893406406021051,6.657231144231883,
1.86,-0.028216086658202,0.158704169303890,-0.097544160289048,0.294972042517663,,8.188497779122125,6.477183222132728,0.885674479597190,6.678379730841028,
1.864,-0.017584669827164,0.137734597461958,-0.095954144558394,0.243176817237013,,8.448660551140360,6.507923135338940,0.919278649877552,6.767352433205906,
1.868,-0.035684819905628,0.136185238913317,-0.029656595121595,0.201060501163655,,8.725577642932288,6.613620465099434,0.939679360989016,6.963512132316281,
1.872,-0.063779401897512,0.128610696212629,0.015249022956267,0.184992267382366,,9.000441330951091,6.733783992597919,0.921123946597031,7.177121630594353,
1.8759000000059605,-0.055062332097343,0.103607964130479,-0.002360437429701,0.192629842350948,,9.326492013162971,6.879094400351400,0.900111153070385,7.370624818368059,
1.8799000000059605,-0.024982476509699,0.089692445236497,-0.011420925437367,0.215223087681089,,9.741686210664009,7.104888215885344,0.888063164619449,7.594473801412432,
1.8839000000059605,-0.015616966805118,0.103194354505080,0.002495908405117,0.221302446965233,,10.150330065715698,7.332500583659849,0.887337084467130,7.830942547193291,
1.8879000000059605,-0.017760199832415,0.115946666298282,0.003257222688737,0.203429186436198,,10.597715961187085,7.548766060650268,0.895332650386258,8.096547482649591,
1.8919000000059605,-0.009327860548662,0.124152753336161,0.003885434224312,0.195929138208701,,11.174091425967047,7.824651800217677,0.921252708764503,8.432618426090958,
1.8959000000059605,0.000357101943326,0.137630943104909,0.021231557368218,0.212245956628864,,11.750461059757431,8.104708555334534,0.980031584207423,8.772167316869771,
1.8999000000059605,0.002349723439879,0.147630052417846,0.035420337186236,0.216466058474152,,12.225381824737074,8.338899293733068,1.027918167640780,9.082592489820460,
1.9039000000059605,-0.008312554072721,0.129031407777957,0.044579608545492,0.198447122391153,,12.745635310610499,8.595572700960904,1.047749967444046,9.455611782662912,
1.9079000000059605,-0.032139178924970,0.082983536476211,0.051263746856281,0.198110864805485,,13.442551050320899,8.927586292093546,1.070265894434522,9.925883517772231,
1.9119000000059605,-0.060953017471439,0.087992961267021,0.022187359944036,0.228428590707917,,14.176159172427745,9.291971483503245,1.097551938479438,10.391007115817224,
1.916,0.009576306613708,0.219102397160737,-0.031851678500258,0.291927344885230,,14.933049211324832,9.696969973359383,1.156500733533884,10.904393021684886,
1.92,0.467539505936264,0.531294872800594,0.013085611070747,0.433373136452637,,15.839813082433864,10.177036455327627,1.281644082980677,11.599518199200176,
1.924,1.604898865575642,1.304294656389105,0.465118608046314,0.774596025353524,,16.773758669652768,10.671565949949930,1.420597862638625,12.320859209027621,
1.928,3.278249615861908,2.616728803236464,1.377453858219584,1.331123127554888,,17.751464313070677,11.212875159659713,1.520436787695819,12.993194425042907,
1.932,4.941112075589968,3.912159137413846,2.223346444728822,1.893531652875597,,18.900867132298419,11.860814715056508,1.593662146200614,13.738291992255437,
1.936,6.544419376520977,5.002167096462588,2.817247968134913,2.522929236873173,,20.052857827405962,12.506988867007822,1.668376276457047,14.502844098984740,
1.94,8.361319665216271,6.184594115551208,3.491912018120590,3.454654299013582,,21.097951286125276,13.105258911747004,1.790334652902681,15.226049697396935,
1.944,10.142685803238921,7.409404837915364,4.283826052617115,4.518783308611694,,22.256062230025137,13.825422114239284,1.993440252645512,16.077014680061406,
1.948,11.583947417490835,8.502624455571135,5.049651485408194,5.442886691429483,,23.644127082761244,14.709805628730200,2.239677918293437,17.136273778529624,
1.952,12.899563940133792,9.542780062044136,5.839399854726144,6.307841370661567,,24.980292011884821,15.517225600638257,2.446634207595567,18.127303114964615,
1.956,14.341963656031020,10.608635457579366,6.665318033466512,7.256931085718071,,26.148374684634270,16.180133721104497,2.587782032543887,18.906924338235349,
1.96,15.659137709516635,11.508589625096434,7.342919016783402,8.130348369854030,,27.231075554448076,16.800907264695311,2.723712282007108,19.594600054241219,
1.964,16.647865095144013,12.114112855153962,7.780103960972276,8.819789392426472,,28.074652446381073,17.326755086233604,2.893139931360053,20.173404574281282,
1.968,17.432817444351112,12.508357264851478,8.039546441071820,9.377936387348885,,28.633794869336171,17.713244263716060,3.025172650913663,20.613989089894609,
1.972,18.067646216864755,12.770514391644621,8.159432254797432,9.766271299670809,,29.001558830326115,17.965752794837698,3.074886037637742,20.950479445915093,
1.976,18.608074282263658,12.958085098575253,8.156238235377629,10.011703197009805,,29.154112028933579,18.087079148209586,3.119562085939237,21.146015932205280,
1.98,19.085578237271889,13.103568530794700,8.101127435201946,10.213106470628667,,29.130390519406308,18.137686332262643,3.183100655945002,21.198592840673264,
1.984,19.394037278796628,13.201822620178033,8.086590674093923,10.344228140322935,,28.929898022926324,18.075393251738845,3.193339341709992,21.100510069174636,
1.988,19.521442308174475,13.255460255285195,8.125540952354690,10.358643266740222,,28.485302085580447,17.823807743841154,3.136884632072867,20.835980598529918,
1.992,19.538804592945109,13.288111019671096,8.203295421153408,10.364969170503274,,27.950957057785757,17.482611291882005,3.059938332766358,20.516303717328242,
1.996,19.469537925802861,13.308449280562424,8.300908706343375,10.448021991302909,,27.381137477491137,17.107131437264449,2.968313088964159,20.171075028168598,
2,19.338294875365428,13.302033980717381,8.377388816626427,10.515299793512691,,26.658901908193918,16.670856541280521,2.858480160810968,19.733798751438044,
2.004,19.115862387250285,13.228059585507694,8.441389157905029,10.469057008997146,,25.918566322113069,16.248301437931520,2.775639501260216,19.266522228078571,
2.008,18.786108844010283,13.073008544816442,8.493937244710290,10.334323411984821,,25.253267375158998,15.840098330607992,2.710132142170246,18.818251870734404,
2.012,18.444269463845174,12.892013692850332,8.484090397322484,10.202369868498995,,24.579305920871569,15.400739220921482,2.618010960614856,18.361998566816812,
2.016,18.135932480331252,12.704569557484584,8.381393872490053,10.091384952910298,,23.948901742593371,15.023525756170333,2.544192251865215,17.963726100988275,
2.02,17.820548308026030,12.498714709756117,8.212103577297942,9.957124939399694,,23.411652062369097,14.763707143651644,2.519818688446176,17.675822656656582,
2.024,17.509524722258298,12.324761352840067,8.051547339806369,9.780589477255690,,22.882999070126992,14.518092697278783,2.512370282021987,17.422000390223353,
2.028,17.260673971694867,12.222784047008385,7.958486992147785,9.574327153779786,,22.348068572415890,14.229796689711444,2.503961951343779,17.168301723249748,
2.032,17.044418076045588,12.161576296960748,7.938731301193235,9.360424917743817,,21.935860050255620,13.984121318385798,2.486154070682288,16.958489690608019,
2.036,16.791363139247704,12.098850590788244,7.948230032288024,9.168291600933401,,21.648427506505925,13.796118063551036,2.459553419768474,16.769560746510937,
2.04,16.545614283470254,12.017636815836326,7.940329460264318,9.026806965731708,,21.348960541814243,13.630584585656644,2.439366576940124,16.577492706981843,
2.044,16.327897147421787,11.926720975355513,7.925057858664342,8.882536741358031,,21.050258273185637,13.489895888445620,2.427734570550646,16.413840289528316,
2.048,16.116370223476640,11.850369488848497,7.906936039752992,8.681690085233098,,20.814513321150660,13.350041493929989,2.408105475120449,16.266227325700193,
2.052,15.963510938042791,11.802117002701122,7.868025372191418,8.502502170407023,,20.624980827942629,13.206337965752777,2.392287557857133,16.124406862165205,
2.056,15.820486855553737,11.742298542521741,7.808064204174253,8.380594913541970,,20.479570778046849,13.089408381728218,2.383121143032496,16.015892493906048,
2.06,15.612311467083826,11.621880211749829,7.729031082883089,8.256848437366104,,20.356369001024504,13.013746983003982,2.350240334240115,15.952154710653858,
2.064,15.422784956497653,11.481476348110682,7.636878613773719,8.148543916478541,,20.235813969011652,12.966467933944930,2.323666255567633,15.926192046983378,
2.068,15.300126954283838,11.391382053900479,7.551525951800611,8.041288719494533,,20.157075222985419,12.937195124109675,2.324615508909004,15.906046179946738,
2.072,15.202576210364498,11.372756581978276,7.491040326345230,7.887240505121316,,20.119846803987752,12.936946183221425,2.323324539369390,15.869514578903550,
2.076,15.109060010797183,11.390476280722091,7.445745433224525,7.751130946463654,,20.105163896053522,12.986327898393601,2.308835925414514,15.848163222617664,
2.08,15.021968660132346,11.372982344887010,7.393867506815174,7.689722791031778,,20.128048784426007,13.052641733368928,2.289882170370309,15.856700807512691,
2.084,14.946552918206420,11.295955157689257,7.337254463396301,7.665462006304980,,20.182441780256088,13.067410645913103,2.283630638679246,15.844616999309233,
2.088,14.893944610985564,11.208589811898632,7.304133685693961,7.637134097142487,,20.230089404081902,13.024239892104262,2.286828323555371,15.795307628501618,
2.092,14.865932829105210,11.151135933106900,7.296885245887747,7.614472235523512,,20.235107277644591,12.990439801270584,2.273849329042666,15.760026273931993,
2.096,14.811409361212410,11.095470802066009,7.275872838419926,7.606178044687193,,20.238710416249596,13.023071970773602,2.238893217796027,15.757599846736072,
2.1,14.718273776668896,11.020950782508228,7.230087271991428,7.591044623629669,,20.298499511932263,13.079200165141415,2.203175960914362,15.738575024708325,
2.104,14.649365989943099,10.976233406279277,7.175230387515438,7.550764958385392,,20.382132170231458,13.102338021995662,2.182837593583578,15.696053758935156,
2.108,14.609020393249358,10.977408093550396,7.127966633465764,7.511729847917064,,20.448673270373071,13.106462462425942,2.158809783648021,15.669767585520427,
2.112,14.564779757649617,10.964561109574737,7.090216996847513,7.508562533570893,,20.498835293780367,13.089924392078075,2.109855591842813,15.631474613882116,
2.116,14.519500861716143,10.915927160761477,7.032992874803003,7.523250911030667,,20.509934786799832,13.038225406301734,2.079322476052029,15.567726002096141,
2.12,14.483313669090764,10.873776034508673,6.967100950477111,7.524024535870684,,20.458722097292771,12.979283706353293,2.076611085895663,15.507005690603902,
2.124,14.466348555075609,10.835246578477783,6.909065082443385,7.509019024447739,,20.381822756654749,12.943256151870129,2.033210238150386,15.433592641289474,
2.128,14.434090963657242,10.752818699554247,6.843313278132209,7.496268812044268,,20.331777439204924,12.899143631534837,1.957996770905549,15.370053743724306,
2.132,14.370652321542288,10.645029568216689,6.782056103469810,7.489374228882551,,20.299476907204664,12.817219533822060,1.909516781246945,15.347416299894373,
2.136,14.377544594746063,10.568664539133493,6.752621887261056,7.490209033675211,,20.252902262528099,12.748234922080091,1.888366727882332,15.303819631334827,
2.14,14.461788715354116,10.522173334747880,6.766997698350602,7.505597771623464,,20.184771683928567,12.712475097623699,1.877376097051702,15.208329923216416,
2.144,14.488408650708031,10.473408916116654,6.788513119623156,7.522014108763519,,20.094594492950101,12.681737772051186,1.873314344252597,15.111781830592685,
2.148,14.435716903753331,10.433392051526438,6.761696031118388,7.519590752165890,,20.031593989575136,12.659624994489322,1.889327615321025,15.035489564685871,
2.152,14.387364539736323,10.432843551929775,6.694881395477250,7.497114554023621,,20.040338494142425,12.639076656771191,1.936500027767744,14.959101983427551,
2.156,14.405847340373807,10.468424214163690,6.639107654357902,7.471122620741723,,20.065400376381412,12.603573913913314,1.967253141085089,14.874202774708040,
2.16,14.476038195862550,10.520242656863386,6.613844948112622,7.455728907273055,,20.043065717342486,12.559277625925892,1.942205760998202,14.786859787173420,
2.164,14.533135450465529,10.556904211601292,6.600513867762589,7.460513862931123,,19.972741543727370,12.518129908693421,1.894959112572941,14.718600612059241,
2.168,14.584479613642795,10.568144663570072,6.600501542535574,7.491754091310335,,19.878847119228137,12.482586394598583,1.840010770215124,14.692556325022309,
2.172,14.679365727574964,10.592557113374472,6.638337865914917,7.536121851687955,,19.802865502524718,12.457274134253415,1.786442774219557,14.678971611384666,
2.176,14.779234985555110,10.650739291117802,6.689739721266601,7.556376295321350,,19.763981479824327,12.439084629938826,1.775531629364412,14.626163878228169,
2.18,14.831819505547397,10.723519164575450,6.728198456018939,7.540251894516635,,19.757993343813002,12.426533171522671,1.782363742193967,14.572485828885441,
2.184,14.876518564905384,10.778765004261318,6.760328112779289,7.533696436276978,,19.760379157308055,12.430228132771981,1.768620808380634,14.571013704365139,
2.188,14.947185905394644,10.828486757583320,6.774989160006126,7.556304424117250,,19.720071139680364,12.412764893343066,1.757645911433478,14.565493625089681,
2.192,15.047454287083221,10.898200844960570,6.772338865540213,7.582461190964214,,19.654814406525194,12.360645923355282,1.744881450782449,14.513837227681828,
2.196,15.167301323967374,10.938444892312413,6.756384479498595,7.627474439068722,,19.616962267155358,12.334132701293363,1.715842106950977,14.439174529220267,
2.2,15.248981847405890,10.937211259054584,6.733928042669986,7.685178659177453,,19.599922865311431,12.362519277573258,1.694918742297137,14.356699034806393,
2.204,15.291372155914342,10.982326559591122,6.743553846887539,7.718334750937407,,19.587759516293776,12.394179330001108,1.695543420926572,14.294891022780696,
2.208,15.360099821642764,11.098395307717874,6.792851430206403,7.743031619093677,,19.557748106618547,12.363811740644927,1.710029212335028,14.267394116114914,
2.212,15.460562472170245,11.205758436006946,6.849572502937631,7.768365690993625,,19.490845255917620,12.296017911100780,1.751872336525932,14.252061939737921,
2.216,15.558364841081961,11.298946573539567,6.895716523069467,7.787936922427725,,19.428599815698909,12.257201048660033,1.818744475479092,14.241230416183912,
2.22,15.627153406856497,11.409901564742004,6.929189398683381,7.814119767270868,,19.370088059783452,12.255880786898933,1.846281318748627,14.242634095582432,
2.224,15.661978459719705,11.466346359554594,6.972648354380162,7.857078191793986,,19.295648529257107,12.286006538633117,1.802660049874127,14.263047614266000,
2.228,15.715038205786218,11.460396864606324,7.033271845781155,7.928934693930439,,19.242159920293709,12.328304064961145,1.751926570543549,14.290282946211825,
2.232,15.806336232135399,11.473211673287629,7.072311129508266,8.019383195873207,,19.181867651502110,12.321113246121500,1.751027995677998,14.293010347719886,
2.236,15.866281866603527,11.509411077287151,7.086658068344315,8.091937901672626,,19.091435857986539,12.251751585507225,1.765823632412380,14.254702093684930,
2.24,15.877756250635858,11.551138382511025,7.139100993516306,8.134266956656090,,19.024532236960312,12.186567273985938,1.755989088650989,14.195009834518991,
2.244,15.897746305025516,11.582595990531479,7.256442310483592,8.182596126039543,,18.977120738049770,12.174353810044902,1.754486259819922,14.140686994969512,
2.248,15.931163995586566,11.588314701608400,7.383609108944421,8.261001520818024,,18.891251129783402,12.174721108063125,1.802116344519529,14.077476919479656,
2.252,15.947698109963470,11.597229610926952,7.476895490258200,8.364551587345320,,18.770835571459539,12.136903419134509,1.868651994592796,13.996101350404457,
2.256,15.968000250317584,11.641028695385138,7.556720938102229,8.463972820820967,,18.668562395551060,12.086947014532196,1.891278125059722,13.927173916619138,
2.26,15.997768935604382,11.716847143582397,7.649756887853626,8.517945862371006,,18.567502790516855,12.052224211882686,1.868753299991861,13.881289218801136,
2.264,15.993197812306054,11.790948164361795,7.743804916827769,8.569196131093824,,18.431907810126368,11.992825562712952,1.841338507698126,13.834563324795402,
2.268,15.977934745910849,11.843561716735113,7.849587384674945,8.680099354031187,,18.307235407678405,11.909332140176733,1.817368348282733,13.777058041345709,
2.272,16.002922082099325,11.875175543975875,7.975533612974252,8.821934998399120,,18.237022177365418,11.883231500714448,1.804745270488803,13.739422514050865,
2.276,16.030645713937066,11.906143482827337,8.081521186870397,8.913038229586265,,18.189503864195579,11.915939166817573,1.840318954571447,13.716244681443003,
2.28,16.014851209826695,11.957468645249008,8.158479979141305,8.938783194778752,,18.097047346651991,11.942584539074030,1.922770098544860,13.682828883640134,
2.284,15.978116498336629,12.003540444872465,8.196549085434807,8.937006206321747,,17.977001310966799,11.952628294373589,1.997706302882428,13.657753297660996,
2.288,15.962017899345675,12.029266030848046,8.184957614020693,8.920215163900673,,17.899644215236258,11.908923263011861,2.019876582007969,13.635081767210886,
2.292,15.980037858849892,12.056332488797953,8.176234359218979,8.912338626241223,,17.863832227634575,11.804533252745042,1.997508233181901,13.618542571139519,
2.296,16.038416618137845,12.083682278733061,8.218605873237561,8.918482130213615,,17.840841923012881,11.749879138877219,1.965445386489683,13.635351625890328,
2.3,16.139702140592423,12.096304324847331,8.300551413917258,8.933208733779006,,17.811614012806317,11.770808007419232,1.959200751730896,13.637969350333057,
2.304,16.236690268183558,12.103985965594594,8.383603321518057,8.971662902641093,,17.759251394759286,11.784455014170922,1.996752994904511,13.576762321656879,
2.308,16.271837161660745,12.138019014665968,8.456813916230583,9.019472589104179,,17.672150482440436,11.743262734245283,2.034916702657601,13.506608348365059,
2.312,16.266721039242693,12.204308708219418,8.535013864789390,9.060699359192821,,17.557517642969309,11.663045890833537,2.047263106776948,13.467088464965311,
2.316,16.281833375460671,12.268986997677150,8.626879006459257,9.103059741792073,,17.441899026257115,11.594667424239308,2.047176669811368,13.434868684709745,
2.32,16.328548770084058,12.326880036479400,8.706484272468433,9.145789971128234,,17.357576228841477,11.563169443816468,2.036896290179558,13.409032831025080,
2.324,16.401016827644408,12.389535554015492,8.753856703557453,9.191391442019629,,17.325806901620815,11.565537598751892,2.013331667405708,13.388351672649957,
2.328,16.477150770085746,12.440094867108463,8.789789702558604,9.254439923685291,,17.296706339333252,11.563891993226383,1.988984966376222,13.351611253112367,
2.332,16.513873185211715,12.457853146805904,8.810820253985952,9.347119256401088,,17.222554625214030,11.516085518805689,1.989230643678702,13.302730814649914,
2.336,16.511332633039050,12.443629050140652,8.812902513739807,9.447095317037656,,17.151154360931304,11.450209184520293,1.987783275696323,13.248385012285775,
2.34,16.502258045727512,12.451294463779519,8.833493628447259,9.530671413996600,,17.097876277002889,11.390687347049500,1.957235928909087,13.196082398128221,
2.344,16.497444516719476,12.511790102030204,8.918234330882086,9.612162909600023,,17.001152504521080,11.326452594552029,1.913654853723196,13.174184167104857,
2.348,16.470400100797196,12.566413269832447,9.058166533412679,9.680993483451429,,16.869725562809450,11.278242819144204,1.874971204952104,13.156452296357234,
2.352,16.419987174170277,12.578608508489296,9.194200781630308,9.723321083455630,,16.771336185019809,11.250026846699420,1.863588792031569,13.105225269052077,
2.356,16.377906765525125,12.582306626498770,9.319050966276203,9.773343203856848,,16.719961126005387,11.196568893971040,1.860781826265746,13.043000029577376,
2.36,16.360903299986386,12.598065930226966,9.454164624932991,9.854441854658409,,16.672912535959352,11.112579014340554,1.839201300834663,12.987868619300315,
2.364,16.360487933240400,12.597723618612132,9.599882038799066,9.952896446480864,,16.592074258891444,11.050710634534560,1.836325263142013,12.934758837042251,
2.368,16.335623807732873,12.578398905096670,9.749641245491778,10.048596935001411,,16.487046837331519,11.004478998098335,1.861772334065324,12.906572754473510,
2.372,16.275359283760690,12.566831319358101,9.849506776519542,10.136352703392255,,16.386957951664179,10.922383770482298,1.867599411373360,12.897130087487771,
2.376,16.242303237034065,12.556434695659746,9.871559502263647,10.213718998394745,,16.311198495874564,10.829373854592031,1.850795170754448,12.855306583648243,
2.38,16.266209676375759,12.535166822719203,9.872009639731008,10.272244932738060,,16.242903919970662,10.745326307496075,1.831266719437433,12.794226500800125,
2.384,16.299399781738668,12.515716466603639,9.875891563295935,10.307081093468746,,16.150677794040551,10.638853585014051,1.806053657285460,12.737059428674826,
2.388,16.338023871519439,12.517858021807053,9.868346920448600,10.327993795088032,,16.054739660822214,10.546124860426673,1.777119279175446,12.675753264778894,
2.392,16.403627769794479,12.552045864297591,9.862475941731816,10.360827602648198,,15.986086212147448,10.525410237093421,1.755109679968673,12.620049797520316,
2.396,16.466878852139804,12.613313814729642,9.880786582349719,10.402678359770277,,15.907032779278600,10.529171662085430,1.748997248360091,12.573343887384651,
2.4,16.510028771164773,12.677168786058026,9.925597879689846,10.443255957178254,,15.780394295081447,10.477166196024864,1.756098144933169,12.529295483699812,
2.404,16.556403833748988,12.733366385514568,9.979113432615781,10.499472477482877,,15.649501759786659,10.389795497864663,1.776891537300095,12.490982810203747,
2.408,16.609511106958664,12.777028126601337,10.048758578321351,10.570585144425991,,15.555035604460643,10.322599356112679,1.802179997434385,12.441349288168000,
2.412,16.649410867822898,12.794293266030568,10.152950999753084,10.632497117063700,,15.490101519215905,10.290816052590765,1.817947372031650,12.388203582404090,
2.416,16.707163412204483,12.819628245478171,10.230224955532137,10.697066805146559,,15.433852678368833,10.301242908749359,1.828384143357095,12.383173285092621,
2.42,16.806283502448210,12.891075054422043,10.228002004080313,10.791940168253518,,15.351200878649966,10.307820224727349,1.835116411502654,12.393835007541503,
2.424,16.910236245933589,12.989753257332694,10.206527318710966,10.881759690116910,,15.243420613371752,10.249796397614261,1.843905961106466,12.371569927300765,
2.428,17.015224388285468,13.062748200854022,10.242673429749511,10.925950727070104,,15.186293696986070,10.174273304947270,1.869260631249769,12.363336649898782,
2.432,17.127979168766501,13.091406357244768,10.340096638035309,10.952441293148615,,15.215301549712654,10.152991631074583,1.901741524066212,12.377961944744353,
2.436,17.206058517713835,13.114444385485969,10.453891268452574,10.999518238188466,,15.233758880047237,10.168458694671813,1.915741100022369,12.372450357150841,
2.44,17.239263116160068,13.157148053685649,10.563943763624582,11.057834674151874,,15.161350301878921,10.176714391640656,1.904618072455674,12.360099461772830,
2.444,17.261343233468253,13.215981909125366,10.658726288845106,11.121775975258474,,15.069430186265818,10.180932097878676,1.899258690823325,12.367092306272818,
2.448,17.276685625224228,13.294707534345328,10.705963542741438,11.200578925657956,,15.027695483067403,10.209745809097715,1.921613601092610,12.391159206886847,
2.452,17.280621713798684,13.413953106042474,10.717443752918683,11.265221095934344,,15.008708005602957,10.253508466888364,1.958992605786953,12.406494292610763,
2.456,17.316961379262757,13.529157951129410,10.739857099666574,11.309170708125251,,14.987980745617120,10.259816585269279,2.010432293685902,12.396086033060826,
2.46,17.394065730465030,13.569472839533248,10.783680298829916,11.356616233749385,,14.992948738107881,10.211877934543903,2.040994112210627,12.396393151786148,
2.464,17.433776239644239,13.552073894028435,10.855197474316306,11.410794608733994,,15.025513331511167,10.162057992291727,2.015386410739567,12.448303191353261,
2.468,17.413902264603468,13.527659093700841,10.975064515999783,11.460804457119243,,15.028997809564693,10.170239463117209,1.979342127577558,12.528054665785785,
2.472,17.385502862926074,13.527367562567596,11.107857849408294,11.481495599912339,,14.997837241084643,10.221740061556886,1.978457440399928,12.566183257143207,
2.476,17.361066893372943,13.533388573947734,11.196934607150572,11.479209532730232,,14.979214950560673,10.239262410737394,2.001424882440688,12.551288782983063,
2.48,17.313693778576244,13.525280690440049,11.246107739210478,11.488281034509042,,14.989622779689507,10.197168216856458,2.014407421840067,12.535485003206137,
2.484,17.262151450981307,13.532289255989898,11.249167174024059,11.521595141152435,,14.998459784888221,10.137453468120556,2.024894298732970,12.539975417966977,
2.488,17.255634121645965,13.552724593449268,11.198584083019496,11.554052925466470,,14.977109854276877,10.119061451426676,2.062099359265765,12.532076587465117,
2.492,17.270429863532446,13.527362489733195,11.179757487155729,11.559900855650248,,14.931629782640986,10.162162132622289,2.095357156837101,12.488622914015387,
2.496,17.261896419911494,13.459356879772502,11.225092255113459,11.559573949171932,,14.871955340895315,10.200854060329490,2.091780610760858,12.454572763340279,
2.5,17.221871553623824,13.418182298621550,11.257463729308116,11.562516342589619,,14.819743491256059,10.169113543445619,2.073040201772006,12.482689225889711,
2.504,17.156370593269365,13.414012544139146,11.252470681026496,11.547773501872623,,14.806259008468885,10.092666284662377,2.068268111993984,12.560970680702845,
2.508,17.096373866700972,13.405356925804888,11.236996981852524,11.536467532001780,,14.830614986164703,10.055353995252409,2.086251116171002,12.623328364259724,
2.512,17.047027508994489,13.369031500481213,11.235471983925239,11.560115061807437,,14.837173105835552,10.063644134482924,2.111812392434126,12.614486007490871,
2.516,17.006260467342187,13.323430609839399,11.269813104589089,11.595427339844907,,14.769764656556731,10.070639358456500,2.147308400338565,12.564038830342005,
2.52,16.987209685514060,13.295304723813873,11.311288153646935,11.627168504455247,,14.659355014443038,10.061484429754202,2.195333422859213,12.546463925841435,
2.524,16.961345015522461,13.268663926012943,11.308207222025857,11.640669196475963,,14.580638083208711,10.028124647878460,2.221629978696332,12.562676675052657,
2.528,16.916786846930663,13.217634327666364,11.265914105704249,11.624894260654543,,14.533310069801420,9.998122524985055,2.229622282712575,12.554407786425564,
2.532,16.874659161991204,13.150653979453915,11.231110876757949,11.618163616174702,,14.476385086499041,9.994457524354667,2.246936427906752,12.524353125575473,
2.536,16.815219450614357,13.103602246546835,11.252536791904431,11.621881297814078,,14.420614846015894,9.985481703531132,2.271602262060092,12.523543014512075,
2.54,16.726892347669477,13.094405341230726,11.325519885714339,11.604486526955679,,14.385627402191339,9.982649248972976,2.318380218993820,12.569224923435778,
2.544,16.648973168476807,13.077805626859954,11.376213039643631,11.575530287227579,,14.349032594682582,10.025216499108907,2.386536333581966,12.642203185580740,
2.548,16.603193340425669,13.032074264428909,11.357520251163544,11.576278005017238,,14.276162911964498,10.071888182758510,2.426804252331540,12.717599885876576,
2.552,16.577072904543979,12.994315406652515,11.297153486341365,11.598908684469475,,14.169497396159896,10.071184462529352,2.457505826933589,12.780640655767904,
2.556,16.550395250962669,12.985776732776440,11.256395355439290,11.584079845332740,,14.063386159567804,10.054818972228976,2.542214028013539,12.821646126406867,
2.56,16.506268632390157,12.995966655092404,11.268672573466267,11.548838731493706,,13.985643948379607,10.068470183821617,2.666901642428803,12.874412325861847,
2.564,16.435644226533427,12.993649993208935,11.318881623997127,11.538959455853146,,13.941506208028652,10.069708608535564,2.795078009357298,12.980322361174903,
2.568,16.364186517457970,12.952305257649877,11.362941423929890,11.555700524333279,,13.917045894723110,10.053613840580304,2.933406942934050,13.134084478102514,
2.572,16.322128280186757,12.900634076813635,11.376816057822911,11.601574676512309,,13.872208814122917,10.086137055409662,3.070641939532593,13.300840232741479,
2.576,16.309421827689064,12.879109124870245,11.380261895231126,11.653948742555173,,13.779864299053262,10.130747621964906,3.172435532638473,13.448222198527324,
2.58,16.320623388465251,12.853389831777900,11.380154571627250,11.684275726549618,,13.665248429017179,10.111619081786767,3.262408278232290,13.596611431653203,
2.584,16.320705199919775,12.812212384950575,11.389048589167306,11.697052869071779,,13.557018765504782,10.032786816827585,3.388106211568731,13.738227220744189,
2.588,16.290187319083522,12.798627558500588,11.424169688693663,11.696175579703969,,13.451787286051893,9.954818424101592,3.525141657085531,13.842251344769927,
2.592,16.248161573198306,12.790995978451067,11.441273923099242,11.681113267303246,,13.319885105206161,9.935795849107517,3.615162068713297,13.919322830800489,
2.5959000000059604,16.213797055072831,12.764717509247676,11.423459608024050,11.664047658828553,,13.133792507446724,9.910012101088716,3.655874876069176,13.940247620290457,
2.5999000000059604,16.192616279124010,12.754627121544015,11.416573136683319,11.664600413648341,,12.914452977737056,9.779586881637293,3.659460156420689,13.875463632916773,
2.6039000000059604,16.145050656403509,12.760461611776490,11.436297974726362,11.676422627620383,,12.732394724849296,9.619899095158889,3.640857716249436,13.772169869425831,
2.6079000000059605,16.063186966112234,12.750909161192748,11.464401335524428,11.683368864850381,,12.605260910645301,9.515556098850201,3.628799045392625,13.680215283231922,
2.6119000000059605,15.990241579654292,12.722513631201814,11.491946540938052,11.705906974019225,,12.497550617142807,9.444750612469216,3.624311970816986,13.619317685321001,
2.6159000000059605,15.927545458582131,12.699588682256756,11.531435439931677,11.723026055307729,,12.393495147278843,9.401382395626767,3.647470137209908,13.617621724163106,
2.6199000000059605,15.884557219242993,12.690505429382814,11.572864478150741,11.689490303922826,,12.270357819560768,9.360364986147189,3.711176460276995,13.655397882009447,
2.6239000000059605,15.875465874644938,12.672088932722115,11.596145880930631,11.654217968069833,,12.134329910615365,9.299580466176984,3.767872905276984,13.688756440325751,
2.6279000000059605,15.875031029914320,12.659433150428539,11.626802583161110,11.673426558876784,,12.032997069133987,9.283206701924772,3.783983368227767,13.717547457373209,
2.6319000000059605,15.881107953510627,12.675108364454035,11.678147730035864,11.723851021596612,,11.980623592817590,9.319030273090005,3.792486176030302,13.716450216449291,
2.636,15.895492440012511,12.693508623908386,11.725183863464974,11.766039543857673,,11.923076346477194,9.340074249897983,3.818146185799487,13.669336321172906,
2.64,15.894553884421512,12.707613735310840,11.762554306920208,11.792318566737167,,11.835019853478826,9.329630633654396,3.834005257639257,13.596443232220055,
2.644,15.881253299323387,12.738907560548951,11.823232553559889,11.854774831370875,,11.774793233680416,9.271492997790890,3.833154957174158,13.511706490292879,
2.648,15.885381574236552,12.794751914490247,11.924501965727687,11.985411805142233,,11.740827009927797,9.188932348620503,3.829921172346144,13.459042310921697,
2.652,15.896575793293978,12.879068532547214,12.025971907260544,12.101649480311355,,11.695987298568152,9.153065423112348,3.838896101040488,13.443121512813098,
2.656,15.903912788179023,12.952920670885106,12.097888056335965,12.146498531684713,,11.663825204390770,9.142094236523821,3.879354602861945,13.399836688788447,
2.66,15.932335645880556,12.955714809437460,12.144798939361737,12.168690159432623,,11.642809890282097,9.113804097161506,3.907767651784186,13.343993221508191,
2.664,15.972409767620128,12.915396456124849,12.188295877996858,12.212978732267766,,11.599658168019303,9.072234128259176,3.888236589969932,13.339454293064387,
2.668,15.984583026665007,12.898253011398618,12.257721195165271,12.248754208716147,,11.546441143825040,9.016381598663326,3.880233781844653,13.365557618177998,
2.672,15.945298404904889,12.928159268350537,12.329429520926871,12.258989996268708,,11.526820780728748,8.979178470839532,3.915318677238603,13.387416157781974,
2.676,15.900453262976274,12.970192298533417,12.364962413765696,12.297623856914413,,11.517192783563722,9.001994619028936,3.978850963704446,13.409640336355228,
2.68,15.903689405720863,12.951139510839475,12.366573888615736,12.358027068367871,,11.472104901193617,9.069895626779477,4.057167826958924,13.405021236929933,
2.684,15.903417953015229,12.886338623388745,12.369475618920164,12.388171789841842,,11.424232027725619,9.136912936589432,4.099963119570974,13.336184638564655,
2.688,15.850742484666139,12.869763710850679,12.399994879755360,12.383636809096924,,11.399950380600984,9.135830195650652,4.057504586274542,13.253827856221458,
2.692,15.777585708834719,12.909466854016587,12.436454339747270,12.362892673116763,,11.380139125944593,9.053208395618327,3.977864513789259,13.241775381606889,
2.696,15.740778103122267,12.929362413639439,12.476761914811055,12.353055610055367,,11.345940443962746,8.990218569037332,3.954493961245507,13.272079067608878,
2.7,15.759004829342494,12.910782563869027,12.533743731347554,12.349616767310563,,11.307839769780417,8.988037659378104,3.976946269291043,13.293852108917751,
2.704,15.767086600475835,12.902186945752092,12.585284024412713,12.330069054815459,,11.301799643411863,8.968017348257773,3.988817008180914,13.316848558693554,
2.708,15.719692502595670,12.906338514213797,12.601857399802046,12.337715437884400,,11.323595054206201,8.908796974460390,4.008288272274840,13.320101330403711,
2.712,15.669956512556530,12.894813310841707,12.596196406027413,12.402482536088570,,11.310326837577451,8.858147410233810,4.056971849410518,13.303531752682085,
2.716,15.660119118566106,12.859287353672888,12.636871461565308,12.463514587880111,,11.244295971026348,8.836475362801462,4.104697154423377,13.320389793151325,
2.72,15.667664765221748,12.818173516705842,12.732587913615715,12.479671942844242,,11.192983924703265,8.835878550993071,4.113609932543612,13.380684034756042,
2.724,15.670462190253639,12.830561991868979,12.806978596006303,12.501975577817152,,11.184574555745193,8.852961827505064,4.062086838449809,13.425934940662248,
2.728,15.670253727311962,12.908025700911596,12.827083390210076,12.563670226778060,,11.166073245706457,8.873219017382997,4.010028725886277,13.412019231123878,
2.732,15.647107478846408,12.981037175366387,12.815829046780992,12.603953434797960,,11.101508212152149,8.865238960235658,4.021234433938763,13.376393044951040,
2.736,15.611309370875189,13.006444288814629,12.811100763145868,12.627743366731767,,11.040447430073074,8.837122805782496,4.063358804722752,13.380350981486135,
2.74,15.630385474603367,12.993474504321924,12.838695880186940,12.693782566686481,,11.031240187240886,8.824956059908509,4.126602462205971,13.429056070775832,
2.744,15.695387661311988,12.958569367072387,12.879583025371945,12.768630155526223,,11.045588619530310,8.856191775404834,4.209336826077647,13.479275855689165,
2.748,15.741791271420858,12.931393594892029,12.950190310887479,12.811559968265081,,11.049553470072635,8.911739011740112,4.249896418686374,13.501567399348829,
2.752,15.760302427202824,12.934615895109479,13.067094946152054,12.827395262699218,,11.032299117225353,8.922043565005184,4.242308507981861,13.508249236709304,
2.756,15.756952595435397,12.967172987344634,13.149370628114484,12.837017252042795,,10.999452285692438,8.876578155641887,4.238099879675945,13.542254140779555,
2.76,15.729556713047332,13.022614528911062,13.163020164057354,12.854923898708815,,10.978260576444395,8.837557136854819,4.251935607577182,13.610830568860527,
2.764,15.695939493080065,13.045763351749198,13.168955707693105,12.890826119171944,,10.973739517063761,8.841633210824703,4.287165151034457,13.644104686515130,
2.768,15.672653393328197,13.013974252991806,13.205752331068529,12.957902702717291,,10.949033184213707,8.862355899696867,4.339560536318076,13.615578805253463,
2.772,15.673361033251558,13.006208170448907,13.261193854124006,13.031525762656642,,10.892142727090937,8.845603060439743,4.391088373975440,13.597572326304634,
2.776,15.690235895234984,13.026554486935160,13.303945008565705,13.070831543555258,,10.833928890029474,8.790100654670232,4.440668359289397,13.623808705875941,
2.78,15.687562114154668,13.015652151062389,13.337168375542161,13.080138157431286,,10.791972992096735,8.749100451805106,4.489614752009846,13.657489928339231,
2.784,15.664166137613549,12.986312683010620,13.370617607551612,13.093016339821229,,10.753050365995518,8.731388677048278,4.529739611782237,13.684930853061015,
2.788,15.617556193565521,12.947071454757040,13.376669141037414,13.118217865559247,,10.697441339382504,8.708489967335922,4.557840519600677,13.714081060110228,
2.792,15.530201698661813,12.880561038964609,13.373392649072152,13.136876163379348,,10.639198851213205,8.671504490422414,4.567711534588271,13.725962572880775,
2.796,15.441638773738186,12.816389527244697,13.408179302107017,13.133773225186111,,10.591579643490890,8.652272957298248,4.544789382542229,13.717042660388195,
2.8,15.397690791999608,12.798573244342514,13.438982038342228,13.124444161270929,,10.547263781405942,8.679481176454328,4.527404195945910,13.712584904140394,
2.804,15.371571954243537,12.805557718898886,13.424202888553719,13.128502583293736,,10.533897262104491,8.723942061927064,4.555949001986029,13.696915942418123,
2.808,15.317640477662589,12.777027829730295,13.404665090500890,13.137334429988780,,10.542956063911726,8.736196731423757,4.599924509849676,13.694632098104634,
2.812,15.250653019936124,12.727345893894784,13.393380031402971,13.145554233295959,,10.516032700790056,8.698830610651546,4.633689348655702,13.740273750318952,
2.816,15.200696893468447,12.694693421842127,13.382870305446325,13.151874294999370,,10.446690330456423,8.655860282567836,4.656664680311256,13.773984635369587,
2.82,15.172579741745267,12.671725903668831,13.385235917854683,13.136505395799816,,10.381045027753844,8.656377963219281,4.683340162153483,13.790426563162431,
2.824,15.170488202300723,12.669621893513533,13.397030673922654,13.104596844810361,,10.348856833217607,8.689899535963441,4.708898324264368,13.816951961331934,
2.828,15.152934882700045,12.676851796158537,13.418693648645899,13.086007473934103,,10.323378096649900,8.703270274686240,4.715484403175156,13.815375887468003,
2.832,15.083721294467919,12.652607112056778,13.435162326489102,13.074555564900004,,10.279311700249405,8.679064870700619,4.741207473875960,13.776615577017690,
2.836,15.019683916230413,12.618153440157641,13.422101583036586,13.049343778918846,,10.240886441804200,8.639216556959047,4.802922411055589,13.739105994975265,
2.84,15.010090101998149,12.605364147821930,13.410660984731040,13.026989223251306,,10.211074247635155,8.605075705645380,4.852538416357632,13.722899999903053,
2.844,15.033597319710244,12.607042980673292,13.447215698969259,13.040594646443623,,10.172922973715700,8.591267964085899,4.876639115481577,13.722410525448332,
2.848,15.046478215968911,12.611791190096154,13.513699796448000,13.087019011704662,,10.142775134602864,8.586331017919036,4.895534390086612,13.753312745562493,
2.852,15.043292630362886,12.601951809449780,13.561629256674420,13.127291206698619,,10.115962679794441,8.582884439677725,4.906149102074597,13.822682113530412,
2.856,15.029495457256106,12.588027326099599,13.556101022743910,13.131024707474605,,10.077713873171955,8.571331910237065,4.897678832658399,13.869137912110832,
2.86,14.991873179896624,12.602776666304479,13.500751640034897,13.128333355315133,,10.026590290567727,8.547775820193507,4.901195987160929,13.870308861010150,
2.864,14.968159619908871,12.627915325486152,13.473063032244278,13.152545509434841,,9.963302802858699,8.511887067306224,4.953912709142744,13.863071292223481,
2.868,14.994632290005100,12.631391994325769,13.517321580528050,13.151645156665261,,9.917139161772253,8.455113158892340,5.012804354599483,13.848268499624002,
2.872,15.032250879011730,12.627895877424022,13.565278816208497,13.102573859446327,,9.907976866135179,8.415311172298770,5.026336118617608,13.840687045328622,
2.8759000000059602,15.034189504594945,12.631166744661311,13.568385694058222,13.086094004668283,,9.907028934080644,8.430181019835375,5.003674419776480,13.845790964483715,
2.8799000000059602,15.008368906122323,12.640475919065347,13.559376825759713,13.131442847823449,,9.886337293104349,8.477478012483042,4.985984164349070,13.833196069634440,
2.8839000000059603,14.979561120393084,12.642434584803645,13.553359238910375,13.168938869999927,,9.857204330871733,8.495128000994063,5.015645840456748,13.825683538557945,

Répétition:,3
,K-Delta Left,,,,,K-Delta Right,,,
temps (seconde),CHANNEL_1,CHANNEL_2,CHANNEL_3,CHANNEL_4,,CHANNEL_1,CHANNEL_2,CHANNEL_3,CHANNEL_4
0,18.211599349975586,18.218799591064453,11.377900123596191,6.825049877166748,,7.030449867248535,13.464550018310547,6.132549762725830,6.739900112152100,
0.004,17.885799407958984,17.738899230957031,11.156100273132324,6.591149806976318,,6.921649932861328,13.046449661254883,5.916250228881836,6.679299831390381,
0.008,17.832710992612597,17.662029506047112,11.099081092957304,6.565646874629248,,6.837453326605812,12.887947711367808,5.845270335196354,6.604988586780755,
0.012,17.714624831183475,17.513487772524947,10.962473334853547,6.541053523169449,,6.593822960350716,12.510892424998218,5.674578639968278,6.397663454050043,
0.016,17.404287184298116,17.166097034586979,10.734914615889741,6.471600719129920,,6.261031220412301,12.015479124958055,5.418754888656557,6.138230107671133,
0.02,16.867218402209755,16.584659507737360,10.449054978233963,6.329736978841569,,5.912520414321650,11.452797533999021,5.119687728121046,5.877619108527995,
0.024,16.272621191756201,15.948530290832778,10.118667279329596,6.144795155505846,,5.516225516798975,10.771907134297011,4.807147537391574,5.582425522629414,
0.028,15.651982982604125,15.317358924173853,9.708628322057011,5.927188296397025,,5.099585434648341,10.128171125877333,4.522732885207052,5.305172286338705,
0.032,14.876900368239101,14.549574924752427,9.216419158832199,5.676776027975087,,4.716363131504191,9.636101978797676,4.266465978170967,5.102241616992954,
0.036,14.059188514875096,13.704128948794379,8.750309464236517,5.450860522091589,,4.322166643392006,9.133990137371359,4.025158384825604,4.918786331177047,
0.04,13.329854183166518,12.894282659448567,8.357821842761600,5.259609351562091,,3.862518190293959,8.484610227659042,3.802046968331104,4.697027798413012,
0.044,12.472640428430076,11.986281602985372,7.926701067025622,5.030224586626801,,3.428493764334061,7.822509980877234,3.582290654746721,4.471904776886292,
0.048,11.314003935977828,10.891476936208015,7.386798437347237,4.744457613403232,,3.037620885938456,7.225496269988945,3.327872475399080,4.206987009900013,
0.052,10.118727076674212,9.819539535979308,6.856832631526210,4.464129826972547,,2.620461077078267,6.633592378538061,3.032462758069582,3.854122231465009,
0.056,8.931900017136012,8.749543673790082,6.357736962838755,4.148837463282817,,2.237933533156593,6.080420465230061,2.769308919328571,3.531291772189498,
0.06,7.604852151305805,7.535581941788818,5.797296834492634,3.752799750989532,,1.909207885113494,5.582126234619503,2.581606212867275,3.302139932070835,
0.064,6.402348290241994,6.428359837806393,5.273669002018056,3.417070558384600,,1.602201266440633,5.101799830548696,2.437500299712459,3.093124876971403,
0.068,5.381081559537771,5.527885121506674,4.839545850265690,3.176905676261153,,1.361880012469562,4.651094170499730,2.328314667894158,2.885257932799760,
0.072,4.339620127757462,4.686702530956894,4.439433421082725,2.922907595204958,,1.192905068566951,4.250748871508159,2.244622697917027,2.722064811157311,
0.076,3.408316901161641,3.971041773286588,4.128313779873567,2.705209955346485,,1.030985535462259,3.904302128053996,2.159242548204956,2.597963759141742,
0.08,2.762047261562761,3.465685825920330,3.932277383588955,2.582880945028360,,0.837585450493028,3.611807298830827,2.071843942317913,2.456457069258267,
0.084,2.313200541100605,3.072496122149520,3.740771387968561,2.466695522107253,,0.645624270221931,3.377353157720931,1.997743172515311,2.284877871368279,
0.088,1.916396638184503,2.677879179939015,3.467216337201808,2.311570722922018,,0.510682240839036,3.155619544445879,1.917897194125042,2.138536924591558,
0.092,1.590245759695751,2.307131291012622,3.166124888560461,2.166417332327104,,0.436152732158902,2.907412106406245,1.801537061847945,2.052443921043822,
0.096,1.350520114655556,1.999695175150900,2.862584447609008,2.017865721968632,,0.388055539996215,2.691231382360145,1.695781690954532,1.982413104207033,
0.1,1.129773369355986,1.733736317130894,2.539583395815558,1.851060068003783,,0.343171908297313,2.535118157238315,1.636995835068522,1.873876493313744,
0.104,0.943787840445386,1.542707839593318,2.266538747571005,1.724592710061205,,0.305235761403759,2.399426062402737,1.595043041783433,1.738802396071908,
0.108,0.836626818970708,1.435328723189692,2.063902754484428,1.642541758870096,,0.284475275261542,2.253776560951981,1.550611270853496,1.619587484858123,
0.112,0.784173405437201,1.351377074612841,1.903864838942111,1.571425516711636,,0.273112585108308,2.097992751085332,1.489201787541680,1.546884666986954,
0.116,0.744842830836422,1.284087459987522,1.820095890972168,1.501970307368647,,0.264357681156862,1.940700588426996,1.429234558617975,1.482911692714743,
0.12,0.713332571545243,1.280703081471485,1.815288946329818,1.439166201459532,,0.265229303151624,1.787245914585873,1.409099978582159,1.378665250224534,
0.124,0.685873814740037,1.326614429707650,1.841275078088501,1.396286262101018,,0.284152639119741,1.671593115197862,1.396283932171307,1.297502652430922,
0.128,0.647582506012782,1.334786193600162,1.870451230742349,1.379192611137369,,0.287389634626627,1.620213403517442,1.327841302484693,1.261146751019032,
0.132,0.594170002949236,1.284330338736495,1.897902182428087,1.383477293237667,,0.248103591295975,1.605342609186447,1.213162376379763,1.220878773639494,
0.136,0.527120247047828,1.285287732853571,1.957835005265632,1.381221844673524,,0.212258052618029,1.605819607796413,1.118348824087451,1.195113980795702,
0.14,0.491932035994177,1.413293313624046,2.079872770583285,1.360672563356648,,0.241338657939854,1.662122990810442,1.091818578392830,1.198144072737365,
0.144,0.541406723148973,1.571732391860930,2.243321161244449,1.377349224569945,,0.348517408304130,1.777603469024004,1.109494693597711,1.202714935802943,
0.148,0.641110696650905,1.711012576633438,2.471110629931767,1.466269030491483,,0.459353734832555,1.893518540334455,1.111420604658170,1.220921852015557,
0.152,0.725005188144623,1.890626544913280,2.783218115301763,1.595369752327917,,0.531884294728720,2.003098058339570,1.091334453625344,1.289613652264797,
0.156,0.790906758090872,2.096025254630182,3.112685978898674,1.721734132671535,,0.607254962759582,2.176351933871956,1.088391266250655,1.424718736380894,
0.16,0.883795153913949,2.304343535199937,3.401910615407044,1.820527176748173,,0.713737481352468,2.447901238904859,1.123141941944365,1.621156898726381,
0.164,1.028346382147655,2.534937035601950,3.633492013099401,1.893288355198728,,0.868176756594860,2.740573750171441,1.184314507444254,1.832632245748842,
0.168,1.210659045963088,2.745899234112953,3.769276543724311,1.912324572844021,,1.134017098446349,3.091537938509313,1.248391728060849,2.052562951195982,
0.172,1.389993734933516,2.854642276228208,3.756196297841457,1.842176434350982,,1.542743880367306,3.598523376688478,1.297253519409006,2.310183368502107,
0.176,1.521789171878016,2.867162677745086,3.581992835197027,1.734925140401472,,1.989030740953948,4.152578990391654,1.357852066859683,2.564347406284602,
0.18,1.621624091441700,2.894110581062230,3.359093224978085,1.681130798720523,,2.458651180310377,4.756068383227296,1.473166103942576,2.803756788320754,
0.184,1.804903330446347,3.054132816727040,3.279217712391176,1.719987119807411,,3.017593153160980,5.512631250215563,1.637981993994082,3.059936931434489,
0.188,2.223853760157919,3.410137161766854,3.431372365300136,1.856684528691292,,3.555788352538727,6.285308221073548,1.811881367422878,3.299020625491898,
0.192,2.873233386979082,3.935872393746881,3.771616820859670,2.050267861857753,,4.007012154948594,6.953070343384153,1.960107160233877,3.514209706836740,
0.196,3.559656459223639,4.519272795612154,4.185399509432869,2.240002114474870,,4.543959018805073,7.665091315790249,2.112126737958334,3.745159794403904,
0.2,4.189756484024168,5.101472580402777,4.604048933765047,2.447580028253395,,5.255880033302753,8.539960557912002,2.318216373024861,3.996313338480841,
0.204,4.935573150138138,5.842258257788744,5.089621613869411,2.739011992848686,,5.958903056655031,9.427428389821607,2.550464633457517,4.251391101135593,
0.208,5.892701767820875,6.832663511618600,5.685467291951703,3.102011015353140,,6.592277155268702,10.250765010623992,2.768919539845935,4.519803993383981,
0.212,6.820078152461390,7.797273565531712,6.276423216408970,3.408881669213321,,7.219772143806670,11.058221265846395,2.983069253881959,4.815875152328064,
0.216,7.629704353943043,8.604805959841054,6.763944387752391,3.585001018072242,,7.746660439451174,11.785142657410487,3.201637648838723,5.087850765520584,
0.22,8.427241153482182,9.356155291119629,7.152333556558816,3.696067086076807,,8.240285580870255,12.487372677526070,3.457360770123737,5.336535121399937,
0.224,9.114371931326220,9.985121770582195,7.423328638202575,3.809679177086381,,8.834789422802308,13.271796929149826,3.764908483267614,5.628198549395538,
0.228,9.699233783190861,10.507702438320543,7.620373729579337,3.944701194367153,,9.408327141706648,13.990988499950783,4.060429013894082,5.938087887250575,
0.232,10.335491209218276,11.047081372656045,7.836969586217270,4.102231248485606,,9.876759245212789,14.558942047429353,4.330594716364562,6.212307916023292,
0.236,10.976790690037607,11.585551062262507,8.084223207894548,4.295436146910781,,10.363834373054496,15.198962131546713,4.628072611981095,6.466808067124084,
0.24,11.534443297466222,12.102283994458681,8.372219842921247,4.541782293201265,,10.972872228850965,16.051392790994207,4.971798896718537,6.740034587665811,
0.244,12.136700820718659,12.708335925183032,8.757237081360255,4.796419872134166,,11.583499218177909,16.948357187258217,5.324517561328969,7.023744074638290,
0.248,12.874363713016313,13.460864791500105,9.246025439673573,5.025681233842445,,12.184168103720465,17.891732379783580,5.722593521572959,7.331746289776436,
0.252,13.590435060693217,14.232390307895601,9.746365124385878,5.267524415213205,,12.898763879535712,18.992432557741587,6.217385244354455,7.685102537702081,
0.256,14.341846239329392,15.072820646196853,10.262857999309087,5.550809770358189,,13.601274718118924,20.060867698313842,6.688346691469746,8.029201451997917,
0.26,15.264225069327869,16.078895031206681,10.871872592896409,5.859274440423746,,14.283741031554543,21.164218501321848,7.155872046834128,8.395901085899766,
0.264,16.135442628759673,17.030572726901017,11.475431703629116,6.153055991378742,,15.092969988416735,22.509118613341929,7.761876580010332,8.841523221259852,
0.268,16.972786502926532,17.923710464741298,12.074312987248858,6.482938199587157,,15.926010629764978,23.830762434412232,8.423632927610660,9.277917137555932,
0.272,17.980810749748461,18.933478879325435,12.777195263274056,6.914239690994579,,16.655582989608142,24.940716113076800,9.004342678187413,9.662839767358680,
0.276,18.958993127177035,19.910716748810813,13.479127144585863,7.328958609568293,,17.390727797515080,26.098907267611068,9.541411760792325,10.093180370043669,
0.28,19.713187266219233,20.705600525685973,14.051346085543367,7.627268259364703,,18.213823423688265,27.445434629377626,10.111344327276617,10.606393714350617,
0.284,20.388052658397228,21.453601452197187,14.570626428584269,7.933072534317319,,18.962109768771274,28.688633136879055,10.635984496617155,11.081369301863772,
0.288,21.104306082931345,22.249760284018645,15.142156631889902,8.318409774760868,,19.601292582914162,29.750941845987249,11.161547611555454,11.511561157290705,
0.292,21.737576305733860,22.939120391352620,15.677499528611172,8.653580415510040,,20.231002730242590,30.778890857801166,11.819218331653897,11.967927058004818,
0.296,22.204781522262991,23.475062550720921,16.141104417984202,8.885557984253339,,20.755806530097203,31.625474746038261,12.479337025008640,12.343765736309495,
0.29990000000596045,22.545906176076581,23.942581822088037,16.605421756306470,9.057730896316873,,21.058902475467598,32.260457730104221,13.053972602914337,12.617738774104190,
0.30390000000596046,22.736038900844044,24.290140055883192,17.020863314598198,9.166200422324705,,21.155045380358196,32.808319360976370,13.584331412736757,12.898519170502572,
0.30790000000596046,22.746752520382444,24.511685659191851,17.377451247164473,9.254919941237981,,21.125518287609857,33.209225312418383,14.038671556008937,13.189973179619770,
0.31190000000596046,22.663959482215262,24.715726023771325,17.736065220068649,9.380548591357927,,21.033612271088050,33.427325506672133,14.460073075708742,13.436709270935818,
0.31590000000596047,22.625508734944681,24.919798395969003,18.076561702175653,9.518045837001424,,20.888500729827562,33.550230365723067,14.942108059330486,13.639764344039309,
0.31990000000596047,22.651114910093796,25.048835767041030,18.368208538205888,9.646157186341533,,20.724458419375779,33.666411808509238,15.466878595732458,13.841805733977369,
0.3239000000059605,22.677257418689880,25.140694666631617,18.661565091693870,9.792802780996585,,20.598697041057537,33.812854588771003,15.938945268521829,14.052637702694359,
0.3279000000059605,22.723085598139306,25.303389651595268,19.018940062539254,9.983914393540193,,20.496777550452496,34.014438779717459,16.402225964942780,14.318509020540848,
0.3319000000059605,22.857581748625307,25.530943742660430,19.409956353864629,10.209336903380134,,20.390929574881032,34.270291153653162,16.953747241460860,14.655204997767546,
0.3359000000059605,23.121379712815212,25.847966317933654,19.854353303603418,10.482125808279937,,20.292766361463379,34.531853722761447,17.512567439947230,14.983278211253108,
0.34,23.492421675806732,26.295307370331994,20.385713032314655,10.812420197771610,,20.232061802327902,34.827888447926689,18.083241720651056,15.340949959674631,
0.344,23.878149178925447,26.758418657121346,20.877941106341297,11.136245221024279,,20.224819944370424,35.199699072604872,18.744606273312343,15.790925838061113,
0.348,24.260521858040391,27.228190122423037,21.354356274653750,11.440468160925718,,20.247319035952291,35.581949055629785,19.414069497886828,16.243641755523065,
0.352,24.668460504603303,27.768465970029602,21.941469906127107,11.747543566510767,,20.296308305876927,35.901243450805019,20.001938542031443,16.612395811692831,
0.356,25.024830490147288,28.258352199115116,22.537122518051824,12.008875812115559,,20.381496529750692,36.237887893754475,20.609416311349769,16.975004335377644,
0.36,25.246155592238392,28.643450346525547,23.055725982428690,12.222720232395986,,20.492344518168153,36.727384627141724,21.376053861815251,17.444583827302971,
0.364,25.404088238327962,29.089515080624345,23.656996687143071,12.498597239234048,,20.621774343956901,37.298652754671394,22.192394913968727,17.954498692726606,
0.368,25.600072888237786,29.676545903240999,24.434835004263476,12.865670816981590,,20.777081370469290,37.881367721684086,22.984038469393838,18.469287863398069,
0.372,25.802935104806785,30.239802841681506,25.202616128609272,13.208708668723997,,20.958044711496107,38.491352074796396,23.816388740041099,19.031615678845228,
0.376,26.008506856424610,30.700031556190169,25.906786911442033,13.545000155896696,,21.145476673723721,39.027004477796503,24.562631247243537,19.544646485219854,
0.38,26.226696051899616,31.113834744267766,26.617341427442490,13.927101043949394,,21.346046852911503,39.481462433625325,25.215826295051549,20.009661684190394,
0.384,26.376732194518372,31.455839291167614,27.209994346084365,14.228075372527618,,21.558436177966602,39.942808291062619,25.921274142293136,20.534062340882343,
0.388,26.435940327472089,31.713141150145692,27.681257719947205,14.429941766628911,,21.728747098776452,40.377077776996202,26.587294618983417,21.058019117677912,
0.392,26.447841957251370,31.880063628390999,28.126826498912315,14.642194244250321,,21.824508952540803,40.755189812195979,27.121455549786514,21.483728610897263,
0.396,26.438679598921045,31.917764829333013,28.469224814033115,14.876372818049790,,21.878214458933666,41.102727697244042,27.651101252347491,21.868829311223855,
0.4,26.397247589837871,31.874631154015923,28.678625071646948,15.071765824745437,,21.920012024833792,41.394476685465456,28.269933677425445,22.278781282960267,
0.404,26.274724673422483,31.800232097489594,28.822089417377587,15.195341262553718,,21.922535658176688,41.586948476440980,28.843381796208064,22.605576424498548,
0.408,26.065382187367202,31.654478898262809,28.894401948755629,15.268496564529741,,21.844610652327873,41.702698280768189,29.273868508489809,22.797158234537978,
0.412,25.830163761023414,31.423821071665714,28.874082693881210,15.309474539480812,,21.687159838733958,41.776696109930924,29.626009181995663,22.930213723651345,
0.416,25.588217177663097,31.145199238710894,28.807361870041042,15.342757428587612,,21.498447837084264,41.805800208366307,29.916862544642989,23.031645476365249,
0.42,25.356291464554165,30.877573077072849,28.759744825284265,15.405521069249376,,21.283505592242211,41.783700670134095,30.123065537550026,23.118624702100405,
0.424,25.198288869031863,30.680312206479549,28.767857392674063,15.497380172141153,,21.014680722388256,41.706182965551548,30.262338393745630,23.197900664210579,
0.428,25.114828767346687,30.574244428547747,28.854348797062165,15.582952819438095,,20.737721337008679,41.583733029682762,30.369678609766947,23.244745506051061,
0.432,25.037196681898209,30.533042224501710,28.991691850106751,15.644302365462018,,20.487395616624440,41.443313687178382,30.468997356450544,23.254564719787670,
0.436,24.928591121162953,30.468103030815371,29.094114245147406,15.707580256199531,,20.195495189947778,41.236636890536246,30.552599428188458,23.202025265899039,
0.44,24.836665438778404,30.357440662181471,29.144041404264861,15.794121039682182,,19.825369541541694,40.926482184622756,30.622139654642318,23.076391679348301,
0.444,24.746937793375448,30.256459845427340,29.241005799203727,15.929764727365644,,19.449646395262050,40.615946320074393,30.693552469978343,22.960348024140391,
0.448,24.576168492397620,30.158947154632425,29.433940722977958,16.117408102082500,,19.061437534849279,40.300958439409413,30.748443814971910,22.909266357640796,
0.452,24.334751883944271,30.046245012195445,29.613381119844391,16.248605348417872,,18.634657174352085,39.912219683033626,30.791508209338726,22.900171420226851,
0.456,24.023722197734600,29.866058559129812,29.718264376325557,16.263558288239402,,18.259332753497997,39.558643288215968,30.855214539738476,22.919989617581400,
0.46,23.620248271650006,29.572036485274531,29.817023604698615,16.243559589176080,,17.905509531030368,39.269804712889979,30.962122140258767,22.960923569126855,
0.464,23.212957003975610,29.246164671080415,29.934975352948182,16.255299361552179,,17.484619074041369,38.971299453267022,31.085614657597972,22.994050320966025,
0.468,22.779038722724426,28.944413344663673,30.068427253483915,16.298515965567031,,17.084520862231628,38.714499850108915,31.165683673556199,22.994020030036715,
0.472,22.221256511697174,28.646517499881121,30.241838481569197,16.364356398002073,,16.787553768229714,38.530524454671863,31.230599519846614,22.976074831865446,
0.476,21.672875118157449,28.382703465374380,30.451746845891698,16.453006374659157,,16.517961289958940,38.326545548045374,31.347044923071195,22.969588738915672,
0.48,21.250910485858512,28.156571049221373,30.673751394223920,16.541537466998744,,16.208705376693221,38.072628244456361,31.515610521736804,22.984910822228848,
0.484,20.846035117411532,27.900020988174980,30.911829806319354,16.601754818094815,,15.906843468620796,37.872257113030386,31.693066765192967,23.035913690821669,
0.488,20.357822532954604,27.593451539093952,31.153252126142821,16.628494760188236,,15.621151941310080,37.724662893351265,31.875561756057998,23.081147240065487,
0.492,19.852724448367795,27.308475280269018,31.360415482198540,16.651667387447461,,15.340780095881435,37.532554515428728,32.060759413886998,23.069584605395203,
0.496,19.357727101981894,27.074836472642467,31.585116065031791,16.697192660971037,,15.137334324256194,37.317311721505895,32.198435899404991,23.050020928802848,
0.5,18.850272665973996,26.866758542920529,31.885756011746782,16.743993723828279,,14.964806464614520,37.151038933494782,32.318978880877367,23.087625197308604,
0.504,18.423626235768303,26.695735864311697,32.214192146317451,16.798543388049467,,14.719288067221051,37.062059207225701,32.493152535626166,23.180051632765558,
0.508,18.122369505091136,26.575158152918814,32.548223152977499,16.916915731307768,,14.463654493068631,37.038192967518029,32.715346906508444,23.269477005495915,
0.512,17.885715851134684,26.509579984045395,32.913964043156710,17.111309560135176,,14.248614043413641,37.047318974553683,32.964873725103061,23.314935785432297,
0.516,17.692432250320884,26.489894497041856,33.288063090753710,17.321706629764432,,13.991830740761598,37.076314908055359,33.299489928094893,23.354207150896677,
0.52,17.546234800811128,26.509822747687615,33.641834025213768,17.475151567184803,,13.657718000243163,37.140788986867143,33.749566947549184,23.427947736358213,
0.524,17.417622276311917,26.615887680511868,34.034319924711653,17.648852703413329,,13.347060010750955,37.232575179286698,34.217447791858525,23.508857844913237,
0.528,17.298307741145901,26.826631134334992,34.550210734765940,17.976123617940786,,13.033143264493395,37.303926987423111,34.697112482301257,23.597195070075934,
0.532,17.206159195568070,27.041010401287970,35.160046202979814,18.382462518161965,,12.615825173163479,37.352638848764286,35.227676499746735,23.717679132423822,
0.536,17.144486764006988,27.226201457895968,35.874576818127217,18.818953294397872,,12.219909822101837,37.420926695145269,35.731096766262198,23.851617112636937,
0.54,17.099294815031797,27.454127761911046,36.716649436377693,19.338305711382098,,11.879341938414044,37.529000808583845,36.273465682309208,23.988252803261560,
0.544,17.034425469463937,27.690037347447099,37.520754647419125,19.865664664661452,,11.463537781767755,37.626419443071214,36.949515167615345,24.113811430593884,
0.548,16.858424897712272,27.852369103272899,38.301094551895957,20.364794902462069,,10.993311904684138,37.622420399488419,37.632077063647252,24.212465514253726,
0.552,16.518403298005776,27.908283073593680,39.176183709953065,20.869049325131410,,10.533209131456212,37.542147502900264,38.253555637648503,24.301610616051452,
0.556,16.102424203961107,27.868717867292848,39.995298107828496,21.294010964492998,,10.006213667045799,37.444380363692517,38.921028497383034,24.441305427329496,
0.56,15.685256954887052,27.785090532385009,40.651699630485311,21.590726326568770,,9.355788332133748,37.307817352840317,39.654050650722972,24.645844409495922,
0.564,15.190710435617380,27.662493052563413,41.297248656380710,21.861219066840867,,8.718040346524186,37.150946501299558,40.287487467851818,24.809603100856435,
0.568,14.595490527983404,27.477684377550261,42.032162856829849,22.174920564255942,,8.144944292913603,36.952738708095808,40.829620575025437,24.889768806993253,
0.572,14.096355274680182,27.284009820581193,42.702630494138710,22.484041607120915,,7.564759842293640,36.646680318403106,41.404209295383779,24.952563395775016,
0.576,13.744439160450540,27.107708773477626,43.283808809475254,22.803049284185747,,7.023765768871409,36.285144808082123,41.895551595918249,24.985504675776514,
0.5799000000059604,13.386586608468875,26.928580020807608,43.886102991592367,23.153079836637747,,6.484255372566072,35.949658374218728,42.278867922677030,24.924900248070465,
0.5839000000059604,13.004266118217386,26.757182696708433,44.422860769691091,23.421135274916896,,5.941881965510563,35.693573468995353,42.680944157531243,24.855725526888875,
0.5879000000059604,12.610423333141284,26.570072215176076,44.855779523532021,23.598184057623413,,5.628332566248334,35.566720313665570,43.074557953960579,24.929322136141643,
0.5919000000059604,12.197239210922906,26.356594448210384,45.238927162562412,23.740025615612407,,5.600876930140763,35.522613411318190,43.381536630957875,25.154449148861978,
0.5959000000059604,11.846815534091229,26.151726511249393,45.520472124656635,23.792235927733408,,5.600783385888588,35.412068489424733,43.540715302161161,25.337568294881226,
0.5999000000059604,11.565249284091387,25.978564536224155,45.657233218592452,23.766360431528916,,5.429268464623445,35.165689246612466,43.533155932899646,25.281740377165804,
0.6039000000059604,11.206532960863491,25.774371592991315,45.648925831387999,23.672124837248006,,5.167943718331358,34.892795808713124,43.465687769974949,25.073212658672109,
0.6079000000059605,10.718796094206157,25.468765372677741,45.520825613099213,23.432942167640697,,4.920146386493199,34.647571980114606,43.403055147719577,24.832943752155050,
0.6119000000059605,10.235175375999692,25.122708530590806,45.329715554798597,23.083829650304214,,4.654438202538834,34.341683729524036,43.279779229405605,24.519314826503994,
0.6159000000059605,9.763432783650915,24.681956579268281,44.990149417617772,22.609915153640166,,4.360188881021280,33.956910777262308,43.063850053234873,24.139726564654598,
0.62,9.200111764543243,24.057632660238188,44.381896147499312,21.939922192981655,,4.044065725971086,33.484931188770737,42.686271217718129,23.651011636844242,
0.624,8.627218544910152,23.396277722462454,43.612476785152225,21.208143605391925,,3.735795777199508,32.889538673170456,42.069433523321607,22.984183648434296,
0.628,8.058449798694697,22.677928112601471,42.624880031853706,20.392843571409927,,3.487226151039352,32.251888751043012,41.331782142741091,22.262932274652222,
0.632,7.395656062003260,21.763023206785466,41.232970924380346,19.350577742622146,,3.261035633429448,31.634027869142372,40.585313945992141,21.562504145617503,
0.636,6.739098029662403,20.782609395119941,39.623125576766739,18.243419943473025,,2.975332149095791,30.847864506848513,39.587479091380715,20.665236186445355,
0.64,6.182569048115679,19.837080535071099,37.958554691672376,17.187335787803733,,2.615848600013947,29.736012905258207,38.113002819001110,19.467906562303394,
0.644,5.568966818198513,18.651759834242988,35.800057313675559,15.913135648707907,,2.272320381257878,28.517878721523601,36.444210223923605,18.265171518410263,
0.648,4.810333578705363,17.057073818805854,32.855330657737667,14.259479969051132,,1.963232807706915,27.154434559452895,34.490391010693713,16.972919620235544,
0.652,4.126891363005542,15.414770771651980,29.730905692467243,12.572711801832043,,1.630451015568037,25.356162234030293,31.898516677323791,15.305505310891151,
0.656,3.531490036777345,13.655135612037032,26.302481380303540,10.857592629135013,,1.331692708885533,23.335426262640546,29.069822230951992,13.585426824341528,
0.66,2.836506315870799,11.381594189295622,21.931256932663743,8.814607658493294,,1.063699244683571,20.982677356167564,25.832563316417790,11.820522608021170,
0.664,2.150281924691007,8.930694869095026,17.272551255682998,6.743017545924153,,0.788796103955618,17.959698198454578,21.670157567908387,9.726734496006095,
0.668,1.527379401376868,6.429230673260074,12.417274993131917,4.674047301409820,,0.575922542766129,14.772195721821944,17.341046042956012,7.653756446950846,
0.672,0.887184363941985,3.763666102156337,7.109355401043104,2.442510768692486,,0.420711091080850,11.838828193500738,13.446648684094356,5.836631461883670,
0.676,0.317864360602655,1.548719912784041,2.739444123755840,0.689265708791140,,0.271971951520137,8.483647975525066,9.252767647314474,3.825610653596141,
0.68,-0.101649429941864,0.224946431685685,0.292663975736864,-0.107227232443814,,0.119357827377171,4.399516690700133,4.666487948215063,1.521882610455906,
0.684,-0.352486284713133,-0.369313562966544,-0.622337943079865,-0.215202869876337,,-0.020753210332008,0.891644721996219,1.249211854643472,-0.274200860280405,
0.688,-0.414115565989925,-0.412135237457460,-0.607699797289409,-0.056409610732209,,-0.080243558174140,-1.012367184734183,-0.227302162324290,-1.095882274106752,
0.692,-0.300481464073101,-0.075623725625778,-0.169165319181638,0.101459705663474,,-0.018044799233897,-1.483506435326401,-0.465436941025266,-1.155714125854429,
0.696,-0.075723726618245,0.303346736813257,0.238847680398211,0.208556500205305,,0.102204538193940,-0.976126701111327,-0.190071428160870,-0.677844302544489,
0.7,0.065717014257643,0.413142395019759,0.302307743902859,0.272847302862335,,0.211654766748588,-0.013109806663763,0.219352273435858,0.062761667453993,
0.704,-0.018058301241033,0.251857708333478,0.088777045590837,0.231802854263415,,0.279900367647895,0.777830279779058,0.520403820322825,0.601519626004728,
0.708,-0.147231058213593,0.082729574271866,-0.089946001749964,0.147614382240289,,0.263028076873114,0.882039334074365,0.523168155263146,0.574305133807086,
0.712,-0.096163498296389,0.115064818577321,-0.038839921779042,0.185203259266626,,0.157995706692121,0.361351496395009,0.318920823414641,0.118796354253439,
0.716,0.046182726187858,0.258226755759590,0.138241063854844,0.303426923301979,,0.033115072096493,-0.230600791212738,0.174090890925579,-0.327189744882976,
0.72,0.083711755825621,0.331864089006125,0.238624562295410,0.339763266485939,,-0.021067465423160,-0.401928464035995,0.221976443509415,-0.437660494931571,
0.724,-0.006009412885180,0.281979024212868,0.170637730834414,0.265814493714899,,0.033518994495624,-0.121672888614923,0.377733799473411,-0.177271264733926,
0.728,-0.127978519123433,0.172566200056889,-0.017835938254845,0.185255812709855,,0.164898764807821,0.250570507539073,0.456533009073461,0.174714328309264,
0.732,-0.179191494298128,0.129759863594608,-0.133125451127907,0.182049975777224,,0.276700931512223,0.383520062685483,0.388861452255671,0.302228292513498,
0.736,-0.112272609795252,0.177028847580199,-0.058851207953028,0.225558101406965,,0.268100450266423,0.236710917563234,0.247876034096598,0.167839986256344,
0.74,0.003802924434183,0.221747253758414,0.093474824111291,0.232508944960146,,0.170921581126563,0.028084024359175,0.120622686673252,-0.079522260923992,
0.744,0.052803878667527,0.197114743520340,0.150510374652781,0.196614424924104,,0.094897630942795,-0.024635729057133,0.081788612142785,-0.261135154580193,
0.748,0.010075177353360,0.112688933130533,0.084290897412913,0.193433800823404,,0.079372291675013,0.072561596338212,0.178938588020477,-0.217881693163837,
0.752,-0.057196052901558,0.038561920313945,0.005895646790365,0.220533705164298,,0.095271164424869,0.184630545791643,0.356546917004738,-0.008453460468161,
0.756,-0.084661132776704,0.048062506666684,-0.002054717404607,0.214372657507534,,0.135668785661801,0.209362097200614,0.442972761720125,0.103410385103854,
0.76,-0.070215783027683,0.119442447256656,0.030506690285715,0.193326547553298,,0.183353753855321,0.125355449134124,0.351172362760101,-0.010563716534576,
0.764,-0.040422405088476,0.165720905405647,0.037892968950077,0.202692715093418,,0.180705144043810,0.020960969078399,0.231408750485556,-0.201869050783210,
0.768,-0.016352525705935,0.157777148287326,0.003789641788534,0.240732231929974,,0.121208005375952,0.013294347476313,0.220789362260647,-0.266251468158602,
0.772,-0.026208764380399,0.145661320983971,-0.024910084135502,0.262532462293316,,0.074075321327591,0.106074933620093,0.272015731873423,-0.155938777561573,
0.776,-0.051433389536865,0.167494386506419,-0.003607249271894,0.258130253270654,,0.102374949776718,0.197197737146139,0.310906239242671,0.006270949572130,
0.78,-0.045817081366007,0.206086306848907,0.027865819730670,0.268410922203190,,0.182224985360554,0.200970980182448,0.304165116413623,0.079085670418544,
0.784,-0.023824220436064,0.236330077062533,0.037391842944836,0.276263912591001,,0.233868097222808,0.134011944667589,0.249210737422395,0.045257608885529,
0.788,-0.032043054069432,0.240228726439954,0.029489814094462,0.257407353936252,,0.203860390207088,0.082849609946228,0.212930419847812,-0.027395674130666,
0.792,-0.048531640288847,0.231163090847676,0.011242658986471,0.235993165733157,,0.114898441591490,0.081086464962443,0.244782740324197,-0.075451035529344,
0.796,-0.017912816783967,0.231991878331917,0.006566835724626,0.212169415727265,,0.050626865551025,0.092218635083417,0.285163310425165,-0.068926503657458,
0.8,0.025865475594220,0.222957320907317,0.003711947505957,0.173401270150820,,0.068662284272241,0.096332885785954,0.279202886324820,-0.042688578212446,
0.804,0.029138959414913,0.182189147012502,-0.011065234234196,0.149648990620028,,0.135640666202420,0.090136152674018,0.270122738696672,-0.049899070318285,
0.808,0.016154223749483,0.133597698925463,-0.022957398842954,0.173151337461715,,0.162209639946199,0.077179265207832,0.297495266916157,-0.078513628664509,
0.812,0.029048388172567,0.118550736823726,-0.019540069440943,0.224814653709060,,0.108934718973383,0.063999460329578,0.344871711407683,-0.085340578587621,
0.816,0.017273285261477,0.133873060713124,-0.006587906746048,0.250497701648990,,0.059832376189824,0.039076606551784,0.351600024656503,-0.047080657715294,
0.82,-0.053041786543339,0.147403179022601,0.010396772667412,0.216320736541754,,0.085078097346838,0.037318689221038,0.294815075076240,0.012929111653499,
0.824,-0.097492063661536,0.145591041480212,0.040508805847450,0.167472908791242,,0.125563416590739,0.089875861191330,0.242042396644078,0.045264818848654,
0.828,-0.062933058682971,0.133091370110458,0.060293511013473,0.169231451361240,,0.114587243014172,0.126702808571511,0.232522560487462,0.048238660766514,
0.832,-0.000989340469689,0.129991494677744,0.050883228994271,0.200102208788587,,0.068114445088274,0.073637609444302,0.262419405472503,0.046553130906523,
0.836,-0.002070693445142,0.160252993116142,0.035015077339884,0.212629289810986,,0.061278138373194,-0.013062557480350,0.298979758506447,-0.001123039166430,
0.84,-0.042577976987567,0.210723397309939,0.011808429584248,0.216782210173452,,0.119503965943652,-0.028687606072786,0.315676556565284,-0.115748157603537,
0.844,-0.040763855031603,0.217987391602464,-0.022944127407916,0.241878282916657,,0.163969539644952,0.008414521629656,0.331479819085667,-0.183548616307322,
0.848,-0.041721263547916,0.157974734528160,-0.028807013492720,0.275266419460736,,0.162114883924267,0.041997485191023,0.325283374146868,-0.154765665510088,
0.852,-0.086554368297848,0.112685364903971,-0.001534786267381,0.266266322158149,,0.173533535660515,0.069443421198250,0.274015157323826,-0.115732755301160,
0.856,-0.128653452297147,0.137702671636027,0.015011319180701,0.216676307508352,,0.213880925111126,0.078459601717478,0.215032972391240,-0.117245063946660,
0.86,-0.127272738427025,0.180908172008423,0.010156937109187,0.181741762854235,,0.238450769304347,0.066709186739505,0.210377713584265,-0.129244010835602,
0.864,-0.084319122382941,0.183173066840037,0.002113075668095,0.168489948816454,,0.225902718565234,0.060623213610394,0.260643577787732,-0.123560362916716,
0.868,-0.053290498809010,0.151338709361699,0.003520918996560,0.173469973281038,,0.186542452064886,0.074612626659177,0.273262125379357,-0.126348159162578,
0.872,-0.046163006366846,0.134679989220343,-0.006148822486642,0.206741298305033,,0.137915928881810,0.089602534119656,0.247044761668084,-0.125216851574035,
0.876,-0.035664365496229,0.139546593699348,-0.032413250092891,0.218493736360058,,0.103977780966050,0.092010621946044,0.229186834087710,-0.111765146007412,
0.88,-0.021611697636829,0.151652278267646,-0.049542868784957,0.187814548983388,,0.082043931506914,0.083476212126296,0.196094266258374,-0.109571108681503,
0.884,-0.015529395542662,0.157095349398478,-0.047314783448965,0.153040824562128,,0.068847964399083,0.065254649647525,0.178993873517996,-0.101301995522516,
0.888,-0.039204022734367,0.117125582540529,-0.015571197844419,0.134477027746519,,0.093294036443439,0.060625859620025,0.211574786060275,-0.078655963628414,
0.892,-0.068543856002813,0.054912864822969,0.025585980250008,0.155117147072227,,0.133828509848563,0.072373812428729,0.254021211801406,-0.048862678327588,
0.896,-0.068521796379479,0.052018404507458,0.047844485592598,0.211538969261384,,0.122527661185424,0.083265576561477,0.270063616341685,-0.036330644593207,
0.9,-0.062402367216175,0.122335702625625,0.046851531557958,0.254699660069485,,0.109226629811342,0.077164770536857,0.239728406577718,-0.056358471895304,
0.904,-0.078681098741937,0.184862428674956,0.014864260663324,0.256764009066494,,0.165516584593880,0.063167550320694,0.189334627161841,-0.090853468533160,
0.908,-0.097956607007279,0.209930024177544,-0.019396554891210,0.221333462098532,,0.200750789000792,0.075949129355136,0.187922273455828,-0.132566217915359,
0.912,-0.084864234027169,0.228190657337130,-0.027084968392771,0.173540917115585,,0.147285592800044,0.102052933482694,0.217477839046446,-0.151589961890891,
0.916,-0.060408672564259,0.225524475452450,-0.035366071112730,0.149794124145541,,0.064849035295019,0.108534007451601,0.238344597220852,-0.122384390641301,
0.92,-0.048070980164626,0.188519056839674,-0.052441231706342,0.156762130261759,,0.031886759855389,0.105559334736944,0.265931492237208,-0.100546807371956,
0.924,-0.033832942888083,0.133406796613123,-0.052794968471397,0.169588772617023,,0.056086827642141,0.119299393616171,0.276472329304859,-0.124852631433432,
0.928,-0.025426720223571,0.080586338518142,-0.037205806781253,0.177034313399282,,0.103223714412383,0.150746377546807,0.262049108200887,-0.139627473961235,
0.932,-0.029889695400634,0.050035243669488,-0.028993837415563,0.206870951135946,,0.164551534741287,0.192459539136029,0.277859395927478,-0.115513980478273,
0.936,-0.040813649256209,0.070618978360969,-0.050274050811370,0.241654827564082,,0.200064667828711,0.204425317096977,0.324947776930285,-0.100544476711330,
0.94,-0.057034229698293,0.127189652350574,-0.077219784609078,0.225270549339261,,0.181249418736631,0.154936355173607,0.343841531862912,-0.106445073776390,
0.944,-0.064061407678022,0.167236434755176,-0.050464675706520,0.183281719188222,,0.140783067213511,0.092111492055843,0.335661615772664,-0.107390109376812,
0.948,-0.057819012602339,0.186252794297279,-0.010303399297873,0.166283149314199,,0.112914466307869,0.055884489305342,0.311496774959421,-0.094273386500037,
0.952,-0.056345285036866,0.194469591330896,-0.016532032817206,0.167285001825761,,0.113353213245121,0.048095821477014,0.253564921697044,-0.060150440224033,
0.956,-0.065141061732728,0.176900513430886,-0.023743166119374,0.159616138307875,,0.143268153519398,0.057598729780534,0.204555530522821,-0.028666354710760,
0.96,-0.079089590815445,0.142267465197605,-0.025808335691277,0.166246574220780,,0.177925182091500,0.071347116453516,0.206614220035987,-0.030256816925680,
0.964,-0.090203179917347,0.114878595163480,-0.054775282975261,0.207173344955986,,0.201312034291115,0.095735093621498,0.234434092810261,-0.053601938122922,
0.968,-0.089430081434213,0.086060389651020,-0.078932642742896,0.223792276194268,,0.211431576562800,0.112970650670149,0.250670579905994,-0.075820747457240,
0.972,-0.094092007389028,0.064931618244325,-0.060184522006164,0.198122439621923,,0.201569588798602,0.111336139694604,0.252947698741725,-0.077509001261863,
0.976,-0.120245523812991,0.085170715691971,-0.022711928598444,0.157342868376459,,0.187041090921894,0.112614172354544,0.249822778379891,-0.058941204570924,
0.98,-0.138290729770728,0.125366353065232,-0.012300942929817,0.110785159286727,,0.163621956426788,0.109557130161521,0.241255538739596,-0.049967703575678,
0.984,-0.118334505352987,0.141005080149395,-0.026266030982269,0.109118709455863,,0.110723114736768,0.077773443120260,0.213008946070643,-0.067516697448903,
0.988,-0.088737485264189,0.136597142073889,-0.047560226526181,0.160832588026082,,0.045046134237162,0.012547625673051,0.173174882385662,-0.092967402155082,
0.992,-0.106294833539296,0.128923983580302,-0.075969843674342,0.214276000555018,,0.032928174077396,-0.028548376233271,0.175648605189395,-0.103137117395259,
0.996,-0.166502965850073,0.112990977306334,-0.090900516156916,0.240119053312617,,0.090290189887556,-0.001461873020583,0.218759762315624,-0.107179619577868,
1,-0.206502309911664,0.086865471631717,-0.086005444031586,0.243838032560886,,0.126849958137049,0.028433470269678,0.249153594541748,-0.097934666133765,
1.004,-0.203820760092633,0.072603598249194,-0.091246144141858,0.256564414550785,,0.116555978349742,0.024844309662064,0.253267361704309,-0.040071853435680,
1.008,-0.171609478124362,0.073736297386128,-0.097713759448034,0.249910426922659,,0.103257507467926,0.033738209301633,0.244503595914164,0.016559360866014,
1.012,-0.125996798725959,0.070027692041518,-0.077541672260520,0.200606377454964,,0.093878400769820,0.055703426509798,0.228902298934575,0.003500520437704,
1.016,-0.083667564955418,0.083243359411305,-0.047792143917959,0.156763982740689,,0.095668508795248,0.044980969531496,0.217802864538708,-0.047312305791622,
1.02,-0.060352534440947,0.109451411549286,-0.028938876713683,0.147062748907113,,0.094814913452537,0.025434284678882,0.202982520398231,-0.082341612687308,
1.024,-0.074363248129000,0.114946362129381,-0.024696081642385,0.143520226932383,,0.072229673041995,0.042155986010473,0.187085770823449,-0.076624550152699,
1.028,-0.096925722750327,0.109321412376665,-0.017681638190045,0.138560452295297,,0.068140238282194,0.069020598063416,0.215220561915080,-0.052825656113101,
1.032,-0.099880946064080,0.103536298704015,0.007433450542481,0.173908278601924,,0.096428271152033,0.088421022124820,0.270471783326096,-0.044103015207888,
1.036,-0.097266444588332,0.103641395055130,0.013714675016250,0.226172429261727,,0.129397263784725,0.109273865804971,0.288270943308174,-0.043060524421965,
1.04,-0.090175257677442,0.131888389012375,-0.026987064154931,0.230133498412871,,0.158267022531529,0.103760883963873,0.250948986734215,-0.028214498096609,
1.044,-0.075990869478105,0.180287260358342,-0.093144990324714,0.191899830829659,,0.160143529159820,0.062468118568345,0.191747867601149,0.003448628895346,
1.048,-0.069810113652092,0.197909123100678,-0.132243358054852,0.166526998868795,,0.130929759519831,0.054903877560219,0.179562029314097,0.018053477304365,
1.052,-0.083981857720029,0.178544247081787,-0.107095343716594,0.153133188594418,,0.109582612374773,0.118212678260243,0.221260845378683,-0.000913303467715,
1.056,-0.101366438893084,0.154786408563601,-0.069129155489606,0.147368796349580,,0.110670991761557,0.181937467278962,0.249973265770027,-0.038079102111212,
1.06,-0.103993575851506,0.142755234595445,-0.064187151268104,0.175870266617924,,0.117678071726162,0.179097937332655,0.243866092839692,-0.091109333750523,
1.064,-0.094933819190700,0.135693461217961,-0.052139858663594,0.210476001225590,,0.124647915797722,0.126330135972720,0.225250681099488,-0.148966553491684,
1.068,-0.093075535556414,0.111848226762287,-0.032345937613656,0.238205332273717,,0.138870647576102,0.076124892102163,0.235734635729525,-0.166834133852234,
1.072,-0.099152887047468,0.090019163637479,-0.033507889725196,0.252009370174045,,0.164217529507235,0.048567969241249,0.266877890162164,-0.130139209829798,
1.076,-0.082241191331265,0.098001936461157,-0.053474720698577,0.227780822426155,,0.185747814030554,0.043922483130393,0.254072255365103,-0.081365193421038,
1.08,-0.069149380079177,0.098804687198047,-0.067720055050347,0.185861475994001,,0.171666249807125,0.062780123170540,0.187825258606436,-0.056739261961812,
1.084,-0.072170415613007,0.078664650083484,-0.060924684036887,0.154163871934887,,0.142739677265899,0.085083496908126,0.123672852631834,-0.074973174212208,
1.088,-0.046351958902008,0.079538549876988,-0.075091443732225,0.162344875341708,,0.135332720370820,0.089392679815121,0.121546154102369,-0.106433647686837,
1.092,-0.016169440449499,0.103235342908350,-0.092419686851013,0.214070369483620,,0.139533781909106,0.086284733076342,0.169221083988932,-0.110905199445956,
1.096,-0.034516411637090,0.117211756573640,-0.066765677193182,0.253807364377646,,0.145409972854289,0.102358695456365,0.206372618211482,-0.129225960586216,
1.1,-0.069677316548417,0.111191382242016,-0.031474488346469,0.239269344095536,,0.148443685005308,0.121764526267017,0.192906129038802,-0.156415073525074,
1.104,-0.051277904194455,0.120682446717239,-0.029030447740708,0.208408322891607,,0.147633188315689,0.115710644064800,0.139026780149554,-0.142735101496359,
1.108,-0.029939818062298,0.146459507498788,-0.057004399594562,0.193071228840775,,0.143900862642743,0.097421023474980,0.109362225255714,-0.137213117486164,
1.112,-0.081310664401894,0.144232437658706,-0.071779055513425,0.176067290477185,,0.157046990282158,0.078461544390231,0.136739300955137,-0.175707465615843,
1.116,-0.132731718225697,0.134154138716760,-0.059522172806658,0.190648529698291,,0.183888993433471,0.063757006133862,0.194640916328072,-0.201820924085800,
1.12,-0.120703064031445,0.142077737946474,-0.046199137604629,0.238487059819681,,0.184971871863162,0.059842950358415,0.231798122931016,-0.184038880455515,
1.124,-0.081625907410199,0.145867386583387,-0.045904718854385,0.261981589452605,,0.165472640974699,0.052254231368813,0.213162213023911,-0.150832064643764,
1.128,-0.054523936211717,0.149424508485642,-0.059387459868538,0.256732561615732,,0.151516682790567,0.030514522005387,0.179400001363906,-0.135132192046639,
1.132,-0.054644655817780,0.167569929630688,-0.068290572032211,0.247895593677313,,0.155990060060708,0.008085733289064,0.191385468924218,-0.134494351950357,
1.136,-0.090086044696007,0.178069434449721,-0.040737897844594,0.227014299761537,,0.173913363951736,-0.000570981825652,0.234570340459732,-0.104632771501805,
1.14,-0.137884683548073,0.180405664022943,0.009083204009020,0.196612835588978,,0.172866882727541,0.009997854260489,0.270634054383119,-0.043107891036572,
1.144,-0.160833280376428,0.196975925031089,0.013955969121305,0.214000049513484,,0.141640107314105,0.024124040640986,0.284636035092480,-0.004933323291981,
1.148,-0.143680632964939,0.202915115716774,-0.035286586260907,0.275095092444128,,0.115155444152628,0.022876658664708,0.255412299734698,-0.006725505352424,
1.152,-0.102273947275711,0.164792516322415,-0.066853889142635,0.313396562959633,,0.114109977075418,0.020172883426368,0.197685652356596,-0.041946507543894,
1.156,-0.086638486902268,0.114984510455629,-0.052221133739193,0.309379729953810,,0.124153344684430,0.040050601920529,0.170876121366193,-0.091171553487138,
1.16,-0.099761149985304,0.108570035617631,-0.028383124236605,0.268029550409923,,0.150452382626162,0.088102578027897,0.207337520938318,-0.109190636093118,
1.164,-0.102155451450132,0.136773419081730,-0.024914826839792,0.206114496241581,,0.209074543817625,0.125712294266512,0.245307777685334,-0.091968577335823,
1.168,-0.096214581881908,0.151099464731168,-0.043430166317238,0.164061277541171,,0.251677496032751,0.110140382594957,0.237569730703994,-0.075737003650260,
1.172,-0.102560999003674,0.127715877415336,-0.063452367821574,0.151889026795355,,0.230009688642499,0.080298521675943,0.228637962404754,-0.088461677281015,
1.176,-0.107317623431698,0.098365187623184,-0.067074391021974,0.162126856662069,,0.175485452276058,0.077550741578869,0.217591204981967,-0.113908014926376,
1.18,-0.088410611878029,0.100629672431468,-0.052711901621576,0.184329026380953,,0.135145728223179,0.059298920328067,0.194260305235855,-0.119630093864826,
1.184,-0.068287450712385,0.124947740333521,-0.032090391516879,0.202905640781304,,0.144861113183492,0.009274920626218,0.194773548123746,-0.118912534055277,
1.188,-0.074337098892567,0.154359066435706,-0.022299501091715,0.213612150363488,,0.190211299899126,-0.020229939561956,0.217483255098354,-0.100666292032290,
1.192,-0.080247591888949,0.182658547930007,-0.027552505076486,0.206149554219647,,0.196999291331892,-0.021413201796172,0.213176879977745,-0.051741361075838,
1.196,-0.073690474076109,0.195206081205069,-0.037884389065458,0.199349830704269,,0.138467107578399,-0.030208852786000,0.167569755099286,-0.006952655742439,
1.2,-0.082682742384657,0.179251801462789,-0.049583185031955,0.198787162390301,,0.083820709539178,-0.037996711328426,0.128097465602094,0.018373605190692,
1.204,-0.093844166649409,0.147699246110002,-0.084205448989790,0.194196230375867,,0.095427375025321,-0.016820215319323,0.117934367685141,0.002348528179898,
1.208,-0.079762394293225,0.126058961480857,-0.126631406261116,0.215840091846079,,0.142036585408742,0.034237211924263,0.132897346976800,-0.035954491925963,
1.212,-0.062304527333786,0.117031374064768,-0.125895295432673,0.268564783892027,,0.168688355840987,0.078587529736634,0.158805922465288,-0.058910304913111,
1.216,-0.064866088455458,0.125734984217546,-0.090057043949875,0.300577226331532,,0.170999830394264,0.071067358246357,0.191401791198533,-0.092940157802586,
1.22,-0.081856850347812,0.153986705153071,-0.064141204495040,0.290811240716803,,0.160672260385303,0.038879962129194,0.219790773600977,-0.138810943588287,
1.224,-0.104982848667838,0.145268625166435,-0.060610723222377,0.277598933072926,,0.127081520367923,0.041391541710630,0.205344230146267,-0.184179686492650,
1.228,-0.104948576690261,0.101630458259824,-0.053017647907400,0.264738620467476,,0.075801622902012,0.075757363766844,0.166544966918999,-0.228098843225757,
1.232,-0.072434873248328,0.089405013850302,-0.031610695747456,0.243452470292957,,0.057569030585688,0.099936573407685,0.148791838584368,-0.211924817594534,
1.236,-0.044416130600976,0.090942947624580,-0.017661305617481,0.232912671082009,,0.089496303211823,0.102655479151214,0.171665063643766,-0.112862724533013,
1.24,-0.029617711200255,0.080897497976924,-0.025336553681067,0.238163139965422,,0.135137332554857,0.104618740910410,0.231606281121272,-0.020799529888906,
1.244,-0.037548936133254,0.090561943249608,-0.063543225029943,0.261666332533882,,0.182507095954786,0.106186396425792,0.279419613171022,-0.005262596648620,
1.248,-0.079917013462949,0.117958315431170,-0.111406432941320,0.280046770654826,,0.203808613032826,0.097538487936091,0.284619379831255,-0.051681938225994,
1.252,-0.151220087923226,0.083958997292448,0.038045521913201,0.501901184228072,,0.174204757322211,0.089215699586666,0.269858791509316,-0.120390027072426,
1.256,0.429461492716172,0.309061106527585,2.880387779173486,4.292423669681309,,0.127306723220613,0.108009431247380,0.323587987653141,-0.181660664872871,
1.26,3.053611470361595,1.883773168694432,10.571460753663183,14.151961116353400,,0.057076216784400,1.447101994375274,3.385513885964705,1.030903684602357,
1.264,7.825693541078701,5.209649947802885,20.037991118751549,25.630834698086289,,-0.034454462016748,6.320233340324439,13.681239219785686,5.015135708854575,
1.268,13.955325307955603,9.393180090118371,28.224685780707958,35.527126875350078,,-0.055329518729992,14.603846230384425,28.820475229439868,10.334658280862968,
1.272,19.469834779348083,13.011715620225949,33.263764544498663,41.640111034917851,,0.445676735153816,24.571483714077438,41.330524751577258,15.746514892545665,
1.276,20.332861758732136,13.728395696897707,32.016666313265368,39.445269655682260,,2.154136148729743,33.154965399993657,45.437692050499500,20.906785848844919,
1.28,17.319735797289951,11.174989753791916,25.906843151903367,32.554782921153198,,4.243676616771847,35.776334894895406,40.700794766917333,22.689843180634586,
1.284,16.702682342094327,9.469399783643624,21.745340060682601,29.597233663981402,,4.527632618607159,32.441357029763331,33.220020139540480,19.434754197269616,
1.288,20.451656575395845,11.503974335686543,23.831474856843386,32.900277216097741,,3.382537346905181,29.643733424430916,30.435572255846367,15.360854276115983,
1.292,24.880878732311878,14.762399669154503,29.193779165734185,39.122805883813648,,4.215737896232807,32.863604867764501,33.920968779197935,15.934142590763404,
1.296,26.913403970590227,16.197992251401644,33.267059903207688,44.432704554042836,,7.986198042464078,40.531865446406620,40.201861548492630,21.156363329505890,
1.2999000000059604,27.146907575618219,16.298526086808430,35.245631081746339,47.377877918954056,,10.754288392408123,47.837704778975748,47.221405036739256,26.317347030502301,
1.3039000000059604,27.440457637459659,16.533734937131829,35.784435714083820,48.300247674320211,,10.146973025328133,52.252369255655864,53.426429137826183,28.255658236605068,
1.3079000000059604,27.522790591796937,16.477557846813845,34.938209479571420,47.509023831978958,,9.040927126819696,54.081581079482916,56.383377973420281,28.229119433359514,
1.3119000000059604,26.628633988658827,15.578076243701641,33.147530099434007,45.672887353257011,,9.839673662430998,54.897829728994544,56.347804394221512,28.374829897382540,
1.3159000000059604,25.632513891364212,14.919316756414972,32.065900133763144,44.285674036034401,,12.060782387085350,55.627481386359058,54.795326885393969,28.752575945981310,
1.3199000000059604,25.191857375835202,15.076565140310645,32.133198625853062,43.607505863890708,,14.923777426232103,56.609454917433659,52.637661369545398,29.038401029536583,
1.3239000000059604,24.851699156007378,15.237812111858926,31.903453053135301,42.681757590609458,,18.397664927311084,58.379567552385261,50.950299928504933,29.777059654735414,
1.3279000000059604,24.412579203869626,14.993432742872830,30.909580807059378,41.372276054018869,,22.750432441439852,61.072264843958379,49.867879274656786,31.097258215353747,
1.3319000000059604,24.253546911161525,14.829698270117738,29.911029023554086,40.078993996316399,,27.116553111876566,63.647017081886247,48.593703608847029,32.019001219083165,
1.3359000000059604,24.874306949604389,15.262826506306117,29.170665833645742,38.983267448899184,,29.725463987255942,64.665377643064076,46.982384559331145,31.849563659500276,
1.34,26.445650474086705,16.252903148146938,28.443478974154299,38.219634950499731,,30.131073199645115,63.737099030773237,45.235034758747894,30.902135307956478,
1.344,28.486331693337842,17.403219244392648,27.851431894861953,37.882593715518261,,29.046048149913450,61.480217308441638,43.478361741863203,29.652989617771922,
1.348,30.824854356737781,18.753852707048466,27.640181933163305,37.957406964590405,,27.078373422060078,58.765913390530393,42.062765706404910,28.298947299203014,
1.352,33.478056816651360,20.405619944203590,27.696168922232737,38.310274752339708,,24.401326604278630,55.704576264391633,40.892764377916720,26.819167441376756,
1.356,35.692784379568025,21.792898948162495,27.702119662098710,38.632243131311995,,21.262192083608809,52.161123501506871,39.707555681431501,25.303466587422683,
1.36,37.028948641334168,22.540663967213323,27.449057977392769,38.652105164730415,,18.529632211633352,48.908807678660089,38.624164996486506,24.051215529845084,
1.364,37.668356439655618,22.765714926691384,26.977655914116031,38.350225922561513,,16.577211258584562,46.390877852295631,37.626757320050274,23.097152352831522,
1.368,37.654564657705194,22.532971327418331,26.454408035867424,37.917225731135439,,15.007169827662379,44.106283155637527,36.492727253559657,22.198324679000901,
1.372,37.059863810964487,21.911347243572582,25.958710099278772,37.489120825083276,,13.709863890563867,41.872060777893090,35.249714416085844,21.331563745871897,
1.376,35.894094883594335,20.986215961005172,25.468344527041360,37.016385210532277,,13.016794485284636,40.285065316841028,34.273699845611979,20.815323110049349,
1.38,34.203928360128216,19.858228223228174,25.000639218402988,36.467903486104746,,13.144422481347739,39.712587607457337,33.715263574837678,20.798725639804623,
1.384,32.477849945317331,18.762853234676495,24.598889986719684,35.910748287614425,,13.954813729038911,39.910477303922242,33.377358637946848,21.091569820432635,
1.388,30.864663969982335,17.710861525410174,24.184598384761571,35.289592778073100,,15.041787204037433,40.443607831220561,33.099917540301306,21.442641182123133,
1.392,29.182740272581004,16.614772467303744,23.651773217401473,34.528117517709582,,16.239890608219291,41.027245948271997,32.680294476717876,21.684604396369437,
1.396,27.751432693580313,15.711973502002898,23.068756565541655,33.803186492347855,,17.545774646823219,41.567992608646868,32.033353333710856,21.762565796264290,
1.4,26.775351694959632,15.117918022804986,22.545066588370247,33.136987045748597,,18.643150998676763,41.945282436489144,31.379325104252818,21.727707650193853,
1.404,26.113833595856722,14.745847978564818,22.129687729000789,32.440474948311007,,19.357765486789447,42.147570146733095,30.846329173091117,21.680994240278142,
1.408,25.775198835681771,14.613513652588118,21.874221908488998,31.917657704049610,,19.824039089162849,42.246250395189456,30.361556145203469,21.612315135351054,
1.412,25.782571465345502,14.712882072075358,21.803148242233579,31.679503950058340,,20.131327151476391,42.227386841695356,29.879055634980887,21.446807777751637,
1.416,26.118187623403898,15.024558175182676,21.908992398971886,31.633294351343768,,20.253950234908611,42.057428727807277,29.443419649799814,21.225878589642324,
1.42,26.714116984174918,15.508229519910739,22.098396963991796,31.705425407755349,,20.096445382640209,41.614906258741669,29.032943392401140,20.959795654660940,
1.424,27.330014947741773,15.987010556657864,22.221364991270882,31.806430978919934,,19.665634615600965,40.832923821334248,28.565822671527535,20.622231975921011,
1.428,27.847568895095723,16.365863563998143,22.274481708935532,31.863848197963037,,19.174500840554657,39.942779101858697,28.098700281215987,20.304045996309895,
1.432,28.351619684578747,16.700982669894934,22.329587760626268,31.880157931842998,,18.719221134300511,39.048812998376079,27.618250318014951,20.028551870968307,
1.436,28.800236534557609,17.000031456456416,22.390989316498921,31.883357540194311,,18.257744180244522,38.089677497239165,27.054206975383462,19.752742478089250,
1.44,29.059694503552020,17.200240942398636,22.421633974536199,31.851521678011473,,17.867399220339074,37.219556489362063,26.533391698916152,19.513107938098166,
1.444,29.098489642015309,17.261255121388395,22.355194202455792,31.740403751846472,,17.580304590588984,36.536730956663632,26.125169327937439,19.322825297734120,
1.448,28.978689434006171,17.227406622918384,22.205550589746267,31.550335122503270,,17.285089557230563,35.846193776681673,25.657950078593732,19.110926969310835,
1.452,28.740804068168146,17.152906216470257,22.056916281656399,31.285780710541417,,16.965088345208095,35.040978596178817,25.053176189329793,18.837524479651901,
1.456,28.311948122103601,16.964250067663535,21.859574079518762,30.884822999640882,,16.770453593699006,34.361305313534565,24.501928658667858,18.574433610268116,
1.46,27.691573783950851,16.622831847655803,21.556416501434512,30.342591242557472,,16.756500007090569,33.965199486985071,24.094548574145833,18.380515226752703,
1.464,27.079173033440213,16.269599515645737,21.250299293065098,29.804898063738992,,16.831674012616407,33.745828898472141,23.751399460616739,18.220057119706876,
1.468,26.558750102317404,15.992971411592446,20.970452998851577,29.313691914440366,,16.885105937055947,33.598992478625213,23.452378943474713,18.076157599002336,
1.472,26.078912767644585,15.795209645761959,20.673589740580368,28.820153298940010,,16.881029765128950,33.469932808261902,23.173307537648228,17.958403664440603,
1.476,25.716045718803688,15.698144823190827,20.427500989652387,28.413996797722202,,16.894958079876247,33.337491897171645,22.908572742263651,17.841974548861568,
1.48,25.576154761319138,15.676706927111658,20.269491314137511,28.137221750387411,,16.962341905665287,33.244891538542589,22.722648062659971,17.732248431068790,
1.484,25.636412226761866,15.705747046766396,20.152656547069526,27.933831549732336,,17.033628918065382,33.230637799786763,22.608676684751138,17.664703930848681,
1.488,25.792595844833627,15.806696615354632,20.066041127327697,27.784740826776456,,17.057043601738435,33.238828802363784,22.490285852484753,17.567269541272232,
1.492,26.000566455014596,15.959767802150052,20.007275903844974,27.671667827058720,,17.026356540427525,33.184059741026033,22.309897800045704,17.353185640559754,
1.496,26.259346697797433,16.137465907918166,19.929980079655412,27.538664921670275,,16.989482048573109,33.065422228644550,22.078223783940018,17.119836090815284,
1.5,26.537469508198182,16.338644262316983,19.817695711272375,27.356066232210189,,16.952675505111056,32.887073119611046,21.807846611736114,16.955031797231115,
1.504,26.804201438942396,16.520333270167018,19.690696086644202,27.201816099836449,,16.876515976870046,32.611848583015622,21.468603614856050,16.797061189177771,
1.508,27.053808348342670,16.669659717909383,19.542479050491494,27.090435061875525,,16.789361347071143,32.310659823408230,21.140555074835987,16.605292159774695,
1.512,27.275469994936543,16.808769780757672,19.386344291432376,26.942855533730832,,16.727424594911522,32.068548646355978,20.850376147315473,16.376255208713520,
1.516,27.426522628054848,16.918155518209666,19.248510065022796,26.748912866290038,,16.667972613392781,31.833367437391050,20.504132173956620,16.131602174556509,
1.52,27.493344624417020,16.967840501591304,19.081481744814077,26.497144740841762,,16.584044379573491,31.565803300641718,20.144025368822671,15.953161240500357,
1.524,27.489308716237417,16.950233788504015,18.819295040961990,26.177574526293895,,16.493702496032245,31.307763981288627,19.845270453789421,15.837341605106120,
1.528,27.408365717663461,16.888657869901369,18.489451631191415,25.821347308764022,,16.433969538732281,31.038009682521302,19.515540783697979,15.651754667619546,
1.532,27.263717872741356,16.817491475463143,18.180755080850304,25.451449732310316,,16.385926623748777,30.684988991704508,19.079705072464208,15.355669677334671,
1.536,27.070967122328234,16.721395512915215,17.895969353376234,25.020190623441302,,16.321925909422461,30.300506589629723,18.652767478230356,15.046914130450952,
1.54,26.823663599548588,16.571883601586471,17.580859064975655,24.464376557458394,,16.229146308487387,29.929884401578665,18.238825962377383,14.753089146633021,
1.544,26.544667692535597,16.410161444463562,17.264982856162888,23.898365548014421,,16.099338051289887,29.526276081252043,17.744198209896748,14.450911777758154,
1.548,26.211049044502168,16.231534885317462,16.938018380042834,23.385375304352188,,15.970097400178688,29.136730702117106,17.258589417810970,14.169539309958012,
1.552,25.802818425810393,16.009280151922184,16.550676081192208,22.849943366400240,,15.820724313543334,28.736068260607990,16.765646628352570,13.852661676238458,
1.556,25.434096399493249,15.805211586851547,16.173834299017141,22.345334453632923,,15.607352297675135,28.208619828756959,16.167463128237003,13.436636086686619,
1.56,25.124509547515622,15.612378418223386,15.822170929772994,21.864519680897054,,15.380223780923929,27.650712361158320,15.588798864115741,13.027491492531697,
1.564,24.782672998429504,15.392205464840309,15.435095563913480,21.324910590841526,,15.172372526116803,27.181827918448249,15.126926890613973,12.695143644136452,
1.568,24.436575840341984,15.209496171679033,15.060781921360999,20.782625470203030,,14.917231488653679,26.667042997228545,14.635279084546987,12.334690391116489,
1.572,24.165790904341037,15.093889216884680,14.734823143395740,20.282150874108186,,14.583547583410603,25.978355290836745,13.998392064843605,11.881630547216984,
1.576,23.939145999730229,14.956664596165256,14.358198015574711,19.748751355578428,,14.255240361736277,25.257722183777641,13.356876076253887,11.433236787894685,
1.5799000000059604,23.652433553477522,14.732964818468719,13.874689448034871,19.151915386938686,,13.913486561602520,24.551881715065608,12.749480780632561,11.020529838404435,
1.5839000000059604,23.314995512296687,14.494254531175127,13.399587549122636,18.600783401830181,,13.507213824643772,23.751808692289735,12.078834695847677,10.589110992233351,
1.5879000000059604,22.986880580196146,14.295152196730339,12.947669120536503,18.074328359825763,,13.139617072673282,22.948971678297948,11.409137165235698,10.183954969424484,
1.5919000000059604,22.653218824580804,14.117338750363897,12.449686173115186,17.468399602728059,,12.779796696520537,22.141099124001325,10.729479969010573,9.754870974030593,
1.5959000000059604,22.310419247734742,13.960919327827405,11.992732963471086,16.864235757397545,,12.324416330645450,21.220251319551689,9.992294915837432,9.221657353101914,
1.5999000000059604,21.955571033858448,13.764627508816208,11.572338494013481,16.273945485117313,,11.878006508880867,20.319816191979548,9.324591410584203,8.737190841526392,
1.6039000000059604,21.573091625728573,13.462526406127141,11.090986009252692,15.641615322233307,,11.499867249517397,19.554563912069685,8.791860768312636,8.386543305139760,
1.6079000000059605,21.183028107813293,13.117763005471911,10.611443373968985,15.046367921775781,,11.060147724686299,18.788278608472474,8.222069606132141,7.988173244927998,
1.6119000000059605,20.791674544038607,12.833593875576961,10.213035111015653,14.515533487825103,,10.509726237812130,17.894783954740028,7.507338517980005,7.442968574132769,
1.6159000000059605,20.312959688408807,12.572663025228637,9.789668907170750,13.916905591504355,,9.999538416549919,16.978265340317815,6.843238378584763,6.916720763315487,
1.62,19.706024152741310,12.226103071064431,9.247129532194673,13.182786394639480,,9.564746117077391,16.065416415376230,6.254713895240308,6.477341619149128,
1.624,19.115132654301945,11.834854432950671,8.696976867968607,12.455106890720467,,9.090527115456100,15.110242301085096,5.605099880856398,6.040556437266824,
1.628,18.547163233862932,11.444840540595772,8.194109076730529,11.775014237148977,,8.624450251323111,14.255740411175644,5.027228238920772,5.631339433859559,
1.632,17.915813197673959,11.029856667372986,7.693472502297920,11.094563983610140,,8.198768384218351,13.495689847523431,4.569663437836671,5.220995928304979,
1.636,17.341182398401514,10.655208175677975,7.217939724637498,10.523784097585239,,7.742106105838581,12.718619562399223,4.113240924029965,4.764261496313666,
1.64,16.838092460106488,10.345269684319637,6.773488005720765,10.019676220259079,,7.286794385552798,12.012389867659092,3.704202034843100,4.377400683284199,
1.644,16.316635933213689,10.016263015174532,6.339673741840757,9.452048193352109,,6.886801700560658,11.424306279851599,3.394086580666607,4.100881730363648,
1.648,15.836650244763433,9.656407380316001,5.923336796033884,8.915240568142842,,6.503719928607247,10.804256208330258,3.092510877806854,3.841044627586339,
1.652,15.411924053776676,9.340188865623308,5.539368247816191,8.467515940034490,,6.065888505869442,10.075159787217352,2.763260089464692,3.559257557425701,
1.656,14.912598966678766,9.036660829479938,5.173702034864203,8.011281964454708,,5.614180585986598,9.394215510782349,2.497363238715591,3.304365734489692,
1.66,14.303623239785267,8.657765926540943,4.811125074747426,7.507675799809118,,5.194349384736121,8.817856445553163,2.331808493643726,3.056020588508956,
1.664,13.752122608861157,8.270294409158161,4.484429849929807,7.061334264720992,,4.768135162460620,8.279250625325064,2.217522060892006,2.765443171775444,
1.668,13.264407799638361,7.920893731005370,4.197108950625487,6.689994382749537,,4.372258010499039,7.818315676930085,2.128697455241181,2.515180626422578,
1.672,12.692708472767388,7.568611649439611,3.933579293864351,6.304024805736730,,4.015944149841756,7.376329075546971,2.022817799819820,2.316942893114717,
1.676,12.119704851629642,7.254942695000958,3.713318600092067,5.926424924895042,,3.657184619456276,6.873918622585436,1.854862808832005,2.118344111671175,
1.68,11.587699654872283,6.957433614056132,3.494436372677969,5.570970986694238,,3.356811119785866,6.409672403714684,1.664190691014811,1.962051781080399,
1.684,11.010189614012353,6.599489655226095,3.245181680135002,5.210549916771853,,3.132225264102859,6.058726492323681,1.524317010637071,1.834549339232285,
1.688,10.453126006268121,6.229313589069633,3.013136605780199,4.890144080849250,,2.904769400087664,5.734999980067112,1.438200847502220,1.689247214056047,
1.692,9.999139845610202,5.886660404100924,2.800762701487522,4.639223018539528,,2.663392644108279,5.343672771853256,1.358520655553717,1.556430174812343,
1.696,9.557294481989842,5.524153260426248,2.564806163327857,4.389296793052530,,2.438611775536338,4.968128816506507,1.292860093877296,1.446608824645031,
1.7,9.046849370228665,5.154119040611398,2.311732965530122,4.090735596749157,,2.218459298143097,4.676644917840218,1.244772315450931,1.337166165762568,
1.704,8.608124741467952,4.885071515009693,2.096287991353077,3.812843004948149,,2.007730786870869,4.421849125602870,1.175088065736209,1.234004333816941,
1.708,8.343381400137602,4.732336000708862,1.915402101862205,3.594157954105046,,1.859208484129828,4.226350255642957,1.107456730362424,1.151697222869599,
1.712,8.172731979964230,4.631470391688569,1.753956788794842,3.401238481672009,,1.783573375335206,4.127923265390299,1.093476751435713,1.093713253230915,
1.716,8.037923026659122,4.571817679982467,1.670536032337892,3.258236358969574,,1.742203974272769,4.089873560237590,1.105913784958171,1.042230021573914,
1.72,7.948408491420357,4.538816440500568,1.681784048464762,3.173862624212526,,1.686874246964819,4.070317969320094,1.093321463281828,1.008388007619489,
1.724,7.913687500056621,4.539615311141779,1.717589936130615,3.112552261248073,,1.586659170048946,4.040905993390556,1.075174898225379,1.017133371745778,
1.728,7.943417061050390,4.599665906464664,1.734692614132977,3.101278012584989,,1.484577762473864,3.959815959538651,1.082701526458787,0.995551117365857,
1.732,8.027224370354446,4.679874437275307,1.746371234906217,3.147157162834815,,1.420234918107543,3.820614562323364,1.106983842296464,0.898188446860499,
1.736,8.110822930405863,4.744698081590052,1.759075382942479,3.193019641980735,,1.386169347381777,3.678612970985476,1.123559651522885,0.805865762798827,
1.74,8.178096148141023,4.811784174953507,1.753452966840856,3.204911821465257,,1.386768828098783,3.573592422960669,1.081851663169305,0.766771149750779,
1.744,8.254672353949246,4.873939142797461,1.713983122411837,3.200578274108608,,1.404249609161561,3.485235775654961,0.980351799257643,0.739048435375813,
1.748,8.356855817196877,4.907727251675757,1.657133175119509,3.221950925615899,,1.407904921246206,3.395847762647493,0.902802266722530,0.706192869526168,
1.752,8.482919332934136,4.926083705780032,1.614560284176283,3.264216026827741,,1.401538636606757,3.331722705211897,0.854397745099643,0.682575142293109,
1.756,8.606395465097471,4.933882916706109,1.593395497178388,3.291604553058840,,1.411815854331009,3.309459078185579,0.776941362353786,0.633934207498189,
1.76,8.752024818020871,4.963981813463590,1.607712805241541,3.305754305659899,,1.467274969263052,3.316874859658380,0.698668490656676,0.576232800838424,
1.764,8.966781632577050,5.059738869328840,1.650783499409863,3.335596637993943,,1.571076176950754,3.346482456742792,0.670147789136231,0.574532733920083,
1.768,9.209197852245033,5.183216495749251,1.661253740451849,3.417176020091319,,1.718280133979280,3.422764829490315,0.667641078410540,0.615986731789233,
1.772,9.427570762530141,5.307335361122775,1.647429800414101,3.563590979132180,,1.891447515924264,3.576328202442769,0.650446304475931,0.665878096245725,
1.776,9.700988984234995,5.479804051455532,1.671660804252194,3.708172220651098,,2.024112581468298,3.793180371293118,0.635377309174980,0.743482389105818,
1.78,10.099956740344432,5.733750728940267,1.738736879929265,3.790899807845591,,2.120773527509149,4.082012552252730,0.669238474110597,0.827694703977546,
1.784,10.534907515469328,6.013802195219776,1.809483298031221,3.869224301965384,,2.258366784086873,4.423923435979966,0.738933481092485,0.853259432274042,
1.788,10.979475906406639,6.281187443191055,1.890329692193762,4.013484212154968,,2.444927212606193,4.737142300637453,0.789786141388749,0.847443890639803,
1.792,11.487439112482360,6.542110882097696,2.026688459289586,4.212651315541330,,2.704518366277272,5.111819525280921,0.843239926456887,0.900594823520462,
1.796,12.014374508431477,6.764726855534088,2.175973288616470,4.419591609163470,,3.065133642194596,5.657285792595435,0.929392279841158,1.042683891158332,
1.8,12.605081148624906,7.012994027611924,2.267895248369105,4.642625549174961,,3.437935442260380,6.218218418169192,1.017240519902211,1.191063584579263,
1.804,13.314589734277122,7.367415473615200,2.320085073714354,4.907007307170931,,3.744466045423163,6.646925574855457,1.102774966273165,1.277073686059189,
1.808,13.979631802044338,7.737881999200880,2.364160679143080,5.157289601739044,,4.083931173410393,7.102579605968801,1.201533665358803,1.362161006044040,
1.812,14.538545550567751,8.059369308442179,2.400061725506023,5.350250579414682,,4.533847512912542,7.753294679868747,1.304277579140062,1.501617700769408,
1.816,15.202127377857657,8.422796786085396,2.465516298484451,5.571690171091627,,4.969653844059071,8.429792872269955,1.404620641659225,1.644896944911670,
1.82,16.050118538804131,8.886877964556382,2.586463092603832,5.900315280057383,,5.393822594604799,9.034541515300667,1.509664424295413,1.773465495175454,
1.824,16.872755954864669,9.358025875564529,2.720861043222111,6.269312054993645,,5.906852049669938,9.678529157704455,1.632714311480171,1.929802208246677,
1.828,17.719919270602713,9.832866037950692,2.879985378475863,6.661193983174883,,6.429292036606887,10.328492608472363,1.776422241264579,2.104351604445986,
1.832,18.755199822420629,10.371150478528946,3.079901346718802,7.108376840933549,,6.972706473516366,11.012859137502064,1.915463247106960,2.290897418496459,
1.836,19.747723928703799,10.873161457561306,3.260592089897716,7.532978541144518,,7.615779219036077,11.828012603184392,2.017448985071223,2.507086207458148,
1.84,20.662369438245406,11.362625740476179,3.423154096109553,7.938210744672884,,8.245305827638628,12.639480627270464,2.098160554277380,2.733618270567571,
1.844,21.691153821207859,11.945261093638948,3.579016240754974,8.380399264726151,,8.777617223149656,13.333284785783002,2.222887570938328,2.932887637849277,
1.848,22.697356381831945,12.500689210930915,3.687992811200834,8.776493726470898,,9.352104590045164,14.063166020794910,2.431981967558795,3.109311015364300,
1.852,23.546724243344375,12.934714481053206,3.790894057476011,9.092602420657402,,10.077350544304863,14.955446409610346,2.691730006946646,3.306853604819953,
1.856,24.444802260622815,13.414457620483052,3.981753042663801,9.443851527000357,,10.797210571054691,15.847850869037970,2.933307794337106,3.515406258414393,
1.86,25.519688635381709,14.052430193599541,4.262514695197815,9.878850969983912,,11.451766228832298,16.704724338933602,3.146489281236736,3.715170068282733,
1.864,26.515809958843846,14.674284003192129,4.509831324694874,10.287764084148089,,12.142073461063669,17.647028393531834,3.343877863431461,3.912613093875202,
1.868,27.412719678392701,15.231272634661565,4.676291733228325,10.656802199024986,,12.789910108254043,18.529689926252509,3.527293588141717,4.097192759472228,
1.872,28.395969585237566,15.793869942809858,4.842997363684201,11.051815637727309,,13.361964858282548,19.328859670577565,3.719338532664802,4.268646633660545,
1.876,29.258691313449770,16.236189509143507,5.029002330888911,11.397785502617163,,13.941559745241353,20.161258373539496,3.916499533084984,4.411321762678988,
1.88,29.890710974663659,16.612406058666473,5.211348949558992,11.654882401058686,,14.464626293820075,20.876412035326318,4.092492324262104,4.502367136001456,
1.884,30.473978905728735,17.045288028783066,5.369820605471479,11.868737092167942,,14.840949014098145,21.378108853722992,4.239009957130275,4.568921293044028,
1.888,31.011061975254371,17.387059001873890,5.486917466583320,12.053511896073468,,15.137178471575897,21.809861024382979,4.360604876573743,4.651006937630768,
1.892,31.349748150605397,17.595265082707886,5.572843837666206,12.199048557024373,,15.414685275140974,22.225600115139358,4.469485657183240,4.752387894680083,
1.896,31.527121159322594,17.779431786479421,5.643627014883641,12.310050301063011,,15.602077029338101,22.512130648537504,4.568389717331813,4.851821588198335,
1.9,31.713361515553569,17.949769609857505,5.706283574757409,12.402976824926933,,15.668924621291694,22.656222134355268,4.648638646281348,4.912762874143718,
1.904,31.889020147895437,18.058816612112498,5.763825233402263,12.452426434818127,,15.665103868892162,22.713881241339529,4.696776924197257,4.902852339146558,
1.908,31.955455592019902,18.110357368158208,5.820498217454473,12.432017983918044,,15.615905487849552,22.677917830148047,4.679555080563722,4.851005506409247,
1.912,31.936089274833201,18.150598599375328,5.860546734065206,12.357799576265251,,15.492493232624122,22.510358964149141,4.615771158351929,4.791651004611920,
1.916,31.894360059390294,18.186011659848820,5.872983564356051,12.273371711648494,,15.260457001904907,22.198692460088573,4.554230400512234,4.710222402498293,
1.92,31.792996534697988,18.163065074239132,5.850428847925983,12.198260676138077,,14.969537083277055,21.825477345432823,4.477495962743890,4.624338756611622,
1.924,31.570710738459329,18.052899899726107,5.794267765239439,12.104958035457585,,14.675372917825836,21.457646129975650,4.369914350101546,4.557768661556702,
1.928,31.285291307111621,17.892935185197913,5.727643390327513,11.987742978950514,,14.328909777076092,21.033880650726427,4.229116014383749,4.486467127711442,
1.932,31.031934107929889,17.730047725680965,5.652594300669938,11.869504048298969,,13.889383958465903,20.476039744728141,4.069242715808188,4.402866081060111,
1.936,30.797192544649814,17.584645148603187,5.567830701177149,11.743354906007982,,13.447154719719943,19.847522333754263,3.939857070970134,4.340541702850274,
1.94,30.515165011379004,17.443862862093368,5.485965029021162,11.585623838624432,,13.016029569901272,19.205330640197801,3.819444087136119,4.237701211717591,
1.944,30.226254657824278,17.307531364245449,5.422819712225148,11.427942161418326,,12.523554373752530,18.541129686158442,3.658856258762611,4.022948222798759,
1.948,29.977985532205011,17.167275894497926,5.376302815126552,11.294578987924616,,12.050346947148634,17.922755638923785,3.498567488400361,3.832201158317682,
1.952,29.763504259748704,17.002726326618109,5.329535960217331,11.161014682934878,,11.610849149396394,17.330630597821234,3.377991266097280,3.759910026125381,
1.956,29.558577082957729,16.858355897487897,5.264405667136734,11.035111601969716,,11.163266612175439,16.699907708022270,3.282462413027026,3.728179975416465,
1.96,29.317288758710998,16.758010905674631,5.170643835071535,10.912272368037231,,10.811076596435765,16.133515464036876,3.188542396331452,3.691603437455911,
1.964,29.048280571246114,16.669419633748934,5.087485787170785,10.767121210011538,,10.552075500644346,15.712656159645331,3.070835809166658,3.648148459504518,
1.968,28.808792993037805,16.591731117871205,5.049423090570769,10.614326708072209,,10.247219506949563,15.316602129518785,2.951427609199352,3.571038172850831,
1.972,28.657177469691440,16.539344498968013,5.023781081055719,10.503194134309833,,9.866184671209243,14.857560729053446,2.853861985808611,3.467794643457268,
1.976,28.604855491045392,16.507925985383139,4.965452367679664,10.455420975601902,,9.522031500199377,14.438410156196118,2.758263820724974,3.386062076143618,
1.98,28.591647527849929,16.494046657823898,4.881324580696609,10.432539803319813,,9.238692869206609,14.070672786968695,2.671601321471178,3.299070940797947,
1.984,28.570112252161959,16.496723835896390,4.814387291864210,10.395721692723331,,8.971968866251153,13.700785164944543,2.603847792547019,3.169134683064543,
1.988,28.561531201379943,16.487280388375723,4.788967648119398,10.325759741462832,,8.779420947929673,13.407621681855149,2.533264457948947,3.055279867880452,
1.992,28.602013196745553,16.446809855871276,4.790036481283066,10.233176654463493,,8.643937641304690,13.177521415292134,2.479190055978222,3.021304232079554,
1.996,28.665346618442889,16.401747516830000,4.784339432657140,10.160137814587701,,8.483437552507304,12.946116681526593,2.467038013020242,3.041686371292846,
2,28.695749092401488,16.379737102349036,4.739968036261029,10.122051084648083,,8.322610460640405,12.782704895751138,2.456403857150959,3.061255910419443,
2.004,28.702542684408701,16.393716822220810,4.666547395631255,10.095667552088694,,8.230245537157689,12.699564085840557,2.433437512844741,3.083299503500816,
2.008,28.729808845273570,16.425664024515541,4.625495613971236,10.065882330137409,,8.228880410071525,12.642403649176615,2.394236241851904,3.113651141202474,
2.012,28.761363205576451,16.431337000646938,4.613467580307331,10.041416391378496,,8.273235114051666,12.619008215771164,2.331248478408902,3.126368696216708,
2.016,28.757796132087982,16.422170825249321,4.580595391813419,10.016626386839961,,8.331334409624498,12.609150768500198,2.297161583003681,3.111962461942254,
2.02,28.743206965882759,16.454303760262476,4.549567251902882,9.973307848554056,,8.381312721880761,12.625380670760418,2.313973821071705,3.099404158882936,
2.024,28.773490189782301,16.510067478298815,4.557623725241664,9.924195498535088,,8.405155364972165,12.743681998936495,2.349557579393088,3.119736789610761,
2.028,28.853121008694039,16.536714212284885,4.555134568283016,9.892392719302720,,8.472291988672382,12.907857783091366,2.384440982792725,3.149537549203071,
2.032,28.922364013497806,16.545629706569841,4.489930148416678,9.864027754294217,,8.625433169907295,13.046182226337258,2.421016115278604,3.168676912294282,
2.036,28.943423225184230,16.547657588623956,4.419083938247769,9.834021965652180,,8.802925057260280,13.187477464217313,2.461946194867063,3.183365394906274,
2.04,28.967170190463399,16.547730297366481,4.401210379642162,9.835641284136662,,8.951219919409674,13.316154128923365,2.468291749621286,3.192774032542037,
2.044,29.038287233969406,16.567397659414834,4.411549787701196,9.861922943324917,,9.088192550358364,13.395701172071327,2.425907305303078,3.217982925123435,
2.048,29.120847759145718,16.593726451076009,4.419961840765592,9.882214538371102,,9.248609854438378,13.473451770747827,2.391674506802180,3.279333937940125,
2.052,29.196883959970386,16.643483394275048,4.426500864305230,9.904191283054123,,9.419727476403995,13.613972841236523,2.385854514825963,3.341482580964597,
2.056,29.302278638066070,16.723352883877290,4.431667475601194,9.938398281073827,,9.554312315501804,13.797015495167962,2.387684842636587,3.355945627851666,
2.06,29.445544277399307,16.797001354811176,4.436244599994414,9.974061717161216,,9.687447597095547,13.977102129379354,2.413823632735435,3.354517524655557,
2.064,29.565369246830677,16.887380606654986,4.436002816246031,9.990171181771977,,9.877816608866834,14.141474766663142,2.467615868667360,3.383322288900703,
2.068,29.645075748362842,16.966118663338730,4.425278035510096,9.977037885090473,,10.063252163413017,14.296160153058498,2.494215049927490,3.414115070816358,
2.072,29.742680786142014,16.980826213783885,4.407510632138616,9.950371968606284,,10.195231171457912,14.444991802490918,2.487118487434330,3.429470095709438,
2.076,29.849987536581047,16.985485844633949,4.387798129048988,9.919866185538048,,10.302877591891392,14.580394553151571,2.482951894151001,3.445407373923347,
2.08,29.926686202859162,17.021526906284610,4.368671044342721,9.889144053759008,,10.395335791171886,14.684910378596872,2.486830347692533,3.477015217334183,
2.084,29.969861412088676,17.055753337330401,4.352094722983162,9.872886214952461,,10.499588206512305,14.744181147521200,2.497103132803968,3.531654835804481,
2.088,30.009142182770056,17.045439320683151,4.331754848148890,9.879032291548500,,10.638782333976771,14.778106026630905,2.503524028287923,3.589642861383873,
2.092,30.056863461104271,17.014874765415748,4.313685090961766,9.912141523226026,,10.744509903635670,14.821397807165997,2.512089705790900,3.621077542415631,
2.096,30.088142869485313,17.004407477797269,4.315856757829492,9.963474466164730,,10.780737534690887,14.886207494183637,2.531449824598384,3.619561198403458,
2.1,30.116608441489930,16.997983717978048,4.298380978446451,9.990102297194367,,10.808068110358461,14.950087459490401,2.515739148636042,3.615598274898536,
2.104,30.146043274435254,16.980898464449133,4.247227147650466,9.949274397961403,,10.869104299229404,14.971700467567647,2.427181019564772,3.605776543272743,
2.108,30.145717303821126,16.966245140380540,4.212174724373430,9.860440904938228,,10.943758383510568,14.950475858794011,2.336950199224453,3.565090910527673,
2.112,30.112553167657317,16.966412104391804,4.201793726753724,9.794589197507026,,10.988288790250671,14.940000186168529,2.340023123307274,3.557897024312380,
2.116,30.061309237562259,16.971450056545883,4.188140617013969,9.773513362854771,,10.974399332357157,14.950917010254063,2.399942553646660,3.625667223122021,
2.12,30.046097585432882,16.972306274678530,4.154453149546588,9.758611233829612,,10.894166669557373,14.943989062749484,2.434613580705459,3.694010047258739,
2.124,30.097234300815082,16.948361164779939,4.119023118098774,9.735565620124660,,10.801664452437851,14.894782073138451,2.436269460320465,3.690316419786524,
2.128,30.161030675348446,16.899115522842251,4.114443798294886,9.713176476134796,,10.780046613837790,14.816432358009699,2.408993925070294,3.621990726537599,
2.132,30.199102205873476,16.899041464425547,4.132878788945028,9.685125496512320,,10.793981137164465,14.772830291697579,2.359820209580562,3.545049005285217,
2.136,30.214078725814165,16.962020628352260,4.136996935466895,9.655960248320643,,10.770682126137860,14.767447410927273,2.322457850592695,3.491486453379904,
2.14,30.210382656998100,17.004019831832615,4.128655298953372,9.657227070244110,,10.727199462485340,14.743629300472730,2.312515374697989,3.457061063178061,
2.144,30.191352047812984,16.996586466105267,4.119381225024041,9.685132635438361,,10.687465771870635,14.677796855782981,2.298525517753498,3.423298162113646,
2.148,30.176375907555119,17.003845169469951,4.105666266901997,9.706462509565137,,10.654966532816776,14.583878193149987,2.256239570504633,3.387821315220370,
2.152,30.182140013782721,17.058064756058574,4.092922923102328,9.730605667798496,,10.607309073441554,14.499340366384077,2.222677246423530,3.367378578728066,
2.156,30.211860876004721,17.102672805709528,4.085391135306418,9.766283663955241,,10.519710157145244,14.426067310565024,2.213242996320718,3.374697502724996,
2.16,30.280860143146235,17.077476409365509,4.087616796910379,9.767588803981036,,10.443905155272963,14.347294288221406,2.201391637065147,3.384564854313956,
2.164,30.378345517490665,17.012289428653979,4.094808221021227,9.742421453849866,,10.390357060876493,14.265354777802045,2.156801121382007,3.347726818136040,
2.168,30.457626295949591,17.000387262490264,4.092911792812266,9.760085103894880,,10.316825538012925,14.190422867441999,2.087662960302021,3.283481729570885,
2.172,30.500573857886337,17.065214743938181,4.066694565919275,9.790362088385820,,10.256646551841657,14.130378150840965,2.059547814745161,3.262293477252615,
2.176,30.519079250260852,17.154848344354036,4.034271554196816,9.778899517278766,,10.219883814097983,14.084377994284786,2.076984798342794,3.277781012154287,
2.18,30.526475444895855,17.209083374365687,4.036799289830638,9.743625532396159,,10.176366018643776,14.029803921451739,2.080443952437432,3.264219902189234,
2.184,30.532264769454009,17.213786870066276,4.068554085477441,9.710961525151195,,10.139157755623389,13.966116847179439,2.049981570996886,3.215692104446743,
2.188,30.525700826535235,17.181333323783768,4.087988091404411,9.701484483966674,,10.109270764603176,13.936194700940057,2.009636179586442,3.173049976997551,
2.192,30.492913798585736,17.102962772614344,4.076200312624685,9.709543806247698,,10.064775983482400,13.918147868919631,2.005019628255031,3.159362409084136,
2.196,30.440249569442940,17.021414560152110,4.045270658443499,9.717758362988970,,10.022083176200566,13.873309604059058,2.039576448816070,3.156283766942599,
2.2,30.358788498346197,16.989431090598845,4.017513703316845,9.689154086023505,,10.013010806038471,13.846825416370820,2.060508997359773,3.136074455507482,
2.204,30.216045024435530,16.978484233164156,4.009040733463821,9.592953132934925,,10.026887970271517,13.839829871894089,2.057275025106952,3.106262285255925,
2.208,30.034759821194985,16.934548144833467,4.012190687142657,9.500710290388133,,10.028281430480842,13.810300026483146,2.063327867032149,3.091426325278706,
2.212,29.874064922865838,16.841179301709587,4.019596930643092,9.470249560562813,,10.024815624566251,13.789062172696475,2.090676997038407,3.110499542614987,
2.216,29.739875057326230,16.723690585265640,4.005035508310091,9.464764518363204,,10.046478698649265,13.801182455318719,2.104493000761339,3.145970018039204,
2.22,29.613689915841505,16.636281939482323,3.950965052610689,9.453454374045421,,10.086003668506304,13.821680062401214,2.090047802237806,3.178454014880232,
2.224,29.494061653954471,16.598053188266299,3.919763360578252,9.433430000999962,,10.123579607089319,13.850756749817895,2.077131155881387,3.224512464301264,
2.228,29.381580391877112,16.558700978813075,3.936687759944547,9.410001759143599,,10.165433840954448,13.918614576717868,2.052020207859391,3.249943333823455,
2.232,29.280462349993410,16.482098219587876,3.955276583808358,9.393877855150993,,10.246915203748856,14.022193773020827,2.022984505816232,3.224616289008050,
2.236,29.187140442698130,16.395439224740930,3.965841757456446,9.392427256841037,,10.371409538383292,14.136208576633532,2.030691748848352,3.187720409517839,
2.24,29.128242102471692,16.349680556494864,3.970690421870481,9.380738108754160,,10.497872162716222,14.257897563704120,2.035188786283009,3.171549345215437,
2.244,29.133745472555070,16.350599288228061,3.960972643000790,9.342744328551735,,10.629952648227363,14.385708617714394,2.040412596696087,3.182045438740511,
2.248,29.138153843389798,16.344076090569466,3.951694888780439,9.309242863667173,,10.797174274348297,14.513641047703860,2.098651233880160,3.205730588421224,
2.252,29.051502975799576,16.313451184792818,3.969432990653708,9.281805873514925,,10.949159920732278,14.651970199428101,2.156186219933960,3.251056094889765,
2.256,28.878679164590473,16.287424685120744,4.006856083329495,9.244787269861076,,11.017560080838168,14.794464885065128,2.172221134466147,3.319201645917973,
2.26,28.719457586733650,16.264796031927077,4.011551503192933,9.213620107847440,,11.068829513830869,14.934534730088219,2.187108094229979,3.365850811719011,
2.264,28.636355542008502,16.232191443054113,3.969300596932968,9.191353977931495,,11.196824745179208,15.092771060860841,2.217265353762510,3.373549835098988,
2.268,28.593057510304654,16.170482433145317,3.935103080198874,9.168695902866048,,11.365239196240005,15.271189441960905,2.252583742985252,3.376881635862077,
2.272,28.542237554527468,16.075243991283781,3.943495333865205,9.159685736601954,,11.514636852836446,15.471572904036593,2.298137160082291,3.405229469249791,
2.276,28.472123118780271,15.994043674211175,3.962844301874630,9.176235739824399,,11.636521947362755,15.689839115622803,2.346057622028833,3.453266021548985,
2.28,28.391826737167868,15.974370548680781,3.969724637160713,9.199420247246518,,11.746192487601730,15.878439108567402,2.368269170021456,3.490488288520319,
2.284,28.341220957398193,16.011101227981548,3.969148250649098,9.201397506149956,,11.854800007356518,16.024517086617152,2.349585023291183,3.508784419449115,
2.288,28.327405326853789,16.060721469517112,3.967678450121850,9.174291969233362,,11.960367501152422,16.170111966692197,2.317672480597937,3.523272803431494,
2.292,28.315445271391592,16.068148510208676,3.987104168424463,9.146835279679825,,12.072298596522607,16.310411647583752,2.318882531113998,3.522485196483030,
2.296,28.307819345198450,16.034328109219707,4.017042492958138,9.155462114244443,,12.170350747176560,16.410993323912990,2.351142498755660,3.541004311589272,
2.2999000000059606,28.308292423075699,16.034081518234785,4.023945057214595,9.190235262849241,,12.231752439822177,16.488512831011565,2.390371454913018,3.588103280742248,
2.3039000000059606,28.305878914954963,16.069381180146625,4.009235719358960,9.204704239962787,,12.279645408845285,16.578704093223184,2.428046820827633,3.606294546810826,
2.3079000000059606,28.333518179224686,16.096582622624904,3.997423911186435,9.192457849152451,,12.330075675297900,16.669909570840886,2.463975928933083,3.600755458799319,
2.3119000000059606,28.427768324147010,16.125888213872550,4.003693769686552,9.199371427376905,,12.388853616982733,16.749374537478868,2.508974507436065,3.594168811112853,
2.3159000000059606,28.537225986183369,16.155465204352630,4.025374168967096,9.225815013393628,,12.454667056578094,16.840220952771745,2.552550403816567,3.596888890570784,
2.3199000000059606,28.587909481110007,16.187012215945625,4.038907437427486,9.254728504546227,,12.498124063451526,16.934014410205048,2.572684487733571,3.605827831738973,
2.3239000000059606,28.579850978554720,16.219408830784005,4.018564585665451,9.299471333845130,,12.507385263020279,16.986853744635990,2.582395261937992,3.599805211938190,
2.3279000000059606,28.564512072547735,16.239428940039716,3.976136252579593,9.321378694746109,,12.508935501477376,16.995054526342052,2.608377930544662,3.581738396168234,
2.3319000000059606,28.579057676876797,16.248285203006247,3.935121847212392,9.290564565537316,,12.517834399830271,16.998793450749002,2.644287585928022,3.577906333050707,
2.3359000000059607,28.615905004778199,16.244685201607059,3.920752898827029,9.257472097682259,,12.523297144281003,17.003300749729355,2.648726270750908,3.618394753871057,
2.34,28.665223901334006,16.248966584891377,3.933262241394185,9.247448442790198,,12.515755880694272,16.982226940703224,2.599125312867680,3.679246335152301,
2.344,28.738213454389598,16.266860864421101,3.947616146402346,9.240464321711283,,12.489981085105191,16.944727017596666,2.536314309277661,3.702713361920028,
2.348,28.840322884478283,16.305460253198639,3.953016006004118,9.241594835120015,,12.435911186707681,16.913096729911654,2.518796684853008,3.660918180305894,
2.352,28.948856708894390,16.377901898309506,3.925516575086325,9.263259345078875,,12.351540210316632,16.865865572196466,2.529260062389477,3.606703959847181,
2.356,29.033134121237097,16.438365538574978,3.887938262509675,9.305537709644817,,12.252095054647928,16.781737541328990,2.539602481328437,3.625908086420604,
2.36,29.148216199422542,16.495900467612568,3.920023282259992,9.375632299093951,,12.163428807428897,16.668927222026728,2.561649024789001,3.687875141673632,
2.364,29.367161330531342,16.613148664945989,4.018741108967070,9.456165507087805,,12.080970829578536,16.533858609392510,2.544407752458527,3.693901095356009,
2.368,29.639951461433323,16.770186990583877,4.104067482435232,9.511708110856283,,11.975114452281394,16.374892237894290,2.456102990106237,3.631994496858212,
2.372,29.939158104232678,16.941352896402424,4.159103579466644,9.584044185913415,,11.851482441928107,16.199068641946148,2.380237070894522,3.558314027707598,
2.376,30.292901095400318,17.128305181453975,4.201461009901238,9.707642366510445,,11.732874013170907,16.008707809697952,2.354773191927134,3.494454369314315,
2.38,30.635785584083223,17.307281288539507,4.232332035594196,9.806670549856968,,11.605060661855413,15.743418859850937,2.317596469402953,3.445221387079442,
2.384,30.902100861262497,17.471655725527125,4.275829584382101,9.854992145764040,,11.419262039434516,15.363453555094894,2.250715778460333,3.396035837945488,
2.388,31.146424724532903,17.645356187100916,4.321892682262451,9.933447069375006,,11.174109633265100,14.969674643160438,2.193207994556211,3.325811348966398,
2.392,31.445387513318568,17.848746839216648,4.347517004269992,10.075585538723249,,10.926277862698313,14.623540429586523,2.119427869497605,3.284690971351919,
2.396,31.755832206934866,18.063142863915772,4.360728369295154,10.239242034209090,,10.688301550318421,14.293106016309462,2.006099224826373,3.308467729511999,
2.4,32.062920118141193,18.257988603993461,4.377028511024180,10.384143830133466,,10.447257616518527,13.991968292499685,1.928145608857613,3.325687270684953,
2.404,32.407976229828741,18.434659664850230,4.421347110785831,10.505179593855232,,10.161787706088166,13.643225411735456,1.885964031288129,3.268778446260710,
2.408,32.716653482849722,18.604875264245901,4.485024611386574,10.613148248032539,,9.797983419737871,13.175238431353289,1.792664786910101,3.155228324070043,
2.412,32.988315736902464,18.792375896962621,4.550017615245144,10.705700256556179,,9.456400827489061,12.693780991314267,1.642874173730969,3.023184293922805,
2.416,33.295553943603998,19.000024493626601,4.612530677190906,10.795497817767995,,9.204553206847820,12.260180272379406,1.500339706153140,2.912984643151541,
2.42,33.598949000779207,19.173747418266906,4.664593313621384,10.883974247308620,,8.927545950907680,11.788009069772665,1.408389777265015,2.834769898227570,
2.424,33.871103959592830,19.309917186406032,4.721258376852243,10.956762975729069,,8.518345951858096,11.241273673060686,1.351440599595815,2.744510399720482,
2.428,34.200972451152921,19.477048065230619,4.785878378356571,11.058189549051338,,8.052350997686839,10.699075417899964,1.298776355109990,2.647668602900738,
2.432,34.631449559743587,19.688285314898803,4.836652458452703,11.218290910886957,,7.594441918208851,10.101117151471421,1.233559346839553,2.546965363477477,
2.436,35.036902605642823,19.903477677083337,4.889261913381691,11.372808977115733,,7.107436975007264,9.383194940647629,1.140704738907144,2.400223089432257,
2.44,35.408816672014908,20.151901676163970,4.958339486397207,11.506760322902437,,6.631935065788584,8.707619595438331,1.037475707298272,2.248331412562119,
2.444,35.840173165884273,20.460457095407115,5.013824248963886,11.667804223915235,,6.133669128046885,8.064322891305999,0.927704942492728,2.114129795357507,
2.448,36.259905935770213,20.759751319804568,5.064362029534148,11.844436795099387,,5.550173983887101,7.339653168091943,0.812535238355806,1.958302642112473,
2.452,36.670255867468597,21.053757633278572,5.146089869022027,12.025700512304670,,5.043194406708441,6.678250219397089,0.742988510537987,1.803195900824564,
2.456,37.163460900580915,21.380021082840397,5.245164540926957,12.212007084260115,,4.699255919489183,6.159254083172213,0.695483177374439,1.674503820133095,
2.46,37.682447665959941,21.675217506380946,5.345955204630260,12.385041993568677,,4.346289241465294,5.590232829571379,0.604250103230223,1.547664115067309,
2.464,38.147828634468659,21.927782022253037,5.447720148654868,12.548572020988781,,3.886302242480908,4.873029187026129,0.486997356943746,1.406403992060744,
2.468,38.645096376241135,22.220590306551248,5.550989446848140,12.719537947633782,,3.447577708625611,4.192606893127104,0.394974063583352,1.274501896640093,
2.472,39.263369155002572,22.590169045304393,5.662896414586124,12.920643697483118,,3.028274781531081,3.597258300951759,0.322751596224958,1.144767401238135,
2.476,39.885922788090951,22.982605396002846,5.776194848164324,13.147740622206422,,2.529193510207427,2.978933926881890,0.220271953387386,0.993146637748738,
2.48,40.476680994931918,23.378237775312677,5.869738268458379,13.364725180090836,,2.090999198322841,2.399165708917640,0.112030888753546,0.858867324340687,
2.484,41.120601184314886,23.798043282356936,5.924901431029345,13.567521200430038,,1.774658563923714,1.881685922427550,0.054594784117918,0.744409896483293,
2.488,41.742904723680731,24.190640567251254,5.955904930467431,13.759369530665770,,1.473421681727666,1.393095378705254,0.032168818038899,0.606671230887067,
2.492,42.321464986157935,24.543945221713308,5.989419840447582,13.961178664986505,,1.194755724683084,1.012604347228893,0.015678472279517,0.454907723935605,
2.496,42.917392013658663,24.893289060568797,6.038479359962198,14.190128449256019,,0.968984069251081,0.754699765129740,-0.004940789013360,0.310687700850751,
2.5,43.460267336177445,25.176739367258200,6.097801904178033,14.387439233156332,,0.753366663924985,0.525403284499543,-0.005528040478249,0.156173523695407,
2.504,43.882413658046119,25.360072779222236,6.160578233859137,14.539725608006361,,0.519201175939162,0.272568821808780,0.061716414851065,-0.013403852485649,
2.508,44.253634627921379,25.537302187862529,6.234967084602080,14.701937422462084,,0.297633511820903,0.037974626200719,0.199094350426124,-0.158526788536942,
2.512,44.651122194082475,25.773921256505695,6.305298849937103,14.868575703415933,,0.135998541783277,-0.104308365393153,0.358854164168951,-0.255485266718563,
2.516,45.032417429131314,26.019415308609133,6.348769737836895,14.992289733374585,,0.068882318612520,-0.137092312786900,0.456817965012834,-0.279831197636255,
2.52,45.368490191095802,26.218786584035790,6.367725120970560,15.093124116421684,,0.111275895821938,-0.105312886231337,0.435151505156603,-0.207613127267359,
2.524,45.688388028336540,26.370034806647979,6.361396871835106,15.216921953435580,,0.239926570669067,-0.057269831436978,0.309845623200863,-0.097493695398414,
2.528,45.960700495826849,26.492937018765787,6.331602749639360,15.338729850328772,,0.342059179073660,-0.001118903941465,0.175313681852253,-0.054277505955507,
2.532,46.126475851395284,26.594873922753692,6.321360476892343,15.415919807741503,,0.318949519872868,0.033013470780397,0.137818038023950,-0.090952494225654,
2.536,46.195774711845104,26.657811959672603,6.366168793333136,15.450835964602721,,0.243791659136039,0.010682534468623,0.194466244418069,-0.138683438909159,
2.54,46.243279574950307,26.698779633037169,6.423698696583092,15.480946932537709,,0.228927398155275,-0.033114742513439,0.277083863281195,-0.179787002575872,
2.544,46.291901402884619,26.741353703892109,6.437408284064363,15.511846759809629,,0.264646352943512,-0.050583178371730,0.325724605565437,-0.212552660558937,
2.548,46.306645949795964,26.751467305838361,6.407547804273447,15.511548033552904,,0.282442379637706,-0.022441011572766,0.312796029504858,-0.190842101219918,
2.552,46.264049970425262,26.713526321460218,6.369467743213717,15.492919004812292,,0.286648392166222,0.042622042358105,0.276858788522971,-0.121737910725919,
2.556,46.171903659555710,26.665842132476204,6.358977565859428,15.476051571175454,,0.295794591806631,0.095003287307308,0.255681547345023,-0.094527720754337,
2.56,46.057275299789495,26.619334257171221,6.354394596964231,15.422790735506023,,0.262374878254087,0.086086086818348,0.244201982765528,-0.147010041077830,
2.564,45.939451492703078,26.553661994695560,6.300556645931860,15.331753760363874,,0.197063000896804,0.034675597897220,0.242000048251317,-0.202456503567295,
2.568,45.856085626812927,26.468659947842895,6.220091455179021,15.264372456746429,,0.156752567155595,-0.007889105007328,0.249400865529951,-0.179991433837126,
2.572,45.804258969645652,26.408526715750078,6.193592691007025,15.229970458410394,,0.146962987341418,-0.017211005991282,0.266363726210077,-0.104661850236106,
2.576,45.727243530922308,26.386384988578314,6.224749047284872,15.182554890932982,,0.146792430255855,-0.000621003051239,0.276218397928468,-0.064512416984346,
2.5799000000059604,45.604837933730323,26.337475747847094,6.218065266802737,15.112792892201851,,0.150982289352613,0.034255465623705,0.256794713701291,-0.087178828277204,
2.5839000000059604,45.471537358915292,26.236821359192081,6.143518805762339,15.050816491725749,,0.166985639376702,0.080083896142662,0.240378966181542,-0.122711716425849,
2.5879000000059604,45.327429507050290,26.123947259027336,6.104051671568577,14.983858220064327,,0.186047646109874,0.095971211566077,0.262346887950870,-0.154546870172160,
2.5919000000059604,45.139722825899298,26.031306772977715,6.146471836880126,14.883587918098655,,0.187982543224324,0.064110898893087,0.287381798636509,-0.191309638623386,
2.5959000000059604,44.942074743485819,25.953276575242157,6.180171926094519,14.784704470485835,,0.165444117513358,0.022819247006452,0.281983576454191,-0.222990465085393,
2.5999000000059604,44.745370150808796,25.874929537650520,6.161160546845647,14.704268465105844,,0.138325762231145,0.014846765786617,0.277172699241252,-0.245172783321431,
2.6039000000059604,44.528009805040426,25.793163822106401,6.126888381784152,14.622075094553717,,0.143693456705816,0.041448775476011,0.274935134570915,-0.226691568377029,
2.6079000000059605,44.315122399559755,25.694681730640902,6.096274733782931,14.540579624863289,,0.200444671064485,0.053462952919926,0.248737932741122,-0.190401585213276,
2.6119000000059605,44.108790898390673,25.590051258671821,6.072877984353966,14.455409848307973,,0.272155906982672,0.026844183130653,0.225963379400080,-0.187447697783791,
2.6159000000059605,43.897929421139828,25.511467702995926,6.052160884823493,14.368847899550344,,0.316561331013166,0.004489902500155,0.230795179572740,-0.161223281692873,
2.62,43.713803567091695,25.440337992418300,6.027916041473273,14.307921162265801,,0.315056934026454,-0.001167475958280,0.234754822444986,-0.105586461370369,
2.624,43.553793191797610,25.339898021567322,5.994483936920509,14.263058381072417,,0.284953927526337,-0.014665872288613,0.210599129343616,-0.103203883698666,
2.628,43.372411126834834,25.212849450849635,5.957510714676455,14.189839923296386,,0.262993713661706,-0.007145772443138,0.191666112749731,-0.142952908321851,
2.632,43.167361844827823,25.079624051187462,5.940365659579485,14.083255264263972,,0.240119694472281,0.022548337716097,0.212374679820490,-0.156865978860040,
2.636,42.948955617377194,24.959860374353365,5.938539623552425,13.981104453945530,,0.224144855806968,0.030499615009097,0.253769206206260,-0.131451387076062,
2.64,42.713744652422918,24.852600413301175,5.921992697367943,13.926106583079115,,0.241686482632182,0.029437199482556,0.283971537007715,-0.109387463583798,
2.644,42.494859095233465,24.755043040846203,5.887112059853234,13.907059184640929,,0.265230561172890,0.012954424413504,0.269826820602204,-0.115150952519941,
2.648,42.324889739059003,24.681413133434038,5.868607588854740,13.857154441445449,,0.252474556662282,-0.048260380192019,0.235251636752263,-0.133643063173803,
2.652,42.160873402299941,24.614923605658152,5.864629090692342,13.762497859341250,,0.217015338801606,-0.094897918310225,0.236201405726114,-0.146621674101758,
2.656,41.980010785330705,24.519367277410254,5.828213884172238,13.656850035056957,,0.203642998790358,-0.074542176291498,0.261016478748630,-0.159740651126350,
2.66,41.835707423397153,24.407332725995534,5.777041852129525,13.573138455473124,,0.210860280578281,-0.027558607109015,0.270843929771576,-0.175864547799651,
2.664,41.712314569500677,24.310100232307686,5.753768020025808,13.546934043428895,,0.212719980766925,-0.000056724413022,0.264119424778829,-0.169426073357363,
2.668,41.527536965922252,24.197215946513669,5.758889012973174,13.529966746013651,,0.212370842838555,-0.006669205032821,0.256971969481200,-0.158605401193076,
2.672,41.276161922301654,24.040297509143709,5.758890992488170,13.467424607434882,,0.221214541749937,-0.039063011901207,0.266622560009405,-0.163877145178085,
2.676,41.036690457872709,23.881353360848017,5.713766378025732,13.407539122490903,,0.225731411895097,-0.049016038200986,0.284565061391842,-0.157952097493529,
2.68,40.854351742920663,23.762320991166757,5.664050821316746,13.355761989158093,,0.216154716270774,-0.011365281270622,0.269299218248274,-0.133353114621675,
2.684,40.696452751786829,23.683701314892961,5.669896158905915,13.287725798647884,,0.205795883496949,0.016378194522271,0.225446537995964,-0.134050507304077,
2.688,40.516628745883629,23.619293493030575,5.697054801765813,13.244378582356308,,0.189814075784750,-0.001047583529693,0.181535014274884,-0.178217167954925,
2.692,40.319577474139237,23.551737954541100,5.705736061204882,13.205700928538000,,0.169419785791427,-0.017870326004319,0.163828258317630,-0.191104744107713,
2.696,40.128570768123396,23.479917916056248,5.706547740067873,13.126612253533512,,0.185367557849843,0.007248698909420,0.203210929180402,-0.147649103321386,
2.7,39.965618713264199,23.412685738316512,5.691095310868170,13.051992976071368,,0.231128671255427,0.062370641566803,0.254140204199911,-0.117707993075188,
2.704,39.865726115006836,23.359715757289369,5.659255277934117,12.994633383359551,,0.248308641978775,0.107362740578317,0.257014085773404,-0.120395055729077,
2.708,39.783655574989794,23.311642579513947,5.614807671842101,12.939644356810756,,0.223084204926464,0.112240130693131,0.234802920509170,-0.120416806421071,
2.712,39.653677856109582,23.257084717422693,5.555680253365727,12.917100170889324,,0.196312860059710,0.066205825409690,0.222124068431635,-0.107525630557662,
2.716,39.535919347461316,23.203281560038274,5.525662977795523,12.926332487901099,,0.202062886277423,-0.003791535001695,0.221587362097828,-0.108667660068838,
2.72,39.463613857002954,23.152313729193633,5.537577073961979,12.942067654595544,,0.227965344473764,-0.031531787323752,0.228158648518531,-0.145961498964532,
2.724,39.366423942981541,23.080206872852969,5.558014058111152,12.941360157442471,,0.238779221836388,-0.001837471021388,0.232544790576442,-0.188365826282614,
2.728,39.245133913061593,23.012083836748609,5.588098413007152,12.908357047683646,,0.222669495400808,0.026541572170618,0.234770484894652,-0.191092681113163,
2.732,39.117230896341688,22.994824106701063,5.626085962296550,12.851390061014008,,0.197528341090648,0.014114700301861,0.260210989846388,-0.152942458805581,
2.736,38.963790377701123,23.003127238898404,5.646142903224620,12.776507214720510,,0.168121500363465,0.000806121975789,0.292466856119107,-0.115311990699005,
2.74,38.830235145694871,22.992814991432823,5.658342183596688,12.703908664879750,,0.343308413841786,0.265408278707185,0.219349013481622,-0.153926211149140,
2.744,38.740105318424362,22.936854519710472,5.669489554038465,12.664312022737219,,1.258356164208016,1.144736506526008,-0.010345573392698,-0.136881464756500,
2.748,38.657275165375708,22.849831732552389,5.680085289117603,12.664092633592087,,3.138336928957542,2.420657723151944,-0.259994542027164,0.283767351477497,
2.752,38.577589899428986,22.798611494067057,5.714418312393934,12.679264224858567,,5.009093426829709,3.566254387030831,-0.401248288530188,0.819798577880096,
2.756,38.497187303391833,22.789911636798212,5.760324632863093,12.656914771932611,,5.605317039298102,4.366192431168909,-0.428825879691346,0.827229794882608,
2.76,38.368456027573359,22.754029649283634,5.784586942126005,12.598282309457911,,5.316184323715859,4.934991426465976,-0.340869510885473,0.566528271107323,
2.764,38.201368440251144,22.669632121954393,5.792446335537988,12.551105646935985,,5.772732275290048,5.791141596172212,-0.215750692017917,0.667178287003253,
2.768,38.067800160135093,22.573480597169223,5.825682034616610,12.535565442101625,,7.513320318839471,7.143882349340856,-0.190424491885503,1.084274165420292,