Kinvent Physio 2.25.0,Version BLE : 5,Appareils: ,D102119 (FW 3.026) (250 Hz),D102124 (FW 3.026) (250 Hz)
Poids de corps (kg),78.42
Paramètres
,Moyenne,,,,,,,Essai (1),,,,,,,Essai (2),,,,,,,Essai (3),,,,,,
,Total,,Gauche,,Droite,,Asymétrie,Total,,Gauche,,Droite,,Asymétrie,Total,,Gauche,,Droite,,Asymétrie,Total,,Gauche,,Droite,,Asymétrie
,Abs,Relative,Abs,Relative,Abs,Relative,,Abs,Relative,Abs,Relative,Abs,Relative,,Abs,Relative,Abs,Relative,Abs,Relative,,Abs,Relative,Abs,Relative,Abs,Relative,
Hauteur de Saut TV (cm),39.571,NA,NA,NA,NA,NA,NA,37.908,NA,NA,NA,NA,NA,NA,40.684,NA,NA,NA,NA,NA,NA,40.121,NA,NA,NA,NA,NA,NA
Hauteur de saut (Vitesse) (cm),38.287,NA,NA,NA,NA,NA,NA,37.682,NA,NA,NA,NA,NA,NA,38.616,NA,NA,NA,NA,NA,NA,38.564,NA,NA,NA,NA,NA,NA
Poids de corps (kg),78.422,NA,NA,NA,NA,NA,NA,78.422,NA,NA,NA,NA,NA,NA,78.422,NA,NA,NA,NA,NA,NA,78.422,NA,NA,NA,NA,NA,NA
Temps de Contraction (ms),484.000,NA,NA,NA,NA,NA,NA,492.000,NA,NA,NA,NA,NA,NA,492.000,NA,NA,NA,NA,NA,NA,468.000,NA,NA,NA,NA,NA,NA
Temps de Mouvement (ms),766.667,NA,NA,NA,NA,NA,NA,780.000,NA,NA,NA,NA,NA,NA,776.000,NA,NA,NA,NA,NA,NA,744.000,NA,NA,NA,NA,NA,NA
Pic de Force Max (kg),179.827,2.293,82.230,1.049,97.597,1.244,15.745,174.015,2.219,80.181,1.022,93.834,1.197,14.550,182.358,2.325,80.497,1.026,101.861,1.299,20.974,183.107,2.335,86.012,1.097,97.095,1.238,11.414
Pic de Puissance Max (W),4185.176,53.367,2000.643,25.511,2184.532,27.856,8.418,4171.813,53.197,1940.739,24.747,2231.074,28.449,13.013,4184.868,53.363,2013.730,25.678,2171.138,27.685,7.250,4198.846,53.541,2047.460,26.108,2151.386,27.433,4.831
Pic de Vitesse Max (m/s),2.865,NA,NA,NA,NA,NA,NA,2.849,NA,NA,NA,NA,NA,NA,2.872,NA,NA,NA,NA,NA,NA,2.875,NA,NA,NA,NA,NA,NA
Pic de RFD Max (kg/s),1129.313,14.400,508.377,6.483,620.936,7.918,18.127,1030.162,13.136,559.004,7.128,471.158,6.008,15.715,1070.046,13.645,411.781,5.251,658.265,8.394,37.445,1287.731,16.420,554.346,7.069,733.385,9.352,24.413
Impulsion Totale (kg•s),82.322,1.050,38.322,0.489,44.000,0.561,12.904,83.211,1.061,37.590,0.479,45.621,0.582,17.603,83.134,1.060,39.503,0.504,43.630,0.556,9.460,80.622,1.028,37.873,0.483,42.749,0.545,11.406
Vitesse à Puissance Maximale(m/s),2.638,NA,NA,NA,NA,NA,NA,2.636,NA,NA,NA,NA,NA,NA,2.658,NA,NA,NA,NA,NA,NA,2.620,NA,NA,NA,NA,NA,NA
F@0V (kg),179.216,2.285,81.392,NA,97.823,NA,16.797,172.542,2.200,77.734,NA,94.809,NA,18.010,182.279,2.324,80.497,NA,101.782,NA,20.913,182.826,2.331,85.947,NA,96.879,NA,11.284
Force à Puissance Maximale (kg),161.710,2.062,77.304,0.986,84.406,1.076,8.415,161.301,2.057,75.036,0.957,86.265,1.100,13.016,160.473,2.046,77.219,0.985,83.255,1.062,7.250,163.355,2.083,79.656,1.016,83.699,1.067,4.831
Pic de RPD Max (W/s),22507.373,287.002,10539.714,134.397,11967.660,152.605,11.932,21551.849,274.818,10186.616,129.894,11365.233,144.923,10.370,22668.765,289.060,10484.929,133.698,12183.835,155.362,13.944,23301.506,297.128,10947.595,139.598,12353.911,157.531,11.384
RSI (TV/TC),1.174,NA,NA,NA,NA,NA,NA,1.130,NA,NA,NA,NA,NA,NA,1.171,NA,NA,NA,NA,NA,NA,1.222,NA,NA,NA,NA,NA,NA
RSI (FT/TTT),0.741,NA,NA,NA,NA,NA,NA,0.713,NA,NA,NA,NA,NA,NA,0.742,NA,NA,NA,NA,NA,NA,0.769,NA,NA,NA,NA,NA,NA
mRSI (JH/CT) (m/s),0.818,NA,NA,NA,NA,NA,NA,0.770,NA,NA,NA,NA,NA,NA,0.827,NA,NA,NA,NA,NA,NA,0.857,NA,NA,NA,NA,NA,NA
mRSI (JH/TTT) (m/s),0.517,NA,NA,NA,NA,NA,NA,0.486,NA,NA,NA,NA,NA,NA,0.524,NA,NA,NA,NA,NA,NA,0.539,NA,NA,NA,NA,NA,NA
Rigidité de la jambe (kg/m),463.953,5.916,210.482,2.684,253.471,3.232,16.960,464.494,5.923,208.419,2.658,256.075,3.265,18.610,447.798,5.710,197.880,2.523,249.918,3.187,20.822,479.568,6.115,225.147,2.871,254.420,3.244,11.506
Temps jusqu'au pic de force Max (ms),484.000,NA,485.333,NA,474.667,NA,2.198,508.000,NA,520.000,NA,476.000,NA,8.462,476.000,NA,472.000,NA,476.000,NA,0.840,468.000,NA,464.000,NA,472.000,NA,1.695
Temps jusqu'au pic de Puissance Max (ms),709.267,NA,710.600,NA,707.933,NA,0.375,724.000,NA,728.000,NA,720.000,NA,1.099,719.900,NA,719.900,NA,719.900,NA,NA,683.900,NA,683.900,NA,683.900,NA,NA
Force Moyenne (kg),107.631,1.372,50.122,0.639,57.509,0.733,12.846,106.911,1.363,48.312,0.616,58.599,0.747,17.555,107.374,1.369,51.025,0.651,56.349,0.719,9.448,108.610,1.385,51.029,0.651,57.581,0.734,11.378
Force Max Nette (kg),101.404,1.293,NA,NA,NA,NA,NA,95.592,1.219,NA,NA,NA,NA,NA,103.935,1.325,NA,NA,NA,NA,NA,104.685,1.335,NA,NA,NA,NA,NA
Impulsion totale Nette (kg•s),22.512,0.287,NA,NA,NA,NA,NA,22.356,0.285,NA,NA,NA,NA,NA,22.592,0.288,NA,NA,NA,NA,NA,22.590,0.288,NA,NA,NA,NA,NA
RFD moyenne (kg/s),222.602,2.839,90.842,1.158,131.760,1.680,31.055,201.036,2.564,84.673,1.080,116.363,1.484,27.234,229.144,2.922,83.054,1.059,146.090,1.863,43.149,237.626,3.030,104.799,1.336,132.827,1.694,21.101
Puissance Moyenne (W),520.520,6.637,254.073,3.240,266.447,3.398,4.644,509.386,6.495,262.112,3.342,247.274,3.153,5.661,510.002,6.503,221.568,2.825,288.434,3.678,23.182,542.172,6.913,278.540,3.552,263.632,3.362,5.352

Paramètres par phase
,,Moyenne,,,,,,,Essai (1),,,,,,,Essai (2),,,,,,,Essai (3),,,,,,
,,Total,,Gauche,,Droite,,Asymétrie,Total,,Gauche,,Droite,,Asymétrie,Total,,Gauche,,Droite,,Asymétrie,Total,,Gauche,,Droite,,Asymétrie
,,Abs,Relative,Abs,Relative,Abs,Relative,,Abs,Relative,Abs,Relative,Abs,Relative,,Abs,Relative,Abs,Relative,Abs,Relative,,Abs,Relative,Abs,Relative,Abs,Relative,
Phase de Décharge,Durée (ms),282.667,NA,NA,NA,NA,NA,NA,288.000,NA,NA,NA,NA,NA,NA,284.000,NA,NA,NA,NA,NA,NA,276.000,NA,NA,NA,NA,NA,NA
Phase de Décharge,Force Minimale(kg),5.518,0.070,4.113,0.052,1.405,0.018,65.847,8.372,0.107,5.750,0.073,2.623,0.033,54.387,5.671,0.072,4.584,0.058,1.087,0.014,76.297,2.510,0.032,2.005,0.026,0.505,0.006,74.817
Phase de Décharge,Pic de Décharge (kg),76.384,0.974,39.131,0.499,37.253,0.475,4.801,76.650,0.977,36.762,0.469,39.888,0.509,7.836,75.817,0.967,42.095,0.537,33.723,0.430,19.889,76.685,0.978,38.538,0.491,38.148,0.486,1.012
Phase de Décharge,RFD Max Négative (kg/s),-909.956,-11.603,-517.853,-6.603,-1427.810,-18.207,-175.717,-1002.095,-12.778,-510.709,-6.512,-1512.804,-19.290,-196.216,-792.136,-10.101,-474.391,-6.049,-1266.527,-16.150,-166.980,-935.639,-11.931,-568.460,-7.249,-1504.098,-19.179,-164.592
Phase de Décharge,Impulsion Totale (kg•s),9.541,0.122,4.879,0.062,4.661,0.059,4.467,10.711,0.137,4.798,0.061,5.914,0.075,18.875,9.184,0.117,5.553,0.071,3.631,0.046,34.620,8.726,0.111,4.287,0.055,4.439,0.057,3.434
Phase de Décharge,Impulsion Nette (kg•s),-12.313,-0.157,NA,NA,NA,NA,NA,-11.560,-0.147,NA,NA,NA,NA,NA,-12.774,-0.163,NA,NA,NA,NA,NA,-12.605,-0.161,NA,NA,NA,NA,NA
Phase de Freinage,Durée (ms),188.000,NA,NA,NA,NA,NA,NA,196.000,NA,NA,NA,NA,NA,NA,188.000,NA,NA,NA,NA,NA,NA,180.000,NA,NA,NA,NA,NA,NA
Phase de Freinage,Force de Freinage Max (kg),178.929,2.282,81.175,1.035,97.754,1.247,16.960,172.275,2.197,77.300,0.986,94.975,1.211,18.610,181.969,2.320,80.412,1.025,101.558,1.295,20.822,182.542,2.328,85.814,1.094,96.729,1.233,11.284
Phase de Freinage,Force de Freinage Moy (kg),141.899,1.809,63.347,0.808,78.553,1.002,19.358,134.745,1.718,57.502,0.733,77.243,0.985,25.556,143.896,1.835,66.608,0.849,77.288,0.986,13.818,147.057,1.875,65.930,0.841,81.127,1.034,18.733
Phase de Freinage,Puissance de Freinage Max (W),-1657.324,-21.133,-750.420,-9.569,-906.903,-11.564,-20.853,-1468.991,-18.732,-633.773,-8.082,-835.218,-10.650,-31.785,-1751.950,-22.340,-819.982,-10.456,-931.969,-11.884,-13.657,-1751.030,-22.328,-797.507,-10.169,-953.524,-12.159,-19.563
Phase de Freinage,RFD moyenne (kg/s),565.152,7.207,272.152,3.470,293.000,3.736,7.116,474.581,6.052,265.022,3.379,209.559,2.672,20.928,612.810,7.814,240.965,3.073,371.845,4.742,35.197,608.065,7.754,310.468,3.959,297.598,3.795,4.145
Phase de Freinage,RFD 0-50ms (kg/s),881.384,11.239,447.508,5.706,433.876,5.533,3.046,702.705,8.961,469.435,5.986,233.270,2.975,50.308,950.405,12.119,371.280,4.734,579.125,7.385,35.889,991.041,12.637,501.810,6.399,489.232,6.238,2.506
Phase de Freinage,RFD 0-100ms (kg/s),670.167,8.546,325.314,4.148,344.853,4.397,5.666,524.918,6.693,309.306,3.944,215.612,2.749,30.292,736.978,9.398,298.039,3.800,438.939,5.597,32.100,748.605,9.546,368.596,4.700,380.009,4.846,3.003
Phase de Freinage,RFD 0-150ms (kg/s),599.909,7.650,289.549,3.692,310.360,3.958,6.705,547.701,6.984,298.432,3.805,249.269,3.179,16.474,621.695,7.928,252.755,3.223,368.940,4.705,31.492,630.332,8.038,317.461,4.048,312.871,3.990,1.446
Phase de Freinage,RFD 0-200ms (kg/s),491.496,6.267,238.477,3.041,253.020,3.226,5.748,458.318,5.844,259.202,3.305,199.117,2.539,23.181,514.185,6.557,196.753,2.509,317.432,4.048,38.017,501.986,6.401,259.475,3.309,242.511,3.092,6.538
Phase de Freinage,RFD 50-100ms (kg/s),448.088,5.714,199.043,2.538,249.045,3.176,20.077,352.609,4.496,149.330,1.904,203.279,2.592,26.539,502.897,6.413,221.227,2.821,281.670,3.592,21.459,488.759,6.232,226.573,2.889,262.185,3.343,13.583
Phase de Freinage,RFD 100-150ms (kg/s),447.335,5.704,209.066,2.666,238.269,3.038,12.256,566.785,7.227,266.030,3.392,300.756,3.835,11.546,399.600,5.095,148.810,1.898,250.789,3.198,40.663,375.621,4.790,212.359,2.708,163.262,2.082,23.120
Phase de Freinage,RFD 150-200ms (kg/s),NA,NA,NA,NA,NA,NA,NA,NA,NA,NA,NA,NA,NA,NA,NA,NA,NA,NA,NA,NA,NA,NA,NA,NA,NA,NA,NA,NA
Phase de Freinage,Impulsion de freinage (kg•s) ,26.120,0.333,11.655,0.149,14.465,0.184,19.428,25.903,0.330,11.063,0.141,14.840,0.189,25.452,26.516,0.338,12.273,0.157,14.243,0.182,13.828,25.941,0.331,11.628,0.148,14.312,0.183,18.756
Phase de Freinage,Impulsion 50-100ms (kg•s),6.504,0.083,2.890,0.037,3.614,0.046,20.029,5.938,0.076,2.543,0.032,3.395,0.043,25.111,6.686,0.085,3.081,0.039,3.605,0.046,14.514,6.890,0.088,3.047,0.039,3.843,0.049,20.712
Phase de Freinage,Impulsion 100-150ms (kg•s),7.010,0.089,3.157,0.040,3.853,0.049,18.080,6.524,0.083,2.819,0.036,3.706,0.047,23.935,7.104,0.091,3.325,0.042,3.779,0.048,12.008,7.401,0.094,3.326,0.042,4.075,0.052,18.388
Phase de Freinage,Impulsion 150-200ms (kg•s),2.701,0.034,1.195,0.015,1.506,0.019,20.597,8.103,0.103,3.586,0.046,4.517,0.058,20.597,NA,NA,NA,NA,NA,NA,NA,NA,NA,NA,NA,NA,NA,NA
Phase de Freinage,Force de Freinage Moy Nette (kg) ,63.477,0.809,NA,NA,NA,NA,NA,56.323,0.718,NA,NA,NA,NA,NA,65.473,0.835,NA,NA,NA,NA,NA,68.635,0.875,NA,NA,NA,NA,NA
Phase de Freinage,Impulsion de freinage nette (kg•s) ,11.693,0.149,NA,NA,NA,NA,NA,10.846,0.138,NA,NA,NA,NA,NA,12.094,0.154,NA,NA,NA,NA,NA,12.138,0.155,NA,NA,NA,NA,NA
Phase de Freinage,Déplacement Min (cm),-38.565,NA,NA,NA,NA,NA,NA,-37.089,NA,NA,NA,NA,NA,NA,-40.636,NA,NA,NA,NA,NA,NA,-37.970,NA,NA,NA,NA,NA,NA
Phase de Freinage,Vitesse Négative Max (m/s),-1.540,NA,NA,NA,NA,NA,NA,-1.446,NA,NA,NA,NA,NA,NA,-1.599,NA,NA,NA,NA,NA,NA,-1.577,NA,NA,NA,NA,NA,NA
Phase de Freinage,RFD Décélération (kg/s),524.535,6.689,254.182,3.241,270.353,3.447,5.981,466.261,5.946,261.826,3.339,204.435,2.607,21.919,549.026,7.001,211.254,2.694,337.772,4.307,37.457,558.317,7.119,289.466,3.691,268.852,3.428,7.121
Phase de Freinage,RFD Excentrique (kg/s),528.961,6.745,235.399,3.002,293.562,3.743,19.813,466.392,5.947,204.372,2.606,262.020,3.341,22.001,519.437,6.624,222.207,2.833,297.230,3.790,25.241,601.055,7.664,279.620,3.566,321.435,4.099,13.009
Phase de Freinage,F@0V (kg),179.216,2.285,81.392,NA,97.823,NA,16.797,172.542,2.200,77.734,NA,94.809,NA,18.010,182.279,2.324,80.497,NA,101.782,NA,20.913,182.826,2.331,85.947,NA,96.879,NA,11.284
Propulsion,Durée (ms),296.000,NA,NA,NA,NA,NA,NA,296.000,NA,NA,NA,NA,NA,NA,304.000,NA,NA,NA,NA,NA,NA,288.000,NA,NA,NA,NA,NA,NA
Propulsion,Force Propulsive Max (kg),179.827,2.293,82.230,1.049,97.597,1.244,15.745,174.015,2.219,80.181,1.022,93.834,1.197,14.550,182.358,2.325,80.497,1.026,101.861,1.299,20.974,183.107,2.335,86.012,1.097,97.095,1.238,11.414
Propulsion,Force Propulsive Moy (kg),155.494,1.983,72.704,0.927,82.790,1.056,12.183,155.284,1.980,72.613,0.926,82.671,1.054,12.166,153.891,1.962,70.252,0.896,83.640,1.067,16.006,157.308,2.006,75.248,0.960,82.060,1.046,8.302
Propulsion,Puissance Propulsive Max (W),4185.176,53.367,2000.643,25.511,2184.532,27.856,8.418,4171.813,53.197,1940.739,24.747,2231.074,28.449,13.013,4184.868,53.363,2013.730,25.678,2171.138,27.685,7.250,4198.846,53.541,2047.460,26.108,2151.386,27.433,4.831
Propulsion,Puissance Propulsive Moy (W),2323.077,29.623,1095.507,13.969,1227.570,15.653,10.758,2282.566,29.106,1073.360,13.687,1209.206,15.419,11.234,2302.039,29.354,1063.257,13.558,1238.783,15.796,14.169,2384.624,30.407,1149.904,14.663,1234.720,15.744,6.869
Propulsion,RPD Moyen(W/s),17847.333,227.580,8510.847,108.526,9336.486,119.054,8.843,17960.210,229.019,8290.695,105.719,9669.515,123.301,14.259,17287.267,220.438,8313.698,106.012,8973.568,114.426,7.353,18294.523,233.282,8928.149,113.847,9366.374,119.435,4.679
Propulsion,RPD 0-50ms (W/s),21063.208,268.587,9728.580,124.054,11334.628,144.533,14.169,19660.774,250.704,9207.685,117.412,10453.089,133.292,11.914,21251.537,270.988,9461.109,120.643,11790.427,150.345,19.756,22277.313,284.068,10516.945,134.107,11760.368,149.962,10.573
Propulsion,RPD 0-100ms (W/s),18177.637,231.792,NA,NA,NA,NA,NA,17674.912,225.381,NA,NA,NA,NA,NA,17381.816,221.644,NA,NA,NA,NA,NA,19476.183,248.350,NA,NA,NA,NA,NA
Propulsion,RPD 0-150ms (W/s),17224.273,219.635,NA,NA,NA,NA,NA,17235.433,219.777,NA,NA,NA,NA,NA,16426.403,209.461,NA,NA,NA,NA,NA,18010.984,229.667,NA,NA,NA,NA,NA
Propulsion,RPD 0-200ms (W/s),17903.228,228.292,NA,NA,NA,NA,NA,18193.101,231.989,NA,NA,NA,NA,NA,16886.218,215.324,NA,NA,NA,NA,NA,18630.366,237.565,NA,NA,NA,NA,NA
Propulsion,Impulsion Propulsive (kg•s),45.627,0.582,21.330,0.272,24.297,0.310,12.210,45.592,0.581,21.318,0.272,24.273,0.310,12.172,46.382,0.591,21.188,0.270,25.194,0.321,15.903,44.907,0.573,21.484,0.274,23.423,0.299,8.278
Propulsion,Impulsion Propulsive Phase 1 (kg•s),24.173,0.308,11.170,0.142,13.004,0.166,14.106,23.970,0.306,11.166,0.142,12.804,0.163,12.793,24.494,0.312,10.974,0.140,13.520,0.172,18.830,24.057,0.307,11.369,0.145,12.688,0.162,10.396
Propulsion,Impulsion Propulsive Phase 2 (kg•s),20.820,0.265,9.867,0.126,10.953,0.140,9.919,20.981,0.268,9.855,0.126,11.126,0.142,11.431,21.267,0.271,9.933,0.127,11.334,0.145,12.364,20.211,0.258,9.813,0.125,10.399,0.133,5.636
Propulsion,Force Propulsive Max Nette (kg) ,101.404,1.293,NA,NA,NA,NA,NA,95.592,1.219,NA,NA,NA,NA,NA,103.935,1.325,NA,NA,NA,NA,NA,104.685,1.335,NA,NA,NA,NA,NA
Propulsion,Force Propulsive Moy Nette (kg) ,77.072,0.983,NA,NA,NA,NA,NA,76.861,0.980,NA,NA,NA,NA,NA,75.469,0.962,NA,NA,NA,NA,NA,78.885,1.006,NA,NA,NA,NA,NA
Propulsion,Impulsion Propulsive Nette (kg•s),22.727,0.290,NA,NA,NA,NA,NA,22.692,0.289,NA,NA,NA,NA,NA,22.855,0.291,NA,NA,NA,NA,NA,22.635,0.289,NA,NA,NA,NA,NA
Propulsion,Vitesse Propulsive Max (m/s),2.865,NA,NA,NA,NA,NA,NA,2.849,NA,NA,NA,NA,NA,NA,2.872,NA,NA,NA,NA,NA,NA,2.875,NA,NA,NA,NA,NA,NA
Vol,Durée (ms),568.000,NA,NA,NA,NA,NA,NA,556.000,NA,NA,NA,NA,NA,NA,576.000,NA,NA,NA,NA,NA,NA,572.000,NA,NA,NA,NA,NA,NA
Vol,Hauteur de Saut + Temps de vol (cm),39.571,NA,NA,NA,NA,NA,NA,37.908,NA,NA,NA,NA,NA,NA,40.684,NA,NA,NA,NA,NA,NA,40.121,NA,NA,NA,NA,NA,NA
Vol,Hauteur du saut en fonction de la vitesse de décollage (cm),38.287,NA,NA,NA,NA,NA,NA,37.682,NA,NA,NA,NA,NA,NA,38.616,NA,NA,NA,NA,NA,NA,38.564,NA,NA,NA,NA,NA,NA
Vol,Vitesse au décollage (m/s),2.741,NA,NA,NA,NA,NA,NA,2.719,NA,NA,NA,NA,NA,NA,2.753,NA,NA,NA,NA,NA,NA,2.751,NA,NA,NA,NA,NA,NA
Atterrissage,Temps de Stabilisation (ms),NA,NA,NA,NA,NA,NA,NA,NA,NA,NA,NA,NA,NA,NA,NA,NA,NA,NA,NA,NA,NA,NA,NA,NA,NA,NA,NA,NA
Atterrissage,Force Max à l'Atterrissage (kg),680.552,8.678,374.530,4.776,306.022,3.902,18.292,624.126,7.959,363.314,4.633,260.812,3.326,28.213,783.786,9.994,425.575,5.427,358.212,4.568,15.829,633.742,8.081,334.700,4.268,299.043,3.813,10.653
Atterrissage,Ratio Pic de force d'atterrissage/poids du corps (kg/kg),0.885,NA,0.487,NA,0.398,NA,18.292,0.811,NA,0.472,NA,0.339,NA,28.213,1.019,NA,0.553,NA,0.466,NA,15.829,0.824,NA,0.435,NA,0.389,NA,10.653
Atterrissage,Force d'Atterrissage Moy (kg),150.436,1.918,73.572,0.938,76.864,0.980,4.283,195.767,2.496,113.325,1.445,82.442,1.051,27.252,162.142,2.068,63.574,0.811,98.567,1.257,35.502,93.399,1.191,43.816,0.559,49.583,0.632,11.632

Données brutes
Essai (1),,,,,Essai (2),,,,,Essai (3),,,,
temps (seconde),Phases,Force (kg),Force G (kg),Force D (kg),temps (seconde),Phases,Force (kg),Force G (kg),Force D (kg),temps (seconde),Phases,Force (kg),Force G (kg),Force D (kg)
0,Phase de Décharge,75.8,36.7,39.1,0,Phase de Décharge,75.8,42.1,33.7,0,Phase de Décharge,75.6,38.5,37.1
0.004,Phase de Décharge,75.4,36.8,38.6,0.004,Phase de Décharge,74.7,41.4,33.3,0.004,Phase de Décharge,74.6,38.1,36.5
0.008,Phase de Décharge,75.3,36.7,38.6,0.008,Phase de Décharge,74.4,41.3,33.1,0.008,Phase de Décharge,74.3,38.0,36.3
0.012,Phase de Décharge,75.1,36.7,38.4,0.012,Phase de Décharge,73.8,41.1,32.7,0.012,Phase de Décharge,73.8,37.9,35.9
0.016,Phase de Décharge,74.8,36.6,38.2,0.016,Phase de Décharge,72.8,40.6,32.1,0.016,Phase de Décharge,72.9,37.8,35.1
0.02,Phase de Décharge,74.3,36.5,37.7,0.02,Phase de Décharge,71.3,39.9,31.4,0.02,Phase de Décharge,71.9,37.7,34.2
0.024,Phase de Décharge,73.6,36.4,37.2,0.024,Phase de Décharge,69.5,39.1,30.3,0.024,Phase de Décharge,70.6,37.4,33.2
0.028,Phase de Décharge,72.8,36.1,36.7,0.028,Phase de Décharge,67.2,38.2,29.0,0.028,Phase de Décharge,69.1,37.0,32.1
0.032,Phase de Décharge,71.9,35.8,36.1,0.032,Phase de Décharge,64.7,37.1,27.6,0.032,Phase de Décharge,67.4,36.5,30.8
0.036,Phase de Décharge,70.8,35.5,35.3,0.036,Phase de Décharge,62.1,35.9,26.2,0.036,Phase de Décharge,65.3,35.8,29.5
0.04,Phase de Décharge,69.3,35.0,34.3,0.04,Phase de Décharge,59.4,34.8,24.6,0.04,Phase de Décharge,62.7,34.9,27.8
0.044,Phase de Décharge,67.7,34.3,33.4,0.044,Phase de Décharge,56.5,33.5,22.9,0.044,Phase de Décharge,59.8,33.7,26.1
0.048,Phase de Décharge,65.8,33.5,32.4,0.048,Phase de Décharge,53.3,31.9,21.4,0.048,Phase de Décharge,56.7,32.1,24.6
0.052,Phase de Décharge,63.7,32.4,31.3,0.052,Phase de Décharge,50.0,30.2,19.8,0.052,Phase de Décharge,53.3,30.3,23.0
0.056,Phase de Décharge,61.3,31.1,30.3,0.056,Phase de Décharge,46.7,28.4,18.3,0.056,Phase de Décharge,49.4,28.4,20.9
0.06,Phase de Décharge,58.8,29.7,29.1,0.06,Phase de Décharge,43.0,26.3,16.8,0.06,Phase de Décharge,45.0,26.1,18.8
0.064,Phase de Décharge,55.7,28.1,27.6,0.064,Phase de Décharge,39.4,24.2,15.2,0.064,Phase de Décharge,40.5,23.8,16.7
0.068,Phase de Décharge,52.0,26.0,26.0,0.068,Phase de Décharge,35.7,22.1,13.5,0.068,Phase de Décharge,36.1,21.7,14.4
0.072,Phase de Décharge,48.1,23.9,24.2,0.072,Phase de Décharge,31.8,19.8,12.0,0.072,Phase de Décharge,31.6,19.4,12.2
0.076,Phase de Décharge,44.2,22.1,22.1,0.076,Phase de Décharge,28.2,17.6,10.6,0.076,Phase de Décharge,27.0,16.6,10.4
0.08,Phase de Décharge,40.1,20.2,20.0,0.08,Phase de Décharge,25.1,15.9,9.2,0.08,Phase de Décharge,22.7,13.9,8.8
0.084,Phase de Décharge,35.7,17.8,17.9,0.084,Phase de Décharge,22.2,14.2,8.0,0.084,Phase de Décharge,19.1,11.6,7.5
0.088,Phase de Décharge,31.2,15.5,15.7,0.088,Phase de Décharge,19.2,12.2,7.0,0.088,Phase de Décharge,15.7,9.2,6.5
0.092,Phase de Décharge,27.2,13.6,13.6,0.092,Phase de Décharge,16.4,10.4,6.0,0.092,Phase de Décharge,12.9,7.2,5.7
0.096,Phase de Décharge,23.7,11.8,11.9,0.096,Phase de Décharge,14.0,9.0,5.0,0.096,Phase de Décharge,10.6,5.6,5.0
0.1,Phase de Décharge,20.4,10.1,10.2,0.1,Phase de Décharge,12.0,7.7,4.3,0.1,Phase de Décharge,8.7,4.2,4.4
0.104,Phase de Décharge,17.3,8.9,8.5,0.104,Phase de Décharge,10.5,6.7,3.8,0.104,Phase de Décharge,7.2,3.3,3.9
0.108,Phase de Décharge,14.8,7.7,7.1,0.108,Phase de Décharge,9.3,6.0,3.3,0.108,Phase de Décharge,6.1,2.8,3.3
0.112,Phase de Décharge,13.0,7.0,6.0,0.112,Phase de Décharge,8.3,5.3,3.0,0.112,Phase de Décharge,5.3,2.5,2.8
0.116,Phase de Décharge,11.6,6.5,5.0,0.116,Phase de Décharge,7.4,4.9,2.5,0.116,Phase de Décharge,4.7,2.3,2.4
0.12,Phase de Décharge,10.4,6.2,4.2,0.12,Phase de Décharge,6.5,4.6,1.9,0.12,Phase de Décharge,4.2,2.2,2.1
0.124,Phase de Décharge,9.4,5.9,3.5,0.124,Phase de Décharge,5.9,4.6,1.3,0.124,Phase de Décharge,3.9,2.1,1.8
0.128,Phase de Décharge,8.7,5.7,2.9,0.128,Phase de Décharge,5.7,4.7,1.0,0.128,Phase de Décharge,3.8,2.2,1.6
0.132,Phase de Décharge,8.4,5.8,2.6,0.132,Phase de Décharge,5.7,4.9,0.7,0.132,Phase de Décharge,3.7,2.3,1.4
0.136,Phase de Décharge,8.5,6.0,2.5,0.136,Phase de Décharge,5.8,5.3,0.5,0.136,Phase de Décharge,3.5,2.3,1.2
0.14,Phase de Décharge,8.7,6.3,2.5,0.14,Phase de Décharge,5.9,5.7,0.3,0.14,Phase de Décharge,3.3,2.3,1.0
0.144,Phase de Décharge,9.0,6.6,2.4,0.144,Phase de Décharge,6.1,6.0,0.1,0.144,Phase de Décharge,3.1,2.3,0.7
0.148,Phase de Décharge,9.4,7.1,2.3,0.148,Phase de Décharge,6.3,6.2,0.1,0.148,Phase de Décharge,2.9,2.3,0.5
0.152,Phase de Décharge,10.1,7.6,2.5,0.152,Phase de Décharge,6.7,6.6,0.1,0.152,Phase de Décharge,2.6,2.2,0.4
0.156,Phase de Décharge,10.8,8.0,2.8,0.156,Phase de Décharge,7.2,7.0,0.2,0.156,Phase de Décharge,2.5,2.1,0.4
0.16,Phase de Décharge,11.4,8.1,3.2,0.16,Phase de Décharge,7.6,7.3,0.3,0.16,Phase de Décharge,2.6,2.0,0.6
0.164,Phase de Décharge,11.9,8.1,3.8,0.164,Phase de Décharge,8.0,7.7,0.3,0.164,Phase de Décharge,2.8,2.1,0.7
0.168,Phase de Décharge,12.7,8.1,4.6,0.168,Phase de Décharge,8.4,8.1,0.3,0.168,Phase de Décharge,3.1,2.3,0.8
0.172,Phase de Décharge,13.5,8.1,5.5,0.172,Phase de Décharge,9.0,8.7,0.3,0.172,Phase de Décharge,3.6,2.7,0.9
0.176,Phase de Décharge,14.2,8.0,6.2,0.176,Phase de Décharge,9.5,9.2,0.3,0.176,Phase de Décharge,4.5,3.2,1.3
0.18,Phase de Décharge,15.2,7.9,7.3,0.18,Phase de Décharge,10.0,9.7,0.3,0.18,Phase de Décharge,5.7,3.8,1.9
0.184,Phase de Décharge,16.8,7.8,9.0,0.184,Phase de Décharge,10.5,10.2,0.3,0.184,Phase de Décharge,7.2,4.5,2.7
0.188,Phase de Décharge,18.5,7.8,10.7,0.188,Phase de Décharge,11.1,10.8,0.3,0.188,Phase de Décharge,9.0,5.1,3.9
0.192,Phase de Décharge,20.2,7.8,12.3,0.192,Phase de Décharge,11.8,11.4,0.4,0.192,Phase de Décharge,11.0,5.8,5.2
0.196,Phase de Décharge,21.9,7.9,14.0,0.196,Phase de Décharge,12.5,12.0,0.5,0.196,Phase de Décharge,13.4,6.8,6.6
0.2,Phase de Décharge,23.4,8.1,15.3,0.2,Phase de Décharge,13.4,12.6,0.8,0.2,Phase de Décharge,16.3,7.9,8.4
0.204,Phase de Décharge,24.6,8.4,16.1,0.204,Phase de Décharge,14.7,13.2,1.6,0.204,Phase de Décharge,19.5,9.1,10.3
0.208,Phase de Décharge,25.5,8.8,16.7,0.208,Phase de Décharge,16.8,14.0,2.7,0.208,Phase de Décharge,23.0,10.8,12.2
0.212,Phase de Décharge,26.3,9.2,17.1,0.212,Phase de Décharge,19.4,15.0,4.4,0.212,Phase de Décharge,27.2,12.4,14.8
0.216,Phase de Décharge,27.1,9.7,17.5,0.216,Phase de Décharge,22.4,16.2,6.2,0.216,Phase de Décharge,32.3,13.6,18.7
0.22,Phase de Décharge,28.1,10.1,17.9,0.22,Phase de Décharge,25.9,17.8,8.1,0.22,Phase de Décharge,37.1,14.2,22.9
0.224,Phase de Décharge,29.3,10.6,18.7,0.224,Phase de Décharge,29.7,19.3,10.4,0.224,Phase de Décharge,40.9,14.6,26.4
0.228,Phase de Décharge,30.9,11.1,19.8,0.228,Phase de Décharge,33.3,20.8,12.5,0.228,Phase de Décharge,44.0,14.8,29.2
0.232,Phase de Décharge,32.9,11.6,21.2,0.232,Phase de Décharge,36.9,22.5,14.4,0.232,Phase de Décharge,46.1,15.1,31.0
0.236,Phase de Décharge,35.3,12.1,23.2,0.236,Phase de Décharge,40.6,23.9,16.7,0.236,Phase de Décharge,47.5,15.8,31.8
0.24,Phase de Décharge,37.8,12.6,25.2,0.24,Phase de Décharge,44.7,24.8,19.9,0.24,Phase de Décharge,48.7,16.7,32.0
0.244,Phase de Décharge,40.2,13.2,27.1,0.244,Phase de Décharge,48.6,25.6,23.0,0.244,Phase de Décharge,49.9,18.0,32.0
0.248,Phase de Décharge,42.8,13.7,29.1,0.248,Phase de Décharge,52.2,26.7,25.5,0.248,Phase de Décharge,51.7,19.7,32.0
0.252,Phase de Décharge,45.5,14.3,31.2,0.252,Phase de Décharge,55.5,27.9,27.6,0.252,Phase de Décharge,54.0,21.5,32.5
0.256,Phase de Décharge,48.2,15.1,33.1,0.256,Phase de Décharge,58.1,29.1,29.0,0.256,Phase de Décharge,57.2,23.4,33.9
0.26,Phase de Décharge,51.1,15.9,35.2,0.26,Phase de Décharge,60.5,30.7,29.8,0.26,Phase de Décharge,61.4,25.6,35.7
0.264,Phase de Décharge,54.9,16.9,37.9,0.264,Phase de Décharge,62.9,32.5,30.4,0.264,Phase de Décharge,66.1,27.9,38.3
0.268,Phase de Décharge,59.1,18.2,40.9,0.268,Phase de Décharge,65.4,34.2,31.2,0.268,Phase de Décharge,71.3,29.6,41.7
0.272,Phase de Décharge,63.4,19.5,43.9,0.272,Phase de Décharge,68.4,36.3,32.1,0.272,Phase de Décharge,76.7,31.5,45.2
0.276,Phase de Décharge,67.8,20.7,47.1,0.276,Phase de Décharge,71.8,38.2,33.7,0.276,Phase de Freinage,82.3,33.8,48.5
0.28,Phase de Décharge,72.2,22.1,50.0,0.28,Phase de Décharge,75.4,39.5,35.9,0.28,Phase de Freinage,88.2,36.2,52.0
0.284,Phase de Décharge,76.6,24.2,52.4,0.284,Phase de Freinage,79.1,40.8,38.3,0.284,Phase de Freinage,93.5,38.4,55.2
0.288,Phase de Freinage,81.2,26.4,54.7,0.288,Phase de Freinage,83.2,42.3,41.0,0.288,Phase de Freinage,98.4,40.9,57.6
0.292,Phase de Freinage,85.4,28.8,56.6,0.292,Phase de Freinage,88.1,43.8,44.3,0.292,Phase de Freinage,103.0,43.3,59.7
0.296,Phase de Freinage,89.4,31.5,57.9,0.296,Phase de Freinage,92.8,45.4,47.4,0.296,Phase de Freinage,107.5,45.8,61.6
0.3,Phase de Freinage,93.0,34.2,58.8,0.3,Phase de Freinage,97.4,47.1,50.2,0.3,Phase de Freinage,111.9,48.7,63.2
0.304,Phase de Freinage,96.4,36.7,59.7,0.304,Phase de Freinage,102.0,48.8,53.2,0.304,Phase de Freinage,115.7,51.4,64.3
0.308,Phase de Freinage,99.7,39.3,60.5,0.308,Phase de Freinage,106.3,50.4,55.9,0.308,Phase de Freinage,118.9,53.5,65.4
0.312,Phase de Freinage,102.5,41.4,61.1,0.312,Phase de Freinage,110.3,52.2,58.0,0.312,Phase de Freinage,121.8,55.4,66.4
0.316,Phase de Freinage,104.8,42.9,61.9,0.316,Phase de Freinage,114.0,53.9,60.0,0.316,Phase de Freinage,125.0,57.2,67.8
0.32,Phase de Freinage,107.0,44.3,62.7,0.32,Phase de Freinage,117.5,55.3,62.2,0.32,Phase de Freinage,128.3,58.6,69.7
0.324,Phase de Freinage,109.4,45.8,63.5,0.324,Phase de Freinage,120.5,56.5,64.0,0.324,Phase de Freinage,131.2,59.4,71.8
0.328,Phase de Freinage,111.7,47.2,64.5,0.328,Phase de Freinage,123.3,57.8,65.5,0.328,Phase de Freinage,133.9,59.9,73.9
0.332,Phase de Freinage,114.0,48.5,65.4,0.332,Phase de Freinage,126.0,59.0,66.9,0.332,Phase de Freinage,136.4,60.3,76.1
0.336,Phase de Freinage,116.0,49.8,66.2,0.336,Phase de Freinage,128.5,60.1,68.4,0.336,Phase de Freinage,138.6,60.7,77.9
0.34,Phase de Freinage,117.7,50.8,66.9,0.34,Phase de Freinage,131.0,61.0,69.9,0.34,Phase de Freinage,140.5,61.3,79.2
0.344,Phase de Freinage,119.3,51.5,67.7,0.344,Phase de Freinage,133.5,61.8,71.6,0.344,Phase de Freinage,142.2,62.1,80.1
0.348,Phase de Freinage,120.7,52.1,68.6,0.348,Phase de Freinage,135.8,62.5,73.2,0.348,Phase de Freinage,143.7,62.8,80.9
0.352,Phase de Freinage,121.9,52.5,69.4,0.352,Phase de Freinage,137.9,63.4,74.5,0.352,Phase de Freinage,145.2,63.6,81.5
0.356,Phase de Freinage,122.9,52.6,70.2,0.356,Phase de Freinage,139.9,64.2,75.7,0.356,Phase de Freinage,146.9,64.7,82.1
0.36,Phase de Freinage,123.7,52.8,71.0,0.36,Phase de Freinage,141.8,64.9,76.9,0.36,Phase de Freinage,148.7,66.0,82.7
0.364,Phase de Freinage,124.6,53.1,71.5,0.364,Phase de Freinage,143.5,65.7,77.9,0.364,Phase de Freinage,150.6,67.2,83.4
0.368,Phase de Freinage,125.6,53.5,72.1,0.368,Phase de Freinage,145.2,66.5,78.7,0.368,Phase de Freinage,152.6,68.4,84.2
0.372,Phase de Freinage,126.6,53.9,72.7,0.372,Phase de Freinage,147.1,67.5,79.6,0.372,Phase de Freinage,154.9,69.6,85.3
0.376,Phase de Freinage,128.0,54.6,73.4,0.376,Phase de Freinage,148.9,68.4,80.5,0.376,Phase de Freinage,157.2,70.7,86.5
0.38,Phase de Freinage,129.7,55.3,74.4,0.38,Phase de Freinage,150.9,69.5,81.3,0.38,Phase de Freinage,159.3,71.7,87.6
0.384,Phase de Freinage,131.6,56.2,75.4,0.384,Phase de Freinage,152.8,70.6,82.2,0.384,Phase de Freinage,161.4,72.6,88.8
0.388,Phase de Freinage,133.6,57.3,76.3,0.388,Phase de Freinage,154.6,71.6,83.0,0.388,Phase de Freinage,163.6,73.3,90.3
0.392,Phase de Freinage,136.0,58.6,77.4,0.392,Phase de Freinage,156.5,72.8,83.7,0.392,Phase de Freinage,165.8,74.0,91.8
0.396,Phase de Freinage,138.7,59.7,79.0,0.396,Phase de Freinage,158.0,73.9,84.1,0.396,Phase de Freinage,168.0,74.9,93.1
0.4,Phase de Freinage,141.4,60.9,80.5,0.4,Phase de Freinage,159.3,74.8,84.6,0.4,Phase de Freinage,170.1,75.9,94.2
0.404,Phase de Freinage,144.4,62.3,82.0,0.404,Phase de Freinage,160.6,75.6,85.0,0.404,Phase de Freinage,171.8,76.9,95.0
0.408,Phase de Freinage,147.4,63.6,83.7,0.408,Phase de Freinage,162.0,76.4,85.6,0.408,Phase de Freinage,173.4,77.9,95.4
0.412,Phase de Freinage,150.1,64.8,85.3,0.412,Phase de Freinage,163.7,77.3,86.4,0.412,Phase de Freinage,174.5,78.9,95.6
0.416,Phase de Freinage,152.7,66.0,86.7,0.416,Phase de Freinage,165.1,77.9,87.3,0.416,Phase de Freinage,175.5,79.7,95.7
0.42,Phase de Freinage,155.3,67.2,88.1,0.42,Phase de Freinage,166.5,78.2,88.3,0.42,Phase de Freinage,176.5,80.6,95.9
0.424,Phase de Freinage,157.7,68.3,89.4,0.424,Phase de Freinage,168.3,78.4,89.9,0.424,Phase de Freinage,177.4,81.4,96.0
0.428,Phase de Freinage,159.9,69.4,90.4,0.428,Phase de Freinage,170.1,78.6,91.5,0.428,Phase de Freinage,178.1,82.1,96.0
0.432,Phase de Freinage,161.6,70.4,91.2,0.4319,Phase de Freinage,171.8,78.9,92.9,0.432,Phase de Freinage,178.8,82.8,96.0
0.436,Phase de Freinage,163.1,71.1,92.0,0.4359,Phase de Freinage,173.5,79.2,94.3,0.436,Phase de Freinage,179.6,83.5,96.1
0.44,Phase de Freinage,164.4,71.8,92.6,0.4399,Phase de Freinage,175.4,79.3,96.1,0.44,Phase de Freinage,180.5,84.3,96.2
0.444,Phase de Freinage,165.5,72.4,93.1,0.4439,Phase de Freinage,177.1,79.3,97.7,0.444,Phase de Freinage,181.4,84.9,96.4
0.448,Phase de Freinage,166.5,73.1,93.4,0.4479,Phase de Freinage,178.4,79.3,99.1,0.448,Phase de Freinage,182.1,85.5,96.6
0.452,Phase de Freinage,167.4,73.6,93.7,0.4519,Phase de Freinage,179.7,79.4,100.3,0.452,Phase de Freinage,182.5,85.8,96.7
0.456,Phase de Freinage,168.3,74.2,94.0,0.4559,Phase de Freinage,180.6,79.6,101.0,0.456,Propulsion,182.8,85.9,96.9
0.46,Phase de Freinage,169.1,74.8,94.4,0.4599,Phase de Freinage,181.2,80.0,101.3,0.46,Propulsion,183.0,86.0,97.0
0.464,Phase de Freinage,170.0,75.3,94.6,0.4639,Phase de Freinage,181.6,80.2,101.4,0.464,Propulsion,183.1,86.0,97.1
0.468,Phase de Freinage,170.8,76.0,94.8,0.4679,Phase de Freinage,182.0,80.4,101.6,0.468,Propulsion,183.1,86.0,97.1
0.472,Phase de Freinage,171.6,76.6,95.0,0.472,Propulsion,182.3,80.5,101.8,0.472,Propulsion,183.1,85.9,97.2
0.476,Phase de Freinage,172.1,77.0,95.1,0.476,Propulsion,182.4,80.4,101.9,0.476,Propulsion,182.7,85.7,97.0
0.48,Phase de Freinage,172.3,77.3,95.0,0.48,Propulsion,182.2,80.3,101.9,0.48,Propulsion,182.0,85.5,96.5
0.484,Propulsion,172.5,77.7,94.8,0.484,Propulsion,181.9,80.1,101.8,0.484,Propulsion,181.3,85.3,96.0
0.488,Propulsion,172.8,78.3,94.6,0.488,Propulsion,181.5,80.0,101.4,0.488,Propulsion,180.7,85.1,95.6
0.492,Propulsion,173.1,78.8,94.3,0.492,Propulsion,180.8,79.9,101.0,0.492,Propulsion,180.1,84.9,95.2
0.496,Propulsion,173.5,79.3,94.2,0.496,Propulsion,180.1,79.6,100.5,0.496,Propulsion,179.6,84.7,94.9
0.5,Propulsion,173.8,79.7,94.1,0.5,Propulsion,179.3,79.3,100.0,0.5,Propulsion,179.1,84.5,94.7
0.504,Propulsion,174.0,79.9,94.0,0.504,Propulsion,178.5,79.1,99.5,0.504,Propulsion,178.5,84.2,94.3
0.508,Propulsion,174.0,80.1,93.9,0.508,Propulsion,177.9,78.8,99.1,0.508,Propulsion,177.6,83.8,93.8
0.512,Propulsion,173.8,80.2,93.6,0.512,Propulsion,177.2,78.5,98.7,0.512,Propulsion,176.5,83.4,93.1
0.516,Propulsion,173.2,80.2,93.1,0.516,Propulsion,176.2,78.1,98.1,0.516,Propulsion,175.2,82.9,92.3
0.52,Propulsion,172.7,80.2,92.5,0.52,Propulsion,174.8,77.7,97.1,0.52,Propulsion,173.8,82.4,91.4
0.524,Propulsion,172.2,80.1,92.1,0.524,Propulsion,173.3,77.1,96.2,0.524,Propulsion,172.6,82.0,90.6
0.528,Propulsion,171.9,80.1,91.8,0.528,Propulsion,171.7,76.4,95.3,0.528,Propulsion,171.7,81.6,90.1
0.532,Propulsion,171.5,80.0,91.6,0.532,Propulsion,169.9,75.7,94.2,0.532,Propulsion,170.7,81.0,89.7
0.536,Propulsion,171.1,79.8,91.2,0.536,Propulsion,168.3,75.0,93.2,0.536,Propulsion,169.6,80.3,89.3
0.54,Propulsion,170.4,79.6,90.8,0.54,Propulsion,166.5,74.3,92.2,0.54,Propulsion,168.3,79.6,88.7
0.544,Propulsion,169.6,79.3,90.4,0.544,Propulsion,164.5,73.6,90.9,0.544,Propulsion,167.2,79.1,88.1
0.548,Propulsion,169.0,79.1,89.9,0.548,Propulsion,162.6,73.0,89.6,0.548,Propulsion,166.3,78.8,87.4
0.552,Propulsion,168.3,78.9,89.4,0.552,Propulsion,161.0,72.5,88.5,0.552,Propulsion,165.4,78.5,86.8
0.556,Propulsion,167.4,78.7,88.7,0.556,Propulsion,159.5,71.9,87.5,0.556,Propulsion,164.3,78.0,86.3
0.56,Propulsion,166.4,78.3,88.0,0.56,Propulsion,157.9,71.5,86.5,0.56,Propulsion,163.2,77.5,85.8
0.564,Propulsion,165.4,77.9,87.5,0.564,Propulsion,156.6,71.1,85.5,0.564,Propulsion,162.2,77.0,85.2
0.568,Propulsion,164.4,77.5,86.9,0.568,Propulsion,155.4,70.7,84.7,0.568,Propulsion,161.4,76.5,84.8
0.572,Propulsion,163.6,77.1,86.4,0.572,Propulsion,154.5,70.4,84.1,0.572,Propulsion,160.7,76.2,84.5
0.576,Propulsion,162.7,76.7,86.0,0.576,Propulsion,153.9,70.1,83.7,0.576,Propulsion,160.4,75.9,84.4
0.58,Propulsion,161.8,76.3,85.5,0.58,Propulsion,153.4,69.9,83.6,0.58,Propulsion,160.0,75.7,84.3
0.584,Propulsion,160.9,75.8,85.1,0.584,Propulsion,153.0,69.6,83.4,0.584,Propulsion,159.7,75.6,84.1
0.588,Propulsion,160.1,75.3,84.8,0.588,Propulsion,152.4,69.2,83.2,0.588,Propulsion,159.7,75.7,84.0
0.592,Propulsion,159.3,74.7,84.6,0.592,Propulsion,151.9,68.9,83.0,0.592,Propulsion,159.8,75.8,84.1
0.596,Propulsion,158.7,74.4,84.3,0.596,Propulsion,151.9,68.9,83.0,0.596,Propulsion,159.8,75.7,84.1
0.6,Propulsion,158.5,74.3,84.2,0.6,Propulsion,152.1,69.1,83.0,0.6,Propulsion,159.8,75.7,84.1
0.604,Propulsion,158.4,74.2,84.2,0.604,Propulsion,152.3,69.2,83.1,0.604,Propulsion,160.0,75.9,84.1
0.608,Propulsion,158.3,74.2,84.2,0.608,Propulsion,152.6,69.3,83.3,0.608,Propulsion,160.3,76.1,84.2
0.612,Propulsion,158.3,74.1,84.2,0.612,Propulsion,153.2,69.5,83.7,0.612,Propulsion,160.8,76.5,84.3
0.616,Propulsion,158.5,74.1,84.4,0.616,Propulsion,153.9,69.7,84.2,0.616,Propulsion,161.4,77.0,84.4
0.62,Propulsion,159.1,74.2,84.9,0.62,Propulsion,154.7,70.0,84.8,0.62,Propulsion,162.0,77.5,84.5
0.624,Propulsion,159.6,74.3,85.3,0.624,Propulsion,155.7,70.4,85.4,0.624,Propulsion,162.7,78.0,84.7
0.628,Propulsion,160.0,74.4,85.6,0.628,Propulsion,156.8,70.8,85.9,0.628,Propulsion,163.3,78.5,84.8
0.632,Propulsion,160.5,74.6,85.8,0.632,Propulsion,157.5,71.3,86.2,0.632,Propulsion,164.0,79.0,85.0
0.636,Propulsion,161.0,74.8,86.2,0.636,Propulsion,158.0,71.8,86.2,0.636,Propulsion,164.8,79.7,85.2
0.64,Propulsion,161.6,75.1,86.5,0.64,Propulsion,158.2,72.2,86.1,0.64,Propulsion,165.6,80.3,85.4
0.644,Propulsion,162.4,75.4,87.0,0.644,Propulsion,158.6,72.6,86.0,0.644,Propulsion,166.2,80.7,85.5
0.648,Propulsion,163.5,75.8,87.7,0.648,Propulsion,159.0,73.1,85.9,0.648,Propulsion,166.8,81.2,85.6
0.652,Propulsion,164.5,76.2,88.3,0.652,Propulsion,159.4,73.6,85.8,0.652,Propulsion,167.4,81.6,85.8
0.656,Propulsion,165.4,76.8,88.6,0.656,Propulsion,159.8,74.1,85.7,0.656,Propulsion,168.0,81.9,86.1
0.66,Propulsion,166.2,77.3,88.9,0.66,Propulsion,160.5,74.8,85.7,0.66,Propulsion,168.5,82.2,86.3
0.664,Propulsion,166.9,77.7,89.2,0.664,Propulsion,161.0,75.4,85.6,0.664,Propulsion,168.6,82.2,86.4
0.668,Propulsion,167.6,78.1,89.5,0.668,Propulsion,161.6,76.1,85.5,0.6679,Propulsion,168.4,82.1,86.3
0.6719,Propulsion,168.1,78.4,89.7,0.672,Propulsion,162.2,76.8,85.4,0.6719,Propulsion,167.8,81.8,86.0
0.6759,Propulsion,168.4,78.4,90.0,0.676,Propulsion,162.9,77.6,85.3,0.6759,Propulsion,166.7,81.3,85.5
0.6799,Propulsion,168.7,78.3,90.4,0.68,Propulsion,163.7,78.2,85.4,0.6799,Propulsion,165.3,80.6,84.7
0.6839,Propulsion,169.1,78.4,90.7,0.684,Propulsion,164.5,78.9,85.6,0.6839,Propulsion,163.4,79.7,83.7
0.6879,Propulsion,169.5,78.6,90.8,0.688,Propulsion,165.1,79.3,85.8,0.6879,Propulsion,160.7,78.3,82.4
0.6919,Propulsion,169.6,78.7,90.8,0.692,Propulsion,165.4,79.5,85.9,0.6919,Propulsion,157.2,76.9,80.3
0.6959,Propulsion,169.4,78.6,90.8,0.696,Propulsion,165.7,79.6,86.1,0.6959,Propulsion,152.9,75.0,77.9
0.6999,Propulsion,169.1,78.4,90.7,0.7,Propulsion,165.8,79.8,86.0,0.6999,Propulsion,148.1,72.4,75.7
0.7039,Propulsion,168.7,78.1,90.6,0.704,Propulsion,165.7,79.9,85.9,0.7039,Propulsion,142.3,69.5,72.9
0.7079,Propulsion,168.0,77.6,90.4,0.708,Propulsion,165.2,79.6,85.6,0.708,Propulsion,134.9,66.0,69.0
0.712,Propulsion,166.9,77.0,89.9,0.7119,Propulsion,164.3,79.0,85.3,0.712,Propulsion,126.1,61.4,64.7
0.716,Propulsion,165.5,76.5,89.0,0.7159,Propulsion,162.7,78.2,84.5,0.716,Propulsion,116.4,56.6,59.8
0.72,Propulsion,163.7,75.9,87.8,0.7199,Propulsion,160.5,77.2,83.3,0.72,Propulsion,105.5,52.1,53.4
0.724,Propulsion,161.3,75.0,86.3,0.7239,Propulsion,157.6,75.8,81.8,0.724,Propulsion,92.6,46.2,46.3
0.728,Propulsion,158.1,73.9,84.1,0.7279,Propulsion,153.6,73.5,80.1,0.728,Propulsion,75.7,37.5,38.2
0.732,Propulsion,154.1,72.4,81.7,0.7319,Propulsion,148.5,70.9,77.5,0.732,Propulsion,55.5,27.9,27.6
0.736,Propulsion,148.8,70.1,78.8,0.7359,Propulsion,142.5,67.7,74.7,0.736,Propulsion,34.9,18.0,16.9
0.74,Propulsion,142.2,67.4,74.8,0.7399,Propulsion,134.8,63.4,71.4,0.74,Propulsion,15.9,7.7,8.3
0.744,Propulsion,134.5,64.1,70.4,0.7439,Propulsion,125.6,58.5,67.1,0.744,Vol,1.6,-0.2,1.8
0.748,Propulsion,125.8,59.8,66.0,0.7479,Propulsion,115.5,53.1,62.4,0.748,Vol,-5.7,-3.3,-2.4
0.752,Propulsion,115.7,55.2,60.5,0.752,Propulsion,104.1,46.3,57.8,0.752,Vol,-6.1,-2.5,-3.6
0.756,Propulsion,103.9,51.0,52.9,0.756,Propulsion,90.9,39.0,51.9,0.756,Vol,-1.9,-0.1,-1.9
0.76,Propulsion,90.4,45.7,44.7,0.76,Propulsion,75.7,31.9,43.8,0.76,Vol,3.0,1.9,1.1
0.764,Propulsion,73.5,37.8,35.7,0.764,Propulsion,58.5,23.5,35.0,0.764,Vol,5.1,2.2,2.9
0.768,Propulsion,53.3,29.1,24.3,0.768,Propulsion,38.6,13.1,25.5,0.768,Vol,3.0,0.7,2.3
0.772,Propulsion,32.8,19.9,13.0,0.772,Propulsion,18.3,4.0,14.3,0.772,Vol,-0.4,-0.7,0.3
0.776,Propulsion,13.7,9.7,4.0,0.776,Vol,3.1,-1.2,4.3,0.776,Vol,-1.8,-0.7,-1.1
0.78,Vol,-1.0,1.4,-2.4,0.78,Vol,-4.6,-2.8,-1.8,0.78,Vol,-0.6,0.3,-0.9
0.784,Vol,-7.6,-2.7,-5.0,0.784,Vol,-6.0,-1.8,-4.1,0.784,Vol,1.3,1.1,0.2
0.788,Vol,-6.7,-2.9,-3.8,0.788,Vol,-3.2,0.1,-3.3,0.788,Vol,2.3,0.9,1.3
0.792,Vol,-1.6,-0.9,-0.7,0.792,Vol,0.7,1.5,-0.7,0.792,Vol,1.8,0.3,1.5
0.796,Vol,3.4,1.2,2.2,0.796,Vol,2.9,1.3,1.6,0.796,Vol,0.7,0.0,0.7
0.8,Vol,4.7,1.7,3.0,0.8,Vol,2.5,0.1,2.4,0.8,Vol,0.1,0.2,-0.1
0.804,Vol,2.1,0.6,1.5,0.804,Vol,1.0,-0.4,1.4,0.804,Vol,0.3,0.6,-0.2
0.808,Vol,-1.2,-0.8,-0.4,0.808,Vol,-0.0,0.2,-0.2,0.808,Vol,0.8,0.5,0.3
0.812,Vol,-2.1,-0.9,-1.2,0.812,Vol,-0.0,0.9,-0.9,0.812,Vol,1.1,0.3,0.8
0.816,Vol,-0.4,0.1,-0.4,0.816,Vol,0.5,0.9,-0.4,0.816,Vol,1.0,0.2,0.8
0.82,Vol,1.8,1.0,0.8,0.82,Vol,0.8,0.3,0.5,0.82,Vol,0.7,0.4,0.4
0.824,Vol,2.3,0.9,1.4,0.824,Vol,0.9,-0.2,1.1,0.824,Vol,0.6,0.6,0.0
0.828,Vol,1.1,0.2,0.9,0.828,Vol,0.7,-0.2,0.9,0.828,Vol,0.6,0.5,0.1
0.832,Vol,-0.2,-0.3,0.2,0.832,Vol,0.4,0.1,0.3,0.832,Vol,0.7,0.3,0.4
0.836,Vol,-0.2,-0.1,-0.1,0.836,Vol,0.2,0.2,-0.0,0.836,Vol,0.9,0.2,0.6
0.84,Vol,0.6,0.5,0.0,0.84,Vol,0.2,0.2,0.0,0.84,Vol,0.9,0.3,0.5
0.844,Vol,1.2,0.8,0.4,0.844,Vol,0.5,0.1,0.4,0.844,Vol,0.7,0.4,0.3
0.848,Vol,1.2,0.5,0.7,0.848,Vol,0.9,0.2,0.7,0.848,Vol,0.5,0.4,0.1
0.852,Vol,0.8,0.2,0.6,0.852,Vol,0.9,0.3,0.7,0.852,Vol,0.5,0.3,0.2
0.856,Vol,0.5,0.2,0.3,0.856,Vol,0.7,0.3,0.4,0.856,Vol,0.7,0.3,0.4
0.86,Vol,0.5,0.4,0.1,0.86,Vol,0.4,0.3,0.1,0.86,Vol,0.9,0.4,0.5
0.864,Vol,0.5,0.4,0.2,0.864,Vol,0.3,0.2,0.1,0.864,Vol,0.9,0.4,0.4
0.868,Vol,0.5,0.2,0.4,0.868,Vol,0.4,0.2,0.3,0.868,Vol,0.6,0.4,0.2
0.872,Vol,0.6,0.0,0.5,0.872,Vol,0.7,0.2,0.5,0.872,Vol,0.4,0.3,0.1
0.876,Vol,0.6,0.1,0.5,0.876,Vol,0.7,0.2,0.5,0.876,Vol,0.4,0.2,0.2
0.88,Vol,0.5,0.2,0.3,0.88,Vol,0.5,0.1,0.4,0.88,Vol,0.5,0.1,0.4
0.884,Vol,0.5,0.3,0.2,0.884,Vol,0.3,0.1,0.2,0.884,Vol,0.5,0.1,0.4
0.888,Vol,0.5,0.2,0.3,0.888,Vol,0.3,0.1,0.2,0.888,Vol,0.4,0.2,0.2
0.892,Vol,0.7,0.1,0.6,0.892,Vol,0.5,0.2,0.3,0.892,Vol,0.2,0.1,0.1
0.896,Vol,0.8,0.2,0.6,0.896,Vol,0.6,0.2,0.4,0.896,Vol,0.3,0.1,0.1
0.9,Vol,0.7,0.3,0.5,0.9,Vol,0.5,0.2,0.3,0.9,Vol,0.4,0.2,0.2
0.904,Vol,0.6,0.3,0.3,0.904,Vol,0.3,0.1,0.2,0.904,Vol,0.6,0.3,0.3
0.908,Vol,0.5,0.2,0.3,0.908,Vol,0.4,0.1,0.2,0.908,Vol,0.6,0.4,0.3
0.912,Vol,0.5,0.2,0.3,0.912,Vol,0.6,0.2,0.3,0.912,Vol,0.5,0.3,0.2
0.916,Vol,0.5,0.1,0.4,0.916,Vol,0.6,0.2,0.4,0.916,Vol,0.4,0.2,0.2
0.92,Vol,0.5,0.1,0.4,0.92,Vol,0.5,0.2,0.4,0.92,Vol,0.5,0.3,0.2
0.924,Vol,0.4,0.1,0.3,0.924,Vol,0.4,0.2,0.2,0.924,Vol,0.7,0.4,0.3
0.928,Vol,0.4,0.2,0.2,0.928,Vol,0.4,0.2,0.2,0.928,Vol,0.8,0.4,0.3
0.932,Vol,0.5,0.3,0.2,0.932,Vol,0.5,0.1,0.4,0.932,Vol,0.8,0.4,0.3
0.936,Vol,0.6,0.3,0.3,0.936,Vol,0.5,0.1,0.5,0.936,Vol,0.7,0.4,0.4
0.94,Vol,0.6,0.3,0.4,0.94,Vol,0.5,0.0,0.4,0.94,Vol,0.6,0.2,0.4
0.944,Vol,0.7,0.3,0.4,0.944,Vol,0.4,0.1,0.3,0.944,Vol,0.5,0.1,0.4
0.948,Vol,0.7,0.3,0.4,0.948,Vol,0.3,0.1,0.2,0.9479,Vol,0.6,0.2,0.4
0.9519,Vol,0.7,0.3,0.4,0.952,Vol,0.3,0.1,0.1,0.9519,Vol,0.6,0.3,0.4
0.9559,Vol,0.5,0.1,0.4,0.956,Vol,0.3,0.1,0.2,0.9559,Vol,0.6,0.2,0.4
0.9599,Vol,0.4,0.1,0.3,0.96,Vol,0.5,0.1,0.3,0.9599,Vol,0.5,0.2,0.3
0.9639,Vol,0.4,0.1,0.3,0.964,Vol,0.6,0.2,0.4,0.9639,Vol,0.4,0.1,0.2
0.9679,Vol,0.5,0.2,0.4,0.968,Vol,0.5,0.1,0.4,0.9679,Vol,0.5,0.2,0.2
0.9719,Vol,0.6,0.2,0.4,0.972,Vol,0.3,0.1,0.2,0.9719,Vol,0.7,0.3,0.4
0.9759,Vol,0.6,0.2,0.4,0.976,Vol,0.2,0.1,0.1,0.9759,Vol,0.7,0.2,0.5
0.9799,Vol,0.5,0.2,0.3,0.98,Vol,0.2,0.1,0.1,0.9799,Vol,0.5,0.1,0.4
0.9839,Vol,0.6,0.3,0.3,0.984,Vol,0.3,0.1,0.1,0.9839,Vol,0.4,0.0,0.4
0.9879,Vol,0.5,0.3,0.3,0.988,Vol,0.4,0.1,0.3,0.988,Vol,0.5,0.1,0.4
0.992,Vol,0.5,0.2,0.2,0.992,Vol,0.5,0.1,0.4,0.992,Vol,0.5,0.1,0.4
0.996,Vol,0.4,0.2,0.2,0.996,Vol,0.6,0.1,0.5,0.996,Vol,0.4,0.2,0.2
1,Vol,0.4,0.3,0.2,1,Vol,0.6,0.1,0.5,1,Vol,0.3,0.2,0.1
1.004,Vol,0.5,0.3,0.2,1.004,Vol,0.6,0.1,0.5,1.004,Vol,0.2,0.2,0.1
1.008,Vol,0.5,0.2,0.2,1.008,Vol,0.5,0.2,0.3,1.008,Vol,0.3,0.1,0.2
1.012,Vol,0.5,0.2,0.2,1.012,Vol,0.4,0.2,0.2,1.012,Vol,0.4,0.1,0.3
1.016,Vol,0.5,0.2,0.2,1.016,Vol,0.4,0.2,0.2,1.016,Vol,0.6,0.2,0.4
1.02,Vol,0.5,0.2,0.2,1.02,Vol,0.4,0.1,0.3,1.02,Vol,0.7,0.3,0.5
1.024,Vol,0.4,0.2,0.3,1.024,Vol,0.3,0.1,0.2,1.024,Vol,0.8,0.3,0.4
1.028,Vol,0.3,0.1,0.3,1.028,Vol,0.2,0.1,0.2,1.028,Vol,0.6,0.3,0.3
1.032,Vol,0.3,0.0,0.2,1.032,Vol,0.2,0.1,0.2,1.032,Vol,0.4,0.2,0.1
1.036,Vol,0.4,0.2,0.2,1.036,Vol,0.3,0.1,0.2,1.036,Vol,0.2,0.2,0.0
1.04,Vol,0.6,0.3,0.3,1.04,Vol,0.3,0.1,0.3,1.04,Vol,0.3,0.2,0.1
1.044,Vol,0.7,0.3,0.4,1.044,Vol,0.3,0.0,0.3,1.044,Vol,0.4,0.2,0.2
1.048,Vol,0.6,0.2,0.3,1.048,Vol,0.3,0.1,0.3,1.048,Vol,0.4,0.2,0.2
1.052,Vol,0.4,0.1,0.3,1.052,Vol,0.4,0.1,0.3,1.052,Vol,0.3,0.2,0.2
1.056,Vol,0.3,0.0,0.3,1.056,Vol,0.5,0.1,0.3,1.056,Vol,0.3,0.2,0.1
1.06,Vol,0.4,0.1,0.3,1.06,Vol,0.5,0.2,0.3,1.06,Vol,0.3,0.2,0.1
1.064,Vol,0.4,0.2,0.2,1.064,Vol,0.5,0.2,0.4,1.064,Vol,0.3,0.1,0.2
1.068,Vol,0.3,0.1,0.2,1.068,Vol,0.5,0.1,0.4,1.068,Vol,0.3,0.1,0.1
1.072,Vol,0.2,-0.1,0.3,1.072,Vol,0.4,0.1,0.3,1.072,Vol,0.3,0.2,0.1
1.076,Vol,0.2,-0.1,0.3,1.076,Vol,0.3,0.0,0.3,1.076,Vol,0.4,0.2,0.2
1.08,Vol,0.3,0.0,0.2,1.08,Vol,0.3,0.1,0.3,1.08,Vol,0.4,0.2,0.2
1.084,Vol,0.3,0.2,0.2,1.084,Vol,0.4,0.1,0.3,1.084,Vol,0.4,0.2,0.2
1.088,Vol,0.4,0.2,0.1,1.088,Vol,0.4,0.1,0.3,1.088,Vol,0.4,0.2,0.2
1.092,Vol,0.3,0.2,0.1,1.092,Vol,0.3,0.1,0.2,1.092,Vol,0.5,0.2,0.3
1.096,Vol,0.3,0.2,0.1,1.096,Vol,0.2,0.0,0.2,1.096,Vol,0.6,0.2,0.4
1.1,Vol,0.3,0.1,0.2,1.1,Vol,0.3,0.1,0.2,1.1,Vol,0.5,0.2,0.4
1.104,Vol,0.3,0.1,0.2,1.104,Vol,0.4,0.1,0.3,1.104,Vol,0.5,0.2,0.3
1.108,Vol,0.3,0.1,0.2,1.108,Vol,0.5,0.2,0.4,1.108,Vol,0.5,0.2,0.3
1.112,Vol,0.4,0.2,0.3,1.112,Vol,0.5,0.1,0.3,1.112,Vol,0.5,0.2,0.3
1.116,Vol,0.6,0.3,0.3,1.116,Vol,0.3,0.1,0.3,1.116,Vol,0.5,0.1,0.4
1.12,Vol,0.6,0.3,0.3,1.12,Vol,0.3,0.1,0.2,1.12,Vol,0.5,0.1,0.4
1.124,Vol,0.5,0.2,0.2,1.124,Vol,0.3,0.2,0.1,1.124,Vol,0.4,0.0,0.3
1.128,Vol,0.4,0.2,0.2,1.128,Vol,0.3,0.2,0.1,1.128,Vol,0.4,0.1,0.3
1.132,Vol,0.2,0.1,0.1,1.132,Vol,0.3,0.2,0.1,1.132,Vol,0.4,0.1,0.2
1.136,Vol,0.2,0.0,0.1,1.136,Vol,0.3,0.1,0.2,1.136,Vol,0.4,0.1,0.3
1.14,Vol,0.3,0.0,0.3,1.14,Vol,0.3,0.0,0.3,1.14,Vol,0.4,0.1,0.3
1.144,Vol,0.5,0.1,0.4,1.144,Vol,0.3,-0.0,0.3,1.144,Vol,0.4,0.1,0.3
1.148,Vol,0.6,0.1,0.5,1.148,Vol,0.3,-0.0,0.3,1.148,Vol,0.4,0.1,0.2
1.152,Vol,0.6,0.2,0.4,1.152,Vol,0.4,0.0,0.3,1.152,Vol,0.5,0.2,0.3
1.156,Vol,0.5,0.2,0.3,1.156,Vol,0.3,0.1,0.2,1.156,Vol,0.7,0.3,0.4
1.16,Vol,0.4,0.2,0.2,1.16,Vol,0.3,0.1,0.1,1.16,Vol,0.8,0.3,0.5
1.164,Vol,0.3,0.1,0.2,1.164,Vol,0.3,0.2,0.2,1.164,Vol,0.7,0.3,0.4
1.168,Vol,0.3,0.1,0.2,1.168,Vol,0.4,0.2,0.2,1.168,Vol,0.5,0.2,0.3
1.172,Vol,0.3,0.0,0.2,1.172,Vol,0.3,0.2,0.1,1.172,Vol,0.5,0.2,0.3
1.176,Vol,0.2,-0.0,0.3,1.176,Vol,0.2,0.1,0.1,1.176,Vol,0.4,0.2,0.3
1.18,Vol,0.2,-0.1,0.2,1.18,Vol,0.1,0.1,0.0,1.18,Vol,0.4,0.1,0.4
1.184,Vol,0.1,-0.1,0.2,1.184,Vol,0.1,0.1,0.0,1.184,Vol,0.4,0.0,0.4
1.188,Vol,-0.0,-0.1,0.1,1.188,Vol,0.2,0.1,0.0,1.188,Vol,0.4,0.0,0.4
1.192,Vol,-0.1,-0.1,0.0,1.192,Vol,0.3,0.1,0.1,1.192,Vol,0.3,0.0,0.3
1.196,Vol,0.1,-0.0,0.1,1.196,Vol,0.4,0.1,0.3,1.196,Vol,0.3,0.0,0.2
1.2,Vol,0.3,0.1,0.2,1.2,Vol,0.5,0.1,0.3,1.2,Vol,0.3,0.1,0.3
1.204,Vol,0.4,0.2,0.2,1.204,Vol,0.4,0.1,0.3,1.204,Vol,0.3,0.1,0.2
1.208,Vol,0.3,0.1,0.2,1.208,Vol,0.3,0.1,0.2,1.208,Vol,0.3,0.2,0.2
1.212,Vol,0.2,0.1,0.2,1.212,Vol,0.2,0.0,0.2,1.212,Vol,0.4,0.2,0.2
1.216,Vol,0.3,0.1,0.2,1.216,Vol,0.3,0.0,0.3,1.216,Vol,0.5,0.2,0.3
1.22,Vol,0.3,0.1,0.2,1.22,Vol,0.3,0.0,0.3,1.22,Vol,0.4,0.1,0.3
1.224,Vol,0.2,0.1,0.1,1.224,Vol,0.3,0.1,0.2,1.224,Vol,0.3,0.1,0.2
1.228,Vol,0.2,0.0,0.2,1.228,Vol,0.3,0.1,0.2,1.228,Vol,0.2,0.0,0.1
1.232,Vol,0.2,-0.0,0.2,1.232,Vol,0.2,0.0,0.2,1.232,Vol,0.1,0.0,0.1
1.236,Vol,0.2,0.0,0.2,1.236,Vol,0.2,0.0,0.2,1.236,Vol,0.1,0.0,0.1
1.24,Vol,0.2,0.0,0.2,1.24,Vol,0.2,0.0,0.2,1.24,Vol,0.2,0.0,0.1
1.244,Vol,0.1,-0.0,0.1,1.244,Vol,0.2,0.0,0.2,1.244,Vol,0.2,0.1,0.1
1.248,Vol,0.1,-0.0,0.1,1.248,Vol,0.3,0.0,0.3,1.248,Vol,0.3,0.1,0.2
1.252,Vol,0.2,0.0,0.1,1.252,Vol,0.4,0.1,0.4,1.252,Vol,0.4,0.2,0.2
1.256,Vol,0.3,0.1,0.1,1.256,Vol,0.5,0.1,0.4,1.256,Vol,0.6,0.3,0.3
1.26,Vol,0.4,0.2,0.2,1.26,Vol,0.5,0.1,0.4,1.26,Vol,0.6,0.3,0.3
1.264,Vol,0.5,0.3,0.2,1.264,Vol,0.5,0.1,0.4,1.264,Vol,0.5,0.2,0.3
1.268,Vol,0.5,0.2,0.3,1.268,Vol,0.4,0.1,0.3,1.268,Vol,0.3,0.1,0.3
1.272,Vol,0.5,0.2,0.4,1.272,Vol,0.2,0.0,0.2,1.272,Vol,0.3,0.0,0.3
1.276,Vol,0.5,0.2,0.3,1.276,Vol,0.2,0.0,0.1,1.276,Vol,0.3,-0.0,0.3
1.28,Vol,0.4,0.2,0.2,1.28,Vol,0.2,0.1,0.2,1.28,Vol,0.2,-0.0,0.3
1.284,Vol,0.2,0.1,0.1,1.284,Vol,0.3,0.1,0.2,1.284,Vol,0.2,0.1,0.2
1.288,Vol,0.1,0.0,0.1,1.288,Vol,0.1,-0.1,0.2,1.288,Vol,0.3,0.2,0.1
1.292,Vol,0.2,0.0,0.2,1.292,Vol,-0.0,-0.2,0.2,1.292,Vol,0.3,0.2,0.1
1.296,Vol,0.4,0.1,0.3,1.296,Vol,-0.1,-0.2,0.1,1.296,Vol,0.3,0.1,0.2
1.3,Vol,0.5,0.1,0.3,1.3,Vol,-0.0,-0.1,0.1,1.3,Vol,0.3,0.1,0.2
1.304,Vol,0.4,0.1,0.3,1.304,Vol,0.2,0.1,0.1,1.304,Vol,0.3,0.1,0.2
1.308,Vol,0.4,0.1,0.4,1.308,Vol,0.4,0.2,0.2,1.308,Vol,0.4,0.2,0.2
1.312,Vol,0.4,0.1,0.3,1.312,Vol,0.4,0.1,0.2,1.312,Vol,0.5,0.2,0.2
1.316,Vol,0.4,0.1,0.3,1.316,Vol,0.2,0.1,0.2,1.316,Atterrissage,1.7,0.8,0.9
1.32,Vol,0.4,0.1,0.3,1.32,Vol,0.2,0.1,0.1,1.32,Atterrissage,9.6,4.4,5.1
1.324,Vol,0.3,0.1,0.3,1.324,Vol,0.3,0.1,0.1,1.324,Atterrissage,39.6,22.0,17.6
1.328,Vol,0.3,0.1,0.2,1.328,Vol,0.4,0.2,0.2,1.328,Atterrissage,106.8,60.3,46.5
1.332,Vol,0.3,0.1,0.2,1.332,Vol,0.5,0.2,0.3,1.332,Atterrissage,188.8,102.6,86.1
1.336,Atterrissage,0.9,0.4,0.5,1.336,Vol,0.4,0.1,0.2,1.336,Atterrissage,226.5,119.8,106.7
1.34,Atterrissage,6.3,3.4,3.0,1.34,Vol,0.4,0.1,0.2,1.34,Atterrissage,193.3,100.5,92.9
1.344,Atterrissage,32.7,20.8,11.9,1.344,Vol,0.4,0.1,0.3,1.344,Atterrissage,137.0,69.0,68.0
1.348,Atterrissage,94.1,62.1,32.0,1.348,Vol,0.4,0.1,0.3,1.348,Atterrissage,125.5,61.7,63.8
1.352,Atterrissage,175.2,109.1,66.1,1.352,Atterrissage,0.6,0.1,0.5,1.352,Atterrissage,170.2,87.0,83.2
1.356,Atterrissage,226.6,124.1,102.5,1.356,Atterrissage,9.3,0.8,8.5,1.356,Atterrissage,232.4,121.5,110.8
1.36,Atterrissage,209.5,93.3,116.2,1.36,Atterrissage,47.6,12.4,35.2,1.36,Atterrissage,294.8,150.8,144.0
1.364,Atterrissage,156.0,53.5,102.5,1.364,Atterrissage,117.5,45.1,72.5,1.364,Atterrissage,386.7,195.9,190.8
1.368,Atterrissage,130.8,45.8,85.0,1.368,Atterrissage,172.2,82.0,90.2,1.368,Atterrissage,515.1,267.2,247.9
1.372,Atterrissage,160.2,75.2,85.0,1.372,Atterrissage,172.2,93.3,78.8,1.372,Atterrissage,616.9,326.0,290.9
1.376,Atterrissage,225.3,121.1,104.1,1.376,Atterrissage,150.8,76.9,73.9,1.376,Atterrissage,633.7,334.7,299.0
1.38,Atterrissage,302.5,165.4,137.1,1.38,Atterrissage,184.5,70.3,114.1,1.38,Atterrissage,583.4,300.9,282.5
1.384,Atterrissage,406.7,225.4,181.3,1.384,Atterrissage,306.4,109.5,196.9,1.384,Atterrissage,516.1,257.6,258.5
1.388,Atterrissage,537.1,307.2,229.9,1.388,Atterrissage,484.0,200.0,284.0,1.388,Atterrissage,446.6,217.5,229.1
1.392,Atterrissage,624.1,363.3,260.8,1.392,Atterrissage,664.9,317.3,347.6,1.392,Atterrissage,370.6,173.9,196.6
1.396,Atterrissage,620.0,362.4,257.6,1.396,Atterrissage,783.8,409.8,374.0,1.396,Atterrissage,294.5,132.7,161.8
1.4,Atterrissage,559.7,326.0,233.7,1.4,Atterrissage,779.1,425.6,353.5,1.4,Atterrissage,226.2,101.3,125.0
1.404,Atterrissage,494.9,287.2,207.8,1.404,Atterrissage,656.7,355.5,301.2,1.404,Atterrissage,173.5,77.8,95.7
1.408,Atterrissage,442.8,257.1,185.8,1.408,Atterrissage,489.1,252.6,236.5,1.408,Atterrissage,140.4,61.2,79.2
1.412,Atterrissage,396.7,226.9,169.7,1.412,Atterrissage,338.7,170.4,168.3,1.412,Atterrissage,124.3,53.1,71.2
1.416,Atterrissage,346.4,192.1,154.3,1.416,Atterrissage,223.4,112.3,111.1,1.416,Atterrissage,119.0,51.5,67.5
1.42,Atterrissage,293.9,160.7,133.2,1.42,Atterrissage,136.2,65.2,71.1,1.42,Atterrissage,115.9,50.6,65.3
1.424,Atterrissage,247.8,137.1,110.8,1.424,Atterrissage,77.9,31.8,46.1,1.424,Atterrissage,111.2,48.4,62.8
1.428,Atterrissage,212.4,119.1,93.3,1.428,Atterrissage,55.1,17.3,37.8,1.428,Atterrissage,106.0,45.8,60.2
1.432,Atterrissage,189.7,108.6,81.1,1.4319,Atterrissage,58.9,17.1,41.9,1.432,Atterrissage,102.5,44.3,58.2
1.436,Atterrissage,178.8,106.3,72.5,1.4359,Atterrissage,71.1,23.4,47.7,1.436,Atterrissage,101.5,44.4,57.1
1.44,Atterrissage,177.2,109.3,67.9,1.4399,Atterrissage,76.4,28.5,48.0,1.44,Atterrissage,102.5,45.4,57.1
1.444,Atterrissage,181.8,114.4,67.4,1.4439,Atterrissage,72.3,28.1,44.2,1.444,Atterrissage,105.4,47.3,58.1
1.448,Atterrissage,189.3,120.1,69.3,1.4479,Atterrissage,68.8,25.2,43.6,1.448,Atterrissage,109.7,49.7,60.1
1.452,Atterrissage,197.8,126.8,70.9,1.4519,Atterrissage,75.0,25.0,50.0,1.452,Atterrissage,114.1,51.9,62.2
1.456,Atterrissage,205.8,134.4,71.4,1.4559,Atterrissage,93.9,34.9,59.0,1.456,Atterrissage,117.5,53.8,63.7
1.46,Atterrissage,211.0,139.9,71.1,1.4599,Atterrissage,128.4,59.9,68.6,1.46,Atterrissage,120.5,55.8,64.7
1.464,Atterrissage,211.8,140.9,70.8,1.4639,Atterrissage,172.6,90.0,82.6,1.464,Atterrissage,123.6,57.8,65.8
1.468,Atterrissage,208.5,137.9,70.6,1.4679,Atterrissage,210.6,108.6,101.9,1.468,Atterrissage,127.1,59.6,67.5
1.472,Atterrissage,203.1,132.6,70.6,1.472,Atterrissage,234.7,110.3,124.4,1.472,Atterrissage,130.3,61.2,69.1
1.476,Atterrissage,195.8,125.4,70.4,1.476,Atterrissage,250.2,105.1,145.0,1.476,Atterrissage,132.3,62.0,70.3
1.48,Atterrissage,185.6,115.8,69.8,1.48,Atterrissage,259.2,102.7,156.4,1.48,Atterrissage,133.0,62.0,70.9
1.484,Atterrissage,172.7,105.4,67.2,1.484,Atterrissage,259.7,101.1,158.6,1.484,Atterrissage,132.3,61.3,71.0
1.488,Atterrissage,157.4,95.8,61.6,1.488,Atterrissage,252.0,96.1,155.9,1.488,Atterrissage,130.2,60.0,70.2
1.492,Atterrissage,139.0,84.7,54.3,1.492,Atterrissage,237.5,88.3,149.2,1.492,Atterrissage,126.7,58.4,68.3
1.496,Atterrissage,116.4,70.9,45.5,1.496,Atterrissage,216.7,77.6,139.0,1.496,Atterrissage,122.5,56.4,66.1
1.5,Atterrissage,93.0,57.6,35.3,1.5,Atterrissage,190.0,63.7,126.3,1.5,Atterrissage,117.7,53.9,63.9
1.504,Atterrissage,72.6,45.9,26.7,1.504,Atterrissage,163.3,50.4,112.9,1.504,Atterrissage,112.6,51.3,61.3
1.508,Atterrissage,55.6,34.2,21.4,1.508,Atterrissage,144.3,41.3,103.1,1.508,Atterrissage,106.9,48.9,58.0
1.512,Atterrissage,42.4,24.4,18.0,1.512,Atterrissage,134.7,36.1,98.6,1.512,Atterrissage,101.0,46.2,54.8
1.516,Atterrissage,32.0,17.0,15.0,1.516,Atterrissage,132.7,34.3,98.4,1.516,Atterrissage,95.6,43.8,51.9
1.52,Atterrissage,22.9,10.8,12.1,1.52,Atterrissage,136.2,35.1,101.1,1.52,Atterrissage,91.0,42.1,48.9
1.524,Atterrissage,15.4,6.0,9.4,1.524,Atterrissage,143.0,37.6,105.4,1.524,Atterrissage,86.7,40.5,46.2
1.528,Atterrissage,9.7,3.0,6.7,1.528,Atterrissage,151.1,40.6,110.6,1.528,Atterrissage,82.5,38.5,44.0
1.532,Atterrissage,5.4,1.0,4.3,1.532,Atterrissage,159.1,43.4,115.7,1.532,Atterrissage,78.4,36.5,42.0
1.536,Atterrissage,2.3,-0.4,2.6,1.536,Atterrissage,165.5,45.9,119.6,1.536,Atterrissage,75.0,34.7,40.3
1.54,Atterrissage,0.3,-0.9,1.2,1.54,Atterrissage,169.3,48.0,121.3,1.54,Atterrissage,72.2,33.2,39.1
1.544,,-0.2,-0.5,0.3,1.544,Atterrissage,170.0,49.1,120.9,1.544,Atterrissage,70.1,31.9,38.1
,,,,,1.548,Atterrissage,167.6,48.7,118.8,1.548,Atterrissage,68.4,31.0,37.4
,,,,,1.552,Atterrissage,162.3,47.1,115.2,1.552,Atterrissage,67.2,30.2,37.0
,,,,,1.556,Atterrissage,155.0,44.7,110.2,1.556,Atterrissage,66.3,29.5,36.8
,,,,,1.56,Atterrissage,146.9,41.8,105.1,1.56,Atterrissage,65.8,29.1,36.7
,,,,,1.564,Atterrissage,139.0,38.0,101.0,1.564,Atterrissage,65.8,28.9,36.9
,,,,,1.568,Atterrissage,131.2,34.3,96.9,1.568,Atterrissage,66.1,28.8,37.3
,,,,,1.572,Atterrissage,123.8,31.3,92.5,1.572,Atterrissage,66.6,28.8,37.8
,,,,,1.576,Atterrissage,116.9,28.5,88.4,1.576,Atterrissage,67.3,28.9,38.4
,,,,,1.58,Atterrissage,109.9,25.1,84.8,1.58,Atterrissage,68.3,29.1,39.2
,,,,,1.584,Atterrissage,102.5,21.9,80.6,1.584,Atterrissage,69.9,29.5,40.4
,,,,,1.588,Atterrissage,95.5,19.0,76.5,1.588,Atterrissage,71.7,30.1,41.7
,,,,,1.592,Atterrissage,88.5,16.2,72.4,1.592,Atterrissage,73.6,30.9,42.7
,,,,,1.596,Atterrissage,81.3,13.7,67.6,1.596,Atterrissage,75.5,31.7,43.7
,,,,,1.6,Atterrissage,74.7,11.7,63.1,1.6,Atterrissage,77.5,32.5,45.0
,,,,,1.604,Atterrissage,69.1,9.7,59.5,1.604,Atterrissage,79.4,33.1,46.2
,,,,,1.608,Atterrissage,64.0,7.8,56.2,1.608,Atterrissage,81.2,33.8,47.4
,,,,,1.612,Atterrissage,58.6,6.3,52.3,1.612,Atterrissage,83.0,34.5,48.5
,,,,,1.616,Atterrissage,53.4,5.0,48.4,1.616,Atterrissage,84.4,35.0,49.4
,,,,,1.62,Atterrissage,48.1,3.9,44.1,1.62,Atterrissage,85.5,35.5,50.0
,,,,,1.624,Atterrissage,42.0,3.0,39.0,1.624,Atterrissage,86.2,35.8,50.3
,,,,,1.628,Atterrissage,36.3,2.2,34.0,1.628,Atterrissage,86.6,36.1,50.5
,,,,,1.632,Atterrissage,30.8,1.3,29.5,1.632,Atterrissage,86.9,36.4,50.5
,,,,,1.636,Atterrissage,25.2,0.5,24.7,1.636,Atterrissage,86.7,36.5,50.1
,,,,,1.64,Atterrissage,20.5,-0.0,20.5,1.64,Atterrissage,86.1,36.4,49.7
,,,,,1.644,Atterrissage,17.3,-0.1,17.4,1.644,Atterrissage,85.3,36.1,49.2
,,,,,1.648,Atterrissage,14.6,0.1,14.4,1.648,Atterrissage,84.4,35.8,48.7
,,,,,1.652,Atterrissage,11.3,0.4,10.9,1.652,Atterrissage,83.3,35.4,47.9
,,,,,1.656,Atterrissage,8.1,0.6,7.6,1.656,Atterrissage,81.8,34.7,47.1
,,,,,1.66,,5.2,0.5,4.7,1.66,Atterrissage,80.3,33.9,46.4
,,,,,,,,,,1.664,Atterrissage,78.9,33.2,45.6
,,,,,,,,,,1.6679,Atterrissage,77.8,32.8,45.0
,,,,,,,,,,1.6719,Atterrissage,76.8,32.3,44.6
,,,,,,,,,,1.6759,Atterrissage,75.9,31.8,44.1
,,,,,,,,,,1.6799,Atterrissage,75.0,31.6,43.4
,,,,,,,,,,1.6839,Atterrissage,74.3,31.4,42.9
,,,,,,,,,,1.6879,Atterrissage,73.8,31.2,42.6
,,,,,,,,,,1.6919,Atterrissage,73.6,31.1,42.4
,,,,,,,,,,1.6959,Atterrissage,73.5,31.1,42.4
,,,,,,,,,,1.6999,Atterrissage,73.6,31.1,42.5
,,,,,,,,,,1.7039,Atterrissage,73.9,31.1,42.8
,,,,,,,,,,1.708,Atterrissage,74.5,31.3,43.2
,,,,,,,,,,1.712,Atterrissage,75.4,31.7,43.6
,,,,,,,,,,1.716,Atterrissage,76.4,32.1,44.2
,,,,,,,,,,1.72,Atterrissage,77.5,32.4,45.0
,,,,,,,,,,1.724,Atterrissage,78.5,32.7,45.7
,,,,,,,,,,1.728,Atterrissage,79.3,33.1,46.2
,,,,,,,,,,1.732,Atterrissage,80.3,33.5,46.8
,,,,,,,,,,1.736,Atterrissage,81.2,33.9,47.3
,,,,,,,,,,1.74,Atterrissage,82.0,34.4,47.7
,,,,,,,,,,1.744,Atterrissage,82.7,34.7,48.0
,,,,,,,,,,1.748,Atterrissage,83.2,35.0,48.2
,,,,,,,,,,1.752,Atterrissage,83.5,35.2,48.3
,,,,,,,,,,1.756,Atterrissage,83.5,35.2,48.3
,,,,,,,,,,1.76,Atterrissage,83.3,35.1,48.2
,,,,,,,,,,1.764,Atterrissage,82.9,34.9,48.0
,,,,,,,,,,1.768,Atterrissage,82.5,34.7,47.8
,,,,,,,,,,1.772,Atterrissage,82.0,34.5,47.5
,,,,,,,,,,1.776,Atterrissage,81.5,34.3,47.2
,,,,,,,,,,1.78,Atterrissage,81.0,34.1,46.9
,,,,,,,,,,1.784,Atterrissage,80.6,34.0,46.6
,,,,,,,,,,1.788,Atterrissage,80.2,34.0,46.2
,,,,,,,,,,1.792,Atterrissage,79.9,34.0,45.9
,,,,,,,,,,1.796,Atterrissage,79.4,33.9,45.5
,,,,,,,,,,1.8,Atterrissage,78.9,33.9,45.0
,,,,,,,,,,1.804,Atterrissage,78.5,34.0,44.5
,,,,,,,,,,1.808,Atterrissage,78.4,34.2,44.2
,,,,,,,,,,1.812,Atterrissage,78.7,34.6,44.1
,,,,,,,,,,1.816,Atterrissage,79.1,35.1,44.0
,,,,,,,,,,1.82,Atterrissage,79.7,35.7,44.0
,,,,,,,,,,1.824,Atterrissage,80.3,36.3,44.0
,,,,,,,,,,1.828,Atterrissage,81.0,36.8,44.2
,,,,,,,,,,1.832,Atterrissage,81.8,37.4,44.3
,,,,,,,,,,1.836,Atterrissage,82.3,38.0,44.3
,,,,,,,,,,1.84,Atterrissage,82.7,38.3,44.4
,,,,,,,,,,1.844,Atterrissage,83.2,38.7,44.5
,,,,,,,,,,1.848,Atterrissage,83.7,39.2,44.5
,,,,,,,,,,1.852,Atterrissage,84.1,39.6,44.5
,,,,,,,,,,1.856,Atterrissage,84.2,39.8,44.4
,,,,,,,,,,1.86,Atterrissage,84.1,39.8,44.3
,,,,,,,,,,1.864,Atterrissage,83.9,39.8,44.1
,,,,,,,,,,1.868,Atterrissage,83.5,39.7,43.8
,,,,,,,,,,1.872,Atterrissage,83.0,39.6,43.4
,,,,,,,,,,1.876,Atterrissage,82.5,39.4,43.0
,,,,,,,,,,1.88,Atterrissage,81.9,39.1,42.8
,,,,,,,,,,1.884,Atterrissage,81.3,38.8,42.5
,,,,,,,,,,1.888,Atterrissage,80.8,38.6,42.2
,,,,,,,,,,1.892,Atterrissage,80.5,38.5,41.9
,,,,,,,,,,1.896,Atterrissage,80.2,38.6,41.6
,,,,,,,,,,1.9,Atterrissage,79.9,38.7,41.3
,,,,,,,,,,1.904,Atterrissage,79.6,38.8,40.9
,,,,,,,,,,1.908,Atterrissage,79.4,38.9,40.6
,,,,,,,,,,1.912,Atterrissage,79.4,38.9,40.5
,,,,,,,,,,1.916,Atterrissage,79.3,39.0,40.3
,,,,,,,,,,1.92,Atterrissage,79.3,39.2,40.2
,,,,,,,,,,1.924,Atterrissage,79.5,39.4,40.1
,,,,,,,,,,1.928,Atterrissage,79.8,39.7,40.1
,,,,,,,,,,1.932,Atterrissage,80.1,40.0,40.2
,,,,,,,,,,1.936,Atterrissage,80.4,40.2,40.2
,,,,,,,,,,1.94,Atterrissage,80.7,40.3,40.4
,,,,,,,,,,1.944,Atterrissage,81.1,40.5,40.6
,,,,,,,,,,1.9479,Atterrissage,81.6,40.6,41.0
,,,,,,,,,,1.9519,Atterrissage,82.1,40.8,41.3
,,,,,,,,,,1.9559,Atterrissage,82.5,41.0,41.5
,,,,,,,,,,1.9599,Atterrissage,82.7,41.1,41.6
,,,,,,,,,,1.9639,Atterrissage,82.6,41.1,41.5
,,,,,,,,,,1.9679,Atterrissage,82.3,41.0,41.3
,,,,,,,,,,1.9719,Atterrissage,82.0,40.9,41.0
,,,,,,,,,,1.9759,Atterrissage,81.6,40.9,40.7
,,,,,,,,,,1.9799,Atterrissage,81.2,40.8,40.5
,,,,,,,,,,1.9839,Atterrissage,81.0,40.6,40.4
,,,,,,,,,,1.988,Atterrissage,80.8,40.5,40.3
,,,,,,,,,,1.992,Atterrissage,80.5,40.3,40.2
,,,,,,,,,,1.996,Atterrissage,80.0,40.0,40.0
,,,,,,,,,,2,Atterrissage,79.6,39.8,39.8
,,,,,,,,,,2.004,Atterrissage,79.4,39.7,39.7
,,,,,,,,,,2.008,Atterrissage,79.3,39.6,39.6
,,,,,,,,,,2.012,Atterrissage,79.1,39.6,39.5
,,,,,,,,,,2.016,Atterrissage,78.9,39.5,39.4
,,,,,,,,,,2.02,Atterrissage,78.8,39.5,39.3
,,,,,,,,,,2.024,Atterrissage,78.7,39.6,39.2
,,,,,,,,,,2.028,Atterrissage,78.6,39.6,39.0
,,,,,,,,,,2.032,Atterrissage,78.5,39.5,39.0
,,,,,,,,,,2.036,Atterrissage,78.4,39.4,38.9
,,,,,,,,,,2.04,Atterrissage,78.3,39.4,38.9
,,,,,,,,,,2.044,Atterrissage,78.2,39.3,38.9
,,,,,,,,,,2.048,Atterrissage,78.1,39.2,38.9
,,,,,,,,,,2.052,Atterrissage,77.9,39.1,38.8
,,,,,,,,,,2.056,Atterrissage,77.7,39.1,38.6
,,,,,,,,,,2.06,Atterrissage,77.8,39.1,38.7
,,,,,,,,,,2.064,Atterrissage,78.0,39.1,38.9
,,,,,,,,,,2.068,Atterrissage,78.2,39.2,39.1
,,,,,,,,,,2.072,Atterrissage,78.3,39.2,39.1
,,,,,,,,,,2.076,Atterrissage,78.2,39.1,39.1
,,,,,,,,,,2.08,Atterrissage,78.2,39.1,39.1
,,,,,,,,,,2.084,Atterrissage,78.3,39.0,39.3
,,,,,,,,,,2.088,Atterrissage,78.4,39.0,39.4
,,,,,,,,,,2.092,Atterrissage,78.4,39.1,39.3
,,,,,,,,,,2.096,Atterrissage,78.3,39.1,39.2
,,,,,,,,,,2.1,Atterrissage,78.1,39.0,39.0
,,,,,,,,,,2.104,Atterrissage,77.9,39.0,38.9
,,,,,,,,,,2.108,Atterrissage,77.7,38.9,38.9
,,,,,,,,,,2.112,Atterrissage,77.5,38.7,38.9
,,,,,,,,,,2.116,Atterrissage,77.3,38.4,38.9
,,,,,,,,,,2.12,Atterrissage,77.1,38.2,38.8
,,,,,,,,,,2.124,Atterrissage,76.7,38.0,38.7
,,,,,,,,,,2.128,Atterrissage,76.5,37.9,38.6
,,,,,,,,,,2.132,Atterrissage,76.3,37.7,38.6
,,,,,,,,,,2.136,Atterrissage,76.1,37.5,38.6
,,,,,,,,,,2.14,Atterrissage,75.9,37.3,38.6
,,,,,,,,,,2.144,Atterrissage,75.7,37.2,38.5
,,,,,,,,,,2.148,Atterrissage,75.6,37.1,38.5
,,,,,,,,,,2.152,Atterrissage,75.3,36.8,38.6
,,,,,,,,,,2.156,Atterrissage,75.2,36.5,38.7
,,,,,,,,,,2.16,Atterrissage,75.1,36.2,38.8
,,,,,,,,,,2.164,Atterrissage,75.0,36.1,38.9
,,,,,,,,,,2.168,Atterrissage,74.9,36.0,38.9
,,,,,,,,,,2.172,Atterrissage,74.9,36.0,39.0
,,,,,,,,,,2.176,Atterrissage,74.9,35.9,39.0
,,,,,,,,,,2.18,Atterrissage,75.1,35.8,39.3
,,,,,,,,,,2.184,Atterrissage,75.3,35.8,39.5
,,,,,,,,,,2.188,Atterrissage,75.4,35.8,39.6
,,,,,,,,,,2.192,Atterrissage,75.4,35.9,39.6
,,,,,,,,,,2.196,Atterrissage,75.4,35.8,39.5
,,,,,,,,,,2.2,Atterrissage,75.3,35.8,39.5
,,,,,,,,,,2.204,Atterrissage,75.4,35.8,39.6
,,,,,,,,,,2.208,Atterrissage,75.6,35.9,39.7
,,,,,,,,,,2.212,Atterrissage,75.8,35.8,39.9
,,,,,,,,,,2.216,Atterrissage,75.8,35.6,40.2
,,,,,,,,,,2.22,Atterrissage,75.8,35.4,40.4
,,,,,,,,,,2.224,Atterrissage,75.9,35.3,40.6
,,,,,,,,,,2.228,Atterrissage,76.0,35.2,40.8
,,,,,,,,,,2.232,Atterrissage,76.0,35.0,41.0
,,,,,,,,,,2.236,Atterrissage,76.0,34.9,41.2
,,,,,,,,,,2.24,Atterrissage,76.1,34.8,41.3
,,,,,,,,,,2.244,Atterrissage,76.1,34.7,41.4
,,,,,,,,,,2.248,Atterrissage,76.1,34.6,41.5
,,,,,,,,,,2.252,Atterrissage,76.2,34.5,41.6
,,,,,,,,,,2.256,Atterrissage,76.2,34.5,41.7
,,,,,,,,,,2.26,Atterrissage,76.2,34.4,41.7
,,,,,,,,,,2.264,Atterrissage,76.2,34.4,41.7
,,,,,,,,,,2.268,Atterrissage,76.3,34.5,41.8
,,,,,,,,,,2.272,Atterrissage,76.6,34.7,41.9
,,,,,,,,,,2.276,Atterrissage,77.0,34.9,42.1
,,,,,,,,,,2.28,Atterrissage,77.1,34.8,42.3
,,,,,,,,,,2.284,Atterrissage,76.9,34.6,42.3
,,,,,,,,,,2.288,Atterrissage,76.8,34.5,42.3
,,,,,,,,,,2.292,Atterrissage,76.8,34.4,42.3
,,,,,,,,,,2.296,Atterrissage,76.9,34.4,42.4
,,,,,,,,,,2.3,Atterrissage,76.9,34.4,42.4
,,,,,,,,,,2.304,Atterrissage,76.7,34.3,42.4
,,,,,,,,,,2.308,Atterrissage,76.4,34.1,42.3
,,,,,,,,,,2.312,Atterrissage,76.3,34.0,42.3
,,,,,,,,,,2.316,Atterrissage,76.2,33.9,42.3
,,,,,,,,,,2.32,Atterrissage,76.0,33.7,42.3
,,,,,,,,,,2.324,Atterrissage,75.9,33.6,42.3
,,,,,,,,,,2.328,Atterrissage,75.8,33.5,42.3
,,,,,,,,,,2.332,Atterrissage,75.5,33.4,42.2
,,,,,,,,,,2.336,Atterrissage,75.3,33.1,42.2
,,,,,,,,,,2.34,Atterrissage,75.2,33.0,42.2
,,,,,,,,,,2.344,Atterrissage,75.0,32.9,42.2
,,,,,,,,,,2.348,Atterrissage,74.9,32.8,42.1
,,,,,,,,,,2.352,Atterrissage,74.8,32.8,42.0
,,,,,,,,,,2.356,Atterrissage,74.7,32.8,41.9
,,,,,,,,,,2.36,Atterrissage,74.6,32.7,41.8
,,,,,,,,,,2.364,Atterrissage,74.4,32.7,41.7
,,,,,,,,,,2.368,Atterrissage,74.3,32.7,41.6
,,,,,,,,,,2.372,Atterrissage,74.3,32.6,41.6
,,,,,,,,,,2.376,Atterrissage,74.3,32.6,41.7
,,,,,,,,,,2.38,Atterrissage,74.3,32.6,41.7
,,,,,,,,,,2.384,Atterrissage,74.4,32.6,41.8
,,,,,,,,,,2.388,Atterrissage,74.5,32.6,41.9
,,,,,,,,,,2.392,Atterrissage,74.6,32.6,42.0
,,,,,,,,,,2.396,Atterrissage,74.7,32.7,41.9
,,,,,,,,,,2.4,Atterrissage,74.8,32.8,42.0
,,,,,,,,,,2.404,Atterrissage,75.0,32.9,42.1
,,,,,,,,,,2.408,Atterrissage,75.1,32.9,42.2
,,,,,,,,,,2.412,Atterrissage,75.1,32.9,42.2
,,,,,,,,,,2.416,Atterrissage,75.1,32.9,42.2
,,,,,,,,,,2.42,Atterrissage,75.1,32.9,42.2
,,,,,,,,,,2.424,Atterrissage,75.2,32.9,42.3
,,,,,,,,,,2.428,Atterrissage,75.1,32.9,42.2
,,,,,,,,,,2.432,Atterrissage,74.9,32.8,42.0
,,,,,,,,,,2.436,Atterrissage,74.7,32.8,41.9
,,,,,,,,,,2.44,Atterrissage,74.7,32.8,41.9
,,,,,,,,,,2.444,Atterrissage,74.8,32.9,41.9
,,,,,,,,,,2.448,Atterrissage,74.8,33.0,41.8
,,,,,,,,,,2.452,Atterrissage,74.7,33.0,41.7
,,,,,,,,,,2.456,Atterrissage,74.7,33.1,41.6
,,,,,,,,,,2.46,Atterrissage,74.6,33.1,41.5
,,,,,,,,,,2.464,Atterrissage,74.5,33.1,41.3
,,,,,,,,,,2.468,Atterrissage,74.4,33.3,41.1
,,,,,,,,,,2.472,Atterrissage,74.4,33.4,41.0
,,,,,,,,,,2.476,Atterrissage,74.7,33.6,41.1
,,,,,,,,,,2.48,Atterrissage,75.1,33.8,41.3
,,,,,,,,,,2.484,Atterrissage,75.5,34.0,41.5
,,,,,,,,,,2.488,Atterrissage,75.8,34.3,41.5
,,,,,,,,,,2.492,Atterrissage,76.0,34.4,41.6
,,,,,,,,,,2.496,Atterrissage,76.2,34.5,41.7
,,,,,,,,,,2.5,Atterrissage,76.7,34.8,41.9
,,,,,,,,,,2.504,Atterrissage,77.3,35.1,42.2
,,,,,,,,,,2.508,Atterrissage,77.7,35.3,42.4
,,,,,,,,,,2.512,Atterrissage,78.0,35.5,42.5
,,,,,,,,,,2.516,Atterrissage,78.3,35.7,42.6
,,,,,,,,,,2.52,Atterrissage,78.6,35.9,42.7
,,,,,,,,,,2.524,Atterrissage,79.1,36.1,43.0
,,,,,,,,,,2.528,Atterrissage,79.5,36.3,43.2
,,,,,,,,,,2.532,Atterrissage,79.7,36.4,43.3
,,,,,,,,,,2.536,Atterrissage,79.9,36.7,43.2
,,,,,,,,,,2.54,Atterrissage,80.0,36.9,43.1
,,,,,,,,,,2.544,Atterrissage,80.2,37.0,43.2
,,,,,,,,,,2.548,Atterrissage,80.4,37.1,43.2
,,,,,,,,,,2.552,Atterrissage,80.6,37.3,43.3
,,,,,,,,,,2.556,Atterrissage,80.9,37.5,43.4
,,,,,,,,,,2.56,Atterrissage,81.1,37.6,43.5
,,,,,,,,,,2.564,Atterrissage,81.1,37.6,43.5
,,,,,,,,,,2.568,Atterrissage,81.2,37.6,43.6
,,,,,,,,,,2.572,Atterrissage,81.4,37.7,43.7
,,,,,,,,,,2.576,Atterrissage,81.7,37.8,43.8
,,,,,,,,,,2.58,Atterrissage,81.8,37.9,43.9
,,,,,,,,,,2.584,Atterrissage,81.8,37.9,43.9
,,,,,,,,,,2.588,Atterrissage,81.7,37.8,43.9
,,,,,,,,,,2.592,Atterrissage,81.8,37.9,43.9
,,,,,,,,,,2.596,Atterrissage,81.9,37.9,43.9
,,,,,,,,,,2.6,Atterrissage,81.9,37.9,44.0
,,,,,,,,,,2.604,Atterrissage,81.8,37.9,43.9
,,,,,,,,,,2.608,Atterrissage,81.7,37.9,43.8
,,,,,,,,,,2.612,Atterrissage,81.4,37.8,43.6
,,,,,,,,,,2.616,Atterrissage,81.1,37.6,43.5
,,,,,,,,,,2.62,Atterrissage,80.7,37.3,43.4
,,,,,,,,,,2.624,Atterrissage,80.3,37.1,43.2
,,,,,,,,,,2.628,Atterrissage,79.9,37.0,42.9
,,,,,,,,,,2.632,Atterrissage,79.5,36.9,42.7
,,,,,,,,,,2.636,Atterrissage,79.2,36.7,42.5
,,,,,,,,,,2.64,Atterrissage,78.9,36.7,42.2
,,,,,,,,,,2.644,Atterrissage,78.6,36.6,42.0
,,,,,,,,,,2.648,Atterrissage,78.4,36.5,41.9
,,,,,,,,,,2.652,Atterrissage,78.2,36.6,41.6
,,,,,,,,,,2.656,Atterrissage,78.0,36.6,41.4
,,,,,,,,,,2.66,Atterrissage,77.9,36.6,41.3
,,,,,,,,,,2.664,Atterrissage,77.7,36.5,41.2
,,,,,,,,,,2.6679,Atterrissage,77.5,36.3,41.1
,,,,,,,,,,2.6719,Atterrissage,77.4,36.4,41.1
,,,,,,,,,,2.6759,Atterrissage,77.5,36.5,41.0
,,,,,,,,,,2.6799,Atterrissage,77.6,36.6,40.9
,,,,,,,,,,2.6839,Atterrissage,77.5,36.7,40.9
,,,,,,,,,,2.6879,Atterrissage,77.5,36.7,40.8
,,,,,,,,,,2.6919,Atterrissage,77.4,36.7,40.7
,,,,,,,,,,2.6959,Atterrissage,77.4,36.8,40.6
,,,,,,,,,,2.6999,Atterrissage,77.4,36.8,40.6
,,,,,,,,,,2.7039,Atterrissage,77.4,36.9,40.5
,,,,,,,,,,2.708,Atterrissage,77.5,37.1,40.4
,,,,,,,,,,2.712,Atterrissage,77.7,37.3,40.4
,,,,,,,,,,2.716,Atterrissage,77.7,37.5,40.3
,,,,,,,,,,2.72,Atterrissage,77.7,37.5,40.2
,,,,,,,,,,2.724,Atterrissage,77.8,37.6,40.2
,,,,,,,,,,2.728,Atterrissage,77.9,37.7,40.2
,,,,,,,,,,2.732,Atterrissage,78.0,37.7,40.2
,,,,,,,,,,2.736,Atterrissage,78.0,37.7,40.2
,,,,,,,,,,2.74,Atterrissage,78.0,37.8,40.3
,,,,,,,,,,2.744,Atterrissage,78.2,37.9,40.3
,,,,,,,,,,2.748,Atterrissage,78.4,38.0,40.4
,,,,,,,,,,2.752,Atterrissage,78.6,38.2,40.4
,,,,,,,,,,2.756,Atterrissage,78.8,38.3,40.5
,,,,,,,,,,2.76,Atterrissage,79.0,38.4,40.6
,,,,,,,,,,2.764,Atterrissage,79.1,38.5,40.6
,,,,,,,,,,2.768,Atterrissage,79.3,38.7,40.6
,,,,,,,,,,2.772,Atterrissage,79.5,38.9,40.6
,,,,,,,,,,2.776,Atterrissage,79.6,38.9,40.8
,,,,,,,,,,2.78,Atterrissage,79.8,39.0,40.8
,,,,,,,,,,2.784,Atterrissage,79.9,39.1,40.8
,,,,,,,,,,2.788,Atterrissage,80.0,39.1,40.8
,,,,,,,,,,2.792,Atterrissage,80.1,39.2,40.9
,,,,,,,,,,2.796,Atterrissage,80.1,39.2,40.9
,,,,,,,,,,2.8,Atterrissage,80.1,39.3,40.9
,,,,,,,,,,2.804,Atterrissage,80.1,39.3,40.8
,,,,,,,,,,2.808,Atterrissage,80.1,39.4,40.7
,,,,,,,,,,2.812,Atterrissage,79.9,39.4,40.6
,,,,,,,,,,2.816,Atterrissage,79.8,39.3,40.4
,,,,,,,,,,2.82,Atterrissage,79.7,39.3,40.4
,,,,,,,,,,2.824,Atterrissage,79.6,39.3,40.3
,,,,,,,,,,2.828,,79.6,39.4,40.2

Données brutes du canal

Répétition:,1
,K-Delta Left,,,,,K-Delta Right,,,
temps (seconde),CHANNEL_1,CHANNEL_2,CHANNEL_3,CHANNEL_4,,CHANNEL_1,CHANNEL_2,CHANNEL_3,CHANNEL_4
0,13.577199935913086,9.194000244140625,6.066800117492676,7.818950176239014,,11.002050399780273,11.401049613952637,5.460350036621094,11.256999969482422,
0.004,13.686300277709961,9.262499809265137,5.989699840545654,7.823550224304199,,10.809350013732910,11.316049575805664,5.386750221252441,11.100299835205078,
0.008,13.698881925375467,9.265830029992625,5.955134266097829,7.823114484911224,,10.797217163577473,11.307056825731765,5.376547080332226,11.072866584241899,
0.012,13.717089099618804,9.261786082129124,5.880482417480401,7.804964885527283,,10.775004383301459,11.290682632841589,5.343213669849011,11.032612333723682,
0.016,13.746640944265994,9.273483398551484,5.806876949212212,7.754823570560905,,10.700507794369550,11.240304686754090,5.257622594757843,10.981841396534378,
0.02,13.793056645696170,9.313357179332526,5.746924420083763,7.689360431476025,,10.608898813132427,11.140351553287392,5.112742798876203,10.883795873552854,
0.024,13.862742682484342,9.335158072330238,5.650548611826073,7.582274350946284,,10.542252810277661,11.012516226459544,4.938565336539854,10.699498699845098,
0.028,13.925885415029896,9.308785575640270,5.505357288661571,7.405848001365442,,10.516368579125508,10.896908804710419,4.807240238123438,10.471404307448436,
0.032,13.953706765471047,9.277376528267240,5.352840003516716,7.232780733604902,,10.465837247292303,10.762313424819625,4.682425903955931,10.220527383541759,
0.036,13.913152334943735,9.248020690645507,5.206206264057776,7.103610813296615,,10.317597463009271,10.556512088554953,4.476939706452590,9.933388171471689,
0.04,13.790014171103763,9.178090485856758,5.031173695023435,6.980309498727062,,10.132624472718049,10.336169654114840,4.226950866227219,9.641322026168126,
0.044,13.615750284722891,9.035095393272609,4.815630136146066,6.834749937758840,,9.953059809316642,10.107155458405812,3.985149176778719,9.359005042311253,
0.048,13.402210190994282,8.821016893944051,4.597163612112879,6.661486860379799,,9.753096420785864,9.789175960501170,3.763772433118610,9.061422183379131,
0.052,13.079344290078055,8.534606433780828,4.393787172415625,6.426608675314331,,9.537377578757539,9.451388221373650,3.551577607261443,8.742613750235185,
0.056,12.604074437606956,8.158551341195480,4.192812026529092,6.118311746508893,,9.314093091461674,9.190689709548458,3.326760248704218,8.429009820889702,
0.06,12.080636840460807,7.764896209550246,4.012715589282405,5.813340348019040,,9.006369599537340,8.923581404006283,3.093943465061575,8.090728511729015,
0.064,11.486295945745038,7.340731154359752,3.785060752053139,5.495060495355587,,8.555857246514003,8.546187780873410,2.861618299881890,7.648256552055008,
0.068,10.700851454165676,6.801717685974189,3.440594284389694,5.085871386008817,,8.069429075044981,8.112646056637521,2.639274870179258,7.164358805122585,
0.072,9.840225084969802,6.259271881415877,3.120182852729117,4.644540037875196,,7.563973051430978,7.602914984066707,2.383224313118919,6.685402725236639,
0.076,9.048951482271722,5.810384680001031,2.928148522208224,4.280146364708909,,6.958895935604071,6.943583609148614,2.049986836620612,6.149186851153952,
0.08,8.189014722328981,5.324901944757019,2.736038335350190,3.935646137763132,,6.320402419600166,6.280975039276171,1.745994494241133,5.616232769236589,
0.084,7.147509800165902,4.698365476134169,2.439905540290372,3.509207841321164,,5.650193021599915,5.651278143182879,1.541654863628387,5.079616231621677,
0.088,6.157452995215403,4.084756189184123,2.145517678544288,3.115938993483767,,4.893020548650427,4.964477958766411,1.382917484979643,4.463350688845678,
0.092,5.307705730518431,3.554653677858079,1.936943589511833,2.807623142190250,,4.157584764952868,4.327988619149612,1.248428818808035,3.881177457906141,
0.096,4.483732478625247,3.014508146504245,1.774101760164017,2.492119604922819,,3.538343285602471,3.803953260144112,1.115076881077640,3.430201742381474,
0.1,3.774743335110619,2.530997142497372,1.637417345303959,2.204541708850618,,2.968501705972479,3.270953743378837,0.962775658439692,3.017327732824050,
0.104,3.181549553528773,2.170829228431573,1.495327855524218,2.007510319479939,,2.411329493411464,2.692558347009729,0.823116883210920,2.563102139542688,
0.108,2.629786939109265,1.896572418418145,1.330939844066506,1.887648899491963,,1.969140948079251,2.206521446614402,0.716075343345577,2.174300115929846,
0.112,2.245948600077750,1.696944901971218,1.218925478213169,1.811559510761811,,1.651212364987222,1.852521802137034,0.635254089919279,1.872605555683580,
0.116,2.068286820685450,1.550787341594154,1.184351133061983,1.734716641281246,,1.367889391526493,1.544711789119310,0.577120293097250,1.539726155334129,
0.12,1.942371619414965,1.435883300557731,1.189150701103973,1.628156501773308,,1.115394026204624,1.295161690873091,0.521030851144517,1.226494106986467,
0.124,1.785793056885399,1.380263187404258,1.221446825873639,1.512946085527552,,0.908214476646454,1.108159695647580,0.444677195872911,1.010947275633884,
0.128,1.678813825048997,1.421513772715588,1.237928283111572,1.411430695724176,,0.748193647478777,0.923421355759367,0.383191307445394,0.857971492869937,
0.132,1.711730861403701,1.537136708334158,1.210196958334516,1.335636549478177,,0.657477932069030,0.781280322135287,0.367626543306842,0.771217110351611,
0.136,1.851559195176325,1.651611431930186,1.180928678073839,1.314267262489361,,0.623265352952748,0.753625469412288,0.365767764601371,0.749199078178566,
0.14,2.003134176698272,1.728942660624345,1.175504892690617,1.353086574461167,,0.587086013049997,0.771346650018356,0.389563207344519,0.722361051527442,
0.144,2.151377182439766,1.831907309757578,1.210879398812234,1.417699974523050,,0.522481835640390,0.752012901536776,0.452883349044886,0.664469814125468,
0.148,2.337770145309882,2.001895008671310,1.293489658608520,1.470007852100414,,0.479240262782893,0.746419919610423,0.479409487302281,0.631777063416628,
0.152,2.537533068081617,2.159530938661939,1.387712568040655,1.517651598512006,,0.499003429899554,0.822162739511439,0.464829414296884,0.668751665102007,
0.156,2.695284139069814,2.234167327395006,1.470549084900074,1.572244484924006,,0.575195162044497,0.973041791320008,0.481350210735225,0.765108663837040,
0.16,2.767514863682920,2.243946660672660,1.504844784621799,1.611455130996370,,0.686016986639017,1.119194061958730,0.531332895130063,0.912574372975423,
0.164,2.750903186024382,2.223410600994054,1.485434513876891,1.641503603768595,,0.836238463503315,1.248103345653540,0.607699284988823,1.139973065572263,
0.168,2.731870727203055,2.176454798948493,1.486888466368721,1.667181360051702,,1.044204026208687,1.442464926435286,0.720173587969636,1.421905564075898,
0.172,2.754526784476271,2.124104752927784,1.507946808134664,1.672697146284780,,1.260094878367226,1.695845159955620,0.832460069036400,1.671635787092807,
0.176,2.748466972615358,2.094824937783559,1.486514816210766,1.678330743630230,,1.459525964331840,1.973926023538472,0.912955478654578,1.879216009162057,
0.18,2.652305824064601,2.079272164149905,1.439218402920440,1.713458958256055,,1.784664079159628,2.368224087196577,0.992586332227753,2.171946225962199,
0.184,2.518902999026188,2.038812191454002,1.445269823161934,1.783433923940223,,2.332513972489984,2.924313126048697,1.103084626951415,2.617901096624568,
0.188,2.438518316723505,1.974570100049989,1.532630001271352,1.856516982703914,,2.961276878575254,3.481782622952422,1.207778854154264,3.063014761486457,
0.192,2.406197864746887,1.952003784794707,1.610588151965592,1.876277776852154,,3.603378909179815,3.963552345213630,1.285542198336891,3.474798301904768,
0.196,2.418665280186366,1.981845056701290,1.629098633408531,1.866464469786637,,4.265530219761602,4.402765740053035,1.361156671726741,3.944885518218942,
0.2,2.477828638029386,2.036349925533185,1.669479393188727,1.904616988217425,,4.761388389540633,4.733310641119631,1.442299143706046,4.374440902647655,
0.204,2.537549638992420,2.124696314238821,1.782264791013725,1.987552240099748,,4.985703598368157,4.946957646413137,1.532441018496912,4.677925452594432,
0.208,2.600338224555270,2.230502018384216,1.913956886052578,2.070359672703402,,5.046825719435002,5.106928018541501,1.633739999638240,4.901739679431392,
0.212,2.695290913480364,2.320218496632341,2.030229849118717,2.161581457097290,,5.045250836528153,5.236502008732798,1.741781486487436,5.077123662830212,
0.216,2.823751375148188,2.409951219653244,2.158397163269054,2.279610211723656,,4.997030902837896,5.351195079506655,1.883455630761602,5.218635719532467,
0.22,2.953616719175005,2.519189927826773,2.295259865736064,2.379425187401444,,4.941272224689428,5.481204995493745,2.107601257646926,5.395880590796368,
0.224,3.069753977544117,2.631695390588567,2.432137229361062,2.466467544799434,,4.988715479793844,5.662788175487707,2.389594157609432,5.671809189143215,
0.228,3.182738066615315,2.745654826766758,2.586664331298945,2.598510876498280,,5.187975396361076,5.912607987858647,2.646147201721002,6.022854076266313,
0.232,3.294072938789235,2.858737708940389,2.740888200784724,2.748478339867213,,5.561565220962394,6.295808877388129,2.877905514949902,6.496933178797255,
0.236,3.425913236225222,2.950604724605904,2.862829499600828,2.880743911151306,,6.108560464857900,6.812983054284136,3.154187617962763,7.134752511989435,
0.24,3.574674121534823,3.033064143367821,2.976504357583168,3.029371221415444,,6.680791542024330,7.308944370572923,3.460409442087327,7.759997918783116,
0.244,3.708359441801094,3.138408813146868,3.118081207317887,3.190755223555436,,7.250509394185833,7.764186443055134,3.741350788937452,8.325363312942272,
0.248,3.841614671135483,3.277858762303488,3.254290629716735,3.316691550442453,,7.903241116128100,8.260488617375920,4.010818647549051,8.968619984843913,
0.252,4.004875973107819,3.432070296359587,3.401875711984875,3.461718619119325,,8.545972728018530,8.770273814768213,4.271959265711565,9.643032705535221,
0.256,4.198937980378163,3.587831996724420,3.606401253206148,3.680825407232034,,9.108127648801032,9.269260690967453,4.507071566211469,10.231549209667879,
0.26,4.415241839725116,3.759684483179496,3.820763637088321,3.919180082085247,,9.759243508144142,9.826105135169669,4.773371059524598,10.857567823087583,
0.264,4.694120843584991,3.977471494014252,4.056168375475933,4.175932764052645,,10.647610067476176,10.490131238516165,5.127757332308937,11.684392383784576,
0.268,5.068316839670397,4.251895490322237,4.356740673894059,4.487048179908323,,11.606527307890245,11.172589993431746,5.523502152389734,12.591903562255704,
0.272,5.456913880646027,4.538957718984617,4.678516375961341,4.788571668281745,,12.589267343856273,11.854775539920409,5.929052558715302,13.524772446050674,
0.276,5.830856033391562,4.819037095844512,4.970915327915815,5.037704860816167,,13.682551314682382,12.593096783745091,6.348028858757779,14.522298007350186,
0.28,6.367581626409144,5.169833960826969,5.237692430458649,5.373921624661686,,14.648312430866957,13.286904600149464,6.714885021948379,15.391519312732447,
0.284,7.153812114041088,5.644015582408190,5.510949348208322,5.903535345036792,,15.414803955771891,13.900708752480028,7.030673962220298,16.091066676163546,
0.288,7.993114173421644,6.148255010997285,5.799647176030338,6.474727884448108,,16.134895991508941,14.470986578652719,7.358820925802445,16.774744626833172,
0.292,8.881349742854743,6.670419828118513,6.156265364616335,7.046693581760154,,16.682355298697615,14.895206678480868,7.672345685268939,17.398476126615176,
0.296,9.956226759101433,7.282191074532916,6.596200894798110,7.706349802357634,,16.949382395164363,15.127751289532936,7.945966733552067,17.848304703591204,
0.3,11.031263634655446,7.885380981885465,6.988869637051576,8.327730043953725,,17.081423024772278,15.274533953826740,8.219992802006621,18.211977443645889,
0.304,12.022510366553076,8.448261460071974,7.337768064803272,8.898557027350186,,17.189007640946471,15.396337692768538,8.508889162315683,18.613985214085222,
0.308,12.979651271585322,9.024544233748099,7.726624772997760,9.520655087142554,,17.266067822614261,15.453671737702479,8.777204827891374,18.982666816554108,
0.312,13.735021046871868,9.515391383073007,8.079073935653341,10.071798498357637,,17.311035309791791,15.488002534421128,9.032362619116155,19.288843147372084,
0.316,14.267665085975187,9.866891463239492,8.342978963424848,10.448554819436982,,17.378263497197885,15.575314416653468,9.300388527847840,19.614344882321124,
0.32,14.754121730534592,10.178322043795255,8.597409949339710,10.774027510243235,,17.515150075166510,15.694096502118787,9.523032231867447,19.952995812941246,
0.324,15.244512955510299,10.493603525399962,8.909894729499971,11.164191462782995,,17.707967540988996,15.860217435061097,9.701983130102462,20.269767516362425,
0.328,15.685421496779538,10.770822995681616,9.224900049573852,11.546470335422509,,17.943046902437452,16.086703751530500,9.907729714275115,20.576371795166253,
0.332,16.094433197988863,11.053751594772988,9.507815561509510,11.879653733290095,,18.191087013151076,16.309377881983359,10.067716129715452,20.868207606782263,
0.336,16.493851824421327,11.352678762164611,9.779182378399350,12.199623717385329,,18.412041205511201,16.509803264815350,10.142531074213124,21.089304309720095,
0.34,16.792538939292811,11.549502114782319,10.005066296899617,12.479236302050852,,18.620541300301689,16.748317314740394,10.243077630922519,21.257557915635296,
0.344,16.932262864610884,11.653273961744263,10.212684711524084,12.720058345587759,,18.844344453528208,17.037312476395478,10.401433825969692,21.464432845127320,
0.348,16.967322269509335,11.759777881666899,10.445845880449809,12.922935733747295,,19.070122016235729,17.280338923425859,10.556074747464985,21.689806070515520,
0.352,16.943226722593128,11.848415662421596,10.645816487463884,13.048931931052277,,19.297415326654665,17.476954627656390,10.714346788027679,21.892077387214826,
0.356,16.870889531386553,11.884532700645225,10.772506206132318,13.108153634067786,,19.522258509809788,17.713949854498132,10.918690051582086,22.071502193551506,
0.36,16.795466884441080,11.914303821742989,10.900457858983859,13.161837010839005,,19.692910034270842,17.960735593539027,11.117767286477562,22.199251653312785,
0.364,16.770037475027618,11.986124821104605,11.089293792280925,13.242123616713389,,19.816372641828902,18.164046105745300,11.267231066607486,22.296217426749934,
0.368,16.785803126299495,12.088527047349029,11.256284554524157,13.325934935646107,,19.933796981315286,18.336816086928888,11.408887220483088,22.426235760418045,
0.372,16.839784485165502,12.220922938622875,11.395569414051611,13.432932810392749,,20.039776783113147,18.505993588640813,11.555549683761560,22.609366368878334,
0.376,16.981338610760950,12.380962477544479,11.590364945028638,13.601097325424487,,20.186750595875154,18.710383816040189,11.722560266274790,22.828698865508606,
0.38,17.200232170478760,12.527378802371263,11.779484526166597,13.804843350826179,,20.442512425135067,18.961685283154445,11.933093063630583,23.065018757863868,
0.384,17.502421406833509,12.702795058054228,11.924951951778795,14.051912237313736,,20.748175914263424,19.236551020177195,12.119280546400324,23.284821396678545,
0.388,17.930960970248364,12.963497271242451,12.085665958526253,14.366197976217052,,21.023725374029841,19.521624058273364,12.262147312408388,23.493149273913502,
0.392,18.403124803205763,13.231903229992561,12.268363661013819,14.688125763992270,,21.359307628314749,19.859313735103754,12.448668968194127,23.772721612629319,
0.396,18.821179870773332,13.442294498715443,12.459805355130728,14.973833743222260,,21.842641531922133,20.289600426692868,12.689205864134030,24.142673980636115,
0.4,19.241515976428282,13.699447497952271,12.686990206437969,15.271817505696333,,22.347563912981222,20.743581445252968,12.907187524612961,24.505573917495976,
0.404,19.739602841867395,14.063344823478143,12.935441927636015,15.603414984479153,,22.849574976851088,21.196747541263328,13.119062889375254,24.860561738482392,
0.408,20.251129595310079,14.386434411632333,13.115924089047690,15.894255281669938,,23.416635842330919,21.684569655394458,13.373530069644636,25.250685233778078,
0.412,20.711370820907177,14.640208795943046,13.246741990412378,16.165081851847528,,23.947679159293276,22.151954272106600,13.594312689194590,25.606307711780204,
0.416,21.124645812430323,14.925466919690335,13.424573582551803,16.501523893842531,,24.427166314947144,22.568492312944059,13.761852004541225,25.931208683319966,
0.42,21.504507900620695,15.204959503180305,13.634161162946157,16.824192945177277,,24.934606514881786,22.972305570161044,13.927120727844356,26.284994298025751,
0.424,21.906997399107887,15.451529013545811,13.849411567349279,17.078288972254697,,25.412510655132856,23.338080654048262,14.061824289907493,26.625658323919509,
0.428,22.328758462420389,15.698146763440542,14.059839916881018,17.331535884618489,,25.788126428332816,23.597905557130982,14.156617375449979,26.892146005402193,
0.432,22.687741949491535,15.932237726891524,14.206762420711307,17.573546262214869,,26.108248424621603,23.765614153431819,14.232177999626884,27.111737396253073,
0.436,22.966408298917930,16.124697744827643,14.307686195628431,17.749778462551348,,26.435555579134515,23.920344675958056,14.300979802593950,27.318570537105796,
0.44,23.198760477731977,16.268711722786726,14.425315361710734,17.884601015637685,,26.720613457898484,24.083746007816352,14.342787884108814,27.481195938067756,
0.444,23.425005918206004,16.405025005950392,14.557785732966607,18.037241067327177,,26.925474008405125,24.217429942236514,14.334793203139046,27.601619281673628,
0.448,23.646611337984979,16.562691768352451,14.677596226158439,18.180229778419800,,27.109936664500694,24.297254944131893,14.307029676673665,27.713693674461609,
0.452,23.855852262914265,16.711573690703169,14.780507504219155,18.301810507983124,,27.300401600004204,24.341044039256662,14.272350172703486,27.816381839173097,
0.456,24.075513281817571,16.826302239372275,14.872714370480317,18.459175245170357,,27.491446827457658,24.360514284211831,14.245614399503152,27.940375511267113,
0.46,24.289538137386842,16.937069481419112,14.947987969660979,18.606105703470522,,27.676839084924886,24.339208921034778,14.235273376583930,28.111695920658732,
0.464,24.514165342269997,17.078827787578561,15.035163968544239,18.715207236809761,,27.844486981224740,24.302351484251158,14.203016309620637,28.266899447311779,
0.468,24.782706577714869,17.214592001549416,15.155480845245133,18.855528093258375,,28.006267433497491,24.287995535572840,14.153506738735398,28.393594435340461,
0.472,25.020495935539039,17.292084867583849,15.258519551603101,19.034149887294582,,28.146934331953894,24.263895633091234,14.124100154061606,28.503678549753491,
0.476,25.166343236780612,17.327240439433190,15.280368715915444,19.218377414514606,,28.239887919677603,24.201412532571215,14.075440246577507,28.553689518469497,
0.48,25.295981759356245,17.367157569464499,15.255125820243572,19.381702354053619,,28.273335907559694,24.143277336024688,13.975829059603868,28.582268597707355,
0.484,25.478048673333948,17.444423974527240,15.280858949979400,19.530272090487607,,28.259835029029123,24.065946706501137,13.862114767013139,28.620807783919780,
0.488,25.663188725096518,17.545102531222220,15.350257455030246,19.697514015901319,,28.238941014366468,23.920500474390330,13.767718716602818,28.635611732519827,
0.492,25.803230884943144,17.639601611105064,15.443710347194795,19.882131956100157,,28.204017704481494,23.778922043866395,13.722661964233540,28.632490198503270,
0.496,25.911227409808376,17.714550114177847,15.567260519684348,20.074202041058879,,28.152454894460071,23.670878449726196,13.713920696985964,28.657462634324524,
0.5,26.002527386547477,17.752222438228912,15.679542471735211,20.227436314910520,,28.104290127718205,23.544317044563197,13.699438982393344,28.758324795099220,
0.504,26.085574695424512,17.781381476988912,15.781871694629368,20.284576850317293,,28.011562376911908,23.421403127433116,13.697871662369078,28.895128110317451,
0.508,26.131906802203208,17.829424849662015,15.869335261983323,20.284297712786614,,27.845709551454572,23.338145109683548,13.732545687225116,28.983456020859940,
0.512,26.085704123560660,17.863005443422310,15.914758359093781,20.294102484598984,,27.637601066568045,23.218875835077842,13.757619288664117,28.988387236960680,
0.516,25.994269802789315,17.875439785784764,15.961933401683211,20.321472168419668,,27.405477506533103,23.002799191085128,13.737281542997707,28.924099687132550,
0.52,25.919380952558427,17.864020340044700,16.055884463200982,20.341575397609990,,27.196908035503416,22.770903977245311,13.679707293508280,28.859569433101424,
0.524,25.819787776120027,17.829819261533025,16.154024557117772,20.344793403247238,,27.027615236240003,22.598041289952338,13.627115783404944,28.840525013729184,
0.528,25.688130408394844,17.815985477397366,16.200278768498848,20.350077168211758,,26.876804413369030,22.473951992242341,13.631356070609524,28.830277340741624,
0.532,25.554992499850695,17.822660638911248,16.225858469235554,20.357464337083542,,26.746997126184940,22.347314767534492,13.653292601762534,28.816306923804881,
0.536,25.419383479461171,17.806289946524387,16.267232808623831,20.334487238562794,,26.612074818704055,22.181521528668306,13.638704909678490,28.800917293838140,
0.54,25.263635914190225,17.733953754820330,16.313682798647374,20.276624592248989,,26.437294641387460,22.004849252009322,13.606324758428720,28.755067040081947,
0.544,25.068826542436909,17.632326758788331,16.377830482205237,20.219257776251158,,26.234224184227976,21.845800192349820,13.571264640227314,28.698936134955193,
0.548,24.874359503042140,17.553703912723904,16.475304796957456,20.175619315407403,,26.028744944470564,21.692738594938394,13.531317583045372,28.663704195638442,
0.552,24.727870031407321,17.501200509466958,16.584424875381238,20.111778410935536,,25.758643681358098,21.528609614028138,13.503302097047165,28.598671484371028,
0.556,24.565828598905760,17.482962500459479,16.658909323136886,20.005252110791115,,25.389487576339100,21.339706527412336,13.496929895513958,28.475106845943834,
0.56,24.307505629415346,17.472860725960572,16.692667394470817,19.872470202130476,,25.042814084578964,21.132805038947922,13.503215605097191,28.370933145739514,
0.564,23.987617988622311,17.399727936293992,16.724332451376775,19.762337806388217,,24.750895220873151,20.903192998735779,13.539891131604300,28.311011939466674,
0.568,23.695503027863651,17.296628706648661,16.757183463597759,19.727131421993292,,24.428424635185152,20.653831806478550,13.610317425749459,28.254775261974469,
0.572,23.418797572430702,17.217631103533250,16.807026553141938,19.686226600754907,,24.104000558485698,20.450941704866899,13.685701338025089,28.207831507983869,
0.576,23.124606121259283,17.148647626703532,16.893591232638968,19.529229285975092,,23.787083258835015,20.247776285073407,13.784360394553289,28.194252878381945,
0.58,22.875341742374825,17.080911099977762,16.960446008333530,19.337005566164759,,23.423163096863039,19.978450796124719,13.908822056425185,28.205640106446349,
0.584,22.634072873524971,17.001025815319398,16.987635450392453,19.200987339420006,,23.081192245751488,19.748858448035126,14.022530782533288,28.227822107196570,
0.588,22.321253857460682,16.901323294873649,17.001882350851538,19.072902949003016,,22.804321867713501,19.610125067624065,14.149891956775884,28.248371858543880,
0.592,22.019563196702762,16.799807874064101,17.012629623542683,18.917710483707552,,22.469838777858875,19.481925471542070,14.363051128345951,28.261579570858927,
0.596,21.811781066627503,16.719021245318579,17.068580299535409,18.790000431544684,,22.023297316451533,19.319449256334288,14.666069594024439,28.331784054367187,
0.6,21.624812254454319,16.679363772080603,17.191167392128499,18.760420834635241,,21.577086526427482,19.158711595311431,14.974822361610521,28.494040298233450,
0.604,21.390724702541501,16.668543268412925,17.336690928294743,18.825537789526738,,21.170789434582744,19.015641109255441,15.277642464060053,28.694678023852102,
0.608,21.168181222590810,16.631660160851201,17.460335263616834,18.889844183752981,,20.757990449480900,18.877994754658783,15.619868674725806,28.898320456748106,
0.612,20.986945285802673,16.579632106541379,17.579684895012313,18.910051222858066,,20.374496239660981,18.764256619508494,15.965067188399278,29.109220354872214,
0.616,20.804415744245631,16.589586854249511,17.757867313768877,18.935295518939132,,20.033289431241045,18.666907690039697,16.355694371667852,29.387498876763246,
0.62,20.605784959482193,16.655689953044153,17.955878180203232,18.981004713776635,,19.671538136413226,18.565099040384524,16.870797137734733,29.761423614712463,
0.624,20.393921728169474,16.699932934620023,18.155552246635494,19.043074672601438,,19.292635923194123,18.479716238874310,17.384684483071347,30.125813943308067,
0.628,20.173980020802524,16.699600359849423,18.418537545614342,19.132471295818096,,18.945827622739117,18.410341239957638,17.798788669906749,30.411801215207216,
0.632,19.988290417694557,16.705215733440980,18.698846598979131,19.225292523957346,,18.575089267421951,18.336891539876966,18.218628870002544,30.706396964313900,
0.636,19.850679261445894,16.732047450798945,18.945450085944767,19.285423376901356,,18.142712227998892,18.253951283645250,18.699792918687667,31.073579519468446,
0.64,19.696868405214822,16.771223696837318,19.229836619709246,19.356658495032772,,17.786656183684300,18.155384166507368,19.126737215395877,31.430566002515235,
0.644,19.498946415502232,16.819047155867175,19.595461797547550,19.492991782987673,,17.602812562026191,18.081053192251517,19.494927007617406,31.781352106507669,
0.648,19.305099449202103,16.841846987847489,19.939410120074538,19.672018513921241,,17.535537059418203,18.072130709160774,19.901226933363589,32.190799753584095,
0.652,19.149463184939332,16.870679138220773,20.246014553424747,19.916561766031641,,17.462591818126754,18.074922124760334,20.258136691997709,32.533107547384873,
0.656,19.021257285788909,16.952916723298220,20.606424039020879,20.210772179172444,,17.312242708515281,18.031596900084736,20.508761853518962,32.758286900596929,
0.66,18.913122078530041,17.033449086441749,20.955534259609422,20.424335340422793,,17.137174018798344,17.975394659608909,20.768024540574725,32.987030393885149,
0.664,18.816049272959653,17.076084112251294,21.252503755092512,20.553669911453341,,16.979605488476821,17.958131169558271,21.068064507447172,33.221105516130763,
0.668,18.704605297163479,17.104296338311865,21.572246316748739,20.700688529703516,,16.816542313469764,17.970539495317475,21.334833132209720,33.391254615097019,
0.6719000000059605,18.559313834095445,17.077278548741948,21.879095603522089,20.854691619769277,,16.651971176954866,17.977382399227565,21.559293454696672,33.540457196741748,
0.6759000000059605,18.356598162050169,16.988523697716985,22.098440077277047,20.942294870492809,,16.520435925137463,17.994081543286242,21.787343973538704,33.740966321886162,
0.6799000000059605,18.096806745681370,16.924854313603763,22.315196515028099,20.989179049005877,,16.418231214757171,18.040888417985851,22.020710461012325,33.937296333391210,
0.6839000000059605,17.829701957139477,16.912837027061837,22.618610566551489,21.079477462189875,,16.270168909835029,18.070879479613868,22.286727361474998,34.068147449149933,
0.6879000000059604,17.600655684818033,16.912591905336900,22.914608562951379,21.216590528440900,,16.033192793003167,18.052341831291159,22.596663655206676,34.149670171983871,
0.6919000000059604,17.349834737224789,16.882643127890447,23.155409264122675,21.330133129995975,,15.791228129135911,18.005110345571328,22.855138122291176,34.191020253744092,
0.6959000000059604,17.025156701843265,16.822493680297050,23.383415679857755,21.374320224006034,,15.581163263175677,17.938470097113932,23.050762799975150,34.225028627866422,
0.6999000000059604,16.724975351436761,16.764536080956592,23.549493845334275,21.348718109106315,,15.360779233351629,17.854266216185525,23.234970683006750,34.275762934768302,
0.7039000000059604,16.479807947408169,16.661845807289179,23.634900146533607,21.280114984844658,,15.149299086397559,17.780156630086729,23.372672058775038,34.293647286952478,
0.7079000000059604,16.223769444120666,16.443754776332920,23.694875510076066,21.216451333179737,,14.965376459018152,17.751971202430600,23.437741741551424,34.229675986167045,
0.712,15.946368414206482,16.188864285946980,23.725231858269886,21.166205526740136,,14.735344437481837,17.713855806838399,23.441115482743665,34.019043554258516,
0.716,15.657449957031471,16.019446116515674,23.720282425704269,21.106063468565349,,14.408459285358099,17.573257010777354,23.378977038056224,33.619484258421046,
0.72,15.313162300174355,15.876463921885236,23.719474336695498,20.998722833003104,,14.061346460149784,17.357882433739718,23.229622542922478,33.141521761710251,
0.724,14.877824656330644,15.642771201423175,23.700840463027887,20.814947775181039,,13.679678756836207,17.084731999630765,22.940999488178736,32.559136813445285,
0.728,14.430454538019658,15.340335078703740,23.588101369148433,20.588915874643021,,13.182309546567424,16.715334600612678,22.509275048467721,31.719999308028452,
0.732,13.946419134930366,14.954647351059300,23.273977245636043,20.226472473633660,,12.622710887226251,16.293807845586194,22.018768421449813,30.742933316266509,
0.736,13.325099659988501,14.440677640242324,22.718733335596948,19.595685495634637,,11.951675366770761,15.804792137947992,21.405786617448378,29.589520763341721,
0.74,12.621614620515473,13.892442287851495,22.058787688144257,18.810096922089201,,11.105088514441945,15.163091166719697,20.515870600266776,28.053200190859279,
0.744,11.783491384300838,13.267141606255860,21.230874902854033,17.819462370909562,,10.238064619798017,14.392587861244699,19.430690727512346,26.352086042524235,
0.748,10.756054350589416,12.443184449117926,20.085881745520357,16.487618251580894,,9.435726450900445,13.557464493002094,18.293724256100788,24.715540939871701,
0.752,9.773074094181252,11.555076567408301,18.839137411729563,15.063036085656565,,8.482852167780266,12.482982585521295,16.811216003427145,22.701869564946360,
0.756,8.951227183605788,10.730707885806975,17.603919355788875,13.750214844953017,,7.230445005869777,11.018162862840486,14.709078777731769,19.926052978824558,
0.76,7.949488328421918,9.665162614419145,15.857178576610156,12.182379953297360,,5.940347858072964,9.463357994786344,12.393576444377853,16.925217676154123,
0.764,6.509153205789891,8.060898830889794,13.209089037659993,10.027404453391460,,4.605576027690697,7.752333242796501,9.743676614484377,13.576462222230385,
0.768,4.926993734277426,6.252947944638408,10.213102848604191,7.683409004574885,,3.027775930995391,5.561453141897110,6.383834107736841,9.295164215100971,
0.772,3.318730239799113,4.348410516381284,6.985883073433591,5.215701786763114,,1.561569490110952,3.261732128025468,3.199360239905869,4.943713878581685,
0.776,1.615247393428937,2.234817424090024,3.368697715879567,2.507864598808762,,0.518521602051775,1.089022562858456,0.992140005585953,1.350672450109207,
0.78,0.193770779338948,0.474911684035821,0.412637614613450,0.347494936315673,,-0.087968688052812,-0.852862112870313,-0.271483090307894,-1.225229424853476,
0.784,-0.592734010326782,-0.478966696911578,-0.987727574917851,-0.608827754539912,,-0.196299136854298,-1.892366384513124,-0.692300223547765,-2.197086430925237,
0.788,-0.690107435898249,-0.669849824629668,-1.035148523120834,-0.530315445587434,,0.079420626229340,-1.719057811652038,-0.510950744536209,-1.647644913478522,
0.792,-0.254352325196238,-0.251097178326570,-0.382487649636291,-0.025443942958382,,0.360845657968479,-0.685221282435935,0.018694924182354,-0.393328777299561,
0.796,0.247250520549970,0.350300891411350,0.262839824769485,0.337448272234854,,0.369298740251497,0.500309986865750,0.632295661882401,0.704116791561872,
0.8,0.336483493065580,0.549813867972377,0.416094866332093,0.383596529232987,,0.196424749315804,0.983182082276819,0.859151371105310,0.950611236568600,
0.804,0.031072012253094,0.231336412415344,0.072356635333828,0.227360362391496,,0.073468824014878,0.539535228725170,0.542167279671061,0.382370187064874,
0.808,-0.283693197929465,-0.166073989257267,-0.361121347620996,0.058730415617878,,0.090924431173486,-0.242123012623291,0.055130375440924,-0.304307239614995,
0.812,-0.309749717293679,-0.192794338163385,-0.450767196454043,0.027993800310733,,0.205354524908767,-0.612136073617717,-0.191914391877409,-0.554726112027225,
0.816,-0.088022635147741,0.144971104257964,-0.145331437220174,0.142591291045568,,0.274345278226487,-0.343355090072604,-0.049337941772946,-0.304148774009927,
0.82,0.102756265282866,0.436354556643743,0.176899410701469,0.250627680429196,,0.199371605678586,0.171220288230860,0.320158931692455,0.150541119591430,
0.824,0.082716514816441,0.392075629505113,0.203962390690870,0.225626804693312,,0.078316880302246,0.422209073961037,0.524833366707989,0.351999185577931,
0.828,-0.084939637285644,0.111903963038833,0.010595522042178,0.113494287689212,,0.038132389367981,0.294527115976750,0.411092230999760,0.156978566669919,
0.832,-0.172801557302224,-0.087792183902762,-0.126496223969110,0.052685757359784,,0.089663436490373,0.030392749967875,0.182828568509705,-0.135173106095626,
0.836,-0.072980167312879,-0.039390547189593,-0.073940867610568,0.119290279159439,,0.169043231846160,-0.108399317232344,0.051517403582096,-0.253740199332776,
0.84,0.091672196784747,0.141941634502295,0.068392475571429,0.239492723927319,,0.194746164289926,-0.041458282280776,0.079403146450973,-0.197569345575202,
0.844,0.154580234429026,0.255982049984700,0.124245095351586,0.262934873792613,,0.167490429583742,0.106663039052488,0.194663112442474,-0.060904670061231,
0.848,0.069041861716350,0.223413725451361,0.042217911603162,0.196849956786481,,0.151613188836472,0.175422475227750,0.288485437526193,0.045093305764931,
0.852,-0.054275909618037,0.153315209440346,-0.065265851138135,0.155243667662152,,0.173618199498201,0.115856118110623,0.288553026042977,-0.000728738540446,
0.856,-0.093684126988761,0.174674173666753,-0.078718950480516,0.164471484859296,,0.213049906672659,-0.007151197323125,0.216621364546120,-0.127871423273875,
0.86,-0.060474953110536,0.245154298173477,-0.012794996309311,0.181403435609511,,0.229974154116146,-0.090590781379791,0.160958161522774,-0.169521738486894,
0.864,-0.046067700731754,0.235027280022454,0.020224128501154,0.152862898619851,,0.207567349819563,-0.080960679894638,0.164688044130090,-0.106127103854021,
0.868,-0.081637809479680,0.147084383773025,-0.015631844556793,0.106743936529769,,0.163664554823308,-0.014771279808624,0.232268934774705,0.000719371011956,
0.872,-0.108587735938357,0.110867167630328,-0.081470672509609,0.109462970711060,,0.129809521371019,0.030657129337135,0.293798024129126,0.090208696303328,
0.876,-0.093141327265427,0.166800630084414,-0.112192718119569,0.144319527662858,,0.139842656601927,0.008221335882993,0.250058697147040,0.095929055723738,
0.88,-0.065676603766045,0.219251780584678,-0.067849697114901,0.163352437923272,,0.186566963799322,-0.060091184204537,0.164117173454006,0.003481884261805,
0.884,-0.059220056899763,0.204300570533145,-0.010138147114873,0.139653773962787,,0.232129355295465,-0.087718932091644,0.149202895879877,-0.095005743677717,
0.888,-0.063029587334288,0.156328053434784,0.009395061494031,0.075366333549309,,0.251546345832039,-0.028925453257963,0.212996519515632,-0.087169281901083,
0.892,-0.040584515285498,0.124637430270099,0.008097078361585,0.038324607432396,,0.227826394753619,0.043597873358564,0.287984105631442,0.019924866952972,
0.896,-0.005844438292777,0.114797956776941,0.007929006133341,0.075207490491678,,0.178851080070274,0.068428277974178,0.284785424615974,0.098719365000136,
0.9,-0.008244982513590,0.118670644642202,-0.001197426207027,0.145524323349218,,0.154840177985339,0.065480512575010,0.195015821133390,0.079823825947838,
0.904,-0.043218962445637,0.128459138503654,-0.023993359084095,0.201729917413550,,0.157590465311964,0.064076897139077,0.110467797688821,0.017597465731070,
0.908,-0.074528558973515,0.128027831593185,-0.045438222237351,0.214427491587963,,0.159244580206794,0.070992577831767,0.101894235505323,-0.040957622334473,
0.912,-0.084334637772281,0.115774867927344,-0.074158037685195,0.195835371213375,,0.159418981609842,0.066530804794487,0.151160748185356,-0.050266487755953,
0.916,-0.087136542053833,0.106235001398498,-0.083459563289460,0.179520350681211,,0.160490838090019,0.052560013831907,0.209646366213401,-0.010476450517220,
0.92,-0.118441226081083,0.109940839049687,-0.051517663748251,0.173479571102336,,0.152426611407454,0.050510131511183,0.231277186057877,-0.014003207030415,
0.924,-0.141351493552375,0.130817561969920,-0.033151495933925,0.183316135771734,,0.127218588885478,0.054693791677234,0.205488838728509,-0.082310084873283,
0.928,-0.094933480631624,0.166383898229792,-0.045649868354380,0.199152894780889,,0.102532659412866,0.052583618660020,0.175436020721837,-0.145334149628479,
0.932,-0.012335461173446,0.183647103305970,-0.064021728131229,0.196618992375835,,0.099471870227668,0.040378631341467,0.169091886695971,-0.129726611797325,
0.936,0.040505134520880,0.171432572748199,-0.084864362516544,0.165747875024450,,0.126117989145026,0.021371053086452,0.179062231673123,-0.050774765917118,
0.94,0.049504057610067,0.172710398046117,-0.090234277440974,0.126765128030747,,0.179411554637052,0.010987752683616,0.191931387441735,-0.009957826363611,
0.944,0.032697030004648,0.192490379756352,-0.045981467172731,0.115839375705157,,0.215162395230266,0.019895310245861,0.197613752942357,-0.034576763016177,
0.948,-0.003160040542665,0.197026467781121,0.008989773214672,0.135156849296902,,0.211572360343493,0.026853455900221,0.209799215566540,-0.066208090447154,
0.9519000000059604,-0.051691664636505,0.189414699259920,-0.006789248065279,0.148643735393141,,0.192507981277863,0.032702612347004,0.230529320409170,-0.079135741453355,
0.9559000000059604,-0.088065767119963,0.182325905351298,-0.076000492597547,0.128625309557355,,0.163950236305496,0.078435589162937,0.222456249906081,-0.089428351110824,
0.9599000000059604,-0.091174602921999,0.170686076433234,-0.129062450849638,0.117271269231422,,0.118651075263526,0.141224827333608,0.177931599428808,-0.097403217011501,
0.9639000000059604,-0.079351782770498,0.159927064346777,-0.122449823942708,0.147510957810855,,0.096779669207139,0.139710159277618,0.154539591873356,-0.081256760189141,
0.9679000000059604,-0.087851721286649,0.141744542621285,-0.058776461657567,0.166084214677064,,0.151377318408003,0.067831648200575,0.190592640953420,-0.043295413491761,
0.9719000000059604,-0.089801887769853,0.113840082582927,0.007178609431616,0.151653228937288,,0.216175041958685,0.009140299079011,0.230944212593168,-0.049125121795489,
0.9759000000059604,-0.068167758733035,0.108789821453449,0.038982563323553,0.123208823245064,,0.198423275063014,0.015230919395484,0.236847220838766,-0.098182550949511,
0.9799000000059604,-0.059413133383261,0.131359091050390,0.049438709602192,0.104695720966112,,0.134423232681135,0.032947372280242,0.232979836471531,-0.094283365768626,
0.9839000000059605,-0.048423581660830,0.140394219799131,0.052567851998439,0.122105909735197,,0.106512134576823,-0.004835041911990,0.233027450259286,-0.043938378479345,
0.9879000000059605,-0.021382329239024,0.118545756929179,0.034670343027607,0.144171572084023,,0.123807555875728,-0.052572757395236,0.234260154690772,-0.035472448570085,
0.992,0.006362907067932,0.103508974561423,-0.018123633122501,0.135939714750660,,0.140512063857717,-0.060313707220479,0.218375235805442,-0.069136379618333,
0.996,0.019023954041753,0.127293398110585,-0.063047899122463,0.140287782626117,,0.128060579022858,-0.040778928156592,0.197784055529551,-0.102659476144804,
1,-0.005853830790245,0.159422045312778,-0.052147079081413,0.179957998061740,,0.100803569619560,0.002858044431206,0.202161774569056,-0.138695641783091,
1.004,-0.040838435585035,0.153861815131980,-0.020283147539315,0.197959739050432,,0.100151408257613,0.028073820515438,0.205581406497106,-0.151493019917769,
1.008,-0.045698570744367,0.131461298640218,-0.007747751780959,0.169564864868145,,0.124889251084288,0.006281754329186,0.190123624189799,-0.108970152337414,
1.012,-0.021184539783382,0.112714598423695,-0.011763103338244,0.140424880095927,,0.140278450200467,-0.013984798086923,0.177803905150284,-0.059577155251917,
1.016,0.018046851364033,0.088287370356353,-0.033854988970337,0.153398840967217,,0.148943713980996,-0.014690036836969,0.180804988346925,-0.065773654345662,
1.02,0.031632015927481,0.093878992274391,-0.070216440754465,0.177378076885988,,0.161000910973007,-0.011940220084575,0.195963790923021,-0.107185799278979,
1.024,-0.018644493916521,0.139306794529388,-0.101473719826275,0.153763810767210,,0.166515203591833,0.001102179070124,0.213914856404354,-0.117678376511053,
1.028,-0.085040414039877,0.186027328162272,-0.133404107638594,0.102374602563869,,0.146235665330150,0.013335257091370,0.227031284719616,-0.107790656710683,
1.032,-0.099029857432621,0.208143988375196,-0.160919872642866,0.097900343089341,,0.139756483633528,0.005737955322854,0.212236117851989,-0.123759284914873,
1.036,-0.057019868062027,0.189992567629268,-0.133905209823968,0.156348560045727,,0.201080227948424,0.001540595905730,0.157148871836423,-0.134397950312863,
1.04,0.008205827362238,0.154349137877215,-0.054218773753477,0.201700970566786,,0.272685003700218,0.026785980424048,0.110488407528823,-0.113635903596714,
1.044,0.037588656320222,0.137829433808530,-0.010984857883933,0.185400634574568,,0.269355086184979,0.046617065867721,0.134452368310215,-0.094583701893680,
1.048,-0.013700067742941,0.122666743958736,-0.054077257119367,0.160390768859702,,0.181662631345842,0.035277520095666,0.228090754277758,-0.095321846357486,
1.052,-0.075971776270403,0.092184752964729,-0.113602080202926,0.149404386233927,,0.075692602109007,0.036402355691933,0.314329257358919,-0.099474518375702,
1.056,-0.051781966017146,0.087568869966136,-0.118882016667460,0.120174483496534,,0.029963522065129,0.066362503920609,0.306480000373193,-0.093390001430342,
1.06,0.021706161760237,0.117624678471240,-0.092029399679765,0.090508720932491,,0.050440542657369,0.082619203659327,0.215229643935190,-0.087633172845624,
1.064,0.047814673304097,0.126441708578371,-0.090116541340795,0.094971641386922,,0.090123765659918,0.056146599386739,0.152887169568847,-0.087812099556497,
1.068,-0.001247856365820,0.090305387022420,-0.128661206351139,0.105548529161204,,0.138210982127533,0.014382537666781,0.164821938178504,-0.091580714005960,
1.072,-0.073150772705129,0.044194552695296,-0.161634249887933,0.095014758062987,,0.179411669226689,0.013223966256340,0.184272219675829,-0.111858777438962,
1.076,-0.112237786008345,0.049508425244379,-0.143996071754585,0.102336682338273,,0.180101088532846,0.048757857942188,0.182660046112190,-0.151973360046213,
1.08,-0.110153735381616,0.109156986140279,-0.092941626495264,0.136253387223272,,0.161111515906498,0.031403486069927,0.189065444193993,-0.165125878701827,
1.084,-0.086638539785745,0.147523617802488,-0.058734585385248,0.174684411269876,,0.141164380352053,-0.050775653729194,0.205380613917002,-0.139920226098270,
1.088,-0.069671153659839,0.142019966148121,-0.042312219291753,0.213830286326152,,0.116051653441792,-0.094573915962842,0.209773445921125,-0.122573474065980,
1.092,-0.072971512408238,0.119007433052433,-0.020006701434119,0.214439662748136,,0.084173310434589,-0.062240833938255,0.184662009982946,-0.115133785859017,
1.096,-0.081289499539511,0.092374127565534,-0.000078019749440,0.145904220192167,,0.084151101387607,-0.007527207859217,0.150020742964762,-0.118886192850639,
1.1,-0.079845568651473,0.080647661794743,0.010669840364999,0.085362341952062,,0.142634464589500,0.024467414760560,0.133882030579890,-0.146382454078399,
1.104,-0.080476527804176,0.086204093381919,0.000585815282125,0.095414033913257,,0.188901283414400,0.040702544615399,0.119180979754971,-0.179344850760987,
1.108,-0.075679524457778,0.094974137360865,-0.030820726020750,0.129912173051259,,0.182843336241803,0.058616511813784,0.126261634539124,-0.182558343054820,
1.112,-0.035910410581514,0.121600960017887,-0.055545785319789,0.148834293639835,,0.171349208910532,0.078736758509164,0.156713641886604,-0.145244525188870,
1.116,0.008092444789250,0.173286436419642,-0.067257915482725,0.148135848064663,,0.186467397564440,0.082375349495198,0.146856275860334,-0.111492484388530,
1.12,0.017581970861439,0.197574010981092,-0.068626464655816,0.136615027173783,,0.213507932358769,0.046616777588826,0.117380865519144,-0.110616276149093,
1.124,0.015370276057342,0.161670462882921,-0.052207799353379,0.118133526954457,,0.222959048109813,-0.010863971461533,0.126848087685013,-0.119944435649094,
1.128,0.002171867392115,0.103191433117483,-0.031651238957301,0.095810453646030,,0.205649954537862,-0.064594285198192,0.168495790999791,-0.126217612399201,
1.132,-0.052650630113934,0.087523411187643,-0.033106197211854,0.090831929137612,,0.172235494538545,-0.095123979508044,0.201610023875651,-0.139988949464795,
1.136,-0.132653907221363,0.124119091190777,-0.053582342773338,0.099183944926249,,0.162732214334791,-0.074512962255756,0.211079351118293,-0.160848202454929,
1.14,-0.167660669283737,0.152509293271230,-0.065086279630269,0.107048463770924,,0.203685062566522,-0.016626610310134,0.236788156317538,-0.167863550908332,
1.144,-0.141391116431673,0.142927769115502,-0.054791409543473,0.130383440100644,,0.242256232377392,0.032510354771520,0.280114263585885,-0.147965183892253,
1.148,-0.103070204813852,0.114448193523330,-0.032564118198243,0.170259864611645,,0.249549720464623,0.052865057964522,0.279565088054498,-0.116078080840327,
1.152,-0.067290445260644,0.095640296411341,-0.022222931486601,0.198485831038166,,0.217084172878051,0.059932029905764,0.233726277444844,-0.101469201671051,
1.156,-0.054316839929326,0.109120211815695,-0.024397386013176,0.185489024013485,,0.130049566317636,0.071953079566309,0.204504295205467,-0.117402822857125,
1.16,-0.078736827259136,0.155123853365315,-0.029681399839891,0.137487142367698,,0.058508567996808,0.073412602313800,0.217195428349525,-0.138492590030269,
1.164,-0.092488228428507,0.193517749001199,-0.068642735682699,0.108589190362759,,0.060014361522840,0.044040932329860,0.227508517490987,-0.143640327844809,
1.168,-0.077329894558802,0.188970245413402,-0.140200600421572,0.125247071532017,,0.089875447079302,0.007448617282960,0.207659148700870,-0.124336037051581,
1.172,-0.073197997994536,0.142349317411367,-0.171868153799640,0.139772038378182,,0.094862880113422,0.008830495947790,0.199160180321168,-0.077942386678676,
1.176,-0.102857526991306,0.079348070234619,-0.120240918070139,0.106780303684229,,0.094818324084138,0.038554508215643,0.196386954932962,-0.055709120904579,
1.18,-0.132601856397402,0.055354443118887,-0.049154336079770,0.069585282485655,,0.121610409523226,0.022695444723304,0.180715288873869,-0.088951297370009,
1.184,-0.146662564951694,0.074344615559222,-0.040362023731667,0.060234560878150,,0.144572677251537,-0.054826353560835,0.187728293427570,-0.126607745332479,
1.188,-0.161473291876152,0.079217046644407,-0.075310971767820,0.048538488306764,,0.132127520394950,-0.107935808070405,0.189480023466570,-0.139821227507324,
1.192,-0.137175107933507,0.068557678654398,-0.097355661476687,0.036313253229568,,0.113228175847805,-0.097241327957494,0.176328269780001,-0.149471809543225,
1.196,-0.074398635339720,0.079622860984970,-0.089308744235334,0.052525253428120,,0.117724088092034,-0.061008783658911,0.194925668878400,-0.167659448735339,
1.2,-0.048124278727903,0.106276181868288,-0.048327883235614,0.094134426397286,,0.121391393223087,-0.011807096135969,0.214431556078523,-0.153090114993358,
1.204,-0.062805848298034,0.130321460430040,-0.014112978107651,0.122239848990131,,0.117874733630849,0.020040211776428,0.207965651109783,-0.114053076116996,
1.208,-0.083326535734045,0.130507416482278,-0.038560533062361,0.121706313124729,,0.132278494890543,-0.011106518725877,0.199347336539529,-0.117606284790503,
1.212,-0.105756251606660,0.123189616432087,-0.096797720734594,0.135181592437468,,0.158363508540786,-0.069934759555114,0.215703311599439,-0.135909482308140,
1.216,-0.124106810115619,0.162278528531397,-0.142003970558183,0.186950628004625,,0.159010507269125,-0.083154724018299,0.242811213584358,-0.138509145576990,
1.22,-0.129687680768734,0.207289183153978,-0.158468133092921,0.207138058635108,,0.134312629019252,-0.061974540277122,0.225738702009694,-0.137571776861929,
1.224,-0.102069196425110,0.189987731616295,-0.147196644917957,0.159625518365678,,0.139547847691974,-0.060888613192276,0.196578130363016,-0.144517175485292,
1.228,-0.059927276228492,0.136358073298396,-0.124152690025200,0.089142639853661,,0.173333062983111,-0.054838152550146,0.218157118110019,-0.162342602200627,
1.232,-0.048931027936285,0.100320899175117,-0.103582685480332,0.045495509370280,,0.182518607969605,-0.019601144232054,0.253664486933580,-0.171432098503984,
1.236,-0.067389483011620,0.099092902906771,-0.085604595416633,0.058979726338450,,0.156856098120859,0.000316221523900,0.244291764766870,-0.166697466238153,
1.24,-0.104958774656677,0.115352052855304,-0.076987212368557,0.085943875696091,,0.115126568304403,-0.014803132277524,0.205412711783146,-0.147156028204286,
1.244,-0.125898866085130,0.120288792369940,-0.089631232831480,0.088177265628936,,0.085240896916930,-0.026668226926558,0.169198740461793,-0.116792840988533,
1.248,-0.115235671157297,0.103301672960834,-0.106287439832576,0.099522910098123,,0.078345099532043,-0.006095298429610,0.136171546663540,-0.084096301298554,
1.252,-0.099760934736698,0.086890854556802,-0.105241835215944,0.138343464174763,,0.075496128713680,0.017518797530105,0.115300776436013,-0.065797729522778,
1.256,-0.076909025999692,0.104252618112147,-0.090635627909174,0.176089356774365,,0.079813847455140,0.019009377588574,0.118151240799893,-0.067337282965993,
1.26,-0.053704433437146,0.139977362666664,-0.060433237726576,0.191961524097255,,0.099284019618269,0.015613214661689,0.131336683806433,-0.066103539651794,
1.264,-0.051445348564458,0.157689258778407,-0.041219984037103,0.190539297891010,,0.129930792984875,0.011784695490141,0.152387998633047,-0.062635104880683,
1.268,-0.059194833160588,0.157164117292198,-0.072446623364143,0.177429675571808,,0.164520638533378,0.002769532863865,0.192988718987274,-0.062184455732677,
1.272,-0.049052844498185,0.143675099476100,-0.105252048656677,0.168976897035472,,0.187079380067775,-0.001499362287120,0.234656525278562,-0.067146514529885,
1.276,-0.035595876465908,0.128515444393151,-0.087367733331103,0.161897501938941,,0.175156235616956,-0.012567807399180,0.255176744294374,-0.089076919595952,
1.28,-0.052153883803328,0.130003456421973,-0.046207855890427,0.122876847629765,,0.125597511027505,-0.044575002452360,0.250579819974464,-0.123119531607076,
1.284,-0.084886351634683,0.137440690768332,-0.041894227514024,0.076182198077787,,0.089808233624200,-0.046145011372489,0.222486168112152,-0.158845323660610,
1.288,-0.110250664874548,0.142283657130562,-0.093141785138982,0.065580484483080,,0.100324157110537,-0.005556193057260,0.198148350732654,-0.161099765143678,
1.292,-0.112321325988281,0.153478929459515,-0.114714830168855,0.078470901785069,,0.133112694524865,-0.011928691704892,0.213670254647816,-0.093868234854607,
1.296,-0.063349805429279,0.144193895588456,-0.070164169356288,0.091455794314880,,0.157787765127389,-0.049708443412928,0.236431184913452,-0.034385636559126,
1.3,0.003474282512734,0.091062122534641,-0.044330946130701,0.096512920273835,,0.168025617359184,-0.023266722660893,0.221764583799230,-0.048777562747621,
1.304,0.012517129672949,0.052022267725000,-0.056908371875628,0.089552536061627,,0.171911981771129,0.018519630380454,0.210596220586705,-0.063916142620739,
1.308,-0.027498008832050,0.081968902487665,-0.064544406684346,0.074858695501409,,0.166736314772492,-0.008062103329952,0.253601058984384,-0.051132131065156,
1.312,-0.062108579890794,0.144735665679728,-0.061765062522660,0.077013495344546,,0.171712506811576,-0.058066208885551,0.295980436728174,-0.063679412490350,
1.316,-0.077095634483647,0.161949417256324,-0.044719874411058,0.097222808345159,,0.204677914963881,-0.066531789042839,0.271404629211330,-0.101273323972731,
1.32,-0.088217338268241,0.127474493332909,-0.030322545231661,0.111117760914437,,0.232319875622745,-0.052127636985218,0.224104787754434,-0.122552144028941,
1.324,-0.088399197959406,0.113492198489879,-0.058682575807073,0.118220822127167,,0.227157784924327,-0.039559883056514,0.206139032914079,-0.137637848335401,
1.328,-0.056032982918749,0.129441687756515,-0.114744690074591,0.120389724706728,,0.196419564853068,-0.022356262585338,0.210566695759293,-0.170676073046125,
1.332,-0.012391595627215,0.133579540935508,-0.149973054985900,0.103772537194948,,0.159361751765096,0.005997973324283,0.218202769411069,-0.193442961491913,
1.336,0.104929995262655,0.208861084872910,-0.051197899179860,0.181854851692751,,0.263888673842344,0.020033020020076,0.219609757578164,-0.001018926521128,
1.34,0.792722663213693,0.841917703196308,0.759427026735032,1.001307094973898,,1.337407963695066,-0.110354730818224,0.141704235609837,1.584464895580709,
1.344,5.374038776698018,5.113912194459105,5.194652293760607,5.131463105953915,,5.499903992944923,-0.276041395494233,-0.121625038471582,6.810918692571494,
1.348,16.768104668139578,15.708636723664371,15.335164674810205,14.239816956405697,,15.200348327236442,0.307695564148680,-0.490848704041295,17.031250438853789,
1.352,29.990593498238166,28.054556352907031,26.767040116950117,24.304146264423796,,30.963623603743308,3.219316973237722,-0.420717272265638,32.292888677025985,
1.356,34.328397985172735,32.504493438424902,30.462394165703081,26.852649071178245,,45.792146509149035,8.662127938848748,0.864317096512417,47.136825968354032,
1.36,26.282049116867647,25.822245020403535,22.696996532633179,18.469987258175962,,48.794098432765139,13.417896754785842,2.979470719039215,51.014920170659238,
1.364,16.650855546260917,17.450673117878754,11.847551217150041,7.560616164018797,,42.651700322479904,13.861161613623514,3.750745752426293,42.223702334218174,
1.368,16.796513161893913,17.610900665196286,7.936938159321485,3.458288896216584,,41.224354467296614,10.745093863376351,2.286955707593914,30.755650095163951,
1.372,28.930037727271664,28.257635371027639,11.790010955250308,6.210033778175409,,49.874029297229129,8.634292925327619,0.537761282705744,25.964689970840077,
1.376,48.864082002399634,45.307357705073287,17.185173370885980,9.775958794130201,,64.141112951916227,11.062493070330861,-0.165947046306064,29.101877036193201,
1.38,71.530289133355325,63.577470830046806,19.525381627705531,10.802318700968241,,81.821857327884985,18.371072096765236,-0.214444621290268,37.086912480857436,
1.384,102.775924281601149,85.845039163218033,22.266363824743351,14.505109719815797,,106.007255030262229,28.200771651297778,-0.093462137217758,47.219625267314221,
1.388,143.304774717354519,111.959336207950415,28.214216063338256,23.722985671177206,,136.533555477019661,36.978802265807381,-0.017414504709903,56.436378668201606,
1.392,172.850762504501631,128.413734899273067,31.628600916550951,30.420867831951295,,163.910498956053601,38.864109262535003,-0.022358582344762,58.059600083699166,
1.396,177.091364251301229,126.870157916703945,28.834104283390630,29.613486630484712,,178.478619102916667,30.579282144925710,-0.023905217378468,48.543200327436452,
1.4,162.118036420477921,113.395416015724351,24.401079681131449,26.088032857709742,,180.136369889545307,18.089734857493632,0.049234989624781,35.455571297224822,
1.404,141.630490113286100,98.418925411616158,22.695198695445235,24.407163193922884,,171.787395067462654,8.123199093238185,0.130650704209705,27.728773957660877,
1.408,123.148947985300282,86.564240513398715,23.177295398886208,24.175178974533473,,155.752791521547152,2.536503935182364,0.133120980790043,27.349694194956282,
1.412,104.287285484417254,75.157770098750376,23.885287009272304,23.610926441896865,,137.132817796376855,1.311971784661748,0.077065597723026,31.208517792784370,
1.416,83.397056641509991,62.221659263180513,24.041452765081736,22.414129382679807,,116.397258908323749,2.466426362854110,0.018035150325413,35.405896770059854,
1.42,65.574804655102838,50.712340172685472,23.443059621668848,20.975246048449446,,92.289651033734899,3.269835973407480,-0.042300218331199,37.641485026132010,
1.424,53.322728302886460,42.441169231384762,22.087564450049637,19.207553640350124,,71.332140338635355,2.719503104534136,-0.119600156613165,36.818833804801855,
1.428,44.771033787301135,36.573272998629676,20.520388119310859,17.212299921740183,,58.338750783334675,1.444032683600649,-0.181662395206738,33.745511904287930,
1.432,39.928968119295902,33.447275921750190,19.532538995253002,15.712190471746037,,50.754788886242437,0.163871308774379,-0.160333472877521,30.318653585469626,
1.436,39.041988303819586,33.254530397736374,19.165758310949059,14.865813909306313,,45.381283636926710,-0.777834182298038,-0.059925662996104,27.924128328096785,
1.44,41.052692119972626,35.064993286389758,18.932293533151544,14.261534408428655,,41.807843931737025,-0.993175433932802,0.018300025966521,27.046575866036449,
1.444,44.431953687101554,37.658450745455340,18.603700936410171,13.737520302491323,,40.241595412408465,-0.238722934873039,0.033733073523516,27.371242237053934,
1.448,48.151102147294012,40.310434587564075,18.239300485808112,13.370032980634422,,40.095509126602948,1.072887085390727,0.005021952623221,28.083341516793482,
1.452,52.469428313061272,43.244463095269921,17.914792269299880,13.194535558101075,,40.857277631676922,1.991154382843289,-0.058284672313303,28.156244702270435,
1.456,57.333920874909580,46.428786640049672,17.573981775805333,13.094941834142631,,42.699871474062689,1.867541082585245,-0.099094755880241,26.893749974157295,
1.46,61.111024102816842,48.763586519202974,17.132993441053443,12.904498887857351,,45.764976135815246,0.848791098206544,-0.061016437621518,24.545866391160313,
1.464,62.598145704939043,49.466205609942485,16.466101903848333,12.419136226554306,,48.913575603618881,-0.319641587812244,0.023619705252099,22.194983174720456,
1.468,62.010316431129560,48.733926207111168,15.543162031887853,11.569690440262340,,51.001099496184729,-0.965048244970155,0.074221190669928,20.523833086042117,
1.472,60.117174211350928,47.190081248137631,14.633868411221414,10.619831663792365,,51.730157420077873,-0.532265840263914,0.057768974443679,19.295723736066041,
1.476,56.973269493473289,44.927186430642848,13.827614574944265,9.682943615768576,,50.955749208867651,1.262841875264543,0.001493811886827,18.217738759111796,
1.48,52.387895990618084,41.748048879446252,12.960988224597351,8.673549157873097,,48.663077846964804,3.729259757772768,-0.037984464105055,17.452588521610448,
1.484,47.410666165137414,38.276511548577801,12.047456759648082,7.683494779818833,,44.405148236613790,5.992054325697711,-0.031997095102735,16.870635062518534,
1.488,42.821148761529187,35.000726641318124,11.172525031928787,6.763178291676088,,38.277659422432059,7.496565493344427,-0.014074229645413,15.888409291854067,
1.492,37.650429014451795,31.195335414689048,10.160619825715983,5.704914684195280,,32.149421189801721,7.765083503603649,-0.007446693790393,14.353589301582534,
1.496,31.293829126851243,26.416281145372707,8.836079934921418,4.402202454428285,,26.552102267306648,6.706382413007262,-0.016434915598083,12.228513710427080,
1.5,25.227922777952713,21.774504996960019,7.484767501518830,3.161619704144184,,20.795100358199729,4.894215151585092,-0.044931980811036,9.676103111869361,
1.504,19.888334304982454,17.615441624452952,6.240982100977133,2.141604208408896,,15.821045050969923,3.349167438655967,-0.058896351155569,7.574130219782248,
1.508,14.580040859886893,13.424366949621160,4.954047087261274,1.251484903256969,,12.397444772935554,2.614079146696072,-0.027373717222097,6.399841024914323,
1.512,10.169847157698763,9.829824777744346,3.768693545151021,0.589896126880077,,9.799081429721252,2.486942400659351,0.011140598302023,5.731119841809905,
1.516,7.019975784509288,7.015670036062843,2.724422442118843,0.238824464198259,,7.376228159245326,2.507704491573197,0.016180287037041,5.058876512019195,
1.52,4.481318815775484,4.504673110865077,1.707946618176806,0.098383164503200,,5.413085137352804,2.369709764973844,0.019545352511089,4.264105080274187,
1.524,2.594212588636591,2.554337696003222,0.860977230888786,0.030180723898050,,4.077553082652264,1.980854867820469,0.038415615658831,3.308413150356921,
1.528,1.413108450277094,1.329254479728080,0.300524675224607,-0.011593291928376,,3.083244641022486,1.370633030698013,0.036233101803031,2.188668116279547,
1.532,0.572647908800299,0.516472597972618,-0.064032120539991,0.002741287371794,,2.355107958091827,0.769205007422876,0.009625901688040,1.215431559566052,
1.536,-0.067586349012573,-0.022541734841395,-0.322089969163565,0.044737237800125,,1.760033035088989,0.300722150208915,-0.002519751200869,0.564909454611100,
1.54,-0.343526110825601,-0.202025389578334,-0.434026106131813,0.053178420202027,,1.119247445056811,-0.081900590236085,0.015624213986462,0.165469663506777,
1.544,-0.214872574396219,-0.043884016027969,-0.312490443544113,0.086266807347388,,0.561851915721906,-0.326349987392606,0.049379270800215,0.005908189210690,

Répétition:,2
,K-Delta Left,,,,,K-Delta Right,,,
temps (seconde),CHANNEL_1,CHANNEL_2,CHANNEL_3,CHANNEL_4,,CHANNEL_1,CHANNEL_2,CHANNEL_3,CHANNEL_4
0,14.436100006103516,10.286100387573242,7.884099960327148,9.488450050354004,,7.302050113677979,9.968950271606445,6.304550170898438,10.147100448608398,
0.004,14.224499702453613,10.138799667358398,7.710899829864502,9.310950279235840,,7.148550033569336,9.808650016784668,6.189849853515625,10.120900154113770,
0.008,14.201891685290317,10.123361223250679,7.670806891189375,9.282355616430419,,7.120226462229827,9.779812533631407,6.161031552703983,10.057047411077839,
0.012,14.176748547027794,10.095396005668158,7.586885015830441,9.217047789690133,,7.054462161846070,9.715650959276157,6.091218684269230,9.879457536414220,
0.016,14.089817408588489,10.021921912294768,7.454094425395745,9.061906564379289,,6.933001021059868,9.581340401181141,5.950483222430208,9.667361081062349,
0.02,13.921339391855017,9.902584109590311,7.293544390099974,8.816547459275904,,6.774482197499034,9.385488058549715,5.733771350131786,9.478998374357015,
0.024,13.731833676801321,9.742218953798897,7.120158522822392,8.545857355931533,,6.556655586748241,9.104979121807865,5.463026080821552,9.215972182956577,
0.028,13.510307323535013,9.543872324422340,6.887912665058636,8.272640609389867,,6.274441019512489,8.710344090200010,5.157000583415154,8.823170257889984,
0.032,13.213632324886220,9.326782087961208,6.564662274058374,7.972117178592032,,6.019053339655451,8.308413114370838,4.851665209464126,8.408173950851847,
0.036,12.909625173788132,9.102052031547581,6.223803795072442,7.670050695292202,,5.762511606890411,7.927909019430796,4.534116702020628,7.987156905224471,
0.04,12.626074954215653,8.853929164114561,5.933302740922812,7.387846397854453,,5.408699148044026,7.491170797600322,4.167499997671960,7.506414866340002,
0.044,12.248631088739119,8.551686805929910,5.661978404792801,7.068145450697111,,5.034090774939938,7.052319214415948,3.819106524258408,7.039765724381009,
0.048,11.718720177677966,8.169076598111005,5.347417376155032,6.669695660354521,,4.699576548294663,6.622521000375424,3.496962557527068,6.609031799354621,
0.052,11.128649408573549,7.747774706150555,5.033766724142203,6.275753392906673,,4.373243676896962,6.136213966154769,3.164042298373596,6.169964562401035,
0.056,10.461561258707032,7.287979257605814,4.742493112926176,5.892472668102029,,4.028911063729952,5.618204193907747,2.869139514007657,5.751194299498271,
0.06,9.652498282363371,6.749592046894318,4.411691546589241,5.442947852975880,,3.663160299777151,5.137063468408848,2.610081692222889,5.351586639496574,
0.064,8.835272633210733,6.231023434679477,4.074872503703155,5.010872498533402,,3.281295747739386,4.686274625330525,2.316071252023753,4.917976148257935,
0.068,8.025095941485429,5.714966852825794,3.756359666176762,4.612782578691810,,2.881911982572342,4.209443154781418,1.999232009620258,4.455819828240781,
0.072,7.121788579442002,5.101502888403704,3.420465194250770,4.163900768690501,,2.499926732969118,3.741805115051206,1.751069060640876,4.018424693206194,
0.076,6.255156144158747,4.516160035084977,3.102301659684350,3.745428351987338,,2.146653329304184,3.299676601089985,1.570989102424927,3.576710944537086,
0.08,5.548966278121823,4.051038522804504,2.853297352634325,3.418791479914137,,1.818619119760658,2.866864288796492,1.398794546881686,3.111563337842897,
0.084,4.880023818983355,3.590566900329154,2.620549762505300,3.079576606455326,,1.544190341249894,2.512826656782071,1.226953836092868,2.736682973819381,
0.088,4.134231883870941,3.080558168085188,2.317465507122261,2.686620213487426,,1.314076032486654,2.220124488054388,1.044750296142962,2.443327402122871,
0.092,3.440421305264793,2.625063817755983,2.006064976019017,2.351248455685350,,1.107668957604803,1.904695072402669,0.864390946686133,2.112200970513109,
0.096,2.862923081727458,2.245485758075313,1.786671485716163,2.076455840572885,,0.929442152347244,1.588590778336520,0.741991500328932,1.773751148285539,
0.1,2.348214760383997,1.899793532658574,1.633572384894238,1.801654504350527,,0.798140738540096,1.334116979202921,0.695591613275551,1.508030496707269,
0.104,1.962089287169539,1.638534078503735,1.490093802350743,1.602972817258272,,0.688940604863150,1.145123617526611,0.685198794209337,1.292742131522275,
0.108,1.681931347190864,1.457076349322358,1.356282101963395,1.469689212246941,,0.581822911086163,0.991133384031744,0.657463705351160,1.103587781064530,
0.112,1.436518687877736,1.310896196518572,1.262017735211003,1.314394638344927,,0.516643632280982,0.863621293749651,0.598808519670062,0.989299590329845,
0.116,1.280203798448581,1.225095290596237,1.195087138058005,1.177896135584347,,0.465334365079871,0.726604640109350,0.510066748445734,0.844560725065368,
0.12,1.212130060818992,1.184865122374292,1.141093237660790,1.111837527817265,,0.391226677779715,0.552266022379960,0.392270727166518,0.559101727026955,
0.124,1.166390218470716,1.176162432854149,1.146687193151543,1.094857890924482,,0.318762165463186,0.397008298437970,0.289781922686631,0.308126372080632,
0.128,1.155058311248197,1.217183033699768,1.220343539092532,1.111685423998093,,0.251319655917796,0.304710688431294,0.229338126502163,0.188032790718260,
0.132,1.205569153008255,1.281704823377704,1.305265728224138,1.154099185114030,,0.180989785430502,0.253637013167539,0.179275435092829,0.110106025179496,
0.136,1.300725906468028,1.362107537035112,1.381918550407002,1.221085909499686,,0.114072323388732,0.200948805898707,0.141084131228756,0.033427296422506,
0.14,1.419718099124224,1.465838719908701,1.456932587639493,1.312591774064927,,0.058672127331287,0.143312245385241,0.145383719111044,-0.060086057021802,
0.144,1.530499503339930,1.578342278314675,1.509392240457088,1.367574484821289,,0.020356544817911,0.118039399229750,0.154512222350605,-0.152643441997163,
0.148,1.610131438124070,1.696103643153995,1.556591996551075,1.385489142389295,,0.003180828042700,0.122716293716556,0.132282176921991,-0.175753228470388,
0.152,1.669875047414762,1.817423406086783,1.634656951233544,1.447757250649244,,0.004143188321136,0.123984014739192,0.142088269330248,-0.132169355111383,
0.156,1.749500978459990,1.947627658376101,1.724847938129881,1.534356549194485,,0.013422695039318,0.123635484186124,0.207193673797871,-0.100537993467378,
0.16,1.883426625151519,2.066967899805746,1.798279265385769,1.578260773227645,,0.018948514143319,0.126712191459947,0.253731477158372,-0.110382261241834,
0.164,2.043214340613543,2.147068584712128,1.871545646697961,1.625147964407736,,0.026752795327602,0.104712320155784,0.255643433069296,-0.109165881491224,
0.168,2.196894404777372,2.214268849693367,1.982016170472069,1.741237847530766,,0.058552427852066,0.090135307392195,0.210600501505839,-0.072371193150036,
0.172,2.363950945640539,2.293961293715942,2.114802536435093,1.877806387722606,,0.111026607553122,0.133924022322247,0.126058846981300,-0.050889507600868,
0.176,2.546577132357233,2.411536276497023,2.233925031026165,1.992647791502941,,0.146692125879089,0.176274147154346,0.070127092599665,-0.056492854688503,
0.18,2.720296523375464,2.567712235712517,2.347749510415945,2.092695355927806,,0.135282864422041,0.154044374130113,0.054128382494085,-0.042674825911027,
0.184,2.862811018007219,2.709792733087142,2.483133569851180,2.180365539880479,,0.108089468037407,0.119478186892542,0.059801235544882,-0.015826157403115,
0.188,2.986283886689204,2.831578653964791,2.643613206095523,2.312702329460712,,0.108733443827513,0.126366024016022,0.103895877447506,-0.012693043662455,
0.192,3.121677081718242,2.964904773247251,2.805707287897817,2.509309615543283,,0.129313979650880,0.131228389618708,0.148651263060768,-0.023699520664245,
0.196,3.247748040599037,3.106120907151540,2.957593460872537,2.705262191755299,,0.163949636651633,0.117525550571993,0.170672544675301,0.030741008779916,
0.2,3.363198607329316,3.225404921230340,3.107941187064877,2.855816400772289,,0.236312138325391,0.141069698710345,0.199584953021887,0.264730517726519,
0.204,3.528595807768023,3.350843977052789,3.298677757286776,2.988535469441915,,0.348242673596308,0.263077611742219,0.266946035282792,0.673578414669998,
0.208,3.773359124143642,3.521475883984437,3.563361802869878,3.177087019620940,,0.533526832276880,0.532452237885460,0.419842868949808,1.250729449234488,
0.212,4.054410863978183,3.708746405172014,3.834278542178816,3.422746840749463,,0.839128116629655,0.942952901172092,0.660050797253872,1.974227182154578,
0.216,4.375715886814074,3.968473095910620,4.127113058858021,3.727974177353249,,1.215101329119119,1.411141729245712,0.942336954441321,2.655433548778426,
0.22,4.776209547347095,4.334743696963661,4.527591266691302,4.123452246152209,,1.658400990663361,1.940464979301665,1.257141950962048,3.292659346175121,
0.224,5.186638416570747,4.675607334782228,4.937930563760371,4.536671882477634,,2.199718772529169,2.597641058305199,1.573126504428111,3.980623352942954,
0.228,5.598581691464395,4.974812020577310,5.294435370619417,4.969708831010289,,2.780188126161990,3.301603502575529,1.796962936100872,4.600728388594240,
0.232,6.075403968109907,5.292326337430764,5.643743520855740,5.458165056622883,,3.407270808526770,3.960312852490595,1.914565291689512,5.102170380404516,
0.236,6.532929281331016,5.555140088929184,5.919761294507264,5.861403812502657,,4.247485965524494,4.737964078868957,2.073028396273075,5.682835544698538,
0.24,6.871814445635890,5.716341831562439,6.079112594549430,6.114472576970904,,5.293347047320401,5.765785030133631,2.394227017423166,6.460004889332271,
0.244,7.146449697023159,5.852879212796793,6.245936944503017,6.371064124913295,,6.197799262518112,6.769428315597645,2.815631419533124,7.232918614447804,
0.248,7.436053524608642,6.044194494497519,6.515469491459790,6.717645822441060,,6.803199478061687,7.532984029943780,3.265383103324982,7.918980196924485,
0.252,7.706334178200333,6.270851441006727,6.835146287036133,7.043038766797407,,7.215251485813919,8.065573596314884,3.723636600121172,8.592252698471443,
0.256,7.994287771354216,6.559150452530000,7.200012610929017,7.347759236061137,,7.446516166272145,8.322051419634313,4.103021358728049,9.142782397587025,
0.26,8.409604359491295,6.947512166950043,7.638955966490773,7.745511032660272,,7.524896783821625,8.348800163760458,4.355384876998641,9.573247826735821,
0.264,8.884403801757102,7.327908870227990,8.069819114491001,8.192117050035730,,7.590049433556272,8.293093907600193,4.523696159806852,10.016637485009788,
0.268,9.396052182478297,7.699874495342932,8.476865648120242,8.669796336344355,,7.765642627582232,8.278979478002290,4.648811661556700,10.461361832160478,
0.272,10.024239308820722,8.156388652667392,8.905998463486220,9.182442353571791,,8.067962759405086,8.395036420043709,4.776281239963724,10.898631698699461,
0.276,10.660573068890802,8.601540557114202,9.286202402625916,9.607442966076004,,8.511576123586165,8.720897106725412,5.006174273484297,11.442040300069483,
0.28,11.152955211511250,8.932660917199243,9.549108698731061,9.906038893378188,,9.125874214931661,9.252875733013472,5.377085897045523,12.138799977881424,
0.284,11.574936595661883,9.226035943069196,9.791725148609702,10.188457665518394,,9.805617803543340,9.828976776714736,5.776996205698559,12.869518490680866,
0.288,12.069639509515200,9.563992424198695,10.101726263610086,10.542832574431337,,10.572688664385181,10.474823888728505,6.251382375160896,13.658305756783909,
0.292,12.600387999926740,9.915379877971384,10.395552278343171,10.907535967658745,,11.510669171835813,11.319935151484097,6.873240056793324,14.569921077933175,
0.296,13.178887483546104,10.287728086501364,10.641856058600288,11.261644913386625,,12.424092558248994,12.159559281660560,7.428839265963207,15.422665547972896,
0.3,13.856028052611441,10.701399565850139,10.889226516713379,11.682924654020585,,13.279231364603426,12.899398827436421,7.837296592266652,16.211549630841688,
0.304,14.479382163115929,11.073277425698596,11.131056729007559,12.120272205171849,,14.194657799442826,13.681616739176983,8.218310196287440,17.066430538993185,
0.308,15.044385160686204,11.437876530528705,11.405380030474461,12.529029980938704,,15.038017703234567,14.415225115623945,8.576961608385380,17.857218429471477,
0.312,15.679094520120634,11.881087550553277,11.737005537855621,12.938977228337558,,15.704862850270949,14.975694673644604,8.884847925104888,18.467219427249798,
0.316,16.288700767007484,12.318887470237431,12.040809136031957,13.293664456496961,,16.318520132223057,15.471623439075374,9.206974342931442,19.033625379028607,
0.32,16.786686260270493,12.671876527102006,12.274347211508788,13.548666320907643,,16.954112668435037,15.987448687176332,9.591961879590384,19.661766960849093,
0.324,17.248698052266434,12.989745535811208,12.497907277021966,13.775290566109403,,17.453425366706341,16.413490848320194,9.961562994774345,20.206880340810361,
0.328,17.705033698859555,13.323742407786092,12.762194289861355,14.033545286931297,,17.798512426377968,16.747461780925882,10.286972461147812,20.619293486028848,
0.332,18.098656019299511,13.637547336903394,13.038983799226713,14.269548020753337,,18.153967843029971,17.127272529032762,10.607593794555944,21.019834915278153,
0.336,18.408802296122143,13.911216028745507,13.289755902337109,14.477954886365564,,18.505572795613077,17.563731850505143,10.903801499503102,21.422494331795502,
0.34,18.659340703955234,14.159042750463243,13.508002832327954,14.713079481006259,,18.828114730284636,18.020621538411923,11.247214891466694,21.838784137666213,
0.344,18.860417607442955,14.337047190744656,13.681143481277145,14.936757531554786,,19.168318277313258,18.495785021906595,11.683816777314178,22.294330705820496,
0.348,19.039132061632408,14.437803365312391,13.859278527939276,15.182184328035309,,19.484423719464690,18.934149253935004,12.096075180687892,22.719299912542269,
0.352,19.234875017264685,14.526659743582316,14.088603634656183,15.514082276396032,,19.724665918810807,19.277556657127040,12.442800948432104,23.088247322687607,
0.356,19.421842237703732,14.634629653146771,14.324607945513785,15.837911704454196,,19.909250892364739,19.558495542517512,12.780489274595251,23.465872158093426,
0.36,19.553219990123971,14.759048143115825,14.544719564263685,16.075774105392892,,20.093765348311273,19.791968921275590,13.119681626873048,23.869057987708011,
0.364,19.688723625659911,14.916751423769679,14.772268389925378,16.282180652903087,,20.282021574313809,19.931697075296547,13.413410968754063,24.229271285375219,
0.368,19.902475064569899,15.100392591725585,15.026869879253770,16.517053853462055,,20.448615281326255,20.051549571759381,13.650878875470706,24.545782183795811,
0.372,20.129461519589089,15.261891953694299,15.299704621568369,16.762970657242988,,20.606708214133651,20.246932607118588,13.886500481736432,24.879456938822511,
0.376,20.336734677407335,15.432766162984493,15.608722182116423,17.036600128431328,,20.733919417743227,20.458440887865873,14.129069306045182,25.202164519864031,
0.38,20.587936654215664,15.650126499408236,15.950373942229040,17.353650043293630,,20.821288449197532,20.597833055775297,14.387587181657748,25.516424140083519,
0.384,20.857542880108575,15.845505865985018,16.231776215835083,17.650234079865900,,20.916417711448045,20.682794044124893,14.695470915659619,25.880360883954737,
0.388,21.116921846811117,16.030427858317605,16.473541225902540,17.970617886295784,,21.029846867840075,20.797799603292454,14.979121790126332,26.235678542411399,
0.392,21.394971258557170,16.269153046789306,16.756357141155597,18.362040542079047,,21.132977027438265,20.932951701446751,15.158533308714443,26.478910327710587,
0.396,21.656449034968823,16.499553238698272,17.030201819902821,18.718025660569371,,21.171397795107225,21.017033303811829,15.305619814801952,26.650587688762595,
0.4,21.868517654670189,16.655836229240787,17.249502718756734,18.989973686814725,,21.143301155431551,21.042395714903705,15.517504084265594,26.847421781006830,
0.404,22.059122475584253,16.782887319622265,17.462570871471879,19.256627024545573,,21.118969116233767,21.054369408133386,15.772566199093106,27.055993818492439,
0.408,22.241053213324200,16.937178493527984,17.701944747668229,19.558457548434774,,21.119668921827856,21.119157068824542,16.043715175187330,27.313883984876245,
0.412,22.406798296012742,17.082694247230595,17.935077832410506,19.840438993135351,,21.158490949712501,21.246202282319700,16.331457572946402,27.672186951852282,
0.416,22.528252143230006,17.149476561822528,18.136553941853013,20.056624558354226,,21.297494457192762,21.371694199864738,16.579236601768997,28.011781570913723,
0.42,22.550183673285673,17.135265629357761,18.301032347439296,20.203992389972868,,21.608861018599150,21.514692031415333,16.806328749765328,28.393386958148255,
0.424,22.511852561755319,17.101089838216701,18.433065588438701,20.319173124729364,,22.078806861407507,21.741175438094974,17.088643196753644,28.976573244145289,
0.428,22.497628160761870,17.087557875175989,18.569000337554964,20.453404009963194,,22.572171215287867,22.012390396524946,17.367518777701356,29.590088002839433,
0.43190000000596046,22.499259517808191,17.090813766117254,18.723805986263340,20.601191388797858,,23.002166197358513,22.280934669654780,17.566753463213978,30.064243922047535,
0.43590000000596046,22.510738612584031,17.098506694546131,18.852377971527858,20.712996257551051,,23.427428373328521,22.581012535211897,17.785973531423501,30.528629094317907,
0.43990000000596047,22.523483307455145,17.083320099675269,18.922930645592437,20.785037970011317,,23.894548618109884,22.940597603321940,18.128400126522966,31.094871864801718,
0.44390000000596047,22.479209593160739,17.005334305970727,18.962354278290647,20.882197722996082,,24.299252865306507,23.272929996395966,18.504076133261812,31.664488778468055,
0.4479000000059605,22.393046043217712,16.857575353713308,19.010638844032432,21.037228739586759,,24.595101397997293,23.512944093125153,18.840702274204865,32.184818431195303,
0.4519000000059605,22.342325230604118,16.715738922190535,19.073250120614649,21.234538058980707,,24.821681822223617,23.678374558637913,19.149922410677529,32.645766696211091,
0.4559000000059605,22.364998643300751,16.651303841293533,19.143965465745584,21.458411376075286,,24.908085345431470,23.733240979585656,19.383123183793742,32.983592893083049,
0.4599000000059605,22.438099068101934,16.620858163011562,19.200676573547540,21.695725510236645,,24.803402462499786,23.665553364545719,19.551572676734420,33.238326776155240,
0.4639000000059605,22.514668372812288,16.560111136965769,19.228759547540612,21.920450907842056,,24.607598878141282,23.538384372198436,19.743526501872164,33.487014881433176,
0.46790000000596044,22.564610486599243,16.466952746724512,19.256750703284183,22.123194991188250,,24.436798140485578,23.423571920741317,19.956870404437954,33.740622873729109,
0.472,22.554178277352502,16.356902532054452,19.276734527411861,22.309111155873474,,24.292304206188209,23.355926897723343,20.146218636008630,33.987763885360934,
0.476,22.474401037522036,16.242925966057722,19.243726332198783,22.459544256156338,,24.107639372839259,23.294157144071285,20.343779533781319,34.191577726856373,
0.48,22.377496087160239,16.122544888657913,19.177236779054542,22.579331628025678,,23.858653860668664,23.182268216776489,20.580552862237599,34.312201191321861,
0.484,22.298942078980076,15.973185725378730,19.166486326021719,22.693175346311030,,23.591866500822391,23.032184358979549,20.778141945434214,34.365224927750845,
0.488,22.210774999637692,15.805641890006676,19.221501187811722,22.792925072996869,,23.292977516722093,22.864604175157702,20.890057466682247,34.397920646374722,
0.492,22.100136393141781,15.640604523465935,19.258587137638543,22.851099028225391,,22.908344062964218,22.673681862033384,20.982277254393640,34.420694320365868,
0.496,21.982184570854923,15.479580611247437,19.240855148593809,22.872769902642361,,22.507129862071551,22.474450925917751,21.087474980249134,34.406968634106867,
0.5,21.865884740442930,15.360929645087925,19.189381359743951,22.881883458200537,,22.163152699757365,22.264150292272380,21.172273187698277,34.363084618952470,
0.504,21.758937929045111,15.278168324374105,19.138235298472534,22.890365090857784,,21.873218615929630,22.044045924175631,21.218163819337278,34.330427769791200,
0.508,21.639311803701947,15.146472758496827,19.107452992712393,22.906916738368881,,21.629595876148766,21.856661003783259,21.253765441959381,34.323029618674383,
0.512,21.492612046505474,14.979470399643056,19.075664170303256,22.915434772032089,,21.390070181491982,21.704274432539087,21.302054854515895,34.295804568540547,
0.516,21.340019958414238,14.861839717475554,19.025546470128745,22.873166136280567,,21.072730557679947,21.509190028915405,21.303443490447275,34.183269316713115,
0.52,21.172814525153164,14.778068458681798,18.977982601377615,22.766242222024371,,20.695535253937503,21.218924185808888,21.221385201298311,33.971952452849592,
0.524,20.960002158929555,14.662286415753805,18.891335924404920,22.619624343809321,,20.374697306902011,20.923141703587063,21.119428461773893,33.747762797155843,
0.528,20.710511241808746,14.511354834392067,18.733856273049845,22.451727481441182,,20.066293537969706,20.628615416201626,21.004502579610289,33.578700529333112,
0.532,20.453127570041868,14.386102459819082,18.608457470240687,22.269703953564449,,19.690162645905751,20.252339437679041,20.867655208579379,33.421591522586944,
0.536,20.159067060448383,14.281393797587295,18.547293128046917,22.056763154327335,,19.343211597997520,19.905125469214397,20.764827898771241,33.233917172143798,
0.54,19.832872967187370,14.127654503558702,18.473442589927330,21.827476709943131,,18.998302118408461,19.614133920697217,20.666859751285386,32.967857702714305,
0.544,19.562472341226890,13.950668189162975,18.387375322624838,21.654974751004918,,18.552257443520887,19.287807674718486,20.503237017382165,32.604651279055219,
0.548,19.356446841888111,13.811807995413151,18.303368390323957,21.528418857078304,,18.099973378242893,18.981046803177072,20.317058792421143,32.227083721643751,
0.552,19.156417924467306,13.704565715568393,18.216368512754705,21.382637769101539,,17.729516120001975,18.710235526035156,20.187690199983830,31.907155446145474,
0.556,18.956948058921995,13.588147447456480,18.154755991329292,21.227712873611608,,17.371187472646888,18.408950787858423,20.114511310590423,31.640189851284919,
0.56,18.798380467884481,13.475178793303771,18.102828934279518,21.101873435696014,,16.947246131022752,18.080801566608329,20.062921111077316,31.380503418612840,
0.564,18.655832895137486,13.410223200684694,18.047240820337208,20.979530601308742,,16.517391382350134,17.791303404139235,20.025210933063683,31.138787268707937,
0.568,18.471192124842140,13.377474920379058,18.013681032142497,20.832124030430570,,16.155637185216094,17.540175145603023,19.996396242401197,30.986594221751290,
0.572,18.298624612730528,13.363875656890961,17.996676889932168,20.702211163433656,,15.851306620781404,17.277445074004874,19.999612652500250,30.967384856759598,
0.576,18.178202189049443,13.372128240884646,17.970426682333493,20.594134466543775,,15.595046043856915,17.038064102929070,20.072294409474285,31.036019185638011,
0.58,18.057012510765208,13.377820589533865,17.935577377537129,20.482778906340254,,15.337524040263974,16.872351211675522,20.231855477867200,31.114918125928959,
0.584,17.913521625866281,13.347156364142664,17.918505640317566,20.381971325247175,,15.028460803638442,16.752308190336365,20.449148698807576,31.169314053773093,
0.588,17.762774752999803,13.249742886565382,17.907063860545723,20.307179051054781,,14.735953154163491,16.626652330702726,20.628970594786420,31.186153448786843,
0.592,17.633409259094432,13.137555569841421,17.901878033831188,20.276814668247322,,14.514057755015124,16.491121629715703,20.774643433708381,31.214938599092562,
0.596,17.571390873537556,13.107928792847359,17.960469385482249,20.289854220023468,,14.266652466817906,16.354499513816460,21.010324369877118,31.332112242473091,
0.6,17.577559392747812,13.129611454512110,18.058833516150575,20.314008475155340,,13.923687043000612,16.207102630297758,21.346023974296429,31.539164561832170,
0.604,17.604539920108259,13.132584267737261,18.146007166318398,20.327227732181537,,13.589339899237890,16.067811152979854,21.667574485414857,31.765667138787080,
0.608,17.603745941830354,13.140899630704517,18.245368625301548,20.349564802297564,,13.322113477343983,15.958672598530420,22.003464857247870,32.019276952347383,
0.612,17.559428698386643,13.178740499055845,18.335604596088480,20.414356713549086,,13.068892236726557,15.870354076612660,22.442076919052862,32.368031038396104,
0.616,17.498001691097507,13.221203815936413,18.445479266048984,20.521357842434817,,12.832823332434392,15.786638955172652,22.873828334521100,32.753828821626442,
0.62,17.443168252925901,13.246933693135546,18.658986234058460,20.636530485094191,,12.671883309597868,15.701895401543997,23.215653067485718,33.164464334942643,
0.624,17.401822188602303,13.289566356146697,18.913310072031930,20.749143670073838,,12.609423418282928,15.623091112869208,23.535503200388739,33.618013295981747,
0.628,17.350384075480456,13.378823731002550,19.172092126479210,20.902078920778550,,12.574790167485503,15.561012454148480,23.833173244815022,33.979882726520295,
0.632,17.255043087363255,13.483370786776991,19.476445520207722,21.103649420135941,,12.491295010542530,15.495859766297839,24.046443861093913,34.174931145554609,
0.636,17.127889612218553,13.556505866859734,19.785376020826817,21.305422436114569,,12.318163177409101,15.382533956684238,24.199861123398666,34.289561066457040,
0.64,17.014757224846296,13.575910881318304,20.087060315313337,21.484979714949795,,12.065340335158128,15.218161927861015,24.361512641334500,34.419318108782072,
0.644,16.890962225055148,13.585321530938881,20.461290023764100,21.666647664358834,,11.809922704971710,15.051757721049077,24.542260285678296,34.548134917827312,
0.648,16.691298785064635,13.642843543118083,20.916866482577312,21.859540991854711,,11.553785458213730,14.924569078126130,24.751308081083124,34.637822569510021,
0.652,16.459663829739242,13.728516317028564,21.347723537429648,22.042233469047748,,11.271360145933578,14.822908044900633,24.999137781918883,34.704075227329142,
0.656,16.245377676486001,13.819402247733283,21.781139622292866,22.246268674703373,,11.035597700609873,14.717083587192800,25.228426306453070,34.758312199359622,
0.66,16.043938482542785,13.935529316378314,22.286773032250043,22.502342314760735,,10.853003425257899,14.616639710169741,25.402280735788999,34.812989711449191,
0.664,15.869442110294147,14.054969734138455,22.758800512438548,22.762438399650090,,10.646047246256744,14.536275957014178,25.562256491675221,34.856692580330503,
0.668,15.685342728827397,14.166457338371169,23.223732440382182,23.007353589123490,,10.443584594415061,14.448043134111078,25.746420824897651,34.850748223427964,
0.672,15.474081445636180,14.298897767470221,23.791077882069740,23.251370543534961,,10.278673058935150,14.347571558774211,25.934870161023497,34.804879020707119,
0.676,15.300708698198235,14.429768418849500,24.322306574659962,23.498006619206290,,10.074019341536440,14.292168415284770,26.134929794774848,34.824368488570926,
0.68,15.141601747763902,14.563214422713298,24.780567062288306,23.753021939908258,,9.804517241591400,14.295707159607268,26.383144000141691,34.963054815055408,
0.684,14.930590766310775,14.684080209369313,25.284529319347239,23.980428661445536,,9.579750375489628,14.323156568434587,26.612484694695489,35.099265669161433,
0.688,14.700248655735681,14.699235206377908,25.743101523770758,24.148251708893920,,9.447244663179408,14.338689124854632,26.821576445823887,35.160357566486013,
0.692,14.484738193944290,14.640300284218092,26.070601815243929,24.281813659042705,,9.313966381036746,14.326780500730505,27.099399701363531,35.197932972137167,
0.696,14.307849402236608,14.589779598825819,26.297446694672161,24.428705483419314,,9.141969745330591,14.315897567744521,27.362013977502517,35.241612192132919,
0.7,14.180800085502790,14.545379432519303,26.452846379831854,24.601571759552229,,8.956979429540604,14.330620045064611,27.506403386406795,35.246675522078291,
0.704,14.044638346796207,14.504956984580090,26.586537307585413,24.723614588713556,,8.760933930542201,14.363814188984257,27.581237333253132,35.155986894621769,
0.708,13.809752008108280,14.415413053287658,26.695929875773842,24.721730256490133,,8.582698158623572,14.373641814697535,27.631825131979699,35.013913730567772,
0.7119000000059604,13.460143242061276,14.204382518791659,26.732389519010546,24.621176851215761,,8.443806195016057,14.320107781451386,27.643110943892673,34.845526235959589,
0.7159000000059604,13.069500029590051,13.932204887033402,26.708818975910024,24.457368493100681,,8.270500182414509,14.178678549846957,27.539405009663323,34.520967476654455,
0.7199000000059604,12.668065151232945,13.689961614166338,26.649526177676545,24.211185947962310,,8.014416015235820,13.970698307121452,27.289545145664235,33.980049467598832,
0.7239000000059604,12.196956082405563,13.384639028789888,26.416213088940452,23.786309820839769,,7.728884230154472,13.783264242669640,26.982975614417406,33.348495484355063,
0.7279000000059604,11.631434409042637,12.890158731229885,25.888215483999023,23.119908312059646,,7.385733152235495,13.571151923041953,26.549313945748448,32.565545107650244,
0.7319000000059604,11.074686454998773,12.317724455743688,25.198134768180623,22.317889372409351,,6.946404091371498,13.236992707622591,25.863961705895267,31.497477106338003,
0.7359000000059605,10.444564750948750,11.702345120018444,24.258616544401512,21.322706084971951,,6.502853396931548,12.842407098120630,25.061892339650328,30.325727069375695,
0.7399000000059605,9.572567680362098,10.919713432707820,22.869984503004559,19.994445420300742,,6.050839453478631,12.340071961056987,24.088339670182560,28.968731371126957,
0.7439000000059605,8.632117431131146,10.057251324577127,21.290264261440345,18.532150006068161,,5.521064601002033,11.643156274066788,22.751705864063705,27.185996792817253,
0.7479000000059605,7.697025239537016,9.089285127860309,19.452460801095626,16.840881215492235,,4.988392769897655,10.898435850035392,21.250831756493398,25.251708192056824,
0.752,6.662581796611078,7.885915211235526,17.050321484477571,14.651476689046381,,4.485059493267488,10.198183442367123,19.748261467917207,23.372053657044685,
0.756,5.633418123529266,6.630708486999165,14.411310730422308,12.300002752540975,,3.859295403816099,9.324733727072687,17.752508420795799,20.995592301605527,
0.76,4.659554688839271,5.456068495228887,11.788751637159974,10.042946783400730,,3.067784340507570,8.093725161303016,14.880439534709307,17.735783404928920,
0.764,3.489140385946652,4.081952403825372,8.602126360413415,7.349998453172049,,2.305486911890863,6.703261551462726,11.737352400771503,14.236791123262289,
0.768,2.020147997885267,2.369518769307776,4.690951981282222,4.041569040727023,,1.568022231059622,5.099433019573677,8.402977989484182,10.414087473578236,
0.772,0.653441028748681,0.808703930538298,1.357361190017163,1.200303836279174,,0.766735174303117,3.096422632215961,4.620281224362197,5.829065273486661,
0.776,-0.249300066617943,-0.200876506715804,-0.446246889218854,-0.297262370845874,,0.124567702835502,1.119771148980827,1.441447636061095,1.653496689190162,
0.78,-0.641811262397180,-0.621217314209147,-0.928050633133444,-0.591576356779574,,-0.138953276018243,-0.489028561975461,-0.263500023239875,-0.940304403476609,
0.784,-0.583113492329412,-0.437169376759904,-0.557606581725207,-0.269167299159289,,-0.029377423210276,-1.539054306657184,-0.745917844845877,-1.832061342808847,
0.788,-0.203249957031989,0.111429716644376,0.071808943555487,0.136920816782993,,0.258538284296326,-1.583323798394662,-0.564544802985239,-1.396567664844646,
0.792,0.180357836275697,0.494084501116212,0.401924677611628,0.400978959423595,,0.440802116774019,-0.657271669381094,-0.135043638134151,-0.380274279802598,
0.796,0.192623130329438,0.399457851942104,0.269518807860030,0.392097158777751,,0.344059559171156,0.442781472101959,0.364763329659062,0.493681025870814,
0.8,-0.063301500877526,0.078773630473319,-0.064908826725737,0.178594527853689,,0.056907991512369,0.889966375062613,0.695113473214618,0.772365328726388,
0.804,-0.162421933040696,-0.053833714826216,-0.235091391195360,0.074600987302699,,-0.158335633219272,0.533974133424172,0.605437272140331,0.401475440225416,
0.808,-0.015218238023070,0.067651889809548,-0.101584574929869,0.205851806859759,,-0.129749833386160,-0.139929676016992,0.236181903904372,-0.170137240396497,
0.812,0.133873806824545,0.241375856636622,0.126274847015671,0.367564691208919,,0.105196996269438,-0.539700184516071,-0.053505879523254,-0.420307520136469,
0.816,0.116046781982536,0.274266182408915,0.171778870995798,0.344363125473269,,0.321923093817571,-0.412604113043675,-0.099193389487521,-0.236981623039483,
0.82,-0.016343053129687,0.128632654005752,0.023495076145240,0.178065017597468,,0.294846678072830,0.021073403611928,0.066705298062224,0.127150394182100,
0.824,-0.122250031705062,-0.040020370445385,-0.110565315173960,0.074644373542267,,0.069156798660159,0.335913360422685,0.298791119981677,0.355983865825326,
0.828,-0.130471629924045,-0.033068396722726,-0.106977380468944,0.093066046954386,,-0.080236132687510,0.313026410375444,0.381472035645036,0.286963559478092,
0.832,-0.089627342669093,0.115493591084470,-0.038864730431964,0.126858096652517,,-0.012397679247934,0.067605294561363,0.252367706207461,0.028506690031494,
0.836,-0.064594559607452,0.184204616590955,-0.002977380620925,0.133109324149082,,0.153066726598189,-0.137275298386187,0.085772835800964,-0.143933491369641,
0.84,-0.063761799133812,0.133364787148845,-0.024141447519670,0.144467043292511,,0.233259644064885,-0.143485160747269,0.070126405762831,-0.118211857044420,
0.844,-0.088679400535739,0.101867227705437,-0.042779553614925,0.153038360173651,,0.195284738982803,0.001910531752637,0.191164258595522,0.006016989964729,
0.848,-0.115745976550104,0.137803779201102,-0.002384097711780,0.143025593565734,,0.136528945794562,0.146047296937842,0.298099455472184,0.107752064793461,
0.852,-0.088349333073483,0.179980504092683,0.031960317484833,0.135308657507447,,0.122207699182467,0.161358729099462,0.293772067915320,0.110847446912528,
0.856,-0.024399430211651,0.171978073381013,0.002487620416153,0.152599873269114,,0.154966222266182,0.060771558792106,0.182513714895077,0.011745775620303,
0.86,0.016549190790658,0.113510112025822,-0.058607885522929,0.193562041438481,,0.192223695157355,-0.026398470247080,0.049443907277369,-0.103916722685930,
0.864,0.030367235803517,0.068473680011259,-0.105953406987658,0.204667307533744,,0.182450871534107,-0.015473913256019,0.013637080567344,-0.124873286782497,
0.868,0.023001792116272,0.077882829071404,-0.090765274606210,0.161296518066530,,0.126869235859827,0.054612060927199,0.105584441285700,-0.034015870523544,
0.872,-0.007524897945559,0.102776222763648,-0.012651879254659,0.106389148247135,,0.067848215834878,0.116089418481765,0.206506461835893,0.074042675895003,
0.876,-0.047897308016385,0.107281937093410,0.056140474764285,0.065110180678624,,0.064364683868643,0.115060765885828,0.213553618829000,0.105471253779114,
0.88,-0.094334553956417,0.095940790546588,0.061828047910929,0.055482886154693,,0.137973241587403,0.019595300653972,0.160363185030171,0.053835608525857,
0.884,-0.121143569493611,0.081414889677405,0.018566218268592,0.081988165765688,,0.195626559249419,-0.082193128472405,0.126495775808105,-0.017755079136419,
0.888,-0.095858165520024,0.087894168644558,-0.018077405400880,0.104213517204513,,0.168358362942481,-0.059617756264515,0.141705424768433,-0.037977383874296,
0.892,-0.065827612287607,0.136893811045540,-0.005909228321531,0.106984492951258,,0.102964363456862,0.059319709545632,0.182540951662390,-0.003136777073478,
0.896,-0.067192644628535,0.191022743692060,0.009766150472484,0.105613552123656,,0.060269017754576,0.125250019720669,0.202226258743159,0.022632764055364,
0.9,-0.067937497086801,0.189967590854112,-0.026054425354542,0.108582067517871,,0.059931247191315,0.075041712919043,0.181582641258315,0.001631777718053,
0.904,-0.074984769214999,0.138040401745450,-0.051012685351244,0.122280345156355,,0.088506419987241,-0.015762455080677,0.172427796153557,-0.050077603852187,
0.908,-0.094795860977398,0.100484220148097,-0.022774582255232,0.152947177173191,,0.133788965254520,-0.045810000423136,0.207869708326314,-0.080574441715637,
0.912,-0.102140972067882,0.119055607796467,0.005128478332581,0.192521965856288,,0.147230528344548,-0.005817559650629,0.255679124702898,-0.057247985934694,
0.916,-0.111513044036477,0.146316016135002,-0.004333671492013,0.204979573580251,,0.098145029845157,0.037165167964375,0.274311575511749,0.001322417365716,
0.92,-0.127227991152233,0.146026492200553,-0.019387282395333,0.186216376562964,,0.046156480397204,0.031577540016184,0.238835978180372,0.036265182134396,
0.924,-0.109448192230772,0.151895498214302,-0.012164289558150,0.153906229368161,,0.049661593269493,-0.016071822187159,0.179630368762508,0.008607795585421,
0.928,-0.054445076270994,0.162439790721967,-0.025635356006254,0.101226671823595,,0.104469261014916,-0.047736651577183,0.165187759976772,-0.009934489069688,
0.932,-0.015717125636784,0.168671306279381,-0.068821673933593,0.042595307619964,,0.161100406325382,-0.039058406497606,0.206477867843385,0.039930113494683,
0.936,-0.030146537049414,0.163722520880657,-0.089536732277573,0.027705015080076,,0.185642948613198,-0.023604250165700,0.223389991301433,0.085150674894783,
0.94,-0.066599156573061,0.124591570439649,-0.081846794855402,0.068407232850278,,0.171870400152015,-0.005214215202451,0.190335643646164,0.055331283844610,
0.944,-0.068154892544184,0.077796543227961,-0.060610440876055,0.112647197842846,,0.131154967023598,0.017466535921569,0.166529821911896,-0.016849885170484,
0.948,-0.058366736415920,0.076361322136661,-0.032934700205851,0.129903346019816,,0.101436581869433,0.009576072022002,0.161994639979630,-0.070616039025319,
0.952,-0.077277273784484,0.121854032295157,-0.020862166109047,0.117161172059329,,0.095006393416074,-0.018967636100292,0.159627168086677,-0.098367066576972,
0.956,-0.095598695920305,0.164448544517477,-0.033880755948856,0.090815110970433,,0.104033967949154,-0.012368392676912,0.185908385134272,-0.099886714686623,
0.96,-0.095730429117558,0.171960729899878,-0.041098684562035,0.096531632240421,,0.122933912981776,0.047481031388590,0.232925780862658,-0.074476668374570,
0.964,-0.099786058929694,0.146372698287495,-0.011568511520348,0.117455730266883,,0.127661959207573,0.104798575159405,0.232929975454776,-0.052364684112032,
0.968,-0.121839670871420,0.122966198606332,0.009045329357642,0.114629676329678,,0.110611418427095,0.100419692140313,0.181827106880842,-0.042669616906040,
0.972,-0.131942454731197,0.121859670951890,-0.019143244871107,0.106061879018288,,0.084067090561638,0.061357267791985,0.112257305248488,-0.044946868247387,
0.976,-0.110929461969100,0.121058973739600,-0.049861225547771,0.124507799894987,,0.055419267328672,0.021858625992260,0.053317054824505,-0.044236464087664,
0.98,-0.075251970620822,0.108064078173162,-0.046933697546268,0.149894658756117,,0.039559794507713,0.005435250805241,0.035894506079360,-0.025454329858014,
0.984,-0.029526854167496,0.102502356297869,-0.046331900840075,0.115667428760617,,0.051360797277121,0.038260058987970,0.053590552787826,-0.020222981912287,
0.988,0.000990329231250,0.134209379261052,-0.074894460832327,0.062292135659443,,0.087652368481251,0.081751176578122,0.109380833569689,-0.021639305928997,
0.992,-0.021379466762197,0.179007989168684,-0.100968194323178,0.066904606029772,,0.113308171157050,0.104719451796732,0.187843212416637,-0.003282378929413,
0.996,-0.077280253848437,0.166505694507256,-0.090828327728289,0.091064891131005,,0.128636553451540,0.110463927457404,0.225452446472031,0.018717520306941,
1,-0.101993086582508,0.100763791081883,-0.050443005337838,0.109973518125180,,0.168419079382207,0.104298105424692,0.217047130384019,0.026163722789294,
1.004,-0.070872942030161,0.058591771633502,-0.004106953797699,0.140154636896421,,0.192050377771546,0.079841718941271,0.194796815274422,-0.001839169711698,
1.008,-0.025960748598106,0.058376608797846,0.027582536653443,0.153189223318943,,0.154346668279893,0.042037996013499,0.164318198889123,-0.066116325431217,
1.012,-0.012360447486702,0.069058019373773,0.036984647147270,0.128844638908809,,0.093655996549950,0.031875871234192,0.156696467987855,-0.109756400819506,
1.016,-0.040635593400907,0.083790808126119,0.024067635273672,0.109772962479187,,0.077009820997938,0.037922810179089,0.193492337547467,-0.093154009586117,
1.02,-0.076353289778061,0.090306190054886,-0.016138053368522,0.129205365689686,,0.095479081021001,0.017859473442732,0.235728651611766,-0.069164821929990,
1.024,-0.070543303729337,0.058814345883423,-0.058775031940968,0.151233868628977,,0.092134778022935,-0.015024407853379,0.222994885381353,-0.071349502143333,
1.028,-0.046939009430356,0.029822257666020,-0.070471547918410,0.146019126077477,,0.078175414167068,-0.016080082867554,0.165769431912307,-0.072100201272826,
1.032,-0.070547365877919,0.061621790513372,-0.044458675642985,0.125112821802875,,0.074927467236393,0.005029222365731,0.150862637820565,-0.075764277139981,
1.036,-0.116431295955089,0.093532167029273,-0.002939948925434,0.105765009161242,,0.079001899874341,0.015067026418532,0.185292853232674,-0.074401226595206,
1.04,-0.139199846755903,0.083070608417313,-0.000349082479779,0.115417661868559,,0.101587775018850,0.021212458626794,0.199644932924009,-0.061444314181161,
1.044,-0.150880495675785,0.088154593853062,-0.037002972848920,0.146738390341233,,0.130996082593874,0.013199465936518,0.196935653612609,-0.078233268336758,
1.048,-0.138721981270293,0.116517954585325,-0.049596043513556,0.148727934017843,,0.155046317906593,0.002814579190492,0.199106944742031,-0.090872948085544,
1.052,-0.100254838008562,0.138680985380242,-0.031032872281547,0.111574701719995,,0.160371304440862,0.023888163453993,0.192020679488081,-0.060135427371432,
1.056,-0.059933263156335,0.147460998641180,-0.032765524596977,0.087707958957076,,0.137450608901551,0.037891612569257,0.191655358013109,-0.046831732816816,
1.06,-0.021855094436732,0.132604951978504,-0.063428644676047,0.113379867384569,,0.133922282831424,0.030814149363677,0.205773688053660,-0.054480017669508,
1.064,0.000353574602486,0.104354615248762,-0.087421891177754,0.155316453498844,,0.159204003724039,0.038251512274345,0.222710856391726,-0.047896254212892,
1.068,-0.007490918991478,0.094337986020535,-0.089552773808203,0.152486941454987,,0.160372602469825,0.037378794997966,0.247273469047312,-0.052964079704569,
1.072,-0.047022446164790,0.107929809825109,-0.074728728835811,0.100984534427054,,0.127974874301539,0.018254193606021,0.265715078126277,-0.096861354143910,
1.076,-0.099299812692010,0.126828837298973,-0.062177236291560,0.080199774956486,,0.106839884202997,0.022990888164846,0.263107483935360,-0.135803370291039,
1.08,-0.124482265196854,0.136126901088700,-0.069513264142566,0.110814852544203,,0.139109252187704,0.037435238111769,0.234526592028974,-0.121279655588340,
1.084,-0.109853567578118,0.117922585647839,-0.067647106107783,0.141199668133067,,0.201555534928979,0.025994936510536,0.181702078150190,-0.104605298743981,
1.088,-0.084608951028534,0.088771500086775,-0.038543261670861,0.144155867358762,,0.210004987116851,0.010790960313940,0.139477813127965,-0.095229072956977,
1.092,-0.091073772231558,0.085124763544061,-0.034844330698717,0.109361153084738,,0.153974045402960,0.007799318251164,0.136013884488639,-0.051448050254060,
1.096,-0.094414154039023,0.095583889758035,-0.075159326418737,0.077241572038536,,0.109949345030856,0.003975642657182,0.151774386728905,-0.030517219301317,
1.1,-0.024700770175051,0.096743304268431,-0.111348796516326,0.089596467784451,,0.097736275421897,0.003448934032016,0.166563115457069,-0.052458886431742,
1.104,0.051182375083016,0.097880511782327,-0.122613804676859,0.116826520926724,,0.091607085362892,0.016473915911879,0.198537481859706,-0.037193115466258,
1.108,0.049594826855734,0.103555225509461,-0.106194497844705,0.107372962705469,,0.082224163994649,0.031804073463787,0.244880204447010,-0.003098071437183,
1.112,0.009090727152317,0.111944150359163,-0.075436134797144,0.059011102922199,,0.074605031609996,0.044940634755923,0.272453076897499,-0.045867093624496,
1.116,-0.036227465552976,0.132989390095870,-0.068439292734198,0.043502918864338,,0.066966287700380,0.042931410875434,0.258902391645116,-0.111146513843845,
1.12,-0.080283160875402,0.174631669398173,-0.078374412875469,0.093376730816297,,0.052432655597442,0.011586470711767,0.212737139549071,-0.098809449116678,
1.124,-0.097864643603559,0.221014242636440,-0.077901842114684,0.144342904699438,,0.047807457286870,-0.018527778199109,0.155623213599681,-0.072346253707896,
1.128,-0.093410870714614,0.229148401322504,-0.064759210000547,0.143015476487663,,0.059160485400333,-0.028318630441791,0.142582848866567,-0.096446135917671,
1.132,-0.085636592325476,0.198427806385674,-0.043883588729021,0.101938322769832,,0.088090420594481,-0.028843992464741,0.212336260251164,-0.125302381178478,
1.136,-0.080648876166148,0.152430576994331,-0.038686788803833,0.067074520983555,,0.128229875847063,-0.033112375424645,0.270882826922234,-0.117023911535596,
1.14,-0.077896612823012,0.102324382053374,-0.062838852014935,0.057520181197341,,0.149734842474878,-0.029558061776323,0.251532149522682,-0.074136476229215,
1.144,-0.084324138822575,0.073453262572167,-0.086606762657710,0.060221090850267,,0.147122117603825,0.000775542361913,0.201607244033010,-0.023767673741078,
1.148,-0.104520640339826,0.081055879026874,-0.072662196933820,0.064747050482639,,0.132899979948448,0.048148944464280,0.157424842288161,0.001163800864494,
1.152,-0.113602464692189,0.120276995216097,-0.028601277535304,0.068602055339390,,0.116543138545104,0.087805864469181,0.121573741723607,-0.017735350626789,
1.156,-0.110483811595211,0.157392383704904,-0.013785203163229,0.081138736268971,,0.103203355404746,0.087146778736933,0.096573727902056,-0.073497626169869,
1.16,-0.116655458557086,0.160508655827078,-0.017036144173028,0.118022760727215,,0.106996228102904,0.041979509344076,0.113279553189752,-0.127868362234487,
1.164,-0.123805494953937,0.133317220103065,0.019292208279586,0.157731518237107,,0.128754038129438,-0.008129591406100,0.175893902364864,-0.143671791902890,
1.168,-0.112212952728994,0.097049340183413,0.049872598143288,0.167783650327626,,0.137017451967893,-0.020867769171385,0.209132775680776,-0.136273648597387,
1.172,-0.099114958452557,0.080042435493012,0.024169052408470,0.162993559072939,,0.122249647532013,-0.016872922084773,0.192209513601159,-0.156156999077960,
1.176,-0.097378061039235,0.073239911231226,-0.036400669345408,0.168576209861848,,0.114509104897284,-0.042225647460057,0.173785869826964,-0.192625698538625,
1.18,-0.094429571810653,0.061624590587935,-0.102190461741644,0.188624714001117,,0.118338455197440,-0.067291351824304,0.160119193296268,-0.195488986223810,
1.184,-0.079945431883944,0.067107627938225,-0.131436618477095,0.202921580149382,,0.120227357937161,-0.062138684351265,0.143552191496574,-0.184497017404368,
1.188,-0.047905511854393,0.089118759733149,-0.104159170143710,0.180984746826882,,0.140137733934188,-0.048426893180691,0.111417165220604,-0.167503457777430,
1.192,-0.028480713781312,0.097023445461404,-0.054306347829965,0.128616412236622,,0.175304115624350,-0.023787067198867,0.079680990757927,-0.112907256020271,
1.196,-0.026524888198990,0.076345864626155,-0.023466841949273,0.103826385657428,,0.189020049120807,0.025114560070738,0.109420606996146,-0.059651403101389,
1.2,-0.028747129965231,0.071692521680758,-0.024765814734218,0.118507656640448,,0.164666281861436,0.059846779914039,0.190634371244243,-0.065802346902671,
1.204,-0.052326371206817,0.113435119392942,-0.041594969871413,0.108428716024641,,0.127685812595969,0.042966479536607,0.223030827797237,-0.090467030878065,
1.208,-0.056348369572103,0.138162090653865,-0.073368462829597,0.063278286130905,,0.110718507461897,0.012951515202859,0.176930184309353,-0.072678365890016,
1.212,-0.017890758047627,0.113214474239703,-0.105030325275161,0.035274521553775,,0.122387866396784,0.004159470934054,0.138853717312975,-0.049165274992384,
1.216,-0.007135085688654,0.090744487487856,-0.114900485664214,0.048201834674368,,0.151405786276298,-0.004063578893914,0.150343699793079,-0.044984625252589,
1.22,-0.044697172502231,0.105445380064158,-0.110856500286682,0.085428705711825,,0.146718196669320,-0.008828859777404,0.175010333634494,-0.050714183003012,
1.224,-0.080224697242364,0.132697269997851,-0.081389189375750,0.109391825547403,,0.089627498183650,0.018662767057055,0.205342274483339,-0.087163909188553,
1.228,-0.092771205465286,0.133021490397641,-0.056764042156622,0.107995985240923,,0.059300652587740,0.041296117991618,0.237258387856936,-0.140674397878839,
1.232,-0.106361329423685,0.126754071737288,-0.084229985290280,0.111280094974826,,0.098422280765923,0.014471586791127,0.233272600633462,-0.155198264478068,
1.236,-0.133410930678069,0.148885499400164,-0.122683589908941,0.117843504365887,,0.144570011434769,-0.028956044366999,0.190352147130274,-0.117801656040421,
1.24,-0.151359926668975,0.177733399174865,-0.124549571281491,0.103757978365138,,0.157637043392548,-0.042071253752840,0.155329908625485,-0.086113532399033,
1.244,-0.154285069138186,0.184829809758676,-0.107350212010024,0.088389859566810,,0.161045444520395,-0.014234000214698,0.165829835355809,-0.092600666464359,
1.248,-0.139525949921301,0.162166823712276,-0.096811904060398,0.106091504115593,,0.161201300006458,0.035095880472127,0.194402871067708,-0.099272305483347,
1.252,-0.099785492355284,0.132085248329161,-0.096762323570739,0.143402738757920,,0.147291107998710,0.076691941646578,0.209121477737871,-0.075928713880422,
1.256,-0.079977593957475,0.127512798638757,-0.089337868890523,0.162623370383913,,0.134698425166373,0.091920492192878,0.209187254619911,-0.042517609662976,
1.26,-0.101144875841295,0.141125394600610,-0.070174976795838,0.159570898724128,,0.158517251471437,0.070493629143329,0.182624784196031,-0.029846241155004,
1.264,-0.115361362163208,0.146184554353834,-0.066619857598714,0.144236517521310,,0.208530840717331,0.003411364625476,0.159252323944336,-0.020326061083158,
1.268,-0.111158346038029,0.134431568313745,-0.065735018908305,0.115414477567223,,0.205441277732450,-0.066160978460731,0.161229091854068,0.004664078103277,
1.272,-0.108809894419418,0.117239301141945,-0.056960677155116,0.080043140776561,,0.115301663450901,-0.061136668441704,0.157133402493209,-0.000765564763161,
1.276,-0.097723268485093,0.124439199600656,-0.062458014166238,0.067945221342331,,0.027790279857236,0.001149193932315,0.166227067105172,-0.052117943811140,
1.28,-0.077004508208901,0.146729295577189,-0.078698310161653,0.091277184436924,,0.036620664863625,0.048563897467818,0.196613053280165,-0.116659876359999,
1.284,-0.087847216428202,0.125463380819553,-0.094218601714361,0.111486604100022,,0.102751288653432,0.068941686197884,0.197048984224731,-0.171309752519675,
1.288,-0.140366737531252,0.057394238996329,-0.097065191206077,0.105588023034826,,0.149081064553989,0.053993851657955,0.170352513379113,-0.186139544569570,
1.292,-0.173080693361638,0.008090530329122,-0.097404320740665,0.095243360501339,,0.149460882896167,0.010397699434174,0.146669979366653,-0.155849238854280,
1.296,-0.158092396107266,0.019241034281063,-0.097985626744979,0.081794594207627,,0.109401721616583,-0.017666700903325,0.124097797191596,-0.126786312542502,
1.3,-0.118875333479469,0.056520341754560,-0.082797756037731,0.077983600930003,,0.082512281104267,-0.022162384731146,0.122821267351546,-0.123264492501481,
1.304,-0.060311139671972,0.090042660722908,-0.079413957955942,0.123254339239090,,0.093519928344750,-0.012593199246949,0.165538828001279,-0.122847553842842,
1.308,-0.019117333812293,0.136169466356994,-0.110834667471350,0.164476118542605,,0.095223184975674,-0.000482090828407,0.218461468075346,-0.108268968944025,
1.312,-0.036156338637256,0.172670100729471,-0.152875591809949,0.149812873523353,,0.081167599221202,-0.010608116123549,0.230786267763414,-0.082014657977731,
1.316,-0.081247685681665,0.166312723863239,-0.166994502092039,0.147731319088604,,0.094131361894712,-0.047166127268251,0.206230372007336,-0.093118848739893,
1.32,-0.103495864794424,0.133500446689320,-0.141119636698422,0.178871289454854,,0.127074074071915,-0.081535475235042,0.195616821643387,-0.139796720175606,
1.324,-0.084770175808769,0.107115025746780,-0.080265217278793,0.192133281594440,,0.136608703615281,-0.083270311011119,0.211938603877384,-0.135109114325517,
1.328,-0.048274450230181,0.117960280549292,-0.018542006596480,0.157292360320848,,0.125337716651072,-0.043192454262053,0.226505464979053,-0.093176731546798,
1.332,-0.026125874963257,0.155580441192559,-0.013523628282370,0.088280137156941,,0.117582580414021,0.009596239238164,0.223186611602356,-0.083387383842683,
1.336,-0.047143898094143,0.190121077572338,-0.043173262928335,0.046449536664988,,0.113596848440631,0.024884780302974,0.203833188084413,-0.095156514012456,
1.34,-0.101808971196400,0.217936414844693,-0.054865694168335,0.057644093714915,,0.110523296532077,0.027944445521232,0.185565524958447,-0.084159548825813,
1.344,-0.133948165166204,0.215478580732651,-0.063205474158730,0.107833157223546,,0.104397865850182,0.065974609173313,0.179385786158728,-0.055886141874476,
1.348,-0.118065140006515,0.155896138539112,-0.087722380173848,0.161233122698996,,0.097810912025024,0.081171920292393,0.167933630623164,-0.048648999641278,
1.352,-0.070992840392235,0.083943275868494,-0.119593916393179,0.164977135476525,,0.135424067694162,0.075411222646452,0.223554199506155,0.071716667769592,
1.356,0.064429143433805,0.153704431878387,0.096591514361106,0.459267176525488,,1.350744930450682,1.951026407374037,2.197952441151158,3.041318718491686,
1.36,2.616307587960793,2.141961196416516,3.386186597181751,4.289821657664459,,5.762415946832425,8.722228457673776,8.672548196563104,12.046798778500046,
1.364,10.198896893557274,8.361222313178022,12.497615020603376,14.014686800042353,,12.499677031274469,18.843396996479804,17.701646172068184,23.414310793067159,
1.368,18.808638161315880,16.456290493214688,23.080334086905943,23.621050521471062,,15.790595038312333,24.626237839524677,22.146606763178745,27.650025307137177,
1.372,20.973051086934070,20.261150090981594,27.130794188015855,24.957283447965775,,13.798375218835380,23.403684393385113,19.292627485871719,22.352604853618999,
1.376,18.113735650986719,18.408284343824263,21.988779866750431,18.416896019484618,,15.073242376020595,24.856597010078325,16.259183021944125,17.718987004309213,
1.38,23.344526789960870,19.118099067191590,14.385252899017996,13.485020771024399,,32.420103571234208,40.965198346542955,17.966313838268007,22.775002070717058,
1.384,46.987567792624375,30.586765290935425,13.151544670761592,18.789682572220791,,68.049402099622242,71.325612665349681,21.438507218613495,36.043260844368916,
1.388,93.502812812495421,52.830872098593488,17.779956631763401,35.921925729298444,,106.510604070112322,102.463340857361445,24.498693627874534,50.479213819483022,
1.392,154.676686840336544,79.587551538406288,23.848073162062732,59.233747112295006,,133.482415190462518,124.817928681651082,28.249809748380343,61.021037362504586,
1.396,200.695419187181187,100.373566905318683,31.253517882854940,77.455294099492932,,143.927724653250891,133.543074094638371,31.136950576039066,65.400943561950442,
1.4,205.547970279275376,103.064059046035922,35.503236924711381,81.459607159017850,,136.936189397267754,124.326740592575916,29.223954422054543,63.001409258413666,
1.404,170.718101673882046,84.293636318711307,29.926342175683232,70.598739523990261,,118.162258220418749,102.912928092981744,23.506263906886399,56.604807474590764,
1.408,122.046351413018968,57.592143263327614,19.349610893261286,53.634303380431319,,92.250114148084961,77.432441082830053,18.362145972126861,48.412006488450643,
1.412,81.865126504377372,36.960188130805861,12.243980342262397,39.327006083728008,,62.365980744087821,51.682941652176922,15.397119725266123,38.887567750522528,
1.416,51.306808830721984,22.951384859191784,9.726432543578284,28.268567938006932,,36.698020033949589,30.664953382158355,13.606486153457968,30.164843021960614,
1.42,25.832088332114182,11.675449915254100,8.954259371670508,18.700553377875181,,19.476678560852470,16.673874200305978,11.754423519404344,23.160116317774936,
1.424,8.447623113168882,3.521565330346598,7.796359596874749,12.039372081197804,,9.597793218990402,8.965960858101841,9.904426932494504,17.627627119226386,
1.428,1.757478623636837,0.111973624118983,6.285039044577996,9.127211398118513,,6.393501497353378,6.968013951244423,9.283767258250746,15.132371128581667,
1.4319000000059605,2.190762878943639,0.531785765431491,5.804178342647359,8.532175226650750,,7.450392375761210,8.274852404042742,10.123146115651402,16.016617547202205,
1.4359000000059605,4.887560069711721,2.454618130050762,6.891975438047669,9.206449028517071,,9.202966457276540,9.750409255220758,10.975022983165012,17.755242328292429,
1.4399000000059605,6.555735151924359,3.716406852886792,8.116797908236389,10.071368564011324,,9.594066493811232,9.760917657542253,10.628691204508392,17.996286584671235,
1.4439000000059605,6.308566065864165,3.629561905010696,8.130339074864736,10.040224144465547,,8.773015021548700,8.650347130913875,9.630559218026081,17.110296044468033,
1.4479000000059605,5.261671569587234,2.948731482314076,7.524139115343353,9.483076277749634,,8.522906480992425,8.285001393714744,9.597265778256993,17.189382670803219,
1.4519000000059605,5.062459455211433,2.825638915407775,7.548507226208048,9.567135443431848,,10.082022885298153,9.832255566118832,11.016499563797256,19.036100786402265,
1.4559000000059605,8.184168070908644,5.346081810090497,9.735598854924067,11.684060338734838,,12.837420640804716,12.269050913604563,12.518712067351574,21.332565591412823,
1.4599000000059605,16.302144808203622,12.164329729872012,15.017424552633480,16.398148175079058,,17.190493382439247,15.179434027124341,12.842237327644003,23.355331342677097,
1.4639000000059605,26.623153099805283,20.909576119222521,21.030668766400588,21.430948246916643,,24.497889572390214,19.928296765430296,12.392119773441511,25.812084179726629,
1.4679000000059605,34.848350349139253,26.893511797473270,23.259611198780242,23.624953696698327,,33.574919269863678,27.011767640854522,12.551602725055290,28.799973299756171,
1.472,39.234927974300966,28.105928026421005,20.333022021958659,22.618762598237431,,42.688829124070658,36.081079716977342,14.010038496781080,31.637195403430759,
1.476,40.914475415094515,27.088515045450990,16.236376848862719,20.896776387648249,,50.498867205994920,45.166936101984113,15.853136369947855,33.505508872039826,
1.48,41.400456887845522,26.473642868529179,14.532357341236793,20.313431994969335,,55.100421458345643,50.685447872855775,16.635947467057196,34.013357880138223,
1.484,40.429234364774580,25.724811314227551,14.553081875375032,20.390249074521904,,56.426249990165516,52.020992786923749,16.360546653478302,33.819333396007856,
1.488,37.661820550337623,23.931982471265083,14.510395226296325,20.017608559340651,,55.273357117740943,50.847421867234431,16.135276009246748,33.646605519353436,
1.492,33.795317735502067,21.475895623272770,14.007844030894464,18.989137674553273,,51.829643385540592,47.922477315079000,16.201396149399827,33.242568460296688,
1.496,28.876342486681359,18.535083124788521,13.103313549977848,17.128802801479274,,47.183465748989256,43.877848286612689,15.897019875629656,32.083679253741799,
1.5,22.847212634025027,14.991894925658130,11.615426976475007,14.219727590460964,,42.069607651737073,39.118417870447530,15.019459276379161,30.107432671776593,
1.504,17.434249481427425,11.735385331882124,9.941295715138102,11.264361562925103,,36.840627490869046,34.276399069769575,14.050928609559662,27.767326829171864,
1.508,13.887679488186956,9.607085517994083,8.636530587184836,9.121559670759357,,32.919538157893271,30.933253831409438,13.445764291541451,25.792594310066526,
1.512,11.918774752110897,8.610761985567043,7.867657693473236,7.709029710014728,,31.060946607109479,29.876593181560029,13.277647984417644,24.394383572497230,
1.516,11.230304420227901,8.546373777108789,7.609391084007158,6.903761653702631,,30.883412402491107,30.686124911028504,13.411623716636905,23.424658367994493,
1.52,11.640883529597684,9.195092456335317,7.685755547603699,6.564111095789244,,31.925451201720101,32.553134681256111,13.703213222112197,22.961685870165027,
1.524,12.855305476257900,10.292053451451549,7.872454143731266,6.540006160034046,,33.715048351705619,34.752448949277380,14.008769936820839,22.973606737386469,
1.528,14.360290715798582,11.422877875849633,8.036774243070930,6.773500710074876,,36.113265689120908,37.120782087042627,14.095178957951903,23.223056928157515,
1.532,15.783697218791321,12.317602542688952,8.145126515408663,7.145652965447765,,38.931037384922092,39.493477580672611,13.803372033358375,23.504917497302038,
1.536,17.222206345171113,13.012478622247755,8.119889595776074,7.565346679210218,,41.334402598784727,41.228338264334795,13.292426185696744,23.735947558325861,
1.54,18.699876472198049,13.514070090763482,7.863199916302503,7.967163775062731,,42.839583387259012,41.996612737097763,12.645039236563633,23.814171631789382,
1.544,19.787335423248670,13.713089514484224,7.446255704795527,8.182513502617162,,43.549897958238986,41.955692349235143,11.818825563362484,23.563518078888261,
1.548,20.209648548015309,13.533054502293894,6.885492264721527,8.115767527311455,,43.551155919684497,41.333311770768070,10.984677882206810,22.971350271392645,
1.552,20.087934901405678,13.000220250940927,6.152219965401649,7.825295114212842,,42.866910873310282,40.233099007076440,10.120426093518411,22.020235748431155,
1.556,19.601104177333873,12.291613586571239,5.431206292383449,7.417953459141973,,41.642837658698319,38.742560376684089,9.092153837199051,20.733913230251218,
1.56,18.766393861364268,11.439518175678430,4.713218549803716,6.873832696361486,,40.314042828372379,37.255950557285118,8.118897554414181,19.455900816089102,
1.564,17.561260350843419,10.375670382507279,3.891487501193785,6.166340223664393,,39.158734449921447,36.054481602445783,7.364560809806040,18.397466721410556,
1.568,16.260958055764547,9.304411768852749,3.185884806671281,5.505431449443559,,38.030363524293378,34.900371296412352,6.661511551090085,17.354832454258414,
1.572,15.133487969290602,8.414625867490058,2.721158647127927,5.030208569221900,,36.816316271206773,33.565730160896763,5.885030475622930,16.216987770422051,
1.576,13.958663862922997,7.581632295712039,2.340931230738090,4.574888326019639,,35.730940806798046,32.298296630340616,5.163418811955253,15.250623491422822,
1.58,12.514536448727350,6.646661845922111,1.930649100973905,4.003784814162017,,34.757800566884072,31.082178592224054,4.507541356262204,14.441659597798058,
1.584,11.127528933302285,5.728728003429513,1.535841274712484,3.469361862306291,,33.645279590613804,29.641498280570790,3.826464685415607,13.524629869057938,
1.588,9.910540954606645,4.881485962879999,1.168335981146117,3.050017226932357,,32.484637502941972,28.192795491855261,3.221776793410347,12.604150117650612,
1.592,8.674021204862923,4.034683799226160,0.805816784935197,2.652610465614639,,31.219228715801020,26.779147881435140,2.677888537995193,11.683070517898752,
1.596,7.566934241502381,3.326297396494307,0.509608205477122,2.306803745704929,,29.655705379958160,25.196009118756123,2.123095479608314,10.617556597047399,
1.6,6.575576840278149,2.775647641914167,0.310975968308491,2.009448739246986,,28.083488237851704,23.673937779066371,1.682474793596258,9.615762523398377,
1.604,5.507344599802558,2.243373978178691,0.206457049160169,1.697607536056116,,26.764283498024007,22.451922037675693,1.396855527033110,8.877840410829879,
1.608,4.482649017140967,1.756879592670261,0.151317120972484,1.417605195555661,,25.400601111798174,21.262676250931708,1.210968179604761,8.289286890669507,
1.612,3.648862400393520,1.371452697764982,0.085973417901384,1.202338355631055,,23.713108537342070,19.818839649850872,1.103679596162049,7.684912683006761,
1.616,2.955947690964995,1.061403872665067,0.029256832768232,1.001953526847479,,21.976522336741670,18.323954726450289,1.017464842510448,7.058249186483073,
1.62,2.315795560510844,0.806936880720312,0.001868085849230,0.808428933612785,,20.192320643001256,16.728024732533008,0.863882739692589,6.350232578207718,
1.624,1.759542854884867,0.605829767477723,-0.018102977403914,0.678031395743704,,18.135298960876501,14.807258347180493,0.619193513144645,5.462932859371339,
1.628,1.245906678948053,0.413376772131378,-0.019429303645585,0.572064031127622,,16.162013760455959,12.937942840759394,0.389143608802111,4.558336557136148,
1.632,0.688416254729241,0.192526369702859,0.007129768340447,0.409082173388054,,14.255696641745265,11.208943314070396,0.255941206877045,3.761982368446390,
1.636,0.224763387270208,0.006286544202244,0.020239206661338,0.215731967672891,,12.118523542284194,9.415262978462643,0.182558825706748,3.017925600074036,
1.64,-0.022729030000934,-0.078701370839404,-0.013140332118074,0.089646156163123,,10.148035357058001,7.874202493201322,0.136843561923289,2.370777204050528,
1.644,-0.069888093852775,-0.061283866802334,-0.077731637985470,0.108805983010369,,8.640701326209427,6.760437838310400,0.128353158092338,1.874668248729601,
1.648,0.013282486329061,0.023979758554182,-0.092108278646637,0.204526783768034,,7.156065148720420,5.652054501926821,0.140706269841858,1.460143530051446,
1.652,0.105976133138500,0.102284573398069,-0.017956265138970,0.249697457079776,,5.376137977479302,4.287119528905392,0.150053276407073,1.062628361192642,
1.656,0.127970711731679,0.119116095050397,0.056201472817558,0.253549665695977,,3.725539667792856,2.997625545979358,0.162033701972776,0.691389510742912,
1.66,0.098747739813913,0.090641912736464,0.054463028696016,0.268435963041413,,2.377213167940011,1.848261772749535,0.185955935416438,0.315151140709384,

Répétition:,3
,K-Delta Left,,,,,K-Delta Right,,,
temps (seconde),CHANNEL_1,CHANNEL_2,CHANNEL_3,CHANNEL_4,,CHANNEL_1,CHANNEL_2,CHANNEL_3,CHANNEL_4
0,10.570099830627441,5.258999824523926,8.686699867248535,14.021849632263184,,4.914549827575684,7.801350116729736,10.401749610900879,13.978500366210938,
0.004,10.675900459289551,5.316899776458740,8.391099929809570,13.712650299072266,,4.758649826049805,7.779049873352051,10.148650169372559,13.774000167846680,
0.008,10.691339133529015,5.317515348650348,8.348916856914560,13.665851120826540,,4.735512004766978,7.747138686464398,10.106404768249947,13.711068896468843,
0.012,10.726187272658622,5.321806958705287,8.280130026129079,13.581196290289789,,4.712565399722079,7.669868940921289,9.975941841002065,13.502199067848917,
0.016,10.837589050062613,5.372656826787245,8.137716325706467,13.437007184388548,,4.692091097291447,7.582797341102180,9.686590819138001,13.125226955218356,
0.02,11.010536758308694,5.451100313946232,7.936937502175585,13.256635388184316,,4.660053662203264,7.493111960717521,9.317727073944235,12.735061462020496,
0.024,11.121530461603188,5.499041356260117,7.742859197416729,13.039766463041074,,4.613310560001851,7.353945918732980,8.915966327452853,12.355340827312290,
0.028,11.142522606756414,5.531853777497171,7.567280653335132,12.796911301231496,,4.567269079446453,7.149593517074395,8.467126063913213,11.882178914336972,
0.032,11.119769744496772,5.545334895459896,7.358244452865867,12.515733240087872,,4.516752330921306,6.947050718294704,8.014508977620315,11.352702346581538,
0.036,11.034063172866469,5.507020510273824,7.103075840422770,12.138082788670783,,4.429507112542743,6.744514387556139,7.516615562805721,10.789525503279588,
0.04,10.875168586787584,5.444819057520840,6.853208395661246,11.703718399078650,,4.288054969611164,6.475489353833755,6.913636594995853,10.139524769305529,
0.044,10.590277029148927,5.322416562823904,6.579657161752932,11.220645705965360,,4.121741790344844,6.183880437399319,6.334646088941239,9.475167580216421,
0.048,10.128490014016077,5.108100015127619,6.215288091781244,10.615581210862761,,3.931088296077909,5.904958379641785,5.897182386883030,8.910899909356862,
0.052,9.600660741768293,4.902952937110805,5.828147048931440,9.979856862292749,,3.656773539697818,5.550534230518323,5.472394299446160,8.349457256578255,
0.056,9.017308733986539,4.677369207157753,5.453866047462179,9.297628797499513,,3.294924581570634,5.089576990230210,4.947010305865269,7.615283785734889,
0.06,8.291111142839956,4.321518966457845,5.046601362189347,8.467352854663861,,2.935500011512863,4.632980099526736,4.438534750816131,6.820965260778505,
0.064,7.532856778669372,3.930099206218797,4.640110967191294,7.661671161241001,,2.543819763437426,4.173573948192380,3.956661411690249,6.055779453342893,
0.068,6.843060780412806,3.606660948839855,4.266610112831810,6.982677848852803,,2.049521191543024,3.624548078291427,3.428718996604273,5.256568367579764,
0.072,6.057317347771137,3.255516978939514,3.842436505486407,6.248893566295363,,1.573645994842478,3.071169234264950,2.972638210495124,4.555212506866027,
0.076,5.064888299861838,2.792068284885051,3.330199224970162,5.392776991219352,,1.204758764501327,2.578373450468094,2.641595131193491,3.986885120879796,
0.08,4.092077550450966,2.334427329937237,2.865827537052394,4.606884618728097,,0.930030099008484,2.129789502843413,2.347157642096476,3.419700840002015,
0.084,3.256484250872665,1.924903202065992,2.465298088248160,3.905926341651028,,0.734757402059352,1.800921354000773,2.074397087093190,2.893759052011533,
0.088,2.485401543626700,1.501284532736879,2.039622038083632,3.184102937301471,,0.571658288472514,1.623067897307832,1.841141530260659,2.487682682998806,
0.092,1.835340094643039,1.133524403413106,1.656437157693314,2.551853348962826,,0.433295318850396,1.475101606685176,1.647176020723291,2.144764044868954,
0.096,1.320084992090500,0.877493547671004,1.341404549929960,2.035036743749126,,0.367686405600112,1.294560482663592,1.486438771628936,1.831434193516577,
0.1,0.901443541702280,0.718084701183014,1.062280121964943,1.556939998336776,,0.357825079061360,1.131509549478549,1.351065515524599,1.598582133961771,
0.104,0.638808717915627,0.632801058153536,0.848733423009987,1.192647625043756,,0.347533866961232,0.957094540536306,1.224824562589745,1.399578363341421,
0.108,0.534817295583142,0.573750433549726,0.685986740828116,0.986205164085337,,0.328737534683388,0.759230282129017,1.079977448023376,1.174992293506936,
0.112,0.505726373839202,0.532451008665970,0.561224446729149,0.861444757592780,,0.285641023218847,0.634922334474871,0.932876542014835,0.971893099813836,
0.116,0.488096018670411,0.506057830410549,0.503589054935528,0.777373655213056,,0.220296805763700,0.592823167879125,0.811497991207674,0.801185088320958,
0.12,0.458475327823440,0.470127647483498,0.497251711210882,0.731474226906929,,0.165522094810692,0.563115115806356,0.723624386698011,0.638697988840714,
0.124,0.453543040836719,0.467843521282268,0.490352229129838,0.714929067603228,,0.119750660242978,0.516789693332189,0.651807735675926,0.503386660260942,
0.128,0.495220736427109,0.517375732058914,0.467484848316201,0.714537971936860,,0.114406848116664,0.459408678337126,0.573035537191143,0.432454941260234,
0.132,0.541895915165109,0.548005919884789,0.456508963427234,0.706169583556623,,0.147841363539188,0.404838527752245,0.513871291526426,0.371896141139514,
0.136,0.557074314948570,0.530936694955550,0.471577644973139,0.704415386439002,,0.156711964548396,0.344750543003539,0.494110666594048,0.237362470761359,
0.14,0.541325687990035,0.526618984728922,0.497197333494756,0.733553786600825,,0.157273305877109,0.270443256592322,0.465406314353205,0.088466937899307,
0.144,0.521760706961049,0.560805039872882,0.513193149884409,0.748663632499649,,0.171268221229727,0.205555011092169,0.394576044678328,-0.026731357682336,
0.148,0.513636449987160,0.571700082962533,0.510523001830625,0.725223895665422,,0.163910455818391,0.170942330041929,0.335184998344949,-0.124637729836499,
0.152,0.505175231208701,0.530656883171145,0.478361819403198,0.691255443713625,,0.120005332930612,0.147374902158184,0.331184048647432,-0.159085606736849,
0.156,0.506070765640291,0.480930026134089,0.413839099382298,0.660179002759809,,0.096578145102074,0.119623121819729,0.355239573094775,-0.122786288019787,
0.16,0.518040657893292,0.463560342237316,0.380512078839884,0.642690815338088,,0.134538837090881,0.111422422609093,0.378756316570436,-0.060665955099049,
0.164,0.510590949441865,0.491354448453361,0.438504280348518,0.660325146684646,,0.155631469882807,0.137563413959622,0.388175687820704,0.007907569965612,
0.168,0.501320632368883,0.551887137903398,0.559607230192365,0.721509949126441,,0.118836685294803,0.175965780821978,0.381205521106978,0.074469122849188,
0.172,0.530460967632199,0.616812732749036,0.713112047354446,0.820268983991198,,0.089189651722012,0.222456875721071,0.401525974985157,0.182817741277266,
0.176,0.617821813564373,0.693731752730675,0.903603502887626,0.960242975670971,,0.097453370954676,0.299532557480761,0.508495622075357,0.391461066535067,
0.18,0.758270734440635,0.835965178734562,1.108990792202339,1.118076538009561,,0.122704323231119,0.417009846042349,0.700311699376003,0.652406845864113,
0.184,0.911694431798117,1.035507439352414,1.285148398388137,1.254871692128374,,0.139703027947195,0.618768101673565,1.002998439101533,0.985028260966861,
0.188,1.056036408051808,1.193436180587994,1.418798696017035,1.396667770244445,,0.135594933436141,0.922284185765240,1.451582790937719,1.437439884223238,
0.192,1.254438179434726,1.276781452396175,1.588082548516444,1.637568216295326,,0.140714766243363,1.249442927434826,1.941273651159698,1.893075134301714,
0.196,1.551586027514251,1.358343554952067,1.860340187758742,1.995683740638607,,0.192746233741938,1.618343250150358,2.416966332491764,2.404187738891326,
0.2,1.857762151913840,1.483457929146186,2.154325534756277,2.373892703831193,,0.312507257010170,2.087575570854723,2.915797427866186,3.093016423187545,
0.204,2.179157339852791,1.660986458955076,2.454785395499362,2.833324588999596,,0.549439221196953,2.569997445010514,3.385957145695134,3.821154335595863,
0.208,2.600766853620340,1.884750843240141,2.823773479323155,3.477496169973860,,0.962844465649200,3.001829508040777,3.744581143780042,4.512616199834221,
0.212,3.028572643857708,2.088724519875812,3.176827141180421,4.122761077606715,,1.702236043401279,3.561139491305012,4.085933732819353,5.467116501814774,
0.216,3.346294567894709,2.203711333656352,3.417007795291160,4.597319643727665,,2.806913781946189,4.423706357455195,4.596389219045426,6.874445540143563,
0.22,3.541505107764200,2.222623002658237,3.541512240018161,4.933352556216148,,3.895381649947501,5.393208699066243,5.221600910152675,8.342197590189182,
0.224,3.620550271220011,2.186421651092393,3.592246278601873,5.166869090869174,,4.682093937831096,6.228322472831673,5.870237613623861,9.595915283701762,
0.228,3.620531105051109,2.153871681312836,3.650265549398669,5.332622045277965,,5.209386818333679,6.836103892062930,6.514323524553191,10.654586692130824,
0.232,3.623931569893873,2.167721985705238,3.821293679427897,5.489830872562210,,5.504851413822157,7.148639592426929,6.998305838168845,11.345000702527198,
0.236,3.668393818338683,2.252172339724083,4.145863956624597,5.703545346521996,,5.548388657624107,7.216948315366612,7.323953903491713,11.676634029073252,
0.24,3.747536532873854,2.395274523566267,4.537100097331831,6.015030644652673,,5.373024580481045,7.128684818780082,7.610928891041252,11.882672493138664,
0.244,3.948036832797452,2.586709775553364,4.963056260615726,6.470230311003016,,5.133052235832885,6.974321730913594,7.825177865680716,12.029389533563101,
0.248,4.320030526344817,2.831847941302477,5.451228833423239,7.092312806287106,,4.956722436458449,6.863008658859746,7.970839532749648,12.169637827228769,
0.252,4.735135177052546,3.070570278697846,5.929225336053556,7.760409601122596,,4.889940458334221,6.891500648776435,8.217105818813501,12.501488879521347,
0.256,5.202427756648379,3.312033581982776,6.388916906794764,8.473982756273198,,4.971632664418845,7.092777048627262,8.666227708982442,13.134532542807069,
0.26,5.824081752007230,3.608648496891792,6.893014338573183,9.314181856601856,,5.220498930873429,7.380305685782233,9.210881927275354,13.923583766108992,
0.264,6.451372498232484,3.875335975764045,7.396529933334643,10.127634479127169,,5.753247471121217,7.761667855225115,9.845923124665209,14.903484727402851,
0.268,6.952295988654364,4.057303148250491,7.832033007596042,10.796271644096018,,6.601766342203841,8.297836204913448,10.629718105384740,16.171470239872971,
0.272,7.473535915573128,4.238355885691078,8.257564257416936,11.530643780890520,,7.481320291236266,8.897832781275717,11.361048569295505,17.445150904160375,
0.276,8.113886789175881,4.473476317384562,8.747443909654800,12.508352215661162,,8.283029568550544,9.519864927853757,11.991681511838211,18.691439409716253,
0.28,8.717399522977532,4.716842182424108,9.229626198816513,13.496012998931100,,9.101503210852981,10.164445365052792,12.696193258247732,20.030301126664039,
0.284,9.289460427747814,4.949416835753068,9.728387439441549,14.401612848716587,,9.812213374810328,10.740893651418206,13.423915378009347,21.179054707988659,
0.288,9.963790813122106,5.198071224651144,10.338318085820401,15.367518308257511,,10.306176944406330,11.218323049991415,14.069881762167526,21.987830037184914,
0.292,10.622352716872758,5.472072528702123,10.946952594775615,16.304092052382778,,10.647186331524241,11.632965669663363,14.688691960023448,22.686002379671830,
0.296,11.267176872830222,5.783974136042073,11.542623846390626,17.247430782758432,,10.895288957589200,11.984849145613296,15.318465783434464,23.419802785162418,
0.3,12.031426959221701,6.122654765959869,12.228951069635475,18.309125712510419,,11.016403918103752,12.239831692701296,15.868475760982994,24.044757691701456,
0.304,12.765990912288874,6.428189801441325,12.881507979997890,19.314206578181320,,11.010234648072926,12.429481851379002,16.351214485042608,24.498616729909116,
0.308,13.315025899874950,6.671291447946476,13.364606797804420,20.150103862821329,,10.974336370997978,12.621819632297202,16.870957007320602,24.903713840727519,
0.312,13.784898280467278,6.873402627623443,13.764213264799743,20.950574586615414,,10.975723713428456,12.800238711227898,17.373255098188903,25.300607815824566,
0.316,14.264028336331924,7.030069733968493,14.163049692812073,21.757053744535014,,11.069585956049384,13.048967183737439,17.903794670995023,25.772314723806417,
0.32,14.621795449481056,7.114927850964916,14.477359048988063,22.392682986566967,,11.294371192685531,13.457729032669000,18.563157609464604,26.418991970761692,
0.324,14.745864770250215,7.131372452484568,14.705402281154443,22.828331168682269,,11.592059041730700,13.871788034141645,19.223740277891899,27.142852669435882,
0.328,14.696758071522602,7.099004298549835,14.977254644906601,23.164238843204096,,11.929334703127793,14.243322702455425,19.863625149449692,27.889792227766790,
0.332,14.588517719285601,7.051156790250199,15.278558134164410,23.389580116917514,,12.297319989962102,14.640091042084480,20.539994268062308,28.649697973015201,
0.336,14.501715293056803,7.045018423269749,15.560580007702818,23.588353984259097,,12.609938467417225,14.960581874099260,21.116690957218843,29.254879419623727,
0.34,14.493681695923371,7.108729285096048,15.871348485315204,23.869968430678902,,12.807657887109164,15.162248245382930,21.513476038202267,29.679534109236911,
0.344,14.569700001499443,7.220260614766383,16.180604035525466,24.163573316489718,,12.892419960068443,15.293273225190852,21.858658276509729,30.058857504056590,
0.348,14.630030360984236,7.346951393967742,16.439220589821549,24.419729256185857,,12.895897002519144,15.364886236616156,22.244491628640446,30.404250703409719,
0.352,14.681799906299812,7.466066313433992,16.697913007505782,24.775317890037034,,12.854671856147785,15.431578112207106,22.591157217885261,30.668462201021878,
0.356,14.852598503943973,7.572163631305719,16.999948726381010,25.318568359745452,,12.739912271884078,15.531078027095180,22.930376786102279,30.916467082145061,
0.36,15.120303338438015,7.642041197763089,17.323982559768027,25.894347832183445,,12.555633619145942,15.630164075672269,23.357045220587988,31.204233536123162,
0.364,15.432391005780945,7.651535141609500,17.647377820942321,26.446126304908052,,12.421729942201619,15.719752505096441,23.773656258825177,31.473645010879316,
0.368,15.775996831243607,7.659157672637243,17.951463867203444,27.053526657363573,,12.396618345216408,15.837291704900748,24.150695379246130,31.807026854181412,
0.372,16.064817304944388,7.727529069723800,18.213917861036055,27.630465263149251,,12.461939599834762,15.994140885877181,24.549864882235269,32.299674198319025,
0.376,16.280854918914788,7.835605092085816,18.463469774828503,28.122819987565514,,12.623485914644194,16.157888344480355,24.917772525038899,32.787745723931423,
0.38,16.473822012425433,7.934734178910146,18.726572262706089,28.583946300959987,,12.855310671771289,16.325615858931602,25.216621995023992,33.162169518329392,
0.384,16.633579251115705,7.996346979935657,18.961167675661940,28.989466322690934,,13.136448844834412,16.533228613542818,25.522108347260570,33.587630736503527,
0.388,16.759025833189053,8.034603914321275,19.148081569023756,29.312031692294514,,13.472966800024846,16.780810679238520,25.900938624445917,34.172100269644268,
0.392,16.892647191435728,8.075099362110972,19.384900958381920,29.627356514955437,,13.795396789768210,17.019421488465124,26.295454944988343,34.735870313277189,
0.396,17.035926695996309,8.121922534018562,19.731481197475027,30.019263218012462,,14.053610193918708,17.214878945792147,26.638054522989869,35.192977141288992,
0.4,17.160300103069691,8.183782132087472,20.078967784882977,30.457028340396434,,14.258424407066489,17.367020228763870,26.932900087695231,35.622811530703558,
0.404,17.289056629355493,8.270287123143607,20.379894746256564,30.922769391409421,,14.369952243898188,17.468902416415723,27.173275637835552,35.962523279434450,
0.408,17.441527891440860,8.373014027562832,20.706594191556555,31.413488349509464,,14.362983687749502,17.519282929139184,27.371732251733654,36.164289559475399,
0.412,17.573117541238226,8.460982531480134,21.045180532148432,31.831638218264246,,14.254857863794829,17.524187480380547,27.559649493656281,36.298426408707464,
0.416,17.642369824377571,8.520208830055571,21.366139466087326,32.213629392660764,,14.077989672418781,17.510977871300611,27.735639203473475,36.418531023298151,
0.42,17.677030900110488,8.584589596855734,21.685067239479110,32.648615658556885,,13.885938256105218,17.508962153573531,27.934922193394954,36.545626960428841,
0.424,17.734862944129375,8.654449442021088,21.981520011212254,33.043603186401000,,13.689948926257001,17.444469010912464,28.176845226333004,36.696053504370191,
0.428,17.802963261706100,8.676949829750539,22.248416736660303,33.368910145614059,,13.479258637877665,17.263128242056538,28.419881243564443,36.880129754860953,
0.432,17.844913022095042,8.635494335617460,22.525958783651557,33.755361739422476,,13.292854045930961,17.066493367890310,28.620858421900571,37.069140156918586,
0.436,17.866717279531137,8.559714000580319,22.848981080987457,34.242574287864542,,13.126688322273655,16.890398990042065,28.795722685350952,37.288807260144523,
0.44,17.884556953023154,8.493574292032420,23.180347461857135,34.712783632463136,,12.959998493177633,16.688277822261636,28.999322882865535,37.589331555396022,
0.444,17.874084163181781,8.447356451610151,23.499444515408076,35.120496612131234,,12.834788588122759,16.526956563250661,29.192139072023004,37.883406755648977,
0.448,17.778961614463231,8.387021028271736,23.822667803907301,35.499103695712314,,12.712826054335657,16.403995715402054,29.341802976463679,38.144004480313612,
0.452,17.615898149396990,8.300964835603263,24.083595473253357,35.813229736095522,,12.535548257300489,16.239179939278486,29.497338804763555,38.456501482986610,
0.456,17.399096676289819,8.197541465581223,24.281169673819910,36.069157114477321,,12.353149808619568,16.052860507415431,29.681922047294194,38.791371318137877,
0.46,17.117565830864116,8.086133343798538,24.498771436780846,36.302509562607575,,12.197357936279710,15.846178862878077,29.882276266460664,39.068774850654599,
0.464,16.821854431849424,7.983206624994440,24.719768609314094,36.487314313306612,,12.009961233320084,15.598872485244232,30.116681208071952,39.325549731272424,
0.468,16.541494157536615,7.879895668126943,24.935583786537286,36.617051974134682,,11.750428650873678,15.354366492439299,30.401209137469145,39.627035608598995,
0.472,16.247535282623232,7.734585115410064,25.169142033187825,36.742988526103630,,11.462377588155645,15.165968211268808,30.658127419951693,39.897354944820776,
0.476,15.918955330219983,7.543333682941914,25.375355573012811,36.900560378008592,,11.129184214383809,14.976350573862053,30.821316654551893,40.061377637199307,
0.48,15.585740794211137,7.371671856704843,25.544110238905876,37.037762649564044,,10.709758598500748,14.710602303452703,30.940894966198556,40.144900068629624,
0.484,15.232754803537674,7.236993959004502,25.735719039638610,37.133419551377699,,10.318128962642449,14.445709410306861,31.088688737390768,40.157612933961836,
0.488,14.833460815364198,7.090018123518414,25.959655077288556,37.228425478554186,,9.989925309020245,14.200680251099708,31.258643124238727,40.174640268785645,
0.492,14.476354337491530,6.942919920414084,26.156064775125902,37.315969979437156,,9.647960603022613,13.902448012112577,31.402751049686700,40.285748102695436,
0.496,14.175796040246670,6.821595312282515,26.317504061627112,37.386850236944028,,9.362532472064821,13.609878984349592,31.505868760062008,40.417356674954533,
0.5,13.837999232559836,6.706236606563078,26.473203977888502,37.448845457674594,,9.174225182994052,13.413853476486949,31.602536536409822,40.466118030971906,
0.504,13.467440808355619,6.586441784610334,26.627020826970650,37.491824365656413,,8.926118558062123,13.255377907374843,31.706246194272691,40.460740542917264,
0.508,13.126785415178549,6.433517738277740,26.774845177985629,37.496521828696466,,8.529253737003700,13.025510691859974,31.787945707581724,40.450840730786410,
0.512,12.825643884453449,6.230875862437071,26.870916359263667,37.473292095530162,,8.125903096910136,12.732806963735136,31.840068679684485,40.391028037656227,
0.516,12.525455832227845,6.027859838718826,26.890796234136964,37.453012171381729,,7.775936082212433,12.415920509658578,31.870667053824434,40.225786692370662,
0.52,12.218695530856664,5.877874418759036,26.890344612170100,37.436321995296531,,7.395359683103135,12.096673129358582,31.875341209543908,40.003562951781042,
0.524,11.919750027059962,5.767100025872238,26.930220378097712,37.399024428568801,,7.054118124731470,11.847827919111314,31.850886636669589,39.844774661411115,
0.528,11.616167955879797,5.638277653197281,26.998399620398843,37.313667040369310,,6.855966597993534,11.664501331593229,31.802484632158809,39.789195497642915,
0.532,11.302660721189813,5.478249321922175,27.030867762844540,37.183622649660037,,6.743882770814736,11.475057149652912,31.738069333020388,39.761163566318039,
0.536,10.976634052054987,5.317099634326369,27.003027639799761,37.020950340193323,,6.606499253873565,11.290978365507614,31.680803773559113,39.674157874886930,
0.54,10.659584365857338,5.167808882172077,26.953506010217843,36.849141266243500,,6.408902204351151,11.148659366984001,31.640045831043125,39.508165443922024,
0.544,10.398094266654326,5.038839912127522,26.934177394916553,36.744737919054216,,6.188671246227498,11.009903071101093,31.600504817477674,39.290952839971595,
0.548,10.215238806224919,4.964138602808491,26.942815248134909,36.714918662637324,,5.980102346460162,10.840643107643178,31.561810615550890,39.051485448383637,
0.552,10.060180275428706,4.917772453748233,26.925362541582050,36.641033377292786,,5.794144137069804,10.675533776448113,31.502789880642528,38.854487751065491,
0.556,9.876869698412609,4.844278576809614,26.852973324761162,36.455470419087774,,5.625576630760888,10.522319484430778,31.388841166533297,38.750583724294508,
0.56,9.690271949626384,4.766311480797077,26.769605667013934,36.238159901539547,,5.452581100067116,10.367920885906761,31.273642922601830,38.657907342716854,
0.564,9.511393259082377,4.683275101101343,26.723652608290173,36.073496986115501,,5.288474331740997,10.210458014337053,31.246165432511237,38.490307890454005,
0.568,9.329753107679824,4.566419196819032,26.707011202946116,35.944663615220179,,5.149052126117158,10.038299854666628,31.299507339340408,38.320207249233746,
0.572,9.163418839977803,4.470868873654201,26.712154989348569,35.830294858599174,,5.018490136312042,9.880164768509701,31.385328922134406,38.252397685698789,
0.576,9.009001039048972,4.439604402319837,26.738297447548302,35.742871330766263,,4.915529167606568,9.783119224477124,31.469423252922692,38.256013670652287,
0.58,8.854482601859695,4.424943168753682,26.769860200002711,35.679756313683960,,4.831915054490213,9.747300287052120,31.493392567381299,38.224628672442812,
0.584,8.750042134397177,4.409484164992366,26.813303832965868,35.651327191974502,,4.715535529560971,9.720903944789383,31.494803109546520,38.164760038078285,
0.588,8.724941325823217,4.424395766389495,26.878111897892680,35.662262894580728,,4.581641148392285,9.654426158023631,31.601846952744715,38.171168498840586,
0.592,8.674821165511212,4.447031370513358,26.953438358284011,35.684832096306451,,4.472460305660670,9.572180538891816,31.802878253461575,38.228861447543508,
0.596,8.543633660727387,4.418960996757176,27.022962110594463,35.722085478754401,,4.334882662507531,9.526161029515965,31.988392301944504,38.291906301262962,
0.6,8.447920788439768,4.362040379521893,27.107013275976868,35.783759446986160,,4.132227825036882,9.512271560463065,32.134569278292872,38.366403767300291,
0.604,8.418639924241901,4.338692804847547,27.263908900865061,35.845019470529515,,3.960637690847476,9.488197382019822,32.282714371806890,38.414651890670115,
0.608,8.375610210439158,4.336636620676073,27.487367991222733,35.939744311948516,,3.860054795558722,9.437136290345478,32.470610078884896,38.424138744675687,
0.612,8.321229344044330,4.349641824589082,27.704912029277484,36.124208908781611,,3.755281409172888,9.387370981294794,32.703103431979009,38.432262618634638,
0.616,8.274924296035305,4.392993400660478,27.933502731804303,36.358518711561516,,3.641430680556784,9.359608650649205,32.936709490231088,38.465353517462610,
0.62,8.214361009703312,4.456514804743751,28.244055407254763,36.578165895150477,,3.554723794754795,9.326557984402520,33.134866227070674,38.524601766261725,
0.624,8.150587520674097,4.537723266181472,28.580641551491510,36.766921835886166,,3.450409977651294,9.279382051113384,33.307360505967559,38.617356645795809,
0.628,8.131673897659613,4.594232582043521,28.856896028476335,36.941183234394543,,3.308478888208791,9.242295190996231,33.510534576001646,38.734712703401989,
0.632,8.147553963449186,4.615675839803219,29.123634438704009,37.145909146382579,,3.195700522525294,9.220143143409153,33.767230868696245,38.798225972003614,
0.636,8.145143613522999,4.673060730252806,29.453403008009158,37.392639655134303,,3.091972500178934,9.222343305241072,34.047361514199451,38.812487377352895,
0.64,8.106602837343278,4.756243853342381,29.783625228520783,37.609374133611539,,2.924838715745599,9.240716969580403,34.322816591367854,38.864059843640042,
0.644,8.041229057735507,4.806297422918425,30.085623298879590,37.780323594813382,,2.746262725086085,9.226283650702877,34.561401025080087,38.957266233325406,
0.648,7.973198778599916,4.838420448348988,30.397057206329563,37.967016695049693,,2.623723635519382,9.177740752208553,34.800839462860203,39.024174165594069,
0.652,7.905682404739396,4.881595489912083,30.658720547481060,38.141945623168567,,2.543817701210472,9.147883350963607,35.076056112332097,39.045078181687863,
0.656,7.835914308480492,4.920511166775695,30.893522064322994,38.254273104578374,,2.481858168155648,9.163654118447932,35.323073393330091,39.095894814117464,
0.66,7.766305515852321,4.933573546454258,31.137974410535804,38.320188401164970,,2.413261664086578,9.199335776849328,35.519953174166119,39.182086722178681,
0.664,7.672599938304359,4.930938538015541,31.275770722862639,38.348747436448008,,2.316671006003723,9.203706658504135,35.680643805953245,39.215210735546137,
0.6679000000059605,7.558037084495874,4.931592059978035,31.287315401285355,38.319590839529830,,2.211734676621485,9.165927986516612,35.790458703900931,39.131924995816583,
0.6719000000059605,7.422490839260740,4.912779604563818,31.256785971235054,38.193520176804739,,2.110778251934868,9.123320499805969,35.840110388440657,38.929104525065718,
0.6759000000059605,7.240150745394885,4.847192538831465,31.201221012297591,37.973606100437372,,1.969824411582288,9.085928492583523,35.804361651828160,38.620597875039266,
0.6799000000059605,7.014873249016750,4.770492182547121,31.093565215654074,37.710285111138688,,1.785395013570391,9.023217867057463,35.668237203810712,38.190274217437093,
0.6839000000059605,6.747069790854557,4.669314577310251,30.888339281380542,37.350989968036728,,1.634551338335374,8.956839070000422,35.441237997680687,37.666280978571017,
0.6879000000059604,6.464563959248654,4.500574450524494,30.569075533928185,36.801918020289236,,1.529383550168583,8.858477019250948,35.035300513539497,36.951118387016471,
0.6919000000059604,6.220772048436034,4.343247275898729,30.187050582194416,36.099503468265119,,1.411525598784462,8.643700116862243,34.362327613987425,35.911645281121764,
0.6959000000059604,5.972741378791149,4.233482380949434,29.631861788864089,35.165436705959252,,1.274082326641850,8.385600424418815,33.556083411532256,34.729834536053090,
0.6999000000059604,5.662047243211336,4.102409795580424,28.769644326894994,33.892585482763394,,1.133422135682638,8.174003968008009,32.760103519406833,33.592703182569473,
0.7039000000059604,5.311513616581059,3.936587748773308,27.762169955664181,32.482186106622791,,0.969270854843728,7.933894542199467,31.730474436435124,32.223316772777522,
0.708,4.880160496225542,3.735628195094968,26.536713682252461,30.819135252878283,,0.768872181929496,7.592084833277061,30.229329474934154,30.361651915424140,
0.712,4.354420518011848,3.500346543566824,24.906425532014644,28.643566680566046,,0.569982403549256,7.212141602063141,28.562387110964028,28.339312743632384,
0.716,3.891443573361310,3.286580878386213,23.135297019033786,26.315053613384109,,0.405768714363907,6.739531080312677,26.602666651767120,26.056222016524330,
0.72,3.538053787865558,3.120751438987243,21.386436802888387,24.101070713820093,,0.283777578885180,6.061266434303301,23.897405863424982,23.121740447959290,
0.724,3.096814231301285,2.881125537104561,18.993207315340186,21.245513127942758,,0.198890784832294,5.306503639754581,20.843386106185090,19.998962563983312,
0.728,2.457350451759345,2.456420031580584,15.421109323429029,17.146755070479909,,0.114510762911800,4.467755499109418,17.185767302378999,16.443529862590804,
0.732,1.773331136108737,1.950774019942279,11.450922402965976,12.683236360465585,,0.031099469887729,3.404069700996224,12.364990233424844,11.829923802980272,
0.736,1.126180328746194,1.390342948155424,7.358923473578287,8.137887097208166,,0.000618808145005,2.269417702562092,7.501285813067712,7.117709071780519,
0.74,0.485297355950541,0.711428183272401,3.048416081491862,3.407179487261099,,0.031749801102020,1.237503530982549,3.735680378505608,3.276897273827375,
0.744,-0.068467113367872,0.050634723209362,-0.166092949137906,-0.016578967942064,,0.122237338069309,0.132219493761974,1.158271328191908,0.355158064856452,
0.748,-0.431481086672998,-0.385940438775644,-1.352967249747694,-1.109281807928109,,0.269679429506956,-1.040898517713943,-0.278309421822276,-1.399285863390028,
0.752,-0.475075381051721,-0.416072649888765,-1.008080955718132,-0.598402609295132,,0.401702230647351,-1.666475279983850,-0.641724030748163,-1.691296224733420,
0.756,-0.139532055660511,0.001919111814239,-0.134265775131639,0.205174918851271,,0.414695571827328,-1.206951706206411,-0.169353482927110,-0.902139756866074,
0.76,0.328144200690880,0.551475279496120,0.478552221808830,0.575661146123326,,0.281204169982097,-0.016635716644007,0.698136576143662,0.146141611221126,
0.764,0.429361321920289,0.699435309747637,0.529820030236931,0.530491545932724,,0.111955241113557,0.810610588482399,1.264162173962048,0.731195859992000,
0.768,0.043424731965276,0.327744803253507,0.120131410119269,0.254882274704310,,0.041636822791350,0.638032516229769,1.095443093105172,0.511844510514392,
0.772,-0.314024088183996,-0.068549230561004,-0.312465543902681,0.005351525472231,,0.087853129705390,-0.139593501834568,0.507871913188501,-0.183630778546732,
0.776,-0.282481052884490,-0.089661173359977,-0.354529421035411,0.022208457814673,,0.179840628313642,-0.732748879226640,0.098970839820302,-0.614082950256414,
0.78,-0.036651588592538,0.168579002541041,-0.033716344738176,0.243474223184358,,0.270900091455940,-0.736913359587121,0.078646253715421,-0.513020535432110,
0.784,0.117758761273043,0.357158314674873,0.236853433713860,0.392622021085758,,0.340893812412844,-0.283851360415138,0.332823124841421,-0.148708409027656,
0.788,0.079887535508235,0.286714439377590,0.200348873662163,0.364696602569269,,0.340789818863605,0.175321308262324,0.651666822719781,0.171543562165609,
0.792,-0.063089484526127,0.108827227224168,0.010674143405386,0.257729632371797,,0.251456441038491,0.230383650299273,0.744529880486453,0.226108369479745,
0.796,-0.177517038928124,0.053751283494856,-0.063357289975878,0.200524037492108,,0.160507655403180,-0.052747261555055,0.548865842603845,-0.004862581451604,
0.8,-0.172922664588893,0.141750826441612,0.031383674355066,0.242118188028149,,0.165203670964983,-0.329329982231406,0.299045907571102,-0.269964607391844,
0.804,-0.090178002737797,0.224720210242981,0.116772916977087,0.302933149751420,,0.230632994340246,-0.375067139830835,0.206298676836080,-0.292209462578102,
0.808,-0.047551282044467,0.207442956835969,0.073582215274055,0.287842444892171,,0.262850630334386,-0.187553122865494,0.314498027835878,-0.115850081106864,
0.812,-0.085130113035740,0.143327881237154,-0.019195900937677,0.217318226892571,,0.239742322632295,0.038842144413931,0.496386867275321,0.018938724893549,
0.816,-0.113805952811710,0.126200940478611,-0.057964263816534,0.201519369372624,,0.191469067207949,0.082430149074639,0.559931671529901,-0.022613357891910,
0.82,-0.063696054333223,0.170188396320850,-0.022091815634080,0.273758323395816,,0.141039244377698,-0.068173710308806,0.481488012615861,-0.170829362621864,
0.824,-0.016525939813247,0.212493591926735,0.034583486262838,0.344364716009794,,0.132683595298421,-0.220716690226248,0.384036060063400,-0.252811516212883,
0.828,-0.048127516826389,0.196830144622915,0.046735045463466,0.323413688885146,,0.179821892892888,-0.223803908827883,0.351847145610738,-0.193409893308031,
0.832,-0.113441034743361,0.139506997902186,0.038646009537939,0.245125350650862,,0.216522468738524,-0.120797936459574,0.392171070251467,-0.063196415395654,
0.836,-0.135139005552905,0.093873148955588,0.057783975269913,0.218341800770693,,0.205512423459461,-0.041711626654378,0.464091115079620,-0.000582371461462,
0.84,-0.080064948488460,0.094565062638344,0.081030491224217,0.250949721661887,,0.174020956352818,-0.055136952935540,0.492602921812399,-0.072072048551981,
0.844,-0.022273332235080,0.130533121153584,0.077698325451768,0.259346250418439,,0.165999863442944,-0.136461749448744,0.431121276372725,-0.193629264332327,
0.848,-0.030263271226906,0.163172705208755,0.048857814334751,0.215818860646209,,0.195540791482305,-0.185600554115196,0.353264692580806,-0.253684531307971,
0.852,-0.041335861301179,0.161758997223964,0.014824004970975,0.161757735007201,,0.226377694765117,-0.154078581207116,0.363302832093193,-0.223444093767163,
0.856,-0.016506678330190,0.131218950886398,-0.001159906481203,0.161634345937013,,0.233873006315888,-0.094830680453346,0.422499140758500,-0.153130664282039,
0.86,0.016565211612990,0.109849120884967,-0.009273587590015,0.240118122999002,,0.229492934276980,-0.051459674369583,0.450898385970338,-0.122644163294040,
0.864,0.038873974827022,0.113465904354964,-0.025668983116365,0.316926345213970,,0.203789625712036,-0.037792762099566,0.426875024455400,-0.175825282463649,
0.868,0.024025855316904,0.131891715333743,-0.036693700072369,0.311218296678776,,0.157527096149774,-0.060224889514276,0.365940065420084,-0.274450488356848,
0.872,-0.022601834908092,0.145899728209978,-0.049036113922345,0.246372203191223,,0.155493857053365,-0.098120058633777,0.336753947344564,-0.322773510845504,
0.876,-0.053782234571859,0.133973829479798,-0.085648530545311,0.199215342905709,,0.205100242285583,-0.128816624581239,0.381177409563839,-0.257839670578077,
0.88,-0.052905293905612,0.118540735048885,-0.110647137554494,0.182417529566812,,0.215131527373853,-0.131670820129977,0.436687984046494,-0.135590474100242,
0.884,-0.057999734739573,0.108058646661192,-0.086179917281335,0.177098664005546,,0.167947174540613,-0.104688057533221,0.404333092252897,-0.091607348128127,
0.888,-0.085569475584113,0.082563616631402,-0.042493319262423,0.198800778774466,,0.125286497394460,-0.094241685817915,0.329557634083271,-0.152763025848119,
0.892,-0.114365569456501,0.069541697738177,-0.026855702639044,0.221667576171541,,0.116023538099199,-0.108612382601328,0.324296760476748,-0.234713559027433,
0.896,-0.118868264742798,0.103394336357101,-0.042625236800580,0.200705910754755,,0.143907779557097,-0.108358900368801,0.370104054458204,-0.280309874317163,
0.9,-0.090849763405888,0.169837762583850,-0.063287258423683,0.172493225891002,,0.196695400623415,-0.086389500536182,0.397847327029394,-0.285638902109864,
0.904,-0.058039046148630,0.217374191263009,-0.054883350840179,0.196842522250872,,0.216371744173936,-0.071622392744875,0.391842638679322,-0.252073256940140,
0.908,-0.034140609077731,0.208023209370578,-0.018533824492008,0.214553588931828,,0.176971994955144,-0.087566237678343,0.378387727267483,-0.210639752624388,
0.912,-0.019089341539848,0.162800227112287,-0.009640739485248,0.172704573277356,,0.146894643881574,-0.098683945351304,0.368104547675645,-0.209112608757634,
0.916,-0.031204947919831,0.149102226343754,-0.027780496512226,0.158659336941918,,0.153946384897701,-0.078759587293513,0.346784779774648,-0.220820594302393,
0.92,-0.062272271146517,0.188173937729109,-0.031405104555715,0.206078527994249,,0.178154749774845,-0.063506763576135,0.326103653802422,-0.208462835386717,
0.924,-0.076169221100911,0.217036274716163,-0.015473684010524,0.250995017869736,,0.229718301831775,-0.072775262779761,0.323548460782869,-0.190196791694549,
0.928,-0.059018174823923,0.205654426949608,-0.001478481760419,0.283463724047682,,0.252782512196079,-0.090774342364596,0.339545699375872,-0.169431811803271,
0.932,-0.041270120321678,0.188125397240006,-0.014514362920228,0.314327289335608,,0.201649870123721,-0.086557701455869,0.368320752244261,-0.133744956423723,
0.936,-0.063065890287749,0.161559049778002,-0.039884194454309,0.304703082757675,,0.160454791268943,-0.047295999424062,0.384248811359150,-0.117593066908739,
0.94,-0.106479347645885,0.129632977867889,-0.060952226176226,0.250312452858615,,0.183471301216360,-0.017805807734967,0.378150411874782,-0.140575182950872,
0.944,-0.112790932780850,0.134029850339067,-0.078435648524945,0.204146905342163,,0.220101388434003,-0.025491805912312,0.360819475877636,-0.161373652814000,
0.9479000000059604,-0.090509883425446,0.170748034016624,-0.076718246223114,0.201226116963114,,0.225007767849076,-0.031990051321686,0.324908037950384,-0.154233490105156,
0.9519000000059604,-0.101688790736664,0.204399672088977,-0.061678330570123,0.221508181809811,,0.221538905037072,-0.021398436817724,0.297783952442475,-0.145887841132011,
0.9559000000059604,-0.130788295868141,0.216723995655704,-0.072009600708761,0.217161829773720,,0.222064303328792,-0.033839098529065,0.314333944541285,-0.145333967068962,
0.9599000000059604,-0.123798606732511,0.198879587466127,-0.112120895254946,0.192595731634456,,0.182264955959327,-0.080552164516257,0.355591621142428,-0.150158276221902,
0.9639000000059604,-0.088598329524238,0.177815670821309,-0.124687081405290,0.183193085026301,,0.129477123332647,-0.118977637184457,0.383415265306036,-0.181704900028651,
0.9679000000059604,-0.062672752501977,0.190283798207017,-0.089829406218578,0.192487273811899,,0.131283189798965,-0.114806130257708,0.407086166278448,-0.193326498395450,
0.9719000000059604,-0.064469256929516,0.197763771552723,-0.060880187667281,0.191906876181658,,0.163582825475135,-0.067041853825578,0.447642063125845,-0.140886457221016,
0.9759000000059604,-0.078752734847440,0.167958206288784,-0.075036577959942,0.167661210839126,,0.187364996625637,-0.021771219589255,0.449907610753501,-0.121220854991699,
0.9799000000059604,-0.083606834201993,0.137810977640378,-0.142291839169701,0.160182028989483,,0.214178140580547,-0.016529919050446,0.416142545338214,-0.193167239312874,
0.9839000000059605,-0.078805332068700,0.128525453277808,-0.216420127586316,0.189957899553192,,0.248029092105784,-0.038686288005905,0.395837555606705,-0.233623649051332,
0.988,-0.078587457123474,0.129670419923417,-0.210438291647065,0.221506757428616,,0.271732425684652,-0.056611455018083,0.350140968474843,-0.169951399476142,
0.992,-0.085607623603721,0.124278728726320,-0.144406664263738,0.245458350702878,,0.280786507045327,-0.064961459001613,0.274245549867876,-0.130908845422115,
0.996,-0.086705769963020,0.109947237705182,-0.102579987613983,0.263605269775864,,0.260839474282789,-0.085953772102438,0.227810427818743,-0.177304529254622,
1,-0.092876897330287,0.109453237382188,-0.094525579752980,0.259500531807034,,0.215306041795905,-0.115521000246709,0.218946661878279,-0.208413154779748,
1.004,-0.110141609345293,0.115029113117910,-0.081667501464915,0.234296384557678,,0.179709020057994,-0.140815046859913,0.238394180498103,-0.196359399156844,
1.008,-0.115627834456294,0.106400408262349,-0.057981702763519,0.202025174804151,,0.147225695718754,-0.127984943765807,0.301274816757955,-0.166977009062782,
1.012,-0.095072594228156,0.101678894127010,-0.051303790379815,0.176531766934237,,0.120655291469984,-0.063322427912405,0.385802555657438,-0.132218067568919,
1.016,-0.051448190529697,0.121852208580672,-0.072655342814473,0.173578232895828,,0.131137868461865,-0.017953131083998,0.448182581756248,-0.117913255655152,
1.02,-0.007278529502358,0.160217922678108,-0.094247351195936,0.200881140727776,,0.160272515469528,-0.023481991067350,0.468538285560138,-0.117219257341495,
1.024,0.006618179965378,0.182005134246584,-0.093587558058852,0.237812004786351,,0.167964341312431,-0.042486714912146,0.442072389142793,-0.123341872240655,
1.028,-0.018752702402257,0.159252188253386,-0.083477268617257,0.250577470600292,,0.153947018404412,-0.070544798331184,0.387358874720146,-0.156716603788812,
1.032,-0.061518091770868,0.112897836162622,-0.060339615384631,0.237301974304168,,0.148094514697170,-0.119678660980892,0.312854926005915,-0.208355483358655,
1.036,-0.095561536217653,0.087668990918863,-0.028583803846565,0.230606712759458,,0.174634179935636,-0.159740021888278,0.248174508768176,-0.223649109511552,
1.04,-0.116384999987264,0.107538091676138,-0.029529117243598,0.237191402668025,,0.222640581547615,-0.142222041847049,0.253198960334654,-0.203833373596418,
1.044,-0.129305055507534,0.147212674565856,-0.055173224587354,0.233273579446284,,0.246644676371126,-0.084523821028206,0.294111250952311,-0.222320156296726,
1.048,-0.136484321564819,0.159095961013851,-0.052498666300306,0.218340622044910,,0.234703611935283,-0.054417572999215,0.318009176926065,-0.279660553990959,
1.052,-0.131925847027976,0.154999001348550,-0.035847261109544,0.202461452634163,,0.213946682564319,-0.075523572258675,0.326259016513688,-0.312320144376445,
1.056,-0.107285191679258,0.132178977681858,-0.038583934773424,0.200017805495997,,0.201217085473082,-0.122686850074887,0.327184210847990,-0.302072476292417,
1.06,-0.069279968485414,0.063152733257612,-0.043419693775126,0.221263889540224,,0.205272733832389,-0.133205202753866,0.336607762562049,-0.279297595105826,
1.064,-0.039471293595444,0.006738925103618,-0.060885611600814,0.229337176609129,,0.195611246687015,-0.106848718493513,0.363135578455057,-0.275299363105535,
1.068,-0.026783282533589,0.016603433148689,-0.079209705692234,0.210402261823674,,0.155543531698679,-0.136142102807188,0.396834069732911,-0.276608783880762,
1.072,-0.015424625239327,0.063575261709575,-0.050726368530060,0.186282032507330,,0.148637744208586,-0.193849377131253,0.409065237226598,-0.250793154753481,
1.076,-0.012616110285178,0.086713754801722,-0.009782267428051,0.163682215860402,,0.200675883227554,-0.194420697702489,0.379836597561711,-0.211923573819859,
1.08,-0.023862092319497,0.074804525586525,0.000238612642065,0.161414515627303,,0.243841606554938,-0.152132313250045,0.323805553996811,-0.195228302874187,
1.084,-0.030127313157212,0.065161775826029,-0.002343728323985,0.177826653645566,,0.217842112471119,-0.097256423565169,0.273415513406890,-0.193808029766145,
1.088,-0.024073300017986,0.055419151975381,-0.015847144242538,0.194591515552995,,0.159928989279120,-0.073605053645831,0.283972041054670,-0.169269335189350,
1.092,-0.007732643983530,0.041522056046609,-0.050046207801918,0.212537440392748,,0.147760033365713,-0.094908585671223,0.375961929802561,-0.125997167756688,
1.096,-0.005168343504135,0.040639415958023,-0.074993303532489,0.218445043593549,,0.173218868677477,-0.100584686954814,0.448087938900992,-0.124382087646615,
1.1,-0.025619555274250,0.050326128058914,-0.063777045342603,0.205821440177837,,0.179784905437943,-0.072712922367097,0.428566326068814,-0.167356740257312,
1.104,-0.054627159467095,0.076739775077644,-0.029406600088419,0.204548959394160,,0.176258451013570,-0.055960744972490,0.372348962764009,-0.195176516848492,
1.108,-0.072953569764963,0.112333734049628,-0.018232939003892,0.218412538297119,,0.190376979718811,-0.069919494237034,0.332913321835830,-0.196461255736688,
1.112,-0.073556280193631,0.134496569970475,-0.062974124818324,0.215513448144138,,0.203283363868071,-0.077395024001208,0.346055970602180,-0.180179903706164,
1.116,-0.095286717470654,0.143559958213155,-0.115445100311741,0.197153069686080,,0.220569773634003,-0.045822824732975,0.397927826794762,-0.181773969603486,
1.12,-0.135523545303554,0.135718434408084,-0.122179411556660,0.174780042387352,,0.238732159756242,-0.015958459423685,0.419980705913981,-0.224713881281784,
1.124,-0.139097391269866,0.113829386811410,-0.094474495165793,0.161132642121272,,0.217210225041457,-0.028481863447012,0.399963801010987,-0.241119960270718,
1.128,-0.106245328991299,0.112804553726588,-0.077900183692430,0.167836315861823,,0.170156958939434,-0.061061342804199,0.375813930928191,-0.221401340018635,
1.132,-0.080147622057371,0.133425399069928,-0.087959869061184,0.173099502943229,,0.144189507316379,-0.080436938996024,0.381077293057349,-0.214731877790577,
1.136,-0.086194009838543,0.155552833660306,-0.082453073242033,0.161954860178488,,0.151918696574224,-0.065015553604984,0.389943776472676,-0.207132345638888,
1.14,-0.108996848613314,0.177195597955676,-0.069318647638796,0.135036716082949,,0.163400391763486,-0.044244406152263,0.371204478033659,-0.187867285436662,
1.144,-0.110101919057526,0.187444069817877,-0.084599006298557,0.116858721084329,,0.157592849527910,-0.054885854808560,0.345072973205714,-0.180721545625474,
1.148,-0.082840767760038,0.183181949809200,-0.097368516694539,0.139214821025885,,0.169073169079558,-0.072233523643021,0.315880770024976,-0.181565172361394,
1.152,-0.049542506358685,0.166222890022974,-0.089221274091282,0.191093313812187,,0.232015242792626,-0.065495089516570,0.279793321085860,-0.158883328768592,
1.156,-0.016166762791187,0.152169738505001,-0.090632458423254,0.237277070931075,,0.292652345173441,-0.047334432227202,0.289369192556932,-0.122686519402943,
1.16,0.019412030255639,0.144956657469361,-0.118633066280482,0.248341653685258,,0.299151896173912,-0.054965758974817,0.359212709875768,-0.118296086865586,
1.164,0.018359455454236,0.129810182385237,-0.135270888237595,0.240159794369029,,0.281669849896608,-0.094138146550379,0.404062111855127,-0.158759764600138,
1.168,-0.041863840685833,0.118696714044872,-0.106699808017815,0.242043459437185,,0.265442502277845,-0.139096611016944,0.381864172661662,-0.192438937444887,
1.172,-0.094581741147116,0.117855178920270,-0.063306158441714,0.229680073933534,,0.255134230186293,-0.155769184075917,0.339757010374169,-0.177848106458122,
1.176,-0.110042767743788,0.112356108134662,-0.032885480806845,0.185891957144953,,0.244130101278069,-0.126815811175015,0.342711135782246,-0.165566301331608,
1.18,-0.125549392247608,0.086303624917860,-0.026864308450945,0.141867880009076,,0.239459143098648,-0.086405899455496,0.397978728087682,-0.182595048516496,
1.184,-0.117770946706942,0.041468005655436,-0.042636060090229,0.141174338584919,,0.252986082169143,-0.074258727739049,0.436214127195469,-0.201154309179953,
1.188,-0.080155289244020,-0.003826792292348,-0.061008072917001,0.179245887921117,,0.253108999886659,-0.081194800985090,0.399402876537795,-0.207649574867482,
1.192,-0.060402258574103,-0.029120509093058,-0.079217362132142,0.202202666316949,,0.237799770144297,-0.094384189830017,0.319130185824581,-0.188504390579119,
1.196,-0.058340085758392,-0.005016253065599,-0.097855926268077,0.201072428052251,,0.229721778454664,-0.106940306598469,0.277889783875804,-0.151693512869460,
1.2,-0.051622297214877,0.058688177267041,-0.109702007581681,0.191727559964764,,0.207824739491090,-0.108972403875909,0.286128345088136,-0.128888682639340,
1.204,-0.053494193663204,0.118051474764750,-0.102558750518527,0.171148219865682,,0.169662225731482,-0.112249890666150,0.296057992810220,-0.150969719039038,
1.208,-0.062151756115706,0.158215060171444,-0.090346642673325,0.156534095240062,,0.147837139150846,-0.116091320642948,0.328346222450190,-0.200742539504286,
1.212,-0.051938179237878,0.182915814705802,-0.084422946169822,0.162197521602964,,0.147343984865185,-0.115501962702574,0.395600638784709,-0.222283616225873,
1.216,-0.059759326793477,0.176993978488253,-0.073837650153137,0.173426872649618,,0.153611130016854,-0.111857511453801,0.436710673214322,-0.209828551940097,
1.22,-0.103889293118023,0.137036605435296,-0.059896525645190,0.170609996861579,,0.175997212678058,-0.110258699588422,0.412392172559891,-0.203175381764754,
1.224,-0.138577303991228,0.095990510148770,-0.040964698782447,0.156413754122877,,0.209920038461815,-0.118951526374713,0.347577371005776,-0.221843662005762,
1.228,-0.123509935873309,0.076790486954976,-0.062522604604938,0.138373950617902,,0.214073392261464,-0.133750159485411,0.292252851719348,-0.249786708462603,
1.232,-0.058672053941935,0.091696375733037,-0.138562736246502,0.113729118379762,,0.182659657897314,-0.143569390196535,0.278416705890632,-0.256541013999711,
1.236,-0.026718517512622,0.132973111479345,-0.176642392681321,0.094728547092395,,0.151242139667472,-0.123402884051958,0.305279408919704,-0.243855063880449,
1.24,-0.059547558743567,0.159981404541499,-0.155124766506876,0.101908317870114,,0.119802556361087,-0.082083235394601,0.345110618657958,-0.250978705677111,
1.244,-0.080017476318876,0.158546992860369,-0.122905509081358,0.114052501965336,,0.076852213022519,-0.062971431231926,0.391593311903589,-0.264042600439824,
1.248,-0.054961672178171,0.153682611468073,-0.093245176455688,0.104172532657617,,0.077918006339040,-0.053444521468787,0.409811528898701,-0.255654203049179,
1.252,-0.029369486797974,0.155585362480341,-0.058752559212548,0.118849944675324,,0.152985249569440,-0.034459331648027,0.379573583372022,-0.257591566244553,
1.256,-0.020040027632365,0.153344147000022,-0.016889633204245,0.154020293335269,,0.229350251953618,-0.033548912527868,0.369247582144202,-0.276769914622738,
1.26,-0.015212004596386,0.127564295554529,0.015563559019408,0.144859355482089,,0.238741639800578,-0.039471597738559,0.390117539440979,-0.271312270723430,
1.264,-0.045255807835101,0.072231972795085,0.013574425718886,0.127596557172389,,0.205984092897772,-0.041073168555845,0.391218374803061,-0.233652324934189,
1.268,-0.082315736437898,0.038280564853860,-0.029553752457116,0.129376637945744,,0.205229392170948,-0.064132917734692,0.357209294409303,-0.204496167074701,
1.272,-0.067283040028267,0.056367639277713,-0.094452014257701,0.111731975563095,,0.256592799771506,-0.094176021071818,0.322206423989348,-0.190263003432504,
1.276,-0.032449311050810,0.071797196887537,-0.160443705064782,0.098704852795573,,0.295464750148440,-0.108583716557582,0.307771192711372,-0.179016594140042,
1.28,-0.012659114308342,0.068422471557158,-0.195916137826304,0.116041542990708,,0.276301538075081,-0.120280432381340,0.303029461905610,-0.187265159660925,
1.284,-0.021984860840394,0.093478656114132,-0.168119771255586,0.153480308610030,,0.224384882759332,-0.139490647869434,0.309399096847009,-0.210466110513372,
1.288,-0.064309790606611,0.137198133803948,-0.092402043819213,0.200179253505729,,0.188302682154251,-0.153436273481198,0.306519268099264,-0.218859987470153,
1.292,-0.108369163533644,0.135282599578894,-0.039365466839850,0.213628818586828,,0.184466482454631,-0.137345547217056,0.282858663460607,-0.210488323686300,
1.296,-0.145843050318951,0.107987249912029,-0.038446642901758,0.178883160087608,,0.183681884001268,-0.087954489921906,0.264034034747903,-0.208704830146516,
1.3,-0.181450710932163,0.141213637498451,-0.041400364908663,0.134168920593881,,0.188405211737336,-0.029120206352253,0.265362890092939,-0.221206692696671,
1.304,-0.188355386789555,0.195413476393638,-0.032542261154887,0.112127686077438,,0.203277503745358,-0.025208862218729,0.296863952983518,-0.244223378244929,
1.308,-0.133173565726154,0.198654120628059,-0.025848328821577,0.114657031561200,,0.200047594035301,-0.093486536900579,0.348250253147148,-0.258050157236230,
1.312,-0.042502164589157,0.187462350857436,-0.037690750727447,0.140829020990434,,0.192565279882087,-0.130667163893516,0.387823992077929,-0.241612963972708,
1.316,-0.050022438736899,0.182237601040650,0.192654322654185,0.481036674629027,,0.188376711227179,-0.057710497530352,0.680216060077338,0.129870275089583,
1.32,-0.221475017787907,0.309937623410718,2.011087968452527,2.319791800825912,,0.132032079183762,0.453863839580138,2.515924569530544,2.038344832315950,
1.324,1.074971164485179,2.265703353261260,9.511774053316818,9.144120862864849,,0.079170817289760,2.535661050822658,8.148212936121595,6.863167281498427,
1.328,5.874379045130241,7.776099371336197,24.307632014110556,22.344426969927387,,1.521142858760945,9.177110935951438,19.568519295890322,16.195460021770078,
1.332,12.357529771834356,14.789188803192282,39.607506361114780,35.892194323882336,,5.616632825150614,19.848760156586117,32.729841224040634,27.915681383509707,
1.336,15.643186958267163,18.686825483282352,45.334805639259834,40.125081446743749,,9.134914641406711,26.324942996535231,37.745050618162182,33.516790075292292,
1.34,13.259820953379059,17.022226358937235,38.253674473529280,31.949140144295693,,8.282012175912785,23.663531403690751,32.168001519872504,28.750136912628186,
1.344,8.750287891153452,12.800748623759535,26.949074242680030,20.495779183501647,,5.050308151772688,17.894775139613625,24.632945069072662,20.459956961822808,
1.348,9.218373337317725,12.852979118647999,23.002681787714895,16.592471444161561,,5.048238902457935,18.018223556236279,23.054875859999719,17.681840037162210,
1.352,17.060044757964583,19.832623999135969,28.734381306904076,21.339427179176063,,9.939429923735174,25.065344654813629,26.794050367408651,21.417604473818532,
1.356,27.007863060349553,28.739895563893846,37.165818215028168,28.600579496459797,,16.127256926491178,35.165885137582748,32.979501912010953,26.567301541923904,
1.36,36.028864845442897,36.156976180009906,43.544117780096798,35.087285017103866,,23.302750486505083,48.565711291994333,41.169805984173252,30.970129721599410,
1.364,52.329608889366796,46.912647662718392,50.860514258546040,45.791813765291337,,35.632481907859699,66.863849821920738,50.759454324497959,37.534172853086751,
1.368,80.341653976197151,63.261146222410559,60.495454186031651,63.107643273117510,,52.689590964504944,88.073925552954321,60.355808182209543,46.741518741638465,
1.372,105.653805462523977,76.267415444433766,66.539831876843692,77.560938339797531,,67.237557229189335,104.928483103979545,65.837545837130321,52.881554745977944,
1.376,113.304659262402055,77.568875729341840,63.899185349605126,79.926960890345853,,72.644578866438522,110.081191924829582,64.211983636350112,52.105039129033941,
1.38,104.003867812894612,69.124208653055462,55.517376123323025,72.252166509282290,,70.010432407851980,105.434844944487594,59.174980241689305,47.898868814072941,
1.384,87.939703685443433,58.519942706289939,48.426222029306480,62.721225452048458,,63.230362274304696,95.536929609171438,54.909993610692688,44.815440991462943,
1.388,70.319332472675796,48.567063175640357,44.338644275773746,54.254891457791331,,53.614205944913984,81.517765501940147,51.114946314116892,42.889882499322901,
1.392,50.960587748297691,37.708251387663921,40.311464076401080,44.961971080678659,,43.051089706451791,66.315055817379090,46.734312561396251,40.514715176145160,
1.396,33.812268364929452,27.477002470528962,35.545672743398441,35.897194142217501,,32.527869441571411,51.081423045404577,41.029050831704851,37.154229668077022,
1.4,22.016331998380341,19.744472704335429,30.728226396444157,28.769313861754064,,22.191110403423650,35.804330010644989,34.000080593424627,32.956144597772074,
1.404,14.465667081966618,14.022007564169758,25.900532616471164,23.447445473162794,,14.311301527787990,24.511467414502913,28.050539087309133,28.828599782640371,
1.408,9.865854567625126,9.945105574075388,21.580522393071554,19.809896165075223,,9.960472721538400,18.984738559866464,24.669325635835854,25.569992439275861,
1.412,7.867346019485437,8.020276446743894,19.148651457603371,18.102498919040315,,7.963610849445599,16.824243415472459,22.985069781917630,23.379614215074056,
1.416,7.608411035097822,7.803495460330495,18.479237541110265,17.595913969344842,,7.250785456154136,15.998702484201154,22.027347385395807,22.211946622687918,
1.42,7.619007279667576,7.918607153083945,18.100524541889634,17.002977648298803,,7.034001802535998,15.437615525311873,21.225913828660300,21.604320645624377,
1.424,7.275837307644472,7.745413536511790,17.381351807723956,15.993291902265227,,6.839569280035931,14.709488651072149,20.287643310979679,21.011787477616764,
1.428,6.865631730734872,7.469007632257360,16.535593351277093,14.943152466092833,,6.631966326092948,13.998086243086508,19.308250458680838,20.257365253228134,
1.432,6.719962325903635,7.413777863849694,15.974758103019701,14.227335272488817,,6.516308513925432,13.545276884448732,18.543895857797189,19.564960258582595,
1.436,6.786559712202584,7.672935115512594,15.969066982031249,13.943687779745217,,6.491683054288924,13.355969625879277,18.114901628515447,19.148843778139526,
1.44,6.929386732947727,8.085877202260690,16.429372312134273,13.991230480458221,,6.504424529802096,13.416196004259405,18.109641274926283,19.047711873459086,
1.444,7.182713702664032,8.560324083087433,17.178623356449158,14.332062002152968,,6.592302749535920,13.724608738313947,18.554845610980525,19.260273112788745,
1.448,7.580113643860824,9.117220444779198,18.077339959817788,14.898975703523464,,6.765341620364588,14.306251279343954,19.317907781675956,19.669776526178289,
1.452,8.010896777216653,9.613218482166648,18.856315173170991,15.445568106657314,,6.923327146950013,15.086115874152725,20.154394462039463,20.028749281491038,
1.456,8.463298765320815,9.999574299024127,19.424471022418743,15.913999222024142,,6.994083460813626,15.747822218992130,20.799944703577012,20.185977348995429,
1.46,9.008339840278325,10.426635916392023,19.913125585988016,16.447043384893973,,6.997212823032340,16.203540733083344,21.268268131757424,20.211166521263237,
1.464,9.543629347801126,10.869180238029637,20.353362610391315,17.022727021993393,,7.017925468866817,16.743907069501535,21.835837085249107,20.224733982712838,
1.468,10.026676824860093,11.196392796463615,20.749501990583337,17.633377161505482,,7.097242221185885,17.516692379820952,22.591918344532836,20.270226636391133,
1.472,10.462434714089301,11.361555749210327,21.083622321737035,18.269149315663913,,7.133027462212116,18.305497354789235,23.349340307489111,20.318172031878380,
1.476,10.721314681441608,11.334934277362429,21.209376867235434,18.749395793751646,,7.024559521000692,18.928215834158877,24.035406483090867,20.293519634796240,
1.48,10.778181697619383,11.134100606831142,21.089636753565415,19.014456623289391,,6.811059225709096,19.366611767485118,24.614388724958733,20.145670885447437,
1.484,10.666811135807155,10.756916183116253,20.782774466134114,19.137511958383595,,6.578024739175521,19.570662379662043,24.927460991524619,19.912706420463387,
1.488,10.376370340067911,10.209019344672175,20.305692820182095,19.135668285867368,,6.310316580974321,19.429780621320532,24.837799432577285,19.580633094465547,
1.492,9.983927196619325,9.647520643364718,19.756493436880060,19.010046783869804,,5.979001447178812,18.918094745117138,24.328335074039039,19.103761104859927,
1.496,9.521790606777145,9.128900464630451,19.112847708379611,18.647013462664489,,5.660536853300060,18.227268649011990,23.599358135147298,18.583533397156117,
1.5,8.977667094443962,8.615325897913326,18.300086121975845,17.972367633306273,,5.400919688539503,17.523926524453397,22.843039686899992,18.093525660729355,
1.504,8.458047640260265,8.159173768317416,17.486546899905882,17.221165348697941,,5.130160395934416,16.700181914472747,21.949039787559002,17.511350823931288,
1.508,7.971302781457410,7.713314435340338,16.713775920834028,16.461393141476005,,4.789335369163656,15.680173438168968,20.813840390266886,16.761389184074432,
1.512,7.439530795871329,7.223734262169362,15.912272937609451,15.578432643034404,,4.419830086920848,14.710513359170999,19.684819004002840,16.000437189624133,
1.516,6.958840449344873,6.827673261876511,15.237931866123919,14.750537638003273,,4.067991787921925,13.864616565526649,18.652005399832326,15.276837724788290,
1.52,6.615721810309587,6.608624503942686,14.754755315746781,14.115779598315797,,3.731293975012861,13.009543051039772,17.609828795319558,14.513165146308808,
1.524,6.289487963582634,6.428152815746168,14.247670061930988,13.519292129536641,,3.434373898735458,12.246553227494633,16.721674651289792,13.813448490343678,
1.528,5.884458178090669,6.141457280311185,13.586925552309221,12.856040190246668,,3.194643797973152,11.607073715267596,15.991929529452399,13.224583298887730,
1.532,5.504512005052724,5.780455516104742,12.924908504925259,12.240341874170101,,2.979736005106560,11.014748991629720,15.288754055635408,12.666950263369099,
1.536,5.217222868790212,5.428024665870726,12.335156771460227,11.722601457123664,,2.794539305834522,10.555341758106614,14.758389174506233,12.163885094271995,
1.54,4.989150265809892,5.127883005255780,11.768153017255921,11.265468542724628,,2.643717473889593,10.257419387592584,14.445869641327189,11.732554190258220,
1.544,4.810405816692697,4.915487850033505,11.290922046499183,10.925811122767657,,2.502318732467389,10.048009554091568,14.210768209974109,11.364985902385921,
1.548,4.658049402390755,4.744784461432486,10.919371718685815,10.697171565598575,,2.390012727641198,9.930159872528057,13.986249016531540,11.121420403489919,
1.552,4.523712218406239,4.549498613303324,10.591710569257119,10.506962450141636,,2.343880364251407,9.897816752589424,13.773407156122687,10.983930067473278,
1.556,4.431231300801392,4.397884722197167,10.308696702334217,10.350463510668931,,2.343391988421746,9.900072404977013,13.661370392746957,10.861609745867135,
1.56,4.390997183494949,4.355360978797427,10.114676031810362,10.232789752069049,,2.317856195302664,9.943362083591960,13.715947032169009,10.771406489583764,
1.564,4.398077425464765,4.358982710873025,10.005646621590664,10.155092299048558,,2.277020403499203,10.047649282999066,13.828696045782081,10.767566026554183,
1.568,4.422418877413617,4.336704155314806,9.927368921446160,10.141678441706347,,2.306046914897351,10.204948782022102,13.943706298914956,10.805778904116590,
1.572,4.443846020871428,4.294030290384765,9.879404887936499,10.182641864658496,,2.413289329410179,10.415279848402314,14.097252925219509,10.841175332721178,
1.576,4.486175847049799,4.273367355975682,9.874056439580752,10.252641206683364,,2.543796523958154,10.669443683256388,14.241487294456196,10.923075648875724,
1.58,4.581750565213490,4.273580236818846,9.892190919990089,10.368980309802552,,2.703204079332321,10.960445210191342,14.426325859029774,11.128560014061916,
1.584,4.731291406612092,4.289186275262821,9.930467095950771,10.535410403585063,,2.906663828646848,11.282774997209854,14.767821788509721,11.443562015632970,
1.588,4.917225285419595,4.342815629953368,10.039397029597200,10.759036420338859,,3.098784790920187,11.603790697074064,15.191139041888897,11.765874883217160,
1.592,5.125376319407088,4.442056553424067,10.245317808930089,11.056935449961987,,3.234361351968440,11.893991468877850,15.550316120460957,12.041201501390209,
1.596,5.335276941334899,4.587777221335583,10.457839331050270,11.353678811819343,,3.350584585201997,12.189927567659216,15.870912854152760,12.335890099292355,
1.6,5.527347073722697,4.757830308160013,10.622568316829238,11.565915552027052,,3.513804715490394,12.524290387636320,16.223471435213973,12.719164545103409,
1.604,5.685004452594781,4.909032032737086,10.816078081506266,11.733318052713697,,3.704723107372180,12.840921383268142,16.555646178766096,13.120629286234559,
1.608,5.808757517635948,5.032218755591783,11.072302820818933,11.926403108815842,,3.876450114394759,13.124965795852738,16.887473639775799,13.483790103996323,
1.612,5.902624963533017,5.141475280175313,11.305449708153917,12.119897380057266,,4.029445361209723,13.411827774014139,17.255591474702335,13.819727934638138,
1.616,5.982745159307493,5.260078213971668,11.497634489489378,12.246356214426307,,4.139484503926484,13.660058627989869,17.559272190756669,14.076872231426952,
1.62,6.066552815630200,5.388198746140672,11.700359964212746,12.306680448636405,,4.178015160588187,13.791743157544625,17.741297673219524,14.280077283694101,
1.624,6.115962227205250,5.498398374577313,11.883750636985615,12.344731510649055,,4.173664046561132,13.796737120822915,17.850846162720430,14.496237194371957,
1.628,6.116806258330975,5.606292971788172,12.022221742590625,12.396415589916906,,4.162600424767995,13.740048303194635,17.941791318804150,14.653833857693735,
1.632,6.096593222767422,5.709335229653469,12.141831943452114,12.477754141422402,,4.136209493359431,13.675597802183617,17.971460858059391,14.668974929068790,
1.636,6.038501957506788,5.739346531303589,12.222752281515717,12.540177927996488,,4.105139171078043,13.582879052246568,17.866481121952539,14.580162741613286,
1.64,5.931937191466250,5.681625001165392,12.228173156454716,12.538641927238473,,4.094300351496804,13.433686487825614,17.683703965867274,14.472971007732896,
1.644,5.823490885099511,5.592746042397236,12.183971990008956,12.483733198857507,,4.066933986127789,13.270992456599584,17.532437587457746,14.367227847115743,
1.648,5.742709523400175,5.503442370206077,12.135754983194881,12.381522001017794,,3.973153053565111,13.076038712157052,17.382017209016507,14.243352202200565,
1.652,5.656511179340383,5.411286281906867,12.066362000718607,12.235029793875356,,3.823095519807581,12.805882442588777,17.164802743339834,14.099850194123288,
1.656,5.509394253123590,5.297482322486823,11.881787832744276,12.030084790124850,,3.686634368996421,12.548529020259874,16.925823631417622,13.951790076398254,
1.66,5.315679980111874,5.164740732326468,11.603547228173905,11.791217703028469,,3.586764221038958,12.341474426052976,16.681874339146397,13.776486717582724,
1.664,5.156645605915894,5.066608206015218,11.400241206177501,11.614008163399079,,3.496894310848021,12.126167445675948,16.443102784591801,13.570576526263716,
1.6679000000059605,5.054250287091554,4.982184411370501,11.271714357839398,11.487759571676492,,3.433834240677359,11.916261715291997,16.258275721260766,13.406388863458416,
1.6719000000059605,4.984290797892060,4.850060924462533,11.127078818334788,11.321847206231503,,3.414060410453949,11.784464705883716,16.080016674044039,13.285597584489178,
1.6759000000059605,4.942609027339326,4.716680907954762,10.992992857537443,11.159695713525140,,3.389316587096291,11.685719624072176,15.852248427113620,13.141833805410570,
1.6799000000059605,4.913039392783052,4.646216174685178,10.896015766106762,11.100470234263195,,3.322576922539753,11.523672089327880,15.627971740309743,12.974118495093133,
1.6839000000059605,4.852132355331645,4.635015575303153,10.829257848099887,11.091656741996861,,3.269351564216671,11.354619167692809,15.473513851805528,12.824013423428653,
1.6879000000059605,4.760717135823796,4.643487466206686,10.793378863239909,11.039424931958719,,3.269849763001515,11.254684829983191,15.362233119883166,12.713854819610578,
1.6919000000059605,4.711490871004938,4.644951196870482,10.785234120945418,10.985481608032810,,3.294577682225268,11.230338282975271,15.261619668237467,12.639763096135846,
1.6959000000059605,4.729379027439025,4.635144242183286,10.775872525234863,10.962307112681581,,3.315028365445311,11.277800501906885,15.213459361095051,12.576265644241618,
1.6999000000059605,4.754362033549989,4.622732872170700,10.758668719159797,10.937593989772326,,3.329791082355604,11.386877828978857,15.244141048232571,12.542620391945839,
1.7039000000059605,4.757984439939747,4.634697299752790,10.779433258545346,10.934030414567886,,3.357206843694325,11.554939711257628,15.318301260593904,12.572821987536777,
1.708,4.783461970235509,4.695468561928164,10.863177006315709,10.991332478059967,,3.404406296733219,11.740823383009156,15.408423901421299,12.642316642678329,
1.712,4.854120614297646,4.805869747710672,10.981989543461085,11.087139099521444,,3.479835893532908,11.882906848982071,15.547129480926763,12.712967388904525,
1.716,4.955620267788961,4.922686143411111,11.080645755946076,11.164583467001334,,3.579282102001783,12.042671233875611,15.806080177407241,12.806230641265088,
1.72,5.079656324612936,4.994459444098096,11.144294494343058,11.216724222177149,,3.650005647518801,12.289800170133875,16.160145973547024,12.948382767979972,
1.724,5.188938028534061,5.031015227728429,11.234875276980983,11.290561891587549,,3.668004302414899,12.528150125429597,16.445810371507747,13.085491098182928,
1.728,5.253795597594310,5.073229941137265,11.375839028803032,11.410206124292879,,3.686635207424025,12.720967964015168,16.634111591883013,13.194872906027957,
1.732,5.302672450034402,5.134686564663507,11.518295111549747,11.551499904929429,,3.751224644129251,12.934419688296925,16.814406377237045,13.300621016334176,
1.736,5.362528140324022,5.211031759646661,11.651208567648645,11.705181767034849,,3.824616565435156,13.137690063001727,16.962791311989182,13.390132310098766,
1.74,5.425068286041254,5.286765165014160,11.776766672077095,11.878298196485357,,3.873449081280842,13.293508456793909,17.050073232887385,13.460807022418072,
1.744,5.486083367043763,5.344556699311054,11.865663575588135,12.038270963568452,,3.923164656218418,13.403752448556657,17.106569774115904,13.529356101010894,
1.748,5.553422912868617,5.390469394414810,11.912851560777625,12.141410760325115,,3.970432157597852,13.457291935906806,17.153071427279770,13.590465453985631,
1.752,5.596527996773930,5.436560017163134,11.941878480693239,12.175864374292162,,4.007270028957992,13.480047721751795,17.183948824356158,13.632019126709471,
1.756,5.595347815262681,5.461102935385611,11.946214322281712,12.169020625556946,,4.033448457233819,13.485072026362090,17.165147337871090,13.646649220748399,
1.76,5.591243118591793,5.425810525689203,11.897983882479487,12.144865725996063,,4.020475042565557,13.445199909094962,17.106597334909360,13.635601668193623,
1.764,5.608581497003356,5.343307450743302,11.806109528961663,12.106268141319477,,3.991048925184746,13.357973700980383,17.048387616943295,13.617646347413116,
1.768,5.625443458740449,5.264720402158753,11.707051335539703,12.059367337192437,,3.983846446101323,13.262820265414081,16.963155037625409,13.590250027442114,
1.772,5.617558490393938,5.211594877837019,11.619775367808472,12.006141087730860,,3.980680933532184,13.193137779442246,16.836115474567713,13.522042558118221,
1.776,5.601716926813768,5.190476536752000,11.541360215159166,11.932009234309817,,3.955625415279624,13.132830483276122,16.703142721137247,13.447361257574901,
1.78,5.603714747662567,5.210786519861848,11.463880602046656,11.830778707295575,,3.916519243413255,13.038391050720982,16.567653273080751,13.402191674655020,
1.784,5.592782870568106,5.271164221360767,11.397532237504716,11.735984767880502,,3.904029011640594,12.909816512881047,16.420972837301615,13.325846863527511,
1.788,5.566172943508724,5.360045234676476,11.371713961384582,11.666897912483840,,3.912095685709289,12.805536710499567,16.277234469196099,13.219317109436867,
1.792,5.567990255128499,5.435425889449967,11.370703123024704,11.587198140964130,,3.883204284094813,12.734432136271801,16.132163164907841,13.145258030916590,
1.796,5.605262567334975,5.456511845621464,11.351318847830292,11.495712022928300,,3.807830323633266,12.653884191840714,15.974156842197669,13.052836681965912,
1.8,5.658067315324459,5.445466147922089,11.333167698394799,11.457759674918163,,3.729361646945836,12.563320040177443,15.815966030075632,12.886940924780973,
1.804,5.708429542563238,5.469077015046805,11.358655748898409,11.455981743444488,,3.692432802430182,12.470723910258865,15.657840673199388,12.710248433001343,
1.808,5.790708770038457,5.552863970388306,11.421475465506184,11.441343246484877,,3.691316841231838,12.371750507901545,15.532416610849172,12.605851365517404,
1.812,5.942516295921994,5.684596439941407,11.496985161773420,11.455036108314459,,3.696658337090301,12.296238324331002,15.481646464874338,12.596640841898390,
1.816,6.126968627445584,5.854204399396565,11.585913606016845,11.532427312333393,,3.714754375253025,12.262928535489444,15.446604869538030,12.608574367591865,
1.82,6.306090955997284,6.043225445736788,11.703276235692497,11.648301080451237,,3.766632188970766,12.264838654628980,15.374732512602307,12.577672540037279,
1.824,6.472841274075888,6.225863856932765,11.827799939100492,11.743561739570540,,3.869469222273266,12.307075619529469,15.316743287417614,12.534915282008441,
1.828,6.641571680366106,6.388471048877840,11.938585244238269,11.849016866424844,,3.994288688533031,12.367088481320691,15.307858528160974,12.521272794979213,
1.832,6.817688865112311,6.543256018740841,12.065772443225326,12.018123242198204,,4.061698723543633,12.406383148328938,15.299353861462112,12.543413868175053,
1.836,6.965297805246625,6.667778405734968,12.197629075536117,12.164657647376636,,4.087400057992178,12.444261680678830,15.245172987243942,12.562084175501672,
1.84,7.097347218152180,6.743999292039755,12.277080372886948,12.231324314436176,,4.145412430925339,12.510222999708041,15.169380327003049,12.554803393865473,
1.844,7.277939686067572,6.804474974933839,12.320749718426065,12.299521317771417,,4.209836051118646,12.583607301661150,15.132177877261530,12.556100637874396,
1.848,7.493701421551046,6.893730609055667,12.376152639288092,12.407431618377554,,4.263038769182416,12.631824122585856,15.102409629263668,12.550610462408489,
1.852,7.660102320407939,7.027925186570360,12.413506645648514,12.488840952150293,,4.318796281358733,12.653832323432740,15.017075667464436,12.497808296904539,
1.856,7.769733380079594,7.145450538631177,12.381356779056151,12.508230067098964,,4.351849015073747,12.672084468917744,14.926045196449834,12.439568418428053,
1.86,7.879919963251488,7.193744807211315,12.298556014049410,12.456248275351090,,4.381226378174026,12.699219561791908,14.837809938561989,12.393176737767135,
1.864,7.969268685118668,7.211109199742140,12.223048920083531,12.349469075171680,,4.416079871192248,12.729122106803164,14.714573835102460,12.290217540066095,
1.868,7.995419608930462,7.255295322872275,12.175249978527631,12.238473132951894,,4.410068815507862,12.708171526908036,14.589815876147316,12.119236332521394,
1.872,7.987939017020651,7.323069896158417,12.134059971694258,12.130168406131853,,4.364463834162875,12.626974952731340,14.469245127873453,11.953064264068399,
1.876,7.977863596694690,7.360797278189352,12.071134509730308,12.020059466171693,,4.348319859217012,12.546395494671401,14.321032439938579,11.832791899640995,
1.88,7.958918385866585,7.325722441453960,11.960363015618736,11.898480131898417,,4.400416688928048,12.461623247396391,14.162906330376774,11.737381897727998,
1.884,7.943054612484890,7.255005371164920,11.819593680229225,11.756388422840429,,4.463109170064454,12.361981962998501,14.035628904288503,11.641160581904487,
1.888,7.989501321737029,7.246885099953120,11.703600451874362,11.614876561052027,,4.482704294833804,12.292508841736646,13.919017053150410,11.530624309754046,
1.892,8.118780058284134,7.314807492438213,11.610594345623452,11.487729237315392,,4.484285207916692,12.270940904146752,13.779078664568967,11.399753738707290,
1.896,8.257558522730069,7.401394352347349,11.507483627896010,11.410357338883344,,4.494707932534737,12.265676919924891,13.623685621583643,11.263716455893267,
1.9,8.361867797971314,7.497415448392498,11.398615788056851,11.398346420433237,,4.490819518433085,12.249908272675112,13.442479375235532,11.108728976346455,
1.904,8.463378741684700,7.598542601571465,11.304280869034777,11.397101508971055,,4.470676630010587,12.232829393095736,13.250522934283540,10.917427055735883,
1.908,8.586547600993045,7.690248527780346,11.228256941168404,11.351958537029558,,4.479240571115008,12.241970560073209,13.107949461931796,10.754222947945934,
1.912,8.734371695586947,7.776344444740054,11.147793735169511,11.252937353707910,,4.524353899652272,12.273807218239432,13.004044884977397,10.652345241204323,
1.916,8.915794437422475,7.871175317918526,11.054975738369972,11.141702908283381,,4.569551843047731,12.318311011195419,12.889212031514480,10.548452819708427,
1.92,9.133262050904305,7.987776308586941,10.973695355414156,11.059289655447779,,4.594301156473046,12.386034843900868,12.784283052402785,10.415415154240410,
1.924,9.350042280517558,8.119593795246645,10.925703996150158,11.009114951882834,,4.620042348752531,12.447081170088854,12.733532802218114,10.315045010241622,
1.928,9.538573492911404,8.263729978160931,10.913988763479594,10.974606878253237,,4.704866936598580,12.492899589086868,12.692078525911285,10.245737108785995,
1.932,9.710840438849200,8.404773460436783,10.901448902953167,10.945084456286054,,4.860830358150558,12.572303527131272,12.600748716005221,10.135753687579575,
1.936,9.890536679542098,8.515958528477094,10.847070835729488,10.914512634450897,,5.021590541971304,12.718572135137627,12.485855855929351,10.012266094175947,
1.94,10.090565349079645,8.614076344114945,10.756375077734914,10.869440559288597,,5.149936508295166,12.928585507353258,12.370445730605184,9.941328346950076,
1.944,10.259888324869163,8.724554763045072,10.654382831286510,10.825348599210223,,5.278545565644743,13.161158788963835,12.266796368815703,9.930483472302019,
1.9479000000059605,10.373042981755967,8.841773982865536,10.570517469192094,10.810021538421742,,5.456989082894936,13.362795214861563,12.214262252608750,9.928864578132412,
1.9519000000059605,10.489421460488568,8.948047176384486,10.522859249882723,10.823177829677221,,5.668225195306249,13.527512527771970,12.217180786858957,9.877820017405307,
1.9559000000059605,10.624664838585208,9.014078010910877,10.492868335933256,10.841243511354190,,5.841424697259193,13.675500964829006,12.212095294790792,9.790701941184317,
1.9599000000059605,10.747773180706385,9.040077026145468,10.470549398311768,10.822921293406354,,5.939224098796889,13.781180842904716,12.137932091888171,9.720966851882018,
1.9639000000059605,10.854056329692320,9.059778624923311,10.430380915721722,10.751564879225779,,5.969823123656770,13.825930499927203,12.005233070597988,9.684327359279649,
1.9679000000059605,10.945266878808972,9.088672176580587,10.338319378434539,10.652473738644392,,5.976695453836365,13.843462341533604,11.836605521077956,9.643712718545007,
1.9719000000059606,11.018922000670758,9.129043479880703,10.248899827515750,10.547201439006267,,5.980050804970354,13.822492394033601,11.651915442856232,9.574851324761772,
1.9759000000059606,11.088770918854635,9.167018002277164,10.196558439760702,10.427872438957067,,5.978217331883192,13.728898097107876,11.503102368311488,9.494386239067623,
1.9799000000059606,11.147741105061664,9.170740676374448,10.131052613735246,10.316040754017379,,6.020139751262115,13.638615889928259,11.388813524709033,9.409923663107207,
1.9839000000059606,11.184786835761305,9.144533206478393,10.026685549068521,10.262203659155364,,6.130257823324602,13.627786581150168,11.281367467318208,9.313827890590630,
1.988,11.221751285034774,9.131839274118452,9.892505566481033,10.240376785988266,,6.228014786891869,13.657044821446902,11.205791373620704,9.211236200088489,
1.992,11.257643679119948,9.128712155552408,9.738607752204450,10.183048073326944,,6.249296756821651,13.669284888405096,11.154980191793056,9.114409858967068,
1.996,11.270246113299422,9.109989938273639,9.590696931382364,10.072389110946142,,6.235843368261368,13.661183943286209,11.070584412548159,9.033141624448668,
2,11.265695747563049,9.091749826120690,9.477811055028331,9.964804318888723,,6.233206383753187,13.667376776818376,10.949297474140334,8.970329354064006,
2.004,11.284870282840824,9.090854925601652,9.400474068345694,9.903068399186848,,6.247042764202359,13.699065253118428,10.853143380798446,8.912221415299575,
2.008,11.341179370430599,9.103040442670579,9.348989061989391,9.844287043542868,,6.279494919299523,13.726746171676794,10.789885238078538,8.840364898846762,
2.012,11.397596935950947,9.110989010943790,9.301635440021073,9.783551500529672,,6.318326330704163,13.726273266678501,10.711722585327019,8.767906992377913,
2.016,11.454908751581746,9.116799714410790,9.215932395924160,9.755627368916883,,6.359772001834060,13.713083904789698,10.602047742095198,8.720531040145923,
2.02,11.541109898342324,9.134178185062789,9.112840102943645,9.750825592895595,,6.410486530579350,13.705099169208525,10.490411882139668,8.675765121776688,
2.024,11.630279010492973,9.155912059739642,9.064696092432811,9.741411850422692,,6.442655494726469,13.705045509179849,10.403398312204981,8.600852370636389,
2.028,11.688496860474157,9.164017890617270,9.025630579034097,9.709523796141930,,6.439839123875776,13.725440389726650,10.343427104831676,8.520160061772835,
2.032,11.728773388537725,9.163452320221083,8.924592865632157,9.679014743900023,,6.458799349660854,13.742563579177208,10.301260955176156,8.476226036565023,
2.036,11.772904114149418,9.181342818811340,8.826914722394006,9.668142350603500,,6.516670639567723,13.714239913639604,10.249151020679975,8.457998027908626,
2.04,11.808202340971469,9.197868337046867,8.773712149961964,9.633091191474191,,6.561369435038378,13.689014470755215,10.182659666362524,8.436621242285515,
2.044,11.823939912382670,9.198386928392766,8.729355045673580,9.556968542096545,,6.594929896442022,13.725393502151130,10.133238017554314,8.419621869257988,
2.048,11.840181321600610,9.208024347061198,8.674866264339771,9.479785806350735,,6.628824849132440,13.782472873487649,10.097193095582607,8.386933555148030,
2.052,11.862057845188604,9.210712199636008,8.606101990080777,9.434755440014552,,6.665393842330094,13.807397979861280,10.024068740553982,8.290762935182901,
2.056,11.894697739375319,9.217768962721131,8.548721963386734,9.404233775341190,,6.749168282764993,13.802175816955794,9.932982271004621,8.158609115866048,
2.06,11.949603952667108,9.245274824563968,8.517288048046911,9.376399625246078,,6.880275278508786,13.832788100418252,9.864543424104664,8.098652776168517,
2.064,12.007230225134119,9.251315927550065,8.476648282580491,9.393623251613844,,6.991328295639070,13.917650205492997,9.818318919755475,8.149915874123316,
2.068,12.056221043551560,9.272553708128971,8.411346092480313,9.411100245191072,,7.043048293698995,13.981984881858711,9.813624995835436,8.231173112503720,
2.072,12.099043358755523,9.341339014742980,8.348312134758666,9.362984986894901,,7.054581421714641,14.011191485467975,9.814381588336143,8.269589364432569,
2.076,12.138726918271793,9.383479603683986,8.298090875282234,9.294036360648642,,7.074911255980774,14.047023177525926,9.775831395118260,8.230748525543447,
2.08,12.192047885494889,9.385630785541967,8.234278073880679,9.241304707604073,,7.115590879472611,14.103239072682527,9.754850046282606,8.156549502533002,
2.084,12.258640796644029,9.392208710481656,8.154360511262844,9.207418576211785,,7.154975857716064,14.161977616229471,9.807047194966367,8.128266666009601,
2.088,12.336612558368333,9.386663184576769,8.100656096346688,9.198665374510536,,7.202878554252947,14.209417252078003,9.842423166823904,8.119327408675494,
2.092,12.416241763722105,9.356191452136759,8.092493848692332,9.195993006196758,,7.246830539567997,14.255128894173343,9.742263020009792,8.094258657164996,
2.096,12.492092616068275,9.337301868694052,8.076173831491564,9.158533643039501,,7.250737924948922,14.292978949329541,9.574069290428415,8.075825509878129,
2.1,12.577180806564222,9.346449261991406,8.010123640810624,9.087110545594907,,7.251862276217453,14.308017502712225,9.458284116190477,8.029411871266891,
2.104,12.642265633496979,9.372200994103553,7.936443679766568,9.024053014817945,,7.311990113548084,14.286140859120575,9.396408216029030,7.931823256758553,
2.108,12.649411137983787,9.390117069682152,7.878224564593143,8.959185352126473,,7.408266592574697,14.243927643425863,9.363045266742198,7.851429953829476,
2.112,12.610526524587595,9.370195471314913,7.804562547110868,8.874207127125032,,7.471823891452235,14.237807828609881,9.355472201319190,7.821937876418396,
2.116,12.582359491642242,9.316655818570380,7.712148559954140,8.818631976806103,,7.483943717865454,14.266087359170271,9.332044344023256,7.815591845176099,
2.12,12.563746985103423,9.265570243115674,7.621910786995990,8.782862666441750,,7.477391222243918,14.287353894818695,9.258251427261568,7.805907685234434,
2.124,12.524438190406359,9.254922212204585,7.545494464384624,8.712088887149436,,7.464250849073799,14.296988067151053,9.174409887818872,7.764891027039783,
2.128,12.489021416046777,9.263240410894678,7.485091941436314,8.656258003542440,,7.457245039681113,14.304249709861386,9.143561642904896,7.689801639029705,
2.132,12.437227527872709,9.223123947650990,7.428088062733130,8.655496304875999,,7.479456020603119,14.322893721063405,9.176145175383400,7.616098644271736,
2.136,12.357499046014315,9.154615110760830,7.372509534079203,8.633352224320522,,7.507852257104554,14.353375643362764,9.202610759236553,7.565324806200561,
2.14,12.313680919189407,9.130493418432250,7.329545038006459,8.545612467542837,,7.519317250203252,14.379824578763463,9.166127087570132,7.523446250925453,
2.144,12.334034385192925,9.131552324203826,7.287650572505623,8.461324513373407,,7.522775485527457,14.416203309992158,9.088230497736923,7.487021636970708,
2.148,12.348346680307285,9.079390617495809,7.227487879286028,8.416793371306023,,7.541892257910943,14.467518711516803,9.023057954883928,7.467011713644423,
2.152,12.288018675365004,8.977647428107890,7.149844302752274,8.356644754992178,,7.603131723986947,14.499952714800745,9.009352828859992,7.456076358974153,
2.156,12.188362883422489,8.908411653294104,7.081997493361667,8.276618448358340,,7.696653499292387,14.510884176336216,9.027219079978487,7.462384446986857,
2.16,12.115620539979172,8.892474971689349,7.029774587734910,8.210177760709760,,7.782807732749982,14.531529563056141,9.030477985376242,7.482726001929149,
2.164,12.075020492960503,8.889242681109518,6.976909950036177,8.152910738287396,,7.832708251253924,14.580800376690078,9.011282669520639,7.486390217990858,
2.168,12.044535822499604,8.881387895929489,6.938699896272994,8.135944814910282,,7.846618995030221,14.641234428596009,8.978584522440041,7.482090714265778,
2.172,12.017442801041742,8.863740132960288,6.925336949434376,8.162341977030861,,7.837251280788243,14.691589890392024,8.950099304280425,7.473794392411811,
2.176,11.975439644391596,8.824903933317355,6.942362906522080,8.167120436047119,,7.823044774072866,14.751466650970617,8.976599876294889,7.473492298928561,
2.18,11.923332539275311,8.796893541590617,6.967907015980883,8.132803383633135,,7.853310098572742,14.826774135607913,9.076242308344796,7.503275514367719,
2.184,11.906111614999441,8.817717555243544,6.968693921733709,8.097537185965333,,7.929840743737136,14.879503014454331,9.174863012829293,7.525175135671146,
2.188,11.945112061843693,8.844610764220945,6.967885033309567,8.082074739967325,,7.970755733240796,14.897904852459508,9.193557060965940,7.530652285668531,
2.192,12.002427508864375,8.839590994189532,6.972258147526381,8.061092378462803,,7.953881780983753,14.927116272957219,9.162486091528148,7.524399622536539,
2.196,12.024338042262890,8.834242900345027,6.954410245095566,8.022738645173378,,7.930659781441317,14.976535614003737,9.126710386954258,7.513215143856870,
2.2,12.037915495952214,8.859318203218624,6.909789532331867,7.989597810567401,,7.917872920280004,15.019300785971158,9.069931085226846,7.531558842900164,
2.204,12.089229456083284,8.889592865802102,6.882618652285820,7.978323035345821,,7.922449748666041,15.061119333781086,9.035824766989437,7.541834264993860,
2.208,12.127120097382962,8.871846370770697,6.892072645624283,7.995254235255208,,7.967384498354813,15.108937159713829,9.098766162014408,7.522938089986745,
2.212,12.098005113547508,8.816167081835328,6.881197921151371,8.013719595463300,,8.036040815456577,15.159681395382258,9.230010575189825,7.516011021298556,
2.216,12.023231187674339,8.782177641021988,6.818724847605385,7.996549239103972,,8.082701097471999,15.223698465434499,9.337516908689096,7.534282705096321,
2.22,11.942274825206857,8.787519307519458,6.741223700836500,7.959285432096260,,8.111655079577519,15.313057065020260,9.397883396360129,7.563772033809705,
2.224,11.897340219192891,8.791760641917328,6.702684237258758,7.926708938062486,,8.146342899467735,15.400381957958892,9.456689129804241,7.603009060891504,
2.228,11.864909558111355,8.749741258408850,6.709773763904827,7.886247658662445,,8.184975538073683,15.467272037937688,9.518685659015325,7.652552072667252,
2.232,11.785548711431462,8.673767188883531,6.727677162123000,7.837754237799289,,8.236602313957746,15.548472579303223,9.551314049001515,7.677621977614510,
2.236,11.712734439676225,8.608477388402939,6.735131076033976,7.808959687969730,,8.278318040418412,15.658136269558376,9.576522093515443,7.664490797446940,
2.24,11.693915488991786,8.567868982089717,6.727310884101538,7.793496575860948,,8.274441454982009,15.761054193515577,9.625761283556725,7.649893129864143,
2.244,11.693985414502549,8.542276492104040,6.697178540234039,7.775941266384942,,8.249540647833946,15.821410648665372,9.666526892871197,7.673251406347866,
2.248,11.695201688439004,8.518703493481279,6.645967089850148,7.761411878456348,,8.244059716738853,15.849875106959569,9.674249416693080,7.741648575553348,
2.252,11.681650745448955,8.503833380996547,6.606357208886681,7.735434557791344,,8.257300739192061,15.878744060059443,9.686785915311116,7.810572877565098,
2.256,11.644522318880426,8.502620299394238,6.603267314203990,7.708048313445871,,8.253139737233409,15.901610522532735,9.738791455970269,7.828812575029678,
2.26,11.612752134288591,8.493306585642639,6.610777609369626,7.710696995712994,,8.246849774656692,15.887503639214676,9.779753821253967,7.821005757015639,
2.264,11.608071306033134,8.484018594131550,6.598748377475802,7.735549429986697,,8.280885549313791,15.855561826966484,9.763674890607307,7.833841588524048,
2.268,11.623789970962701,8.497400222637859,6.626367425726400,7.759945558140996,,8.330626347776112,15.862839395047621,9.746855444425993,7.846164196682174,
2.272,11.639488603810104,8.535581375883545,6.740561314676444,7.788740231757002,,8.367926357203640,15.910363268075091,9.788660159605783,7.854977004834524,
2.276,11.627912494571579,8.585534083705035,6.832686283929982,7.814201689543107,,8.401547228177607,15.956732830482458,9.858516246800740,7.898900937142577,
2.28,11.577924484192422,8.599064864120407,6.812331049567542,7.809411073942665,,8.433063316252881,15.988583367734380,9.895602597038097,7.969449360791910,
2.284,11.502971131096009,8.554870605479543,6.749631483390989,7.790500133510467,,8.430808540095242,15.996668478969479,9.897841021966508,8.012040588336141,
2.288,11.442123420093854,8.499512172850116,6.735406899064111,7.793233785911165,,8.395963902382540,15.997680087637685,9.911380733456339,7.998924656432971,
2.292,11.430649039482216,8.445228551627482,6.754096151176986,7.819093017006119,,8.363619004377027,16.033304704380612,9.956967259045127,7.976153216989346,
2.296,11.442705613139974,8.401230340747894,6.753939502907103,7.844427660914776,,8.339205582328074,16.089614750187561,9.996280145110417,7.989164020058265,
2.3,11.430046832757624,8.385349748929654,6.744808795036368,7.849833769016613,,8.341053677164046,16.112377065136528,9.990094259301721,8.004676910043617,
2.304,11.388952075633808,8.348400595502717,6.743929071205400,7.812619438746113,,8.355375720588288,16.089036213201108,9.949211305881040,7.987503515915023,
2.308,11.347730408259261,8.294960696452053,6.742711614625760,7.747394943984135,,8.340080322579459,16.053728695236106,9.927344479592954,7.983705332112029,
2.312,11.307961460535596,8.270839658879234,6.744428466817022,7.699010162180264,,8.326097368605193,16.008903624912861,9.946181179552687,8.034934653162090,
2.316,11.247680178702376,8.246473266522500,6.727143097628615,7.669617140602835,,8.320790737005813,15.966344609188438,9.968984713693034,8.092391258321488,
2.32,11.167208867940735,8.211246937202064,6.684930921039985,7.650471321418448,,8.293797936795469,15.953201785293935,9.978367279754547,8.098308574108533,
2.324,11.093266669466331,8.202213785207199,6.663901436057036,7.631835397245815,,8.289377724408862,15.955654951951963,9.985975485655811,8.074130431702979,
2.328,11.043600066490296,8.198286960883657,6.660239504696714,7.601254915582138,,8.302836364935201,15.955273603317019,9.971621544280918,8.051028852891323,
2.332,11.003103236409114,8.148031188095400,6.624217083779097,7.579640278545635,,8.278493823679561,15.935026576987392,9.932124630492169,8.046380010667912,
2.336,10.944436835201216,8.065378295117211,6.561162182413056,7.576584223850285,,8.254138548224811,15.904829197963734,9.932882539989730,8.066275718592610,
2.34,10.861203295003939,7.998290773574539,6.524131201246430,7.577110448948176,,8.256875529885255,15.894900417069632,9.985882705011033,8.060442005354734,
2.344,10.791241069276989,7.968087753710731,6.514184923408952,7.577975757464669,,8.268469496597568,15.896288034895939,10.020508083488028,8.000884880537530,
2.348,10.761938104259958,7.971249305992102,6.503312987819704,7.568797108772314,,8.288315642224942,15.892653572875343,9.986306650809089,7.932142105728396,
2.352,10.750611990220236,7.987068676049336,6.503006004776827,7.554082622959974,,8.296439026378430,15.873264743463785,9.926697417264556,7.896906597787069,
2.356,10.736679027197280,7.987684638724330,6.500908442906860,7.554471768614022,,8.296026923648066,15.847269514087136,9.884601836349747,7.890605309354325,
2.36,10.735310275814021,7.947615754599135,6.496160275324380,7.548904217275895,,8.294005697344822,15.850715465951263,9.810250501522528,7.882504914436547,
2.364,10.750921929610001,7.874637998982797,6.530953716331345,7.524435567262662,,8.254291347325161,15.886162607591540,9.708208402485450,7.852898878960826,
2.368,10.755076171976061,7.823794340702939,6.574969963463321,7.498001447408565,,8.207019051437381,15.900900244204511,9.672479371656532,7.836684085311381,
2.372,10.747539421330698,7.825827077452855,6.566519512996640,7.471069380571324,,8.205230334118143,15.847714457463791,9.718062830178587,7.869003410459822,
2.376,10.738380323108785,7.856552056548446,6.539236887170020,7.461005801815804,,8.234530318307316,15.773772632089537,9.763983606380139,7.908924128031553,
2.38,10.729699800837560,7.872911088802168,6.539666148823088,7.483333788675449,,8.282199558742018,15.775316879845633,9.761396492032091,7.903584231806727,
2.384,10.730169875195505,7.842324616122338,6.519383166096397,7.513320988222263,,8.343845827510188,15.859482495165208,9.720154466290904,7.886537340307492,
2.388,10.723252500183994,7.804825601956002,6.494000992975605,7.537635700236669,,8.392941377046499,15.932263072128849,9.678554866942269,7.918515156291618,
2.392,10.694427641758610,7.825373092318102,6.542047101060742,7.571425339804685,,8.403039632087493,15.929921090687881,9.670096454176969,7.957827206601608,
2.396,10.669012713966369,7.872293214802298,6.601694457281869,7.599210943050796,,8.386627134449094,15.903839345146560,9.700060238152842,7.953029445956489,
2.4,10.687179117053850,7.891069477884020,6.596340777178345,7.622729099578087,,8.369598865236672,15.929972998078666,9.747635348024762,7.952405286252771,
2.404,10.745254949841817,7.903134381777866,6.563905702284249,7.663955587541693,,8.355496518155961,15.981693329945088,9.772277066951879,7.991516515986508,
2.408,10.787205796926646,7.930468298203634,6.549331341582718,7.672141444379393,,8.341355256514900,16.012884026722233,9.782465096365097,8.035887607226520,
2.412,10.775676531410507,7.941937790861098,6.566683954382474,7.639659502502774,,8.322061427713509,16.027226025497075,9.809572696547129,8.048042402457341,
2.416,10.722134304694251,7.917916865736673,6.604653250345116,7.639751226439243,,8.318289038231416,16.016632588601837,9.839939785643413,8.026672544646766,
2.42,10.671942842386235,7.876658141286844,6.633176093200415,7.687039332092958,,8.333586453646426,15.987785189255344,9.895956329510183,8.005938884802180,
2.424,10.676818916004930,7.845474479050826,6.645927027913920,7.738181682783408,,8.310909090180857,15.959212273536396,9.980880701218226,8.004212940579890,
2.428,10.701667029126199,7.849543186408301,6.638732188197728,7.728274185650799,,8.237753385079113,15.931076756165027,10.020580975756783,7.992958409738868,
2.432,10.687052566821329,7.877939965605894,6.616315064614200,7.659092236680715,,8.159293869006992,15.914955930809155,9.988044940481958,7.951903938758942,
2.436,10.649628195820497,7.882872538925905,6.629921911708793,7.639135721253502,,8.119834242666519,15.906376038051848,9.934782315372029,7.928028520225165,
2.44,10.617329299277948,7.864867531076738,6.677225967634230,7.679118147360245,,8.126270341088457,15.882092741456301,9.913428552911615,7.963813977643259,
2.444,10.626209208979478,7.867294008877846,6.700506088528049,7.697528005425244,,8.129573701964727,15.835602271624081,9.924940501341673,8.001594407864618,
2.448,10.659542009901546,7.892357886601457,6.708370224535909,7.703125049099946,,8.101942776067963,15.770802496572987,9.949402388405495,7.977837039252801,
2.452,10.652061755245430,7.917759764309948,6.725949635164984,7.736144434747407,,8.058787615116502,15.706314977496634,9.975582031436348,7.937262307257192,
2.456,10.623964857477167,7.918332659073012,6.747389861484432,7.773264541231642,,8.024715400397112,15.663453972542946,9.974754568230631,7.944906274047428,
2.46,10.616733491309502,7.889134152057550,6.785241343078140,7.780314659898311,,7.987606143886354,15.662353708024646,9.929901958593961,7.951695250654279,
2.464,10.632016855084967,7.869793880691303,6.840428425549894,7.782328534921368,,7.912351175110039,15.680494825254033,9.861762849926535,7.887375739219033,
2.468,10.678260867959864,7.889313620360583,6.876051956562846,7.814026864801352,,7.834956654556610,15.660623363308247,9.808646871114702,7.802220981246026,
2.472,10.747904577937064,7.946767018274734,6.875864431591360,7.863623658719362,,7.820788158886341,15.611415383483232,9.807656520069031,7.761650588196398,
2.476,10.825219784721686,8.013243861461319,6.872027633449498,7.909471512535238,,7.854116698371990,15.601253992203294,9.864411666944724,7.782237412812477,
2.48,10.899163023523792,8.071614127100904,6.886110782309999,7.951924844190144,,7.871215549124764,15.638435671498241,9.954983858906671,7.857521200390213,
2.484,10.962968002302446,8.145889272176094,6.905282785781747,8.019164923514406,,7.850681486141340,15.658730335138115,10.021580510319355,7.921468030081220,
2.488,11.037732299930756,8.219442322905058,6.918882174705166,8.108867326259796,,7.832940860124530,15.674303812324935,10.044968687461749,7.928250520103326,
2.492,11.105971842021431,8.249309989725390,6.933116588051055,8.154510445097744,,7.848331150935923,15.726005768936764,10.077462200001779,7.900282083679487,
2.496,11.139548599559099,8.244424915650928,6.976834363733818,8.175964821963955,,7.880759150835540,15.783035863486807,10.136011427696165,7.883951791221699,
2.5,11.174234181101031,8.253879731379326,7.068826573732161,8.255998533887194,,7.909512124902910,15.838800519163467,10.240390091086557,7.924143343412125,
2.504,11.236065493501343,8.296808872305084,7.171802860624108,8.350483746625947,,7.927299975198724,15.901765649488491,10.394014536175114,7.994811186059232,
2.508,11.316898503129053,8.355557738155484,7.231129830406338,8.381369511256127,,7.959520432982341,15.941465351523766,10.499098047204296,8.038792318475238,
2.512,11.403951535649639,8.427103257140685,7.256211987409139,8.385537718950561,,8.000369457124842,15.955048981495610,10.499758043363920,8.071813070347782,
2.516,11.475968885606163,8.496378241843225,7.290504623824478,8.424106053588527,,8.001739061262921,15.982447764946416,10.486922502175748,8.107893916058456,
2.52,11.543858379754827,8.532653422346389,7.344484184644141,8.488420328665404,,7.976684261836864,16.049874384947969,10.557415099752353,8.131190535580172,
2.524,11.612153052575282,8.538813691665704,7.402561273777406,8.564312217029642,,7.971106807227324,16.135471209346228,10.669710051293848,8.182503558736974,
2.528,11.650827314162019,8.566506782026332,7.449368938243484,8.621865239641147,,7.985420310657965,16.168075386295627,10.746847505479215,8.289958676087359,
2.532,11.674066029359013,8.649506586543472,7.492388534158090,8.630676323920916,,7.987268722200390,16.111212407071708,10.779041953458256,8.393296736928891,
2.536,11.713376775229561,8.744950393642325,7.546327228655890,8.657327718583877,,7.958032011027175,16.049811391362308,10.777104642066133,8.420465814208308,
2.54,11.758863855390100,8.799974713085994,7.588251949633155,8.747771473137131,,7.910516096761944,16.071228894050211,10.796143899661258,8.367978167306358,
2.544,11.783655968954236,8.817784828744429,7.595378391915324,8.829580699764962,,7.877731939102574,16.125050119093689,10.881960324908775,8.300549901239521,
2.548,11.814411272440420,8.825473345852457,7.624998150156467,8.836493900572716,,7.862227843969406,16.150116648089810,10.949363413104871,8.287812053481058,
2.552,11.895279024630945,8.828999586200631,7.723716224792588,8.809652984575536,,7.832703420789466,16.179542150341142,10.950750909457797,8.355496245244183,
2.556,11.970691118150523,8.839537276268027,7.828386745333029,8.828474375111046,,7.785270031300069,16.201609188864364,10.985975864321919,8.453730185914509,
2.56,11.967455706566692,8.866842156172908,7.872572615640622,8.883296052401089,,7.735849483561378,16.165347962745191,11.086185377753516,8.500948508760128,
2.564,11.922876891585588,8.873135489955377,7.870602303028610,8.917502436543176,,7.693044808507706,16.124693079550617,11.179477717923263,8.514375283881662,
2.568,11.909946858130727,8.861912346928744,7.869590087467161,8.927164335050374,,7.655346620014269,16.135087388941201,11.257049023124516,8.550854366833731,
2.572,11.941338409413307,8.889545925570747,7.897856499236007,8.944968027485210,,7.621161729975492,16.177266371201220,11.335713470950965,8.596451010547325,
2.576,11.985408977644779,8.939771528445098,7.938060224448558,8.984683259136933,,7.582642519128941,16.227093946264731,11.401100176888781,8.634651383178911,
2.58,11.999290902828552,8.963632993867151,7.955906770491529,9.021289157478019,,7.533884493997387,16.227394349269264,11.463259040435677,8.671041647471103,
2.584,11.961032977826452,8.957260856503725,7.946120711883804,9.032249083646802,,7.492906659934111,16.155489909547956,11.527910758443115,8.706888799709947,
2.588,11.893617341383941,8.951260588901343,7.944168068339322,9.045094874101432,,7.452883473614532,16.092563014151754,11.590267647242538,8.742758801797065,
2.592,11.833668622770958,8.957155476696791,7.985100284312386,9.087999677262497,,7.390473770942243,16.098767555524176,11.641666481042382,8.773075461960548,
2.596,11.821867007266059,8.941716764877489,8.030539927641312,9.133423178595450,,7.325302250658991,16.134819376248164,11.683972751095732,8.791542807609673,
2.6,11.840898517440824,8.892054979069780,8.054912584464345,9.148375564815876,,7.290723700562747,16.123563280690227,11.746074938254340,8.808185484501175,
2.604,11.825357401985091,8.836289255270593,8.094390276965402,9.144806441525605,,7.295948010250449,16.042381767213918,11.780235087502934,8.828455569956548,
2.608,11.779250076322546,8.802542603329096,8.127674425294112,9.151707079312533,,7.282397762531630,15.939178869696081,11.757048451089705,8.825086699225587,
2.612,11.728632651814735,8.786612938406355,8.102155052355018,9.155110287408672,,7.201396574937359,15.865246235574558,11.753052382566116,8.800159762943393,
2.616,11.659204293634051,8.749415400536918,8.032698830449457,9.128098349095803,,7.097034905777114,15.822820607080397,11.791303535368394,8.795133524545678,
2.62,11.552949628533529,8.679549175535181,7.976057491599532,9.103660446750638,,6.969706900552321,15.775276503811790,11.828046711286134,8.806164761676051,
2.624,11.416398680377382,8.630576585120332,7.967622219242331,9.102481953684775,,6.809597741139009,15.706710374557941,11.831710304824496,8.804272259682691,
2.628,11.293957208828658,8.607528222932563,8.010166361271702,9.076695090623058,,6.679355094857316,15.637839164261036,11.812930353942413,8.761885506785386,
2.632,11.229024976291718,8.557239238515976,8.055397583059479,9.012435702616322,,6.621279370452418,15.566383015469526,11.793769750448122,8.688994503670052,
2.636,11.211172667995665,8.491258900221247,8.059834571475182,8.968782196686075,,6.614781247286810,15.468496847829293,11.750698228039028,8.627956489738635,
2.64,11.188154333557547,8.450176744805887,8.040760933487062,8.975357971633002,,6.594923730111135,15.349999854641371,11.690427459155567,8.590580557662873,
2.644,11.127954933198325,8.432592199336725,8.029422896791264,8.990461582142682,,6.521791465024891,15.240528378670719,11.680682150055361,8.593326075848761,
2.648,11.050487407500132,8.425590944725217,8.077476306486590,8.990198998343548,,6.427882929037161,15.135068531953486,11.709737568901026,8.585952595525095,
2.652,10.994983836197898,8.424775417567872,8.164573141409694,8.971512436930283,,6.341321826252441,15.020838969260804,11.707533371149092,8.524906620503049,
2.656,10.972571970060329,8.435971034723899,8.214844966185190,8.949465556735056,,6.252097558055329,14.936436537397254,11.688065039422549,8.507606801415072,
2.66,10.951206093322103,8.443099511001725,8.214562539885359,8.963483914432052,,6.174750181725249,14.884743381190084,11.678459878403673,8.557683063041328,
2.664,10.909574215012320,8.391137526797081,8.166895215475304,8.993847183467025,,6.116689231176108,14.836229951477319,11.671402152566996,8.584617688461135,
2.6679000000059605,10.855818010568527,8.313174258252818,8.140173435588400,9.018884218176808,,6.052400262749584,14.801688982437478,11.699729252043191,8.569800487324894,
2.6719000000059605,10.796519103294077,8.310475763492441,8.196751261374253,9.050590964739131,,5.986075177492726,14.780260565150156,11.771672203694848,8.547189018197273,
2.6759000000059605,10.754970779695265,8.384699344469123,8.278889434120105,9.079449772457844,,5.928869269760479,14.752050874693605,11.830261716797057,8.520725721398406,
2.6799000000059605,10.735895834273162,8.430310485922476,8.348113645376516,9.109389042592298,,5.880791632936317,14.717939252820774,11.844419981582570,8.496609013830103,
2.6839000000059605,10.708093766756203,8.409186930456002,8.403861192983115,9.144527600154820,,5.856570649285635,14.694473581995826,11.830150576126321,8.501964993750322,
2.6879000000059605,10.691500490568945,8.397504155683038,8.410054766753197,9.187874242309292,,5.841865592347995,14.654366752215941,11.808628381385610,8.513209881265222,
2.6919000000059605,10.705486158521339,8.413276717941104,8.373906054869783,9.251358044704473,,5.827588740241928,14.571789012638149,11.800072266870890,8.502007925994780,
2.6959000000059605,10.736329663365499,8.403454174362569,8.366333587139675,9.283842958233834,,5.820311443891099,14.490358422982437,11.814338651694586,8.511055345767486,
2.6999000000059605,10.782301408852426,8.351251472779101,8.416442333093832,9.266265623218443,,5.763702081129217,14.447298181734666,11.853254079758084,8.531756305899000,
2.7039000000059605,10.809317871936734,8.307230585489968,8.493272060289081,9.274060595589891,,5.642996570665154,14.431280448455619,11.898093574260370,8.524621005214996,
2.708,10.800309768898623,8.333637361594690,8.570754988664786,9.346824732549464,,5.556959639107846,14.410214904901377,11.920285930631405,8.524243865940745,
2.712,10.810092035207692,8.409126646175809,8.643702921465204,9.446411450417969,,5.542598970890348,14.374437007277281,11.901928759530303,8.535284010610722,
2.716,10.845112909013409,8.443758721959476,8.695100133449930,9.495537135401452,,5.535703312052829,14.340343975877527,11.856753893388179,8.524393727312466,
2.72,10.859441694730535,8.438297370922056,8.718561648610201,9.492335850726503,,5.524432814748389,14.339893259275550,11.835382390141943,8.493121431181605,
2.724,10.862959585183788,8.470177664602875,8.744650219102414,9.505598484708221,,5.527462173787745,14.368222300388506,11.850867501649526,8.466361043841344,
2.728,10.872836196609901,8.522474681470140,8.766069867908840,9.526513280847141,,5.541138540044373,14.344623795754938,11.874975586404075,8.477823531246230,
2.732,10.890626241131624,8.540322094703175,8.770574914285218,9.513632964542010,,5.562041267333220,14.257087708040750,11.895691919125944,8.525054426020352,
2.736,10.910695030091073,8.527264114899186,8.770296772727908,9.514642318327130,,5.552336684508042,14.215726712979729,11.937745744621052,8.534891946438506,
2.74,10.920383850131708,8.502408783537449,8.769533067354411,9.564595262758836,,5.505114727738047,14.262063358570806,11.999954052484478,8.493527657897873,
2.744,10.938442094327652,8.491103783376618,8.811236046797591,9.612077154888436,,5.475580061702020,14.333031521877331,12.032945526205591,8.471293804983580,
2.748,10.973242238880166,8.517696279951295,8.897851306243075,9.636392618294167,,5.478428356855528,14.384473694314124,12.026688999480768,8.483293368305322,
2.752,10.991709103796699,8.573813301824975,8.952266597686183,9.666932163726338,,5.488627170097084,14.405125013098880,12.035409417919739,8.515695224557856,
2.756,10.988328339362944,8.630131587474166,8.957430655947064,9.716306199159783,,5.494395568031521,14.409497693435151,12.084950611226553,8.551546368507758,
2.76,11.002891610767747,8.650487463803309,8.965211625573005,9.767072293274992,,5.500724770845357,14.420950027011376,12.126005509650859,8.558950589568862,
2.764,11.059440226005739,8.637706669940686,9.008988320390902,9.823499914934107,,5.510948669630606,14.435801282998817,12.122881409595742,8.540830612680656,
2.768,11.126426387124146,8.647465820683793,9.078091921868097,9.881007938893191,,5.506009062791123,14.438797962087929,12.107001748755774,8.541819161606883,
2.772,11.157915865943824,8.696916827029993,9.118461438466461,9.880369575902780,,5.491158954444075,14.445593024725699,12.117139676791567,8.587672175251051,
2.776,11.163873651035608,8.753875221663918,9.124194291068131,9.845288482735944,,5.492722905205764,14.468683825907922,12.160513989662002,8.639553752965268,
2.78,11.162448257138589,8.800121074202888,9.137399092482051,9.869486255372509,,5.486464302524769,14.489273271118702,12.211810789032786,8.641203990441740,
2.784,11.137865752937138,8.831591795379016,9.159050273356639,9.937027396013065,,5.448030447853481,14.520332859822609,12.239988532641497,8.609761800015288,
2.788,11.128038510663952,8.831901062867107,9.194937726594162,9.971955872601704,,5.412478870030931,14.555832435510485,12.273088250176905,8.607972537080579,
2.792,11.170021481883420,8.810507286715861,9.235906670098423,9.958524013521867,,5.414701836393723,14.543966963794158,12.322838727392801,8.633102260652509,
2.796,11.200978475493663,8.814781959980959,9.254943899402544,9.930770423273092,,5.438131490827512,14.509860519429091,12.341082349971328,8.640059655465329,
2.8,11.204896537073232,8.841537573261199,9.287408657894419,9.921396858135397,,5.426457554087347,14.516425834204391,12.326054300704294,8.619840546719606,
2.804,11.212280951534446,8.848815794159830,9.340701427977574,9.941982284670249,,5.371116527416968,14.523490597668761,12.312003568388253,8.595871105347124,
2.808,11.201541495105729,8.845874498714750,9.361828135513552,9.981581917130192,,5.330779499361523,14.469986588313013,12.305225731094753,8.575645708918342,
2.812,11.175068314140820,8.866006049842554,9.341533124666668,10.009631553012042,,5.322483097463567,14.387360951008414,12.298991484569001,8.541216448208674,
2.816,11.152356914619256,8.877153691787269,9.306019341344596,10.013787836517666,,5.305062423948630,14.333322919935263,12.296412048481251,8.513598172757867,
2.82,11.139152124544889,8.849116931359353,9.280170616585849,10.012979904167263,,5.259984625295875,14.325235355900887,12.292267631360698,8.509767049164584,
2.824,11.133892349002092,8.832845751159958,9.279066807588379,10.025984685221243,,5.217477228483607,14.331690975656459,12.292226422629041,8.490764728152197,
2.828,11.152285065748847,8.850155076154090,9.317325549580014,10.041417230548387,,5.180218138624527,14.318593381002955,12.307303144944187,8.433054033450746,